// SPDX-License-Identifier: Apache-2.0
// Copyright 2026 The SubuwuTuner Authors
//
// Auto-generated from assets/icon.png by scripts/embed_icon.py.
// DO NOT EDIT BY HAND — regenerate if the source PNG changes:
//   python scripts/embed_icon.py
//
// Compiled-in RGBA bitmap for the GLFW window title-bar icon. The
// Explorer/taskbar EXE icon is set separately via subuwutuner.rc → .ico
// → windres, which the GUI CMakeLists wires in on Windows.

#ifndef ST_UI_ICON_DATA_HPP
#define ST_UI_ICON_DATA_HPP

#include <cstddef>

namespace st::ui::icon {

inline constexpr int kWidth = 64;
inline constexpr int kHeight = 64;

inline constexpr unsigned char kRgba[16384] = {
    0x00, 0x00, 0x00, 0x00, 0x00, 0x00, 0x00, 0x03, 0x00, 0x00, 0x00, 0x00, 0x00, 0x00, 0x00, 0x20,
    0x00, 0x00, 0x01, 0x8F, 0x00, 0x00, 0x00, 0xDB, 0x00, 0x00, 0x00, 0xF9, 0x00, 0x01, 0x05, 0xFE,
    0x00, 0x03, 0x14, 0xFF, 0x00, 0x05, 0x22, 0xFF, 0x01, 0x06, 0x28, 0xFF, 0x00, 0x07, 0x2B, 0xFF,
    0x00, 0x08, 0x2D, 0xFF, 0x00, 0x07, 0x2C, 0xFF, 0x01, 0x08, 0x2E, 0xFF, 0x01, 0x08, 0x2C, 0xFF,
    0x00, 0x08, 0x2C, 0xFF, 0x00, 0x07, 0x2D, 0xFF, 0x00, 0x08, 0x2C, 0xFF, 0x00, 0x07, 0x2C, 0xFF,
    0x00, 0x07, 0x2C, 0xFF, 0x00, 0x08, 0x2C, 0xFF, 0x00, 0x08, 0x2C, 0xFF, 0x00, 0x08, 0x2C, 0xFF,
    0x00, 0x07, 0x2B, 0xFF, 0x00, 0x07, 0x2C, 0xFF, 0x00, 0x07, 0x2C, 0xFF, 0x00, 0x07, 0x2D, 0xFF,
    0x01, 0x08, 0x2D, 0xFF, 0x00, 0x07, 0x2B, 0xFF, 0x01, 0x08, 0x2C, 0xFF, 0x01, 0x07, 0x2C, 0xFF,
    0x01, 0x07, 0x2C, 0xFF, 0x01, 0x07, 0x2C, 0xFF, 0x01, 0x07, 0x2C, 0xFF, 0x01, 0x07, 0x2C, 0xFF,
    0x01, 0x07, 0x2C, 0xFF, 0x01, 0x08, 0x2D, 0xFF, 0x00, 0x07, 0x2C, 0xFF, 0x00, 0x07, 0x2B, 0xFF,
    0x00, 0x07, 0x2A, 0xFF, 0x01, 0x08, 0x2B, 0xFF, 0x00, 0x08, 0x2B, 0xFF, 0x00, 0x07, 0x2B, 0xFF,
    0x00, 0x07, 0x2B, 0xFF, 0x01, 0x08, 0x2C, 0xFF, 0x01, 0x08, 0x2C, 0xFF, 0x01, 0x08, 0x2C, 0xFF,
    0x01, 0x07, 0x2C, 0xFF, 0x00, 0x06, 0x2A, 0xFF, 0x00, 0x07, 0x2A, 0xFF, 0x00, 0x07, 0x2C, 0xFF,
    0x01, 0x07, 0x2B, 0xFF, 0x01, 0x06, 0x27, 0xFF, 0x00, 0x05, 0x20, 0xFF, 0x00, 0x03, 0x15, 0xFF,
    0x00, 0x01, 0x06, 0xFE, 0x01, 0x00, 0x00, 0xF9, 0x01, 0x00, 0x00, 0xDB, 0x00, 0x00, 0x01, 0x8F,
    0x00, 0x00, 0x00, 0x20, 0x00, 0x00, 0x00, 0x00, 0x00, 0x00, 0x00, 0x03, 0x00, 0x00, 0x00, 0x00,
    0x00, 0x00, 0x00, 0x03, 0x00, 0x00, 0x00, 0x00, 0x00, 0x00, 0x00, 0x59, 0x01, 0x00, 0x01, 0xE9,
    0x01, 0x00, 0x00, 0xFF, 0x01, 0x01, 0x04, 0xFF, 0x00, 0x04, 0x1A, 0xFF, 0x00, 0x06, 0x29, 0xFF,
    0x01, 0x07, 0x2D, 0xFF, 0x00, 0x07, 0x2D, 0xFF, 0x00, 0x07, 0x2C, 0xFF, 0x00, 0x07, 0x2B, 0xFF,
    0x01, 0x07, 0x2C, 0xFF, 0x01, 0x07, 0x2C, 0xFF, 0x00, 0x07, 0x2C, 0xFF, 0x00, 0x07, 0x2C, 0xFF,
    0x00, 0x07, 0x2C, 0xFF, 0x00, 0x07, 0x2C, 0xFF, 0x01, 0x07, 0x2C, 0xFF, 0x00, 0x07, 0x2C, 0xFF,
    0x00, 0x08, 0x2C, 0xFF, 0x01, 0x07, 0x2C, 0xFF, 0x01, 0x07, 0x2C, 0xFF, 0x01, 0x07, 0x2B, 0xFF,
    0x00, 0x07, 0x2B, 0xFF, 0x00, 0x07, 0x2B, 0xFF, 0x01, 0x07, 0x2C, 0xFF, 0x01, 0x08, 0x2D, 0xFF,
    0x02, 0x09, 0x2E, 0xFF, 0x03, 0x09, 0x2F, 0xFF, 0x03, 0x0A, 0x2F, 0xFF, 0x03, 0x0A, 0x30, 0xFF,
    0x04, 0x0A, 0x30, 0xFF, 0x04, 0x0A, 0x30, 0xFF, 0x04, 0x0B, 0x31, 0xFF, 0x03, 0x0A, 0x30, 0xFF,
    0x02, 0x09, 0x2F, 0xFF, 0x01, 0x08, 0x2D, 0xFF, 0x01, 0x07, 0x2D, 0xFF, 0x01, 0x07, 0x2C, 0xFF,
    0x00, 0x07, 0x2A, 0xFF, 0x00, 0x07, 0x2A, 0xFF, 0x00, 0x07, 0x2A, 0xFF, 0x01, 0x07, 0x2A, 0xFF,
    0x00, 0x07, 0x2B, 0xFF, 0x00, 0x07, 0x2C, 0xFF, 0x01, 0x07, 0x2C, 0xFF, 0x01, 0x07, 0x2C, 0xFF,
    0x00, 0x07, 0x2C, 0xFF, 0x00, 0x07, 0x2B, 0xFF, 0x00, 0x07, 0x2A, 0xFF, 0x00, 0x07, 0x2B, 0xFF,
    0x01, 0x07, 0x2B, 0xFF, 0x00, 0x07, 0x2C, 0xFF, 0x00, 0x07, 0x2C, 0xFF, 0x00, 0x07, 0x2D, 0xFF,
    0x01, 0x07, 0x29, 0xFF, 0x00, 0x04, 0x1A, 0xFF, 0x00, 0x01, 0x04, 0xFF, 0x01, 0x00, 0x00, 0xFF,
    0x01, 0x00, 0x01, 0xE9, 0x00, 0x00, 0x00, 0x59, 0x00, 0x00, 0x00, 0x00, 0x00, 0x00, 0x00, 0x03,
    0x00, 0x00, 0x00, 0x00, 0x00, 0x00, 0x00, 0x57, 0x01, 0x00, 0x01, 0xFF, 0x01, 0x00, 0x00, 0xFF,
    0x00, 0x02, 0x0D, 0xFC, 0x00, 0x07, 0x29, 0xFE, 0x01, 0x08, 0x2F, 0xFF, 0x01, 0x07, 0x2C, 0xFF,
    0x00, 0x07, 0x2B, 0xFF, 0x00, 0x07, 0x2C, 0xFF, 0x00, 0x07, 0x2B, 0xFF, 0x01, 0x07, 0x2C, 0xFF,
    0x01, 0x07, 0x2B, 0xFF, 0x01, 0x07, 0x2C, 0xFF, 0x00, 0x08, 0x2C, 0xFF, 0x00, 0x07, 0x2B, 0xFF,
    0x00, 0x07, 0x2B, 0xFF, 0x01, 0x07, 0x2C, 0xFF, 0x01, 0x07, 0x2B, 0xFF, 0x01, 0x08, 0x2C, 0xFF,
    0x01, 0x08, 0x2C, 0xFF, 0x01, 0x08, 0x2D, 0xFF, 0x01, 0x08, 0x2E, 0xFF, 0x01, 0x08, 0x2F, 0xFF,
    0x02, 0x09, 0x30, 0xFF, 0x04, 0x0B, 0x33, 0xFF, 0x03, 0x0B, 0x35, 0xFF, 0x00, 0x08, 0x37, 0xFF,
    0x00, 0x04, 0x39, 0xFF, 0x00, 0x00, 0x3A, 0xFF, 0x00, 0x00, 0x3A, 0xFF, 0x00, 0x00, 0x3C, 0xFF,
    0x00, 0x00, 0x3D, 0xFF, 0x00, 0x00, 0x3E, 0xFF, 0x00, 0x00, 0x3C, 0xFF, 0x00, 0x00, 0x3A, 0xFF,
    0x00, 0x03, 0x38, 0xFF, 0x00, 0x08, 0x37, 0xFF, 0x02, 0x0B, 0x36, 0xFF, 0x04, 0x0B, 0x33, 0xFF,
    0x03, 0x09, 0x30, 0xFF, 0x01, 0x07, 0x2D, 0xFF, 0x00, 0x07, 0x2A, 0xFF, 0x01, 0x07, 0x2B, 0xFF,
    0x01, 0x07, 0x2A, 0xFF, 0x01, 0x07, 0x2A, 0xFF, 0x00, 0x07, 0x2A, 0xFF, 0x00, 0x07, 0x2A, 0xFF,
    0x00, 0x07, 0x2B, 0xFF, 0x01, 0x08, 0x2B, 0xFF, 0x00, 0x07, 0x2A, 0xFF, 0x01, 0x08, 0x2B, 0xFF,
    0x01, 0x08, 0x2B, 0xFF, 0x00, 0x07, 0x2A, 0xFF, 0x00, 0x07, 0x2A, 0xFF, 0x00, 0x07, 0x2A, 0xFF,
    0x01, 0x07, 0x2B, 0xFF, 0x00, 0x08, 0x2E, 0xFF, 0x00, 0x06, 0x28, 0xFE, 0x00, 0x02, 0x0D, 0xFC,
    0x01, 0x00, 0x00, 0xFF, 0x01, 0x00, 0x01, 0xFF, 0x00, 0x00, 0x00, 0x57, 0x00, 0x00, 0x00, 0x00,
    0x00, 0x00, 0x00, 0x1E, 0x01, 0x00, 0x01, 0xEF, 0x01, 0x00, 0x00, 0xFE, 0x00, 0x03, 0x12, 0xFC,
    0x00, 0x07, 0x2E, 0xFF, 0x00, 0x07, 0x2C, 0xFF, 0x00, 0x07, 0x2A, 0xFF, 0x00, 0x07, 0x2B, 0xFF,
    0x01, 0x07, 0x2B, 0xFF, 0x01, 0x07, 0x2B, 0xFF, 0x00, 0x08, 0x2B, 0xFF, 0x01, 0x08, 0x2C, 0xFF,
    0x01, 0x08, 0x2B, 0xFF, 0x01, 0x08, 0x2B, 0xFF, 0x01, 0x08, 0x2B, 0xFF, 0x00, 0x07, 0x2B, 0xFF,
    0x01, 0x08, 0x2B, 0xFF, 0x01, 0x08, 0x2C, 0xFF, 0x01, 0x08, 0x2B, 0xFF, 0x01, 0x08, 0x2B, 0xFF,
    0x00, 0x07, 0x2D, 0xFF, 0x01, 0x08, 0x30, 0xFF, 0x03, 0x0B, 0x34, 0xFF, 0x01, 0x0A, 0x37, 0xFF,
    0x00, 0x02, 0x3A, 0xFF, 0x00, 0x00, 0x3F, 0xFF, 0x00, 0x00, 0x4C, 0xFF, 0x02, 0x0C, 0x61, 0xFF,
    0x19, 0x24, 0x78, 0xFF, 0x31, 0x3E, 0x90, 0xFF, 0x47, 0x55, 0xA2, 0xFF, 0x53, 0x61, 0xAC, 0xFF,
    0x58, 0x66, 0xB2, 0xFF, 0x54, 0x61, 0xAE, 0xFF, 0x4A, 0x56, 0xA3, 0xFF, 0x36, 0x3F, 0x92, 0xFF,
    0x1F, 0x28, 0x7C, 0xFF, 0x07, 0x10, 0x67, 0xFF, 0x00, 0x00, 0x53, 0xFF, 0x00, 0x00, 0x41, 0xFF,
    0x00, 0x00, 0x39, 0xFF, 0x00, 0x07, 0x35, 0xFF, 0x04, 0x0B, 0x32, 0xFF, 0x03, 0x08, 0x2F, 0xFF,
    0x01, 0x07, 0x2C, 0xFF, 0x01, 0x07, 0x2A, 0xFF, 0x00, 0x06, 0x2A, 0xFF, 0x00, 0x07, 0x2A, 0xFF,
    0x01, 0x07, 0x29, 0xFF, 0x01, 0x08, 0x2A, 0xFF, 0x00, 0x07, 0x2A, 0xFF, 0x00, 0x08, 0x2A, 0xFF,
    0x01, 0x08, 0x2B, 0xFF, 0x01, 0x08, 0x2A, 0xFF, 0x01, 0x08, 0x2A, 0xFF, 0x01, 0x08, 0x2B, 0xFF,
    0x01, 0x08, 0x2A, 0xFF, 0x00, 0x07, 0x29, 0xFF, 0x00, 0x07, 0x2B, 0xFF, 0x00, 0x07, 0x2D, 0xFF,
    0x00, 0x03, 0x11, 0xFC, 0x01, 0x00, 0x00, 0xFE, 0x01, 0x00, 0x01, 0xEF, 0x00, 0x00, 0x00, 0x1E,
    0x00, 0x00, 0x01, 0x91, 0x01, 0x00, 0x00, 0xFF, 0x00, 0x02, 0x0E, 0xFC, 0x00, 0x08, 0x30, 0xFF,
    0x00, 0x07, 0x2C, 0xFF, 0x01, 0x07, 0x2C, 0xFF, 0x01, 0x07, 0x2B, 0xFF, 0x00, 0x07, 0x2B, 0xFF,
    0x01, 0x07, 0x2B, 0xFF, 0x01, 0x07, 0x2A, 0xFF, 0x00, 0x07, 0x2B, 0xFF, 0x01, 0x08, 0x2B, 0xFF,
    0x01, 0x08, 0x2B, 0xFF, 0x01, 0x08, 0x2C, 0xFF, 0x01, 0x08, 0x2B, 0xFF, 0x01, 0x08, 0x2B, 0xFF,
    0x01, 0x08, 0x2C, 0xFF, 0x01, 0x07, 0x2C, 0xFF, 0x01, 0x07, 0x2C, 0xFF, 0x01, 0x08, 0x30, 0xFF,
    0x03, 0x0B, 0x34, 0xFF, 0x00, 0x06, 0x38, 0xFF, 0x00, 0x00, 0x40, 0xFF, 0x00, 0x04, 0x57, 0xFF,
    0x26, 0x31, 0x83, 0xFF, 0x60, 0x6F, 0xB5, 0xFF, 0x90, 0xA5, 0xDF, 0xFF, 0xAB, 0xC5, 0xF4, 0xFF,
    0xB4, 0xCF, 0xFB, 0xFF, 0xB1, 0xCD, 0xFB, 0xFF, 0xA9, 0xC5, 0xF4, 0xFF, 0xA3, 0xC0, 0xF2, 0xFF,
    0xA4, 0xBE, 0xF1, 0xFF, 0xA8, 0xBE, 0xF2, 0xFF, 0xB5, 0xC3, 0xF7, 0xFF, 0xC3, 0xCD, 0xFD, 0xFF,
    0xCB, 0xD0, 0xFF, 0xFF, 0xC6, 0xC6, 0xF9, 0xFF, 0xAB, 0xAA, 0xE5, 0xFF, 0x7B, 0x79, 0xC0, 0xFF,
    0x3C, 0x3B, 0x8D, 0xFF, 0x09, 0x0A, 0x5C, 0xFF, 0x00, 0x00, 0x3F, 0xFF, 0x00, 0x00, 0x36, 0xFF,
    0x06, 0x0A, 0x35, 0xFF, 0x04, 0x08, 0x31, 0xFF, 0x02, 0x06, 0x2D, 0xFF, 0x01, 0x07, 0x2C, 0xFF,
    0x01, 0x07, 0x2A, 0xFF, 0x01, 0x07, 0x2A, 0xFF, 0x00, 0x07, 0x2A, 0xFF, 0x00, 0x07, 0x2A, 0xFF,
    0x00, 0x07, 0x2A, 0xFF, 0x01, 0x08, 0x2A, 0xFF, 0x01, 0x08, 0x2A, 0xFF, 0x01, 0x08, 0x2A, 0xFF,
    0x01, 0x08, 0x2A, 0xFF, 0x00, 0x08, 0x2A, 0xFF, 0x00, 0x07, 0x2A, 0xFF, 0x00, 0x07, 0x2A, 0xFF,
    0x00, 0x07, 0x2D, 0xFF, 0x00, 0x02, 0x0D, 0xFC, 0x01, 0x00, 0x00, 0xFF, 0x00, 0x00, 0x01, 0x91,
    0x00, 0x00, 0x00, 0xDF, 0x00, 0x01, 0x05, 0xFE, 0x00, 0x06, 0x2B, 0xFE, 0x00, 0x07, 0x2D, 0xFF,
    0x00, 0x07, 0x2B, 0xFF, 0x00, 0x07, 0x2C, 0xFF, 0x01, 0x07, 0x2B, 0xFF, 0x01, 0x07, 0x2A, 0xFF,
    0x01, 0x08, 0x2B, 0xFF, 0x01, 0x08, 0x2B, 0xFF, 0x01, 0x07, 0x2B, 0xFF, 0x01, 0x08, 0x2B, 0xFF,
    0x01, 0x08, 0x2B, 0xFF, 0x01, 0x08, 0x2C, 0xFF, 0x01, 0x08, 0x2B, 0xFF, 0x01, 0x07, 0x2B, 0xFF,
    0x01, 0x08, 0x2D, 0xFF, 0x01, 0x08, 0x30, 0xFF, 0x03, 0x0B, 0x35, 0xFF, 0x00, 0x07, 0x38, 0xFF,
    0x00, 0x00, 0x44, 0xFF, 0x0F, 0x15, 0x6E, 0xFF, 0x5D, 0x6B, 0xB2, 0xFF, 0xA2, 0xBD, 0xEE, 0xFF,
    0xB1, 0xD3, 0xFF, 0xFF, 0x92, 0xB1, 0xE7, 0xFF, 0x63, 0x7D, 0xBF, 0xFF, 0x3A, 0x4E, 0x97, 0xFF,
    0x1A, 0x2B, 0x7C, 0xFF, 0x08, 0x16, 0x67, 0xFF, 0x00, 0x0A, 0x57, 0xFF, 0x00, 0x00, 0x4B, 0xFF,
    0x00, 0x00, 0x4E, 0xFF, 0x00, 0x06, 0x58, 0xFF, 0x01, 0x09, 0x5E, 0xFF, 0x0F, 0x15, 0x6A, 0xFF,
    0x26, 0x29, 0x80, 0xFF, 0x4C, 0x4A, 0x9F, 0xFF, 0x7D, 0x79, 0xC6, 0xFF, 0xB7, 0xAC, 0xEC, 0xFF,
    0xDC, 0xCA, 0xFF, 0xFF, 0xCE, 0xBC, 0xF5, 0xFF, 0x85, 0x77, 0xBD, 0xFF, 0x2A, 0x25, 0x75, 0xFF,
    0x00, 0x00, 0x45, 0xFF, 0x01, 0x00, 0x37, 0xFF, 0x08, 0x09, 0x35, 0xFF, 0x04, 0x07, 0x30, 0xFF,
    0x02, 0x06, 0x2C, 0xFF, 0x01, 0x07, 0x2A, 0xFF, 0x01, 0x07, 0x2A, 0xFF, 0x00, 0x07, 0x2A, 0xFF,
    0x01, 0x07, 0x29, 0xFF, 0x01, 0x08, 0x2A, 0xFF, 0x00, 0x07, 0x2A, 0xFF, 0x01, 0x07, 0x2A, 0xFF,
    0x01, 0x08, 0x2B, 0xFF, 0x00, 0x07, 0x2B, 0xFF, 0x01, 0x08, 0x2B, 0xFF, 0x00, 0x07, 0x29, 0xFF,
    0x00, 0x07, 0x2B, 0xFF, 0x00, 0x07, 0x27, 0xFE, 0x00, 0x01, 0x04, 0xFE, 0x01, 0x00, 0x00, 0xDF,
    0x00, 0x00, 0x00, 0xFC, 0x00, 0x04, 0x1B, 0xFF, 0x00, 0x07, 0x2F, 0xFF, 0x00, 0x07, 0x2B, 0xFF,
    0x00, 0x07, 0x2C, 0xFF, 0x00, 0x07, 0x2B, 0xFF, 0x01, 0x07, 0x2B, 0xFF, 0x01, 0x08, 0x2B, 0xFF,
    0x01, 0x08, 0x2B, 0xFF, 0x00, 0x08, 0x2B, 0xFF, 0x00, 0x07, 0x2A, 0xFF, 0x01, 0x08, 0x2B, 0xFF,
    0x01, 0x08, 0x2A, 0xFF, 0x00, 0x08, 0x2A, 0xFF, 0x01, 0x08, 0x2C, 0xFF, 0x01, 0x07, 0x2F, 0xFF,
    0x01, 0x09, 0x34, 0xFF, 0x02, 0x0C, 0x3A, 0xFF, 0x00, 0x00, 0x41, 0xFF, 0x0C, 0x11, 0x6B, 0xFF,
    0x6B, 0x7B, 0xBF, 0xFF, 0xB2, 0xD3, 0xFE, 0xFF, 0x9A, 0xBF, 0xEF, 0xFF, 0x50, 0x69, 0xB0, 0xFF,
    0x10, 0x1B, 0x6D, 0xFF, 0x00, 0x00, 0x4F, 0xFF, 0x00, 0x00, 0x3D, 0xFF, 0x00, 0x00, 0x36, 0xFF,
    0x00, 0x03, 0x36, 0xFF, 0x00, 0x07, 0x37, 0xFF, 0x00, 0x02, 0x2C, 0xFF, 0x13, 0x5F, 0x94, 0xFF,
    0x0D, 0x44, 0x7A, 0xFF, 0x00, 0x03, 0x2B, 0xFF, 0x00, 0x0A, 0x37, 0xFF, 0x00, 0x05, 0x32, 0xFF,
    0x00, 0x01, 0x32, 0xFF, 0x00, 0x00, 0x35, 0xFF, 0x00, 0x00, 0x39, 0xFF, 0x00, 0x00, 0x45, 0xFF,
    0x28, 0x1F, 0x76, 0xFF, 0x77, 0x5C, 0xB6, 0xFF, 0xD1, 0xA3, 0xF4, 0xFF, 0xF0, 0xBF, 0xFF, 0xFF,
    0xA7, 0x88, 0xCC, 0xFF, 0x33, 0x26, 0x74, 0xFF, 0x02, 0x00, 0x40, 0xFF, 0x08, 0x05, 0x38, 0xFF,
    0x08, 0x08, 0x34, 0xFF, 0x02, 0x06, 0x2D, 0xFF, 0x02, 0x07, 0x2B, 0xFF, 0x01, 0x07, 0x2A, 0xFF,
    0x00, 0x07, 0x29, 0xFF, 0x00, 0x07, 0x29, 0xFF, 0x00, 0x07, 0x2A, 0xFF, 0x01, 0x08, 0x2A, 0xFF,
    0x00, 0x08, 0x2B, 0xFF, 0x01, 0x08, 0x2B, 0xFF, 0x01, 0x08, 0x2B, 0xFF, 0x01, 0x07, 0x2B, 0xFF,
    0x00, 0x07, 0x2A, 0xFF, 0x00, 0x08, 0x2E, 0xFF, 0x00, 0x04, 0x1A, 0xFF, 0x00, 0x00, 0x00, 0xFC,
    0x00, 0x01, 0x06, 0xFF, 0x00, 0x07, 0x2A, 0xFF, 0x00, 0x06, 0x2B, 0xFF, 0x00, 0x07, 0x2B, 0xFF,
    0x01, 0x08, 0x2C, 0xFF, 0x01, 0x08, 0x2B, 0xFF, 0x00, 0x08, 0x2B, 0xFF, 0x00, 0x08, 0x2B, 0xFF,
    0x01, 0x08, 0x2B, 0xFF, 0x01, 0x08, 0x2B, 0xFF, 0x01, 0x08, 0x2B, 0xFF, 0x01, 0x08, 0x2B, 0xFF,
    0x00, 0x07, 0x2A, 0xFF, 0x00, 0x07, 0x2B, 0xFF, 0x00, 0x07, 0x2F, 0xFF, 0x02, 0x0C, 0x37, 0xFF,
    0x00, 0x07, 0x3B, 0xFF, 0x00, 0x00, 0x58, 0xFF, 0x4F, 0x59, 0xA9, 0xFF, 0xB4, 0xD4, 0xFA, 0xFF,
    0x96, 0xBD, 0xED, 0xFF, 0x35, 0x4B, 0x99, 0xFF, 0x00, 0x03, 0x52, 0xFF, 0x00, 0x00, 0x43, 0xFF,
    0x0D, 0x26, 0x6A, 0xFF, 0x01, 0x0A, 0x3B, 0xFF, 0x03, 0x0B, 0x36, 0xFF, 0x03, 0x0A, 0x32, 0xFF,
    0x02, 0x09, 0x31, 0xFF, 0x02, 0x0A, 0x31, 0xFF, 0x00, 0x00, 0x20, 0xFF, 0x19, 0x8B, 0xCA, 0xFF,
    0x10, 0x62, 0x9C, 0xFF, 0x00, 0x00, 0x1F, 0xFF, 0x02, 0x0B, 0x33, 0xFF, 0x01, 0x08, 0x30, 0xFF,
    0x03, 0x0B, 0x33, 0xFF, 0x03, 0x06, 0x2C, 0xFF, 0x16, 0x23, 0x57, 0xFF, 0x36, 0x4C, 0x90, 0xFF,
    0x00, 0x00, 0x2E, 0xFF, 0x00, 0x00, 0x39, 0xFF, 0x15, 0x03, 0x58, 0xFF, 0x68, 0x34, 0xA0, 0xFF,
    0xE0, 0x88, 0xEF, 0xFF, 0xFE, 0xAF, 0xFF, 0xFF, 0x8F, 0x6A, 0xB7, 0xFF, 0x19, 0x0A, 0x55, 0xFF,
    0x06, 0x00, 0x36, 0xFF, 0x09, 0x08, 0x34, 0xFF, 0x03, 0x05, 0x2D, 0xFF, 0x01, 0x07, 0x2B, 0xFF,
    0x01, 0x07, 0x2A, 0xFF, 0x00, 0x07, 0x29, 0xFF, 0x01, 0x08, 0x2A, 0xFF, 0x01, 0x08, 0x2B, 0xFF,
    0x00, 0x08, 0x2B, 0xFF, 0x01, 0x08, 0x2B, 0xFF, 0x00, 0x07, 0x2B, 0xFF, 0x00, 0x07, 0x2B, 0xFF,
    0x01, 0x08, 0x2B, 0xFF, 0x00, 0x07, 0x2B, 0xFF, 0x00, 0x07, 0x29, 0xFF, 0x00, 0x01, 0x06, 0xFF,
    0x00, 0x04, 0x16, 0xFF, 0x00, 0x07, 0x2E, 0xFF, 0x00, 0x07, 0x2B, 0xFF, 0x01, 0x07, 0x2B, 0xFF,
    0x01, 0x08, 0x2C, 0xFF, 0x01, 0x08, 0x2B, 0xFF, 0x01, 0x08, 0x2B, 0xFF, 0x01, 0x08, 0x2B, 0xFF,
    0x01, 0x08, 0x2B, 0xFF, 0x01, 0x08, 0x2B, 0xFF, 0x01, 0x08, 0x2B, 0xFF, 0x01, 0x08, 0x2B, 0xFF,
    0x01, 0x07, 0x2C, 0xFF, 0x01, 0x07, 0x2F, 0xFF, 0x03, 0x0D, 0x36, 0xFF, 0x00, 0x01, 0x40, 0xFF,
    0x0E, 0x17, 0x7A, 0xFF, 0x8E, 0xA7, 0xE1, 0xFF, 0xB2, 0xDA, 0xFF, 0xFF, 0x46, 0x61, 0xAD, 0xFF,
    0x00, 0x03, 0x59, 0xFF, 0x00, 0x00, 0x3A, 0xFF, 0x01, 0x08, 0x35, 0xFF, 0x05, 0x0F, 0x3C, 0xFF,
    0x39, 0x80, 0xE2, 0xFF, 0x0C, 0x1F, 0x56, 0xFF, 0x00, 0x02, 0x26, 0xFF, 0x01, 0x08, 0x2E, 0xFF,
    0x00, 0x07, 0x2C, 0xFF, 0x01, 0x09, 0x2E, 0xFF, 0x00, 0x00, 0x1B, 0xFF, 0x14, 0x84, 0xC4, 0xFF,
    0x0F, 0x5F, 0x98, 0xFF, 0x00, 0x00, 0x1A, 0xFF, 0x01, 0x0B, 0x30, 0xFF, 0x00, 0x07, 0x2C, 0xFF,
    0x02, 0x0A, 0x30, 0xFF, 0x00, 0x00, 0x1B, 0xFF, 0x37, 0x50, 0x99, 0xFF, 0x42, 0x61, 0xB2, 0xFF,
    0x01, 0x01, 0x22, 0xFF, 0x06, 0x0C, 0x37, 0xFF, 0x05, 0x07, 0x33, 0xFF, 0x02, 0x00, 0x36, 0xFF,
    0x19, 0x00, 0x51, 0xFF, 0x88, 0x30, 0xA5, 0xFF, 0xFF, 0x8B, 0xFF, 0xFF, 0xD8, 0x94, 0xE7, 0xFF,
    0x44, 0x2A, 0x75, 0xFF, 0x05, 0x00, 0x36, 0xFF, 0x0B, 0x08, 0x33, 0xFF, 0x04, 0x06, 0x2D, 0xFF,
    0x02, 0x07, 0x2B, 0xFF, 0x01, 0x07, 0x2A, 0xFF, 0x01, 0x08, 0x2A, 0xFF, 0x01, 0x08, 0x2B, 0xFF,
    0x01, 0x08, 0x2B, 0xFF, 0x01, 0x08, 0x2B, 0xFF, 0x01, 0x08, 0x2B, 0xFF, 0x00, 0x08, 0x2B, 0xFF,
    0x01, 0x08, 0x2B, 0xFF, 0x00, 0x07, 0x2A, 0xFF, 0x00, 0x07, 0x2C, 0xFF, 0x00, 0x03, 0x15, 0xFF,
    0x00, 0x06, 0x23, 0xFF, 0x00, 0x07, 0x2D, 0xFF, 0x00, 0x07, 0x2B, 0xFF, 0x00, 0x07, 0x2B, 0xFF,
    0x01, 0x07, 0x2B, 0xFF, 0x01, 0x08, 0x2B, 0xFF, 0x01, 0x08, 0x2A, 0xFF, 0x01, 0x08, 0x2A, 0xFF,
    0x01, 0x08, 0x2A, 0xFF, 0x01, 0x08, 0x2B, 0xFF, 0x01, 0x08, 0x2A, 0xFF, 0x01, 0x08, 0x2C, 0xFF,
    0x00, 0x08, 0x31, 0xFF, 0x04, 0x0D, 0x38, 0xFF, 0x00, 0x00, 0x45, 0xFF, 0x28, 0x35, 0x95, 0xFF,
    0xAB, 0xD1, 0xFC, 0xFF, 0x82, 0xAC, 0xE3, 0xFF, 0x0E, 0x1C, 0x76, 0xFF, 0x00, 0x00, 0x3F, 0xFF,
    0x01, 0x09, 0x39, 0xFF, 0x02, 0x0A, 0x34, 0xFF, 0x02, 0x0A, 0x33, 0xFF, 0x00, 0x00, 0x1E, 0xFF,
    0x23, 0x55, 0xA6, 0xFF, 0x23, 0x56, 0xA8, 0xFF, 0x00, 0x00, 0x1E, 0xFF, 0x01, 0x09, 0x2E, 0xFF,
    0x01, 0x07, 0x2C, 0xFF, 0x01, 0x09, 0x2D, 0xFF, 0x00, 0x02, 0x21, 0xFF, 0x0B, 0x4D, 0x81, 0xFF,
    0x09, 0x39, 0x69, 0xFF, 0x00, 0x02, 0x21, 0xFF, 0x01, 0x09, 0x2E, 0xFF, 0x01, 0x08, 0x2C, 0xFF,
    0x01, 0x07, 0x2B, 0xFF, 0x01, 0x05, 0x27, 0xFF, 0x4E, 0x75, 0xD5, 0xFF, 0x17, 0x26, 0x5D, 0xFF,
    0x00, 0x01, 0x22, 0xFF, 0x01, 0x09, 0x30, 0xFF, 0x03, 0x07, 0x30, 0xFF, 0x08, 0x08, 0x33, 0xFF,
    0x08, 0x07, 0x32, 0xFF, 0x00, 0x00, 0x2F, 0xFF, 0x31, 0x05, 0x5B, 0xFF, 0xCF, 0x5A, 0xD8, 0xFF,
    0xFE, 0x99, 0xFF, 0xFF, 0x6A, 0x43, 0x90, 0xFF, 0x08, 0x00, 0x38, 0xFF, 0x0C, 0x07, 0x34, 0xFF,
    0x04, 0x06, 0x2D, 0xFF, 0x01, 0x07, 0x2B, 0xFF, 0x00, 0x07, 0x2A, 0xFF, 0x01, 0x08, 0x2A, 0xFF,
    0x01, 0x08, 0x2A, 0xFF, 0x01, 0x07, 0x2A, 0xFF, 0x01, 0x08, 0x2B, 0xFF, 0x01, 0x08, 0x2B, 0xFF,
    0x01, 0x08, 0x2B, 0xFF, 0x00, 0x07, 0x2A, 0xFF, 0x00, 0x07, 0x2B, 0xFF, 0x00, 0x06, 0x21, 0xFF,
    0x01, 0x07, 0x2B, 0xFF, 0x00, 0x07, 0x2C, 0xFF, 0x00, 0x07, 0x2B, 0xFF, 0x01, 0x07, 0x2B, 0xFF,
    0x01, 0x08, 0x2B, 0xFF, 0x01, 0x08, 0x2A, 0xFF, 0x01, 0x08, 0x2A, 0xFF, 0x01, 0x08, 0x2B, 0xFF,
    0x01, 0x08, 0x2B, 0xFF, 0x01, 0x08, 0x2B, 0xFF, 0x00, 0x07, 0x2C, 0xFF, 0x00, 0x08, 0x30, 0xFF,
    0x04, 0x0D, 0x39, 0xFF, 0x00, 0x00, 0x49, 0xFF, 0x3A, 0x4E, 0xA9, 0xFF, 0xB2, 0xE1, 0xFF, 0xFF,
    0x57, 0x79, 0xC1, 0xFF, 0x00, 0x00, 0x4F, 0xFF, 0x00, 0x00, 0x36, 0xFF, 0x03, 0x0D, 0x3A, 0xFF,
    0x01, 0x08, 0x31, 0xFF, 0x01, 0x07, 0x2D, 0xFF, 0x01, 0x08, 0x2E, 0xFF, 0x00, 0x02, 0x22, 0xFF,
    0x0A, 0x20, 0x57, 0xFF, 0x21, 0x58, 0xB0, 0xFF, 0x00, 0x02, 0x27, 0xFF, 0x01, 0x08, 0x2D, 0xFF,
    0x01, 0x08, 0x2D, 0xFF, 0x01, 0x07, 0x2C, 0xFF, 0x00, 0x07, 0x2D, 0xFF, 0x00, 0x00, 0x22, 0xFF,
    0x00, 0x01, 0x25, 0xFF, 0x00, 0x07, 0x2D, 0xFF, 0x01, 0x07, 0x2C, 0xFF, 0x01, 0x08, 0x2D, 0xFF,
    0x00, 0x06, 0x28, 0xFF, 0x04, 0x0D, 0x34, 0xFF, 0x2C, 0x44, 0x8E, 0xFF, 0x02, 0x0A, 0x31, 0xFF,
    0x00, 0x07, 0x2A, 0xFF, 0x01, 0x08, 0x2C, 0xFF, 0x01, 0x07, 0x2C, 0xFF, 0x04, 0x07, 0x2F, 0xFF,
    0x09, 0x04, 0x32, 0xFF, 0x4F, 0x11, 0x5B, 0xFF, 0x49, 0x12, 0x56, 0xFF, 0x16, 0x00, 0x3D, 0xFF,
    0xA1, 0x35, 0xAF, 0xFF, 0xFF, 0x94, 0xFF, 0xFF, 0x82, 0x51, 0x9D, 0xFF, 0x08, 0x00, 0x37, 0xFF,
    0x0B, 0x07, 0x32, 0xFF, 0x04, 0x06, 0x2D, 0xFF, 0x01, 0x07, 0x2B, 0xFF, 0x00, 0x07, 0x2A, 0xFF,
    0x01, 0x08, 0x2A, 0xFF, 0x01, 0x07, 0x2A, 0xFF, 0x01, 0x08, 0x2A, 0xFF, 0x01, 0x07, 0x2B, 0xFF,
    0x01, 0x08, 0x2B, 0xFF, 0x01, 0x07, 0x2B, 0xFF, 0x01, 0x07, 0x2B, 0xFF, 0x00, 0x07, 0x29, 0xFF,
    0x00, 0x08, 0x2C, 0xFF, 0x00, 0x07, 0x2B, 0xFF, 0x01, 0x07, 0x2B, 0xFF, 0x01, 0x07, 0x2A, 0xFF,
    0x01, 0x07, 0x2B, 0xFF, 0x01, 0x08, 0x2A, 0xFF, 0x01, 0x08, 0x2A, 0xFF, 0x01, 0x08, 0x2A, 0xFF,
    0x01, 0x08, 0x2B, 0xFF, 0x01, 0x08, 0x2C, 0xFF, 0x00, 0x08, 0x2F, 0xFF, 0x03, 0x0E, 0x39, 0xFF,
    0x00, 0x01, 0x4C, 0xFF, 0x3E, 0x57, 0xB2, 0xFF, 0xB1, 0xE4, 0xFF, 0xFF, 0x3C, 0x5C, 0xAB, 0xFF,
    0x00, 0x00, 0x3E, 0xFF, 0x19, 0x42, 0x8D, 0xFF, 0x12, 0x32, 0x73, 0xFF, 0x00, 0x00, 0x25, 0xFF,
    0x01, 0x09, 0x2F, 0xFF, 0x00, 0x07, 0x2B, 0xFF, 0x00, 0x07, 0x2C, 0xFF, 0x00, 0x07, 0x2C, 0xFF,
    0x00, 0x06, 0x2B, 0xFF, 0x00, 0x06, 0x2D, 0xFF, 0x00, 0x07, 0x2D, 0xFF, 0x00, 0x07, 0x2C, 0xFF,
    0x01, 0x07, 0x2D, 0xFF, 0x01, 0x07, 0x2D, 0xFF, 0x01, 0x07, 0x2C, 0xFF, 0x01, 0x09, 0x2E, 0xFF,
    0x01, 0x08, 0x2D, 0xFF, 0x01, 0x07, 0x2C, 0xFF, 0x01, 0x08, 0x2D, 0xFF, 0x00, 0x08, 0x2C, 0xFF,
    0x01, 0x08, 0x2C, 0xFF, 0x00, 0x07, 0x2A, 0xFF, 0x00, 0x01, 0x20, 0xFF, 0x00, 0x08, 0x2B, 0xFF,
    0x00, 0x08, 0x2B, 0xFF, 0x01, 0x07, 0x2C, 0xFF, 0x03, 0x07, 0x2D, 0xFF, 0x01, 0x06, 0x2B, 0xFF,
    0x17, 0x03, 0x37, 0xFF, 0xF5, 0x43, 0xC0, 0xFF, 0x8B, 0x21, 0x77, 0xFF, 0x00, 0x00, 0x26, 0xFF,
    0x11, 0x00, 0x37, 0xFF, 0x88, 0x24, 0x94, 0xFF, 0xFF, 0x8B, 0xFF, 0xFF, 0x84, 0x50, 0x99, 0xFF,
    0x08, 0x00, 0x34, 0xFF, 0x0C, 0x08, 0x33, 0xFF, 0x04, 0x06, 0x2C, 0xFF, 0x02, 0x07, 0x2B, 0xFF,
    0x01, 0x07, 0x2A, 0xFF, 0x00, 0x07, 0x2A, 0xFF, 0x01, 0x07, 0x2A, 0xFF, 0x01, 0x07, 0x2A, 0xFF,
    0x00, 0x08, 0x2B, 0xFF, 0x00, 0x07, 0x2B, 0xFF, 0x00, 0x07, 0x2B, 0xFF, 0x00, 0x07, 0x29, 0xFF,
    0x00, 0x07, 0x2B, 0xFF, 0x00, 0x07, 0x2C, 0xFF, 0x01, 0x07, 0x2B, 0xFF, 0x01, 0x07, 0x2A, 0xFF,
    0x01, 0x07, 0x2A, 0xFF, 0x01, 0x07, 0x2A, 0xFF, 0x01, 0x08, 0x2A, 0xFF, 0x01, 0x08, 0x2B, 0xFF,
    0x01, 0x08, 0x2C, 0xFF, 0x00, 0x07, 0x2E, 0xFF, 0x03, 0x0D, 0x37, 0xFF, 0x00, 0x02, 0x48, 0xFF,
    0x32, 0x4D, 0xAD, 0xFF, 0xAF, 0xE4, 0xFF, 0xFF, 0x33, 0x53, 0xA5, 0xFF, 0x00, 0x00, 0x44, 0xFF,
    0x02, 0x05, 0x31, 0xFF, 0x15, 0x3D, 0x80, 0xFF, 0x2F, 0x88, 0xF7, 0xFF, 0x05, 0x13, 0x46, 0xFF,
    0x00, 0x04, 0x25, 0xFF, 0x01, 0x08, 0x2E, 0xFF, 0x01, 0x08, 0x2D, 0xFF, 0x01, 0x07, 0x2D, 0xFF,
    0x01, 0x07, 0x2D, 0xFF, 0x01, 0x07, 0x2C, 0xFF, 0x00, 0x07, 0x2C, 0xFF, 0x00, 0x07, 0x2C, 0xFF,
    0x01, 0x07, 0x2D, 0xFF, 0x01, 0x07, 0x2D, 0xFF, 0x00, 0x07, 0x2D, 0xFF, 0x01, 0x07, 0x2D, 0xFF,
    0x01, 0x07, 0x2C, 0xFF, 0x01, 0x07, 0x2C, 0xFF, 0x01, 0x08, 0x2D, 0xFF, 0x00, 0x07, 0x2C, 0xFF,
    0x00, 0x08, 0x2B, 0xFF, 0x01, 0x08, 0x2C, 0xFF, 0x02, 0x0A, 0x2D, 0xFF, 0x01, 0x08, 0x2B, 0xFF,
    0x01, 0x08, 0x2B, 0xFF, 0x02, 0x07, 0x2C, 0xFF, 0x06, 0x07, 0x2E, 0xFF, 0x04, 0x02, 0x29, 0xFF,
    0xB4, 0x35, 0x99, 0xFF, 0xB3, 0x2F, 0x92, 0xFF, 0x31, 0x05, 0x40, 0xFF, 0x80, 0x23, 0x76, 0xFF,
    0x12, 0x06, 0x35, 0xFF, 0x0B, 0x00, 0x31, 0xFF, 0x85, 0x25, 0x8A, 0xFF, 0xFF, 0x88, 0xF3, 0xFF,
    0x70, 0x3D, 0x84, 0xFF, 0x06, 0x00, 0x30, 0xFF, 0x0C, 0x07, 0x33, 0xFF, 0x04, 0x06, 0x2C, 0xFF,
    0x01, 0x07, 0x2A, 0xFF, 0x01, 0x07, 0x2A, 0xFF, 0x01, 0x08, 0x2A, 0xFF, 0x01, 0x08, 0x2A, 0xFF,
    0x01, 0x08, 0x2A, 0xFF, 0x00, 0x07, 0x2A, 0xFF, 0x00, 0x07, 0x29, 0xFF, 0x00, 0x07, 0x29, 0xFF,
    0x00, 0x07, 0x2C, 0xFF, 0x01, 0x08, 0x2C, 0xFF, 0x00, 0x07, 0x2B, 0xFF, 0x00, 0x07, 0x2B, 0xFF,
    0x01, 0x07, 0x2A, 0xFF, 0x01, 0x07, 0x29, 0xFF, 0x01, 0x07, 0x29, 0xFF, 0x00, 0x07, 0x2B, 0xFF,
    0x00, 0x07, 0x2E, 0xFF, 0x02, 0x0B, 0x36, 0xFF, 0x00, 0x06, 0x43, 0xFF, 0x1C, 0x32, 0x98, 0xFF,
    0xAE, 0xE2, 0xFF, 0xFF, 0x40, 0x63, 0xB4, 0xFF, 0x00, 0x00, 0x46, 0xFF, 0x04, 0x0D, 0x3B, 0xFF,
    0x01, 0x0A, 0x36, 0xFF, 0x00, 0x00, 0x1B, 0xFF, 0x13, 0x43, 0x91, 0xFF, 0x1F, 0x67, 0xD5, 0xFF,
    0x00, 0x04, 0x28, 0xFF, 0x01, 0x07, 0x2C, 0xFF, 0x01, 0x07, 0x2D, 0xFF, 0x01, 0x07, 0x2D, 0xFF,
    0x01, 0x07, 0x2C, 0xFF, 0x01, 0x07, 0x2C, 0xFF, 0x00, 0x07, 0x2C, 0xFF, 0x01, 0x07, 0x2C, 0xFF,
    0x01, 0x07, 0x2D, 0xFF, 0x01, 0x07, 0x2C, 0xFF, 0x01, 0x07, 0x2C, 0xFF, 0x01, 0x07, 0x2D, 0xFF,
    0x01, 0x07, 0x2C, 0xFF, 0x01, 0x07, 0x2C, 0xFF, 0x01, 0x07, 0x2D, 0xFF, 0x01, 0x08, 0x2D, 0xFF,
    0x01, 0x08, 0x2C, 0xFF, 0x01, 0x08, 0x2B, 0xFF, 0x01, 0x08, 0x2C, 0xFF, 0x01, 0x08, 0x2B, 0xFF,
    0x02, 0x07, 0x2B, 0xFF, 0x05, 0x07, 0x2D, 0xFF, 0x06, 0x05, 0x2E, 0xFF, 0x1A, 0x08, 0x39, 0xFF,
    0x91, 0x25, 0x7A, 0xFF, 0x66, 0x16, 0x60, 0xFF, 0xD9, 0x40, 0xAE, 0xFF, 0x59, 0x18, 0x5C, 0xFF,
    0x07, 0x03, 0x2D, 0xFF, 0x12, 0x08, 0x35, 0xFF, 0x0A, 0x00, 0x2E, 0xFF, 0x9A, 0x2B, 0x90, 0xFF,
    0xFF, 0x83, 0xE5, 0xFF, 0x4D, 0x22, 0x63, 0xFF, 0x0A, 0x00, 0x31, 0xFF, 0x0A, 0x07, 0x30, 0xFF,
    0x03, 0x06, 0x2C, 0xFF, 0x01, 0x07, 0x2A, 0xFF, 0x01, 0x08, 0x2A, 0xFF, 0x01, 0x07, 0x2A, 0xFF,
    0x00, 0x07, 0x2A, 0xFF, 0x00, 0x06, 0x29, 0xFF, 0x01, 0x07, 0x2A, 0xFF, 0x00, 0x06, 0x28, 0xFF,
    0x00, 0x07, 0x2B, 0xFF, 0x00, 0x07, 0x2B, 0xFF, 0x00, 0x07, 0x2B, 0xFF, 0x00, 0x07, 0x2A, 0xFF,
    0x01, 0x08, 0x2B, 0xFF, 0x01, 0x08, 0x2A, 0xFF, 0x00, 0x07, 0x2A, 0xFF, 0x00, 0x07, 0x2D, 0xFF,
    0x01, 0x09, 0x34, 0xFF, 0x02, 0x0A, 0x3C, 0xFF, 0x05, 0x12, 0x74, 0xFF, 0x98, 0xC8, 0xFA, 0xFF,
    0x5D, 0x8C, 0xCF, 0xFF, 0x00, 0x00, 0x4F, 0xFF, 0x03, 0x0C, 0x3B, 0xFF, 0x01, 0x07, 0x31, 0xFF,
    0x00, 0x07, 0x2D, 0xFF, 0x01, 0x07, 0x2C, 0xFF, 0x00, 0x04, 0x27, 0xFF, 0x08, 0x20, 0x5C, 0xFF,
    0x01, 0x08, 0x30, 0xFF, 0x00, 0x07, 0x2B, 0xFF, 0x01, 0x07, 0x2C, 0xFF, 0x00, 0x07, 0x2C, 0xFF,
    0x01, 0x07, 0x2C, 0xFF, 0x01, 0x07, 0x2C, 0xFF, 0x01, 0x07, 0x2C, 0xFF, 0x01, 0x07, 0x2C, 0xFF,
    0x01, 0x07, 0x2C, 0xFF, 0x01, 0x07, 0x2D, 0xFF, 0x00, 0x07, 0x2D, 0xFF, 0x00, 0x07, 0x2D, 0xFF,
    0x01, 0x07, 0x2D, 0xFF, 0x01, 0x07, 0x2D, 0xFF, 0x01, 0x07, 0x2C, 0xFF, 0x00, 0x07, 0x2C, 0xFF,
    0x01, 0x07, 0x2B, 0xFF, 0x01, 0x07, 0x2B, 0xFF, 0x01, 0x08, 0x2C, 0xFF, 0x02, 0x07, 0x2C, 0xFF,
    0x04, 0x07, 0x2D, 0xFF, 0x0C, 0x06, 0x31, 0xFF, 0x11, 0x03, 0x32, 0xFF, 0x14, 0x00, 0x2D, 0xFF,
    0x76, 0x1A, 0x6D, 0xFF, 0xF9, 0x46, 0xC2, 0xFF, 0x5F, 0x16, 0x5C, 0xFF, 0x00, 0x00, 0x28, 0xFF,
    0x0B, 0x07, 0x32, 0xFF, 0x08, 0x07, 0x30, 0xFF, 0x11, 0x07, 0x34, 0xFF, 0x11, 0x00, 0x33, 0xFF,
    0xC9, 0x42, 0xAC, 0xFF, 0xE5, 0x76, 0xCD, 0xFF, 0x23, 0x08, 0x42, 0xFF, 0x0B, 0x04, 0x31, 0xFF,
    0x07, 0x07, 0x2F, 0xFF, 0x02, 0x07, 0x2C, 0xFF, 0x01, 0x07, 0x2A, 0xFF, 0x01, 0x08, 0x2A, 0xFF,
    0x01, 0x07, 0x2A, 0xFF, 0x00, 0x07, 0x2A, 0xFF, 0x01, 0x07, 0x2B, 0xFF, 0x00, 0x06, 0x29, 0xFF,
    0x00, 0x07, 0x2A, 0xFF, 0x01, 0x07, 0x2B, 0xFF, 0x01, 0x07, 0x2A, 0xFF, 0x01, 0x07, 0x2A, 0xFF,
    0x01, 0x07, 0x2A, 0xFF, 0x01, 0x07, 0x2A, 0xFF, 0x01, 0x07, 0x2C, 0xFF, 0x00, 0x07, 0x31, 0xFF,
    0x03, 0x0C, 0x3A, 0xFF, 0x00, 0x00, 0x52, 0xFF, 0x67, 0x8B, 0xD5, 0xFF, 0x86, 0xC3, 0xF2, 0xFF,
    0x00, 0x07, 0x60, 0xFF, 0x02, 0x09, 0x3B, 0xFF, 0x01, 0x0A, 0x35, 0xFF, 0x00, 0x07, 0x2D, 0xFF,
    0x01, 0x07, 0x2C, 0xFF, 0x00, 0x07, 0x2C, 0xFF, 0x00, 0x07, 0x2C, 0xFF, 0x00, 0x02, 0x22, 0xFF,
    0x00, 0x07, 0x2B, 0xFF, 0x01, 0x07, 0x2C, 0xFF, 0x01, 0x07, 0x2D, 0xFF, 0x01, 0x07, 0x2C, 0xFF,
    0x01, 0x07, 0x2C, 0xFF, 0x01, 0x07, 0x2D, 0xFF, 0x00, 0x07, 0x2C, 0xFF, 0x01, 0x07, 0x2D, 0xFF,
    0x01, 0x07, 0x2D, 0xFF, 0x01, 0x07, 0x2D, 0xFF, 0x00, 0x07, 0x2D, 0xFF, 0x01, 0x07, 0x2D, 0xFF,
    0x01, 0x07, 0x2D, 0xFF, 0x01, 0x07, 0x2D, 0xFF, 0x01, 0x07, 0x2C, 0xFF, 0x00, 0x07, 0x2B, 0xFF,
    0x00, 0x07, 0x2B, 0xFF, 0x01, 0x07, 0x2B, 0xFF, 0x01, 0x06, 0x2C, 0xFF, 0x05, 0x06, 0x2D, 0xFF,
    0x0E, 0x06, 0x32, 0xFF, 0x0D, 0x01, 0x2D, 0xFF, 0x2A, 0x03, 0x3A, 0xFF, 0xB0, 0x2B, 0x96, 0xFF,
    0xFF, 0x4C, 0xD4, 0xFF, 0x68, 0x17, 0x61, 0xFF, 0x06, 0x00, 0x28, 0xFF, 0x0E, 0x06, 0x32, 0xFF,
    0x06, 0x06, 0x2F, 0xFF, 0x06, 0x06, 0x2F, 0xFF, 0x00, 0x02, 0x2A, 0xFF, 0x0F, 0x03, 0x32, 0xFF,
    0x3A, 0x06, 0x49, 0xFF, 0xF9, 0x60, 0xCA, 0xFF, 0xA3, 0x4C, 0x96, 0xFF, 0x0D, 0x00, 0x2F, 0xFF,
    0x0B, 0x07, 0x31, 0xFF, 0x03, 0x06, 0x2D, 0xFF, 0x01, 0x07, 0x2B, 0xFF, 0x01, 0x07, 0x2A, 0xFF,
    0x00, 0x07, 0x2A, 0xFF, 0x00, 0x07, 0x2A, 0xFF, 0x01, 0x07, 0x2A, 0xFF, 0x01, 0x07, 0x29, 0xFF,
    0x00, 0x07, 0x2B, 0xFF, 0x00, 0x07, 0x2A, 0xFF, 0x00, 0x07, 0x2A, 0xFF, 0x01, 0x07, 0x2A, 0xFF,
    0x01, 0x08, 0x2B, 0xFF, 0x00, 0x07, 0x2B, 0xFF, 0x00, 0x07, 0x2E, 0xFF, 0x02, 0x0A, 0x36, 0xFF,
    0x00, 0x03, 0x41, 0xFF, 0x25, 0x38, 0x97, 0xFF, 0xA0, 0xE0, 0xFF, 0xFF, 0x18, 0x34, 0x91, 0xFF,
    0x02, 0x06, 0x46, 0xFF, 0x00, 0x05, 0x2F, 0xFF, 0x00, 0x02, 0x27, 0xFF, 0x01, 0x09, 0x30, 0xFF,
    0x01, 0x07, 0x2D, 0xFF, 0x00, 0x07, 0x2C, 0xFF, 0x01, 0x08, 0x2D, 0xFF, 0x01, 0x08, 0x2D, 0xFF,
    0x01, 0x07, 0x2C, 0xFF, 0x00, 0x07, 0x2C, 0xFF, 0x01, 0x07, 0x2C, 0xFF, 0x00, 0x07, 0x2D, 0xFF,
    0x00, 0x07, 0x2D, 0xFF, 0x01, 0x07, 0x2D, 0xFF, 0x00, 0x07, 0x2D, 0xFF, 0x00, 0x07, 0x2D, 0xFF,
    0x01, 0x07, 0x2E, 0xFF, 0x01, 0x07, 0x2D, 0xFF, 0x00, 0x07, 0x2D, 0xFF, 0x01, 0x07, 0x2D, 0xFF,
    0x01, 0x08, 0x2D, 0xFF, 0x01, 0x07, 0x2C, 0xFF, 0x00, 0x08, 0x2C, 0xFF, 0x00, 0x07, 0x2C, 0xFF,
    0x00, 0x07, 0x2C, 0xFF, 0x01, 0x06, 0x2C, 0xFF, 0x06, 0x06, 0x2E, 0xFF, 0x10, 0x06, 0x34, 0xFF,
    0x0C, 0x00, 0x2C, 0xFF, 0x46, 0x09, 0x4D, 0xFF, 0xD3, 0x33, 0xB3, 0xFF, 0xFF, 0x4B, 0xDB, 0xFF,
    0x74, 0x1A, 0x69, 0xFF, 0x0B, 0x00, 0x2A, 0xFF, 0x11, 0x06, 0x34, 0xFF, 0x06, 0x05, 0x2E, 0xFF,
    0x00, 0x04, 0x28, 0xFF, 0x00, 0x01, 0x28, 0xFF, 0x86, 0x24, 0x74, 0xFF, 0xC7, 0x33, 0x92, 0xFF,
    0x0F, 0x00, 0x2E, 0xFF, 0x7E, 0x1D, 0x70, 0xFF, 0xFF, 0x6A, 0xCF, 0xFF, 0x4B, 0x19, 0x5A, 0xFF,
    0x08, 0x01, 0x2D, 0xFF, 0x07, 0x07, 0x2F, 0xFF, 0x01, 0x06, 0x2B, 0xFF, 0x00, 0x07, 0x2A, 0xFF,
    0x01, 0x08, 0x2B, 0xFF, 0x00, 0x07, 0x2A, 0xFF, 0x00, 0x07, 0x29, 0xFF, 0x00, 0x06, 0x28, 0xFF,
    0x00, 0x07, 0x2B, 0xFF, 0x00, 0x08, 0x2C, 0xFF, 0x01, 0x08, 0x2B, 0xFF, 0x01, 0x07, 0x2A, 0xFF,
    0x01, 0x08, 0x2C, 0xFF, 0x00, 0x07, 0x2D, 0xFF, 0x00, 0x08, 0x31, 0xFF, 0x02, 0x0B, 0x3A, 0xFF,
    0x00, 0x03, 0x5D, 0xFF, 0x80, 0xB2, 0xEC, 0xFF, 0x51, 0x8F, 0xD6, 0xFF, 0x00, 0x00, 0x41, 0xFF,
    0x1C, 0x4B, 0x9D, 0xFF, 0x24, 0x66, 0xC9, 0xFF, 0x06, 0x14, 0x47, 0xFF, 0x00, 0x01, 0x21, 0xFF,
    0x01, 0x08, 0x2E, 0xFF, 0x00, 0x07, 0x2C, 0xFF, 0x01, 0x07, 0x2D, 0xFF, 0x01, 0x07, 0x2C, 0xFF,
    0x01, 0x07, 0x2C, 0xFF, 0x00, 0x07, 0x2C, 0xFF, 0x00, 0x07, 0x2C, 0xFF, 0x01, 0x08, 0x2C, 0xFF,
    0x01, 0x07, 0x2D, 0xFF, 0x01, 0x07, 0x2C, 0xFF, 0x00, 0x07, 0x2C, 0xFF, 0x00, 0x07, 0x2C, 0xFF,
    0x01, 0x07, 0x2D, 0xFF, 0x01, 0x07, 0x2D, 0xFF, 0x01, 0x07, 0x2C, 0xFF, 0x01, 0x08, 0x2C, 0xFF,
    0x01, 0x07, 0x2C, 0xFF, 0x00, 0x08, 0x2C, 0xFF, 0x01, 0x08, 0x2C, 0xFF, 0x00, 0x08, 0x2B, 0xFF,
    0x01, 0x06, 0x2C, 0xFF, 0x07, 0x06, 0x2E, 0xFF, 0x0D, 0x05, 0x32, 0xFF, 0x0B, 0x00, 0x2C, 0xFF,
    0x69, 0x14, 0x6A, 0xFF, 0xEF, 0x3A, 0xCB, 0xFF, 0xFF, 0x47, 0xDC, 0xFF, 0x80, 0x1E, 0x74, 0xFF,
    0x0F, 0x00, 0x2D, 0xFF, 0x12, 0x06, 0x34, 0xFF, 0x08, 0x06, 0x2F, 0xFF, 0x03, 0x05, 0x29, 0xFF,
    0x31, 0x0D, 0x43, 0xFF, 0xC8, 0x2E, 0x95, 0xFF, 0xCD, 0x34, 0x98, 0xFF, 0x43, 0x12, 0x4D, 0xFF,
    0x0B, 0x04, 0x30, 0xFF, 0x1B, 0x00, 0x36, 0xFF, 0xE1, 0x3F, 0xA6, 0xFF, 0xC0, 0x4B, 0x9F, 0xFF,
    0x0F, 0x00, 0x31, 0xFF, 0x0B, 0x06, 0x31, 0xFF, 0x03, 0x06, 0x2C, 0xFF, 0x01, 0x06, 0x2A, 0xFF,
    0x00, 0x07, 0x2B, 0xFF, 0x00, 0x07, 0x2A, 0xFF, 0x00, 0x07, 0x29, 0xFF, 0x00, 0x06, 0x27, 0xFF,
    0x01, 0x07, 0x2B, 0xFF, 0x01, 0x08, 0x2B, 0xFF, 0x01, 0x08, 0x2B, 0xFF, 0x01, 0x08, 0x2B, 0xFF,
    0x01, 0x08, 0x2D, 0xFF, 0x01, 0x07, 0x2E, 0xFF, 0x03, 0x0A, 0x35, 0xFF, 0x00, 0x01, 0x40, 0xFF,
    0x33, 0x46, 0x9F, 0xFF, 0x7F, 0xD6, 0xFF, 0xFF, 0x06, 0x1D, 0x7C, 0xFF, 0x01, 0x05, 0x3B, 0xFF,
    0x04, 0x0E, 0x3D, 0xFF, 0x14, 0x40, 0x90, 0xFF, 0x1F, 0x6A, 0xE5, 0xFF, 0x0C, 0x2E, 0x87, 0xFF,
    0x00, 0x02, 0x25, 0xFF, 0x01, 0x09, 0x2F, 0xFF, 0x01, 0x08, 0x2E, 0xFF, 0x00, 0x07, 0x2D, 0xFF,
    0x00, 0x07, 0x2D, 0xFF, 0x00, 0x07, 0x2C, 0xFF, 0x01, 0x07, 0x2C, 0xFF, 0x01, 0x07, 0x2D, 0xFF,
    0x00, 0x07, 0x2D, 0xFF, 0x01, 0x07, 0x2D, 0xFF, 0x01, 0x07, 0x2D, 0xFF, 0x00, 0x07, 0x2C, 0xFF,
    0x01, 0x07, 0x2C, 0xFF, 0x01, 0x07, 0x2D, 0xFF, 0x01, 0x08, 0x2D, 0xFF, 0x01, 0x08, 0x2D, 0xFF,
    0x00, 0x07, 0x2D, 0xFF, 0x00, 0x08, 0x2C, 0xFF, 0x01, 0x08, 0x2D, 0xFF, 0x01, 0x07, 0x2C, 0xFF,
    0x07, 0x06, 0x2F, 0xFF, 0x07, 0x04, 0x2F, 0xFF, 0x10, 0x01, 0x35, 0xFF, 0x91, 0x1D, 0x8A, 0xFF,
    0xFF, 0x3C, 0xD7, 0xFF, 0xFF, 0x41, 0xD9, 0xFF, 0x8A, 0x1F, 0x7B, 0xFF, 0x10, 0x00, 0x2E, 0xFF,
    0x11, 0x05, 0x34, 0xFF, 0x07, 0x05, 0x2F, 0xFF, 0x06, 0x07, 0x2E, 0xFF, 0x00, 0x03, 0x24, 0xFF,
    0x68, 0x1A, 0x5F, 0xFF, 0x82, 0x1F, 0x6E, 0xFF, 0x00, 0x02, 0x28, 0xFF, 0x00, 0x03, 0x28, 0xFF,
    0x0D, 0x07, 0x30, 0xFF, 0x08, 0x01, 0x2C, 0xFF, 0x71, 0x12, 0x5E, 0xFF, 0xFF, 0x5A, 0xBD, 0xFF,
    0x47, 0x17, 0x54, 0xFF, 0x06, 0x01, 0x2C, 0xFF, 0x07, 0x06, 0x2F, 0xFF, 0x01, 0x06, 0x2C, 0xFF,
    0x01, 0x07, 0x2B, 0xFF, 0x00, 0x07, 0x2A, 0xFF, 0x01, 0x07, 0x2A, 0xFF, 0x00, 0x07, 0x29, 0xFF,
    0x00, 0x07, 0x2A, 0xFF, 0x01, 0x08, 0x2B, 0xFF, 0x01, 0x08, 0x2B, 0xFF, 0x01, 0x08, 0x2C, 0xFF,
    0x01, 0x08, 0x2D, 0xFF, 0x01, 0x08, 0x31, 0xFF, 0x02, 0x0B, 0x3B, 0xFF, 0x00, 0x01, 0x57, 0xFF,
    0x6E, 0xA8, 0xE6, 0xFF, 0x38, 0x88, 0xD7, 0xFF, 0x00, 0x00, 0x4B, 0xFF, 0x02, 0x0B, 0x39, 0xFF,
    0x00, 0x07, 0x2F, 0xFF, 0x00, 0x00, 0x1B, 0xFF, 0x04, 0x15, 0x4B, 0xFF, 0x06, 0x1F, 0x72, 0xFF,
    0x00, 0x04, 0x2B, 0xFF, 0x01, 0x08, 0x2D, 0xFF, 0x01, 0x07, 0x2D, 0xFF, 0x01, 0x07, 0x2D, 0xFF,
    0x01, 0x08, 0x2E, 0xFF, 0x02, 0x09, 0x2E, 0xFF, 0x03, 0x09, 0x2E, 0xFF, 0x03, 0x09, 0x2F, 0xFF,
    0x03, 0x0A, 0x2F, 0xFF, 0x03, 0x0A, 0x2F, 0xFF, 0x04, 0x0B, 0x30, 0xFF, 0x04, 0x0B, 0x30, 0xFF,
    0x04, 0x0B, 0x2F, 0xFF, 0x04, 0x0B, 0x2F, 0xFF, 0x04, 0x0B, 0x2F, 0xFF, 0x04, 0x0B, 0x2F, 0xFF,
    0x04, 0x0B, 0x2E, 0xFF, 0x04, 0x0B, 0x2F, 0xFF, 0x03, 0x0B, 0x2F, 0xFF, 0x07, 0x0A, 0x32, 0xFF,
    0x03, 0x07, 0x31, 0xFF, 0x1F, 0x08, 0x48, 0xFF, 0xBA, 0x27, 0xAC, 0xFF, 0xFF, 0x39, 0xDD, 0xFF,
    0xFF, 0x39, 0xD4, 0xFF, 0x94, 0x1F, 0x83, 0xFF, 0x0D, 0x00, 0x2D, 0xFF, 0x11, 0x05, 0x34, 0xFF,
    0x07, 0x06, 0x2F, 0xFF, 0x03, 0x07, 0x2D, 0xFF, 0x01, 0x07, 0x2C, 0xFF, 0x02, 0x07, 0x2B, 0xFF,
    0x00, 0x04, 0x27, 0xFF, 0x00, 0x02, 0x24, 0xFF, 0x03, 0x06, 0x2D, 0xFF, 0x06, 0x07, 0x2D, 0xFF,
    0x06, 0x06, 0x2D, 0xFF, 0x0C, 0x04, 0x2F, 0xFF, 0x20, 0x01, 0x37, 0xFF, 0xEC, 0x3F, 0xA1, 0xFF,
    0xA9, 0x3B, 0x89, 0xFF, 0x08, 0x00, 0x2D, 0xFF, 0x09, 0x07, 0x30, 0xFF, 0x02, 0x06, 0x2C, 0xFF,
    0x01, 0x07, 0x2A, 0xFF, 0x00, 0x07, 0x29, 0xFF, 0x00, 0x07, 0x2A, 0xFF, 0x00, 0x06, 0x28, 0xFF,
    0x01, 0x07, 0x2B, 0xFF, 0x01, 0x07, 0x2A, 0xFF, 0x01, 0x08, 0x2B, 0xFF, 0x01, 0x08, 0x2C, 0xFF,
    0x01, 0x07, 0x2E, 0xFF, 0x02, 0x0A, 0x35, 0xFF, 0x00, 0x03, 0x3F, 0xFF, 0x20, 0x2C, 0x88, 0xFF,
    0x6E, 0xCE, 0xFF, 0xFF, 0x08, 0x2B, 0x8E, 0xFF, 0x00, 0x03, 0x3F, 0xFF, 0x01, 0x0A, 0x34, 0xFF,
    0x01, 0x07, 0x2E, 0xFF, 0x01, 0x09, 0x30, 0xFF, 0x00, 0x04, 0x26, 0xFF, 0x00, 0x02, 0x21, 0xFF,
    0x01, 0x08, 0x2D, 0xFF, 0x01, 0x07, 0x2F, 0xFF, 0x03, 0x0A, 0x30, 0xFF, 0x01, 0x09, 0x2F, 0xFF,
    0x00, 0x05, 0x2F, 0xFF, 0x00, 0x02, 0x30, 0xFF, 0x00, 0x00, 0x32, 0xFF, 0x00, 0x00, 0x32, 0xFF,
    0x00, 0x00, 0x32, 0xFF, 0x00, 0x00, 0x32, 0xFF, 0x00, 0x00, 0x33, 0xFF, 0x00, 0x00, 0x34, 0xFF,
    0x00, 0x00, 0x36, 0xFF, 0x00, 0x00, 0x36, 0xFF, 0x00, 0x00, 0x36, 0xFF, 0x00, 0x00, 0x35, 0xFF,
    0x00, 0x00, 0x36, 0xFF, 0x00, 0x00, 0x36, 0xFF, 0x00, 0x00, 0x36, 0xFF, 0x00, 0x00, 0x3A, 0xFF,
    0x1E, 0x00, 0x5E, 0xFF, 0xC6, 0x13, 0xBD, 0xFF, 0xFA, 0x21, 0xD6, 0xFF, 0xF4, 0x20, 0xCD, 0xFF,
    0x91, 0x12, 0x8E, 0xFF, 0x00, 0x00, 0x35, 0xFF, 0x08, 0x00, 0x37, 0xFF, 0x04, 0x03, 0x33, 0xFF,
    0x04, 0x09, 0x2F, 0xFF, 0x03, 0x0A, 0x2E, 0xFF, 0x01, 0x07, 0x2D, 0xFF, 0x02, 0x07, 0x2C, 0xFF,
    0x04, 0x08, 0x2D, 0xFF, 0x05, 0x08, 0x2E, 0xFF, 0x02, 0x07, 0x2C, 0xFF, 0x01, 0x07, 0x2C, 0xFF,
    0x02, 0x06, 0x2C, 0xFF, 0x0B, 0x07, 0x30, 0xFF, 0x06, 0x00, 0x2D, 0xFF, 0x95, 0x1E, 0x6D, 0xFF,
    0xF3, 0x4C, 0xA8, 0xFF, 0x23, 0x06, 0x3E, 0xFF, 0x08, 0x03, 0x2F, 0xFF, 0x04, 0x07, 0x2D, 0xFF,
    0x01, 0x07, 0x2A, 0xFF, 0x00, 0x07, 0x29, 0xFF, 0x00, 0x06, 0x29, 0xFF, 0x00, 0x06, 0x29, 0xFF,
    0x00, 0x07, 0x29, 0xFF, 0x01, 0x08, 0x2A, 0xFF, 0x01, 0x08, 0x2B, 0xFF, 0x01, 0x08, 0x2D, 0xFF,
    0x00, 0x08, 0x31, 0xFF, 0x03, 0x0C, 0x39, 0xFF, 0x00, 0x00, 0x44, 0xFF, 0x4A, 0x74, 0xC0, 0xFF,
    0x45, 0xA2, 0xEF, 0xFF, 0x00, 0x02, 0x59, 0xFF, 0x01, 0x0A, 0x3C, 0xFF, 0x01, 0x08, 0x32, 0xFF,
    0x01, 0x07, 0x2D, 0xFF, 0x00, 0x07, 0x2C, 0xFF, 0x01, 0x08, 0x2C, 0xFF, 0x01, 0x08, 0x2F, 0xFF,
    0x01, 0x08, 0x2F, 0xFF, 0x01, 0x09, 0x32, 0xFF, 0x00, 0x00, 0x3A, 0xFF, 0x00, 0x00, 0x54, 0xFF,
    0x11, 0x14, 0x72, 0xFF, 0x22, 0x25, 0x85, 0xFF, 0x30, 0x36, 0x94, 0xFF, 0x3A, 0x43, 0xA0, 0xFF,
    0x40, 0x4F, 0xA6, 0xFF, 0x48, 0x5A, 0xAB, 0xFF, 0x51, 0x62, 0xB3, 0xFF, 0x56, 0x68, 0xB9, 0xFF,
    0x58, 0x6F, 0xC3, 0xFF, 0x5B, 0x74, 0xC6, 0xFF, 0x5C, 0x76, 0xC6, 0xFF, 0x5C, 0x76, 0xC5, 0xFF,
    0x5B, 0x75, 0xC3, 0xFF, 0x5B, 0x75, 0xC2, 0xFF, 0x5A, 0x71, 0xBF, 0xFF, 0x55, 0x6B, 0xBD, 0xFF,
    0x70, 0x69, 0xCB, 0xFF, 0x7E, 0x65, 0xCC, 0xFF, 0x74, 0x5F, 0xC3, 0xFF, 0x7B, 0x58, 0xC1, 0xFF,
    0x41, 0x43, 0x95, 0xFF, 0x34, 0x35, 0x84, 0xFF, 0x24, 0x26, 0x6E, 0xFF, 0x0E, 0x12, 0x54, 0xFF,
    0x00, 0x00, 0x38, 0xFF, 0x00, 0x00, 0x2B, 0xFF, 0x02, 0x0A, 0x2F, 0xFF, 0x01, 0x07, 0x2C, 0xFF,
    0x01, 0x07, 0x2B, 0xFF, 0x02, 0x08, 0x2C, 0xFF, 0x01, 0x07, 0x2B, 0xFF, 0x04, 0x07, 0x2D, 0xFF,
    0x06, 0x08, 0x2E, 0xFF, 0x0A, 0x07, 0x2F, 0xFF, 0x06, 0x02, 0x2D, 0xFF, 0x43, 0x08, 0x46, 0xFF,
    0xFF, 0x46, 0xA7, 0xFF, 0x5B, 0x1B, 0x5A, 0xFF, 0x03, 0x00, 0x2C, 0xFF, 0x07, 0x07, 0x2F, 0xFF,
    0x01, 0x06, 0x2B, 0xFF, 0x01, 0x07, 0x2A, 0xFF, 0x00, 0x07, 0x29, 0xFF, 0x00, 0x07, 0x29, 0xFF,
    0x00, 0x07, 0x29, 0xFF, 0x01, 0x07, 0x2A, 0xFF, 0x01, 0x07, 0x2C, 0xFF, 0x01, 0x07, 0x2E, 0xFF,
    0x01, 0x08, 0x32, 0xFF, 0x00, 0x09, 0x3A, 0xFF, 0x02, 0x07, 0x59, 0xFF, 0x57, 0xA3, 0xEF, 0xFF,
    0x1E, 0x58, 0xBA, 0xFF, 0x00, 0x00, 0x42, 0xFF, 0x01, 0x0B, 0x39, 0xFF, 0x00, 0x09, 0x33, 0xFF,
    0x01, 0x09, 0x30, 0xFF, 0x00, 0x08, 0x2D, 0xFF, 0x01, 0x07, 0x2C, 0xFF, 0x01, 0x08, 0x31, 0xFF,
    0x02, 0x09, 0x34, 0xFF, 0x00, 0x01, 0x55, 0xFF, 0x58, 0x63, 0xBC, 0xFF, 0x8F, 0xBD, 0xF5, 0xFF,
    0x8D, 0xD5, 0xFB, 0xFF, 0x87, 0xDD, 0xFB, 0xFF, 0x7D, 0xDC, 0xF7, 0xFF, 0x71, 0xD4, 0xEF, 0xFF,
    0x64, 0xCC, 0xE8, 0xFF, 0x5E, 0xC6, 0xE3, 0xFF, 0x5E, 0xC1, 0xDD, 0xFF, 0x59, 0xBC, 0xD9, 0xFF,
    0x54, 0xB5, 0xD5, 0xFF, 0x51, 0xAE, 0xD1, 0xFF, 0x4E, 0xA6, 0xCF, 0xFF, 0x4C, 0xA4, 0xCF, 0xFF,
    0x4C, 0xA4, 0xCF, 0xFF, 0x4D, 0xA2, 0xD0, 0xFF, 0x51, 0xA1, 0xD3, 0xFF, 0x55, 0xA4, 0xD7, 0xFF,
    0x55, 0xA5, 0xD6, 0xFF, 0x55, 0xA8, 0xD9, 0xFF, 0x5A, 0xA8, 0xE0, 0xFF, 0x61, 0xAC, 0xE5, 0xFF,
    0x74, 0xB5, 0xF1, 0xFF, 0x7A, 0xBB, 0xF5, 0xFF, 0x80, 0xBB, 0xF6, 0xFF, 0x8A, 0xBB, 0xF1, 0xFF,
    0x8A, 0xAD, 0xDE, 0xFF, 0x43, 0x4F, 0x87, 0xFF, 0x00, 0x00, 0x36, 0xFF, 0x02, 0x0A, 0x2F, 0xFF,
    0x01, 0x07, 0x2C, 0xFF, 0x01, 0x07, 0x2C, 0xFF, 0x02, 0x07, 0x2C, 0xFF, 0x00, 0x04, 0x27, 0xFF,
    0x00, 0x02, 0x26, 0xFF, 0x00, 0x02, 0x2B, 0xFF, 0x13, 0x05, 0x33, 0xFF, 0x18, 0x00, 0x34, 0xFF,
    0xE4, 0x35, 0x8F, 0xFF, 0x9F, 0x30, 0x79, 0xFF, 0x02, 0x00, 0x2C, 0xFF, 0x09, 0x07, 0x31, 0xFF,
    0x02, 0x07, 0x2B, 0xFF, 0x00, 0x07, 0x2A, 0xFF, 0x01, 0x07, 0x2A, 0xFF, 0x00, 0x06, 0x28, 0xFF,
    0x01, 0x07, 0x2B, 0xFF, 0x00, 0x07, 0x2B, 0xFF, 0x00, 0x07, 0x2B, 0xFF, 0x01, 0x08, 0x2F, 0xFF,
    0x01, 0x09, 0x35, 0xFF, 0x00, 0x04, 0x3B, 0xFF, 0x13, 0x24, 0x78, 0xFF, 0x4F, 0xA5, 0xFF, 0xFF,
    0x08, 0x23, 0x84, 0xFF, 0x00, 0x05, 0x42, 0xFF, 0x01, 0x08, 0x35, 0xFF, 0x00, 0x01, 0x20, 0xFF,
    0x00, 0x02, 0x1E, 0xFF, 0x01, 0x07, 0x2C, 0xFF, 0x00, 0x08, 0x30, 0xFF, 0x03, 0x0B, 0x36, 0xFF,
    0x00, 0x00, 0x50, 0xFF, 0x76, 0x8B, 0xD9, 0xFF, 0x7F, 0xDA, 0xEC, 0xFF, 0x1E, 0x66, 0x98, 0xFF,
    0x01, 0x45, 0x88, 0xFF, 0x00, 0x33, 0x7B, 0xFF, 0x00, 0x24, 0x6A, 0xFF, 0x00, 0x1C, 0x60, 0xFF,
    0x00, 0x16, 0x5C, 0xFF, 0x00, 0x11, 0x5A, 0xFF, 0x00, 0x0D, 0x57, 0xFF, 0x00, 0x0B, 0x56, 0xFF,
    0x00, 0x0B, 0x55, 0xFF, 0x00, 0x09, 0x54, 0xFF, 0x00, 0x08, 0x53, 0xFF, 0x00, 0x07, 0x50, 0xFF,
    0x00, 0x06, 0x4D, 0xFF, 0x00, 0x06, 0x4E, 0xFF, 0x00, 0x05, 0x4B, 0xFF, 0x00, 0x04, 0x4A, 0xFF,
    0x00, 0x06, 0x4D, 0xFF, 0x00, 0x08, 0x4F, 0xFF, 0x00, 0x08, 0x52, 0xFF, 0x00, 0x0B, 0x56, 0xFF,
    0x00, 0x10, 0x59, 0xFF, 0x00, 0x13, 0x59, 0xFF, 0x00, 0x19, 0x61, 0xFF, 0x04, 0x29, 0x6E, 0xFF,
    0x25, 0x4D, 0x8F, 0xFF, 0x8A, 0xC9, 0xF6, 0xFF, 0x56, 0x68, 0xA0, 0xFF, 0x00, 0x00, 0x31, 0xFF,
    0x03, 0x0B, 0x31, 0xFF, 0x01, 0x08, 0x2D, 0xFF, 0x03, 0x06, 0x2D, 0xFF, 0x47, 0x10, 0x49, 0xFF,
    0x8F, 0x1E, 0x6A, 0xFF, 0xC8, 0x26, 0x81, 0xFF, 0xC7, 0x26, 0x7B, 0xFF, 0x10, 0x00, 0x30, 0xFF,
    0xAC, 0x21, 0x73, 0xFF, 0xD8, 0x3C, 0x91, 0xFF, 0x0D, 0x01, 0x33, 0xFF, 0x08, 0x05, 0x30, 0xFF,
    0x03, 0x07, 0x2C, 0xFF, 0x00, 0x07, 0x2B, 0xFF, 0x00, 0x07, 0x2B, 0xFF, 0x00, 0x07, 0x29, 0xFF,
    0x01, 0x08, 0x2C, 0xFF, 0x01, 0x08, 0x2B, 0xFF, 0x00, 0x07, 0x2C, 0xFF, 0x01, 0x08, 0x31, 0xFF,
    0x02, 0x0B, 0x37, 0xFF, 0x00, 0x00, 0x3A, 0xFF, 0x23, 0x44, 0x96, 0xFF, 0x3E, 0x92, 0xFC, 0xFF,
    0x00, 0x07, 0x58, 0xFF, 0x02, 0x2C, 0x8D, 0xFF, 0x02, 0x4B, 0xD7, 0xFF, 0x01, 0x36, 0xB3, 0xFF,
    0x01, 0x24, 0x84, 0xFF, 0x01, 0x09, 0x32, 0xFF, 0x03, 0x0A, 0x33, 0xFF, 0x00, 0x01, 0x3F, 0xFF,
    0x3C, 0x46, 0xB2, 0xFF, 0x8C, 0xE1, 0xF7, 0xFF, 0x00, 0x1B, 0x5C, 0xFF, 0x00, 0x10, 0x73, 0xFF,
    0x01, 0x16, 0x69, 0xFF, 0x02, 0x13, 0x61, 0xFF, 0x04, 0x14, 0x5B, 0xFF, 0x00, 0x0C, 0x56, 0xFF,
    0x00, 0x13, 0x57, 0xFF, 0x04, 0x16, 0x56, 0xFF, 0x03, 0x14, 0x53, 0xFF, 0x03, 0x15, 0x52, 0xFF,
    0x03, 0x15, 0x51, 0xFF, 0x03, 0x14, 0x50, 0xFF, 0x03, 0x14, 0x4F, 0xFF, 0x03, 0x14, 0x4E, 0xFF,
    0x03, 0x14, 0x4D, 0xFF, 0x03, 0x13, 0x4C, 0xFF, 0x03, 0x12, 0x49, 0xFF, 0x03, 0x12, 0x48, 0xFF,
    0x03, 0x13, 0x49, 0xFF, 0x03, 0x12, 0x4A, 0xFF, 0x04, 0x14, 0x4A, 0xFF, 0x00, 0x10, 0x49, 0xFF,
    0x00, 0x0B, 0x49, 0xFF, 0x05, 0x13, 0x4B, 0xFF, 0x02, 0x0F, 0x47, 0xFF, 0x00, 0x0E, 0x49, 0xFF,
    0x00, 0x02, 0x42, 0xFF, 0x00, 0x21, 0x66, 0xFF, 0x95, 0xCC, 0xFF, 0xFF, 0x20, 0x27, 0x62, 0xFF,
    0x01, 0x04, 0x30, 0xFF, 0x03, 0x09, 0x2F, 0xFF, 0x02, 0x05, 0x2B, 0xFF, 0x93, 0x1E, 0x6A, 0xFF,
    0xA0, 0x22, 0x70, 0xFF, 0x63, 0x15, 0x54, 0xFF, 0x37, 0x0D, 0x42, 0xFF, 0x04, 0x01, 0x2D, 0xFF,
    0x7A, 0x14, 0x5C, 0xFF, 0xF6, 0x3D, 0x98, 0xFF, 0x21, 0x08, 0x3D, 0xFF, 0x06, 0x04, 0x2F, 0xFF,
    0x03, 0x07, 0x2D, 0xFF, 0x01, 0x07, 0x2B, 0xFF, 0x00, 0x07, 0x2A, 0xFF, 0x00, 0x06, 0x29, 0xFF,
    0x00, 0x07, 0x2C, 0xFF, 0x01, 0x07, 0x2B, 0xFF, 0x00, 0x07, 0x2D, 0xFF, 0x01, 0x08, 0x31, 0xFF,
    0x02, 0x0B, 0x38, 0xFF, 0x00, 0x00, 0x3C, 0xFF, 0x26, 0x5A, 0xB9, 0xFF, 0x2B, 0x70, 0xE2, 0xFF,
    0x00, 0x01, 0x4A, 0xFF, 0x01, 0x10, 0x4A, 0xFF, 0x01, 0x1B, 0x64, 0xFF, 0x01, 0x29, 0x8E, 0xFF,
    0x01, 0x2C, 0x9F, 0xFF, 0x01, 0x09, 0x36, 0xFF, 0x02, 0x09, 0x34, 0xFF, 0x02, 0x03, 0x6A, 0xFF,
    0x90, 0xC4, 0xFF, 0xFF, 0x1D, 0x6C, 0x90, 0xFF, 0x02, 0x10, 0x75, 0xFF, 0x03, 0x1C, 0x5C, 0xFF,
    0x01, 0x0E, 0x3B, 0xFF, 0x02, 0x11, 0x41, 0xFF, 0x00, 0x17, 0x5B, 0xFF, 0x2C, 0x4F, 0x93, 0xFF,
    0x0C, 0x2E, 0x76, 0xFF, 0x00, 0x0E, 0x45, 0xFF, 0x01, 0x10, 0x40, 0xFF, 0x01, 0x0F, 0x41, 0xFF,
    0x01, 0x0F, 0x42, 0xFF, 0x01, 0x0F, 0x41, 0xFF, 0x01, 0x0E, 0x41, 0xFF, 0x01, 0x0E, 0x41, 0xFF,
    0x00, 0x0E, 0x3F, 0xFF, 0x00, 0x0D, 0x3D, 0xFF, 0x00, 0x0D, 0x3C, 0xFF, 0x00, 0x0D, 0x3B, 0xFF,
    0x00, 0x0D, 0x3B, 0xFF, 0x01, 0x0E, 0x3B, 0xFF, 0x00, 0x0C, 0x40, 0xFF, 0x12, 0x33, 0x77, 0xFF,
    0x2A, 0x4A, 0x8B, 0xFF, 0x00, 0x11, 0x4E, 0xFF, 0x02, 0x0F, 0x39, 0xFF, 0x01, 0x0C, 0x34, 0xFF,
    0x04, 0x18, 0x54, 0xFF, 0x00, 0x02, 0x47, 0xFF, 0x37, 0x71, 0xB7, 0xFF, 0x7A, 0x9A, 0xD0, 0xFF,
    0x00, 0x00, 0x35, 0xFF, 0x03, 0x0A, 0x31, 0xFF, 0x01, 0x07, 0x2B, 0xFF, 0x00, 0x04, 0x27, 0xFF,
    0x00, 0x02, 0x24, 0xFF, 0x00, 0x03, 0x26, 0xFF, 0x00, 0x06, 0x2D, 0xFF, 0x02, 0x03, 0x2E, 0xFF,
    0x51, 0x0B, 0x49, 0xFF, 0xFF, 0x39, 0x98, 0xFF, 0x39, 0x10, 0x48, 0xFF, 0x04, 0x02, 0x2D, 0xFF,
    0x05, 0x07, 0x2D, 0xFF, 0x01, 0x07, 0x2B, 0xFF, 0x01, 0x08, 0x2B, 0xFF, 0x00, 0x07, 0x29, 0xFF,
    0x01, 0x08, 0x2B, 0xFF, 0x00, 0x08, 0x2B, 0xFF, 0x00, 0x07, 0x2C, 0xFF, 0x00, 0x08, 0x30, 0xFF,
    0x01, 0x0A, 0x39, 0xFF, 0x00, 0x02, 0x41, 0xFF, 0x25, 0x64, 0xD2, 0xFF, 0x1E, 0x54, 0xC8, 0xFF,
    0x00, 0x01, 0x42, 0xFF, 0x01, 0x0A, 0x38, 0xFF, 0x00, 0x04, 0x28, 0xFF, 0x00, 0x02, 0x20, 0xFF,
    0x01, 0x03, 0x22, 0xFF, 0x03, 0x0A, 0x33, 0xFF, 0x00, 0x00, 0x46, 0xFF, 0x47, 0x55, 0xC2, 0xFF,
    0x72, 0xD1, 0xEB, 0xFF, 0x00, 0x17, 0x63, 0xFF, 0x03, 0x1E, 0x78, 0xFF, 0x00, 0x0D, 0x3B, 0xFF,
    0x03, 0x14, 0x49, 0xFF, 0x00, 0x0F, 0x5A, 0xFF, 0x5B, 0x83, 0xC6, 0xFF, 0xFF, 0xFF, 0xFF, 0xFF,
    0xBE, 0xD4, 0xF2, 0xFF, 0x02, 0x25, 0x79, 0xFF, 0x03, 0x10, 0x45, 0xFF, 0x01, 0x10, 0x45, 0xFF,
    0x02, 0x11, 0x45, 0xFF, 0x02, 0x11, 0x44, 0xFF, 0x00, 0x0F, 0x43, 0xFF, 0x01, 0x0F, 0x42, 0xFF,
    0x01, 0x0F, 0x40, 0xFF, 0x01, 0x0D, 0x3D, 0xFF, 0x03, 0x0F, 0x3E, 0xFF, 0x01, 0x0F, 0x3E, 0xFF,
    0x02, 0x0F, 0x3F, 0xFF, 0x02, 0x0E, 0x42, 0xFF, 0x0A, 0x2E, 0x7D, 0xFF, 0xD5, 0xE4, 0xF9, 0xFF,
    0xFF, 0xFF, 0xFF, 0xFF, 0x46, 0x6C, 0xB1, 0xFF, 0x00, 0x08, 0x46, 0xFF, 0x03, 0x0F, 0x3A, 0xFF,
    0x01, 0x0B, 0x33, 0xFF, 0x03, 0x15, 0x57, 0xFF, 0x00, 0x14, 0x5B, 0xFF, 0x7F, 0xBC, 0xFC, 0xFF,
    0x26, 0x2F, 0x6E, 0xFF, 0x00, 0x02, 0x2D, 0xFF, 0x02, 0x0A, 0x30, 0xFF, 0x04, 0x08, 0x2E, 0xFF,
    0x05, 0x08, 0x2E, 0xFF, 0x04, 0x08, 0x2E, 0xFF, 0x06, 0x08, 0x2F, 0xFF, 0x03, 0x05, 0x2E, 0xFF,
    0x34, 0x05, 0x3F, 0xFF, 0xFE, 0x35, 0x95, 0xFF, 0x4F, 0x17, 0x52, 0xFF, 0x00, 0x00, 0x2C, 0xFF,
    0x06, 0x07, 0x2F, 0xFF, 0x01, 0x07, 0x2C, 0xFF, 0x00, 0x07, 0x2B, 0xFF, 0x00, 0x07, 0x29, 0xFF,
    0x01, 0x08, 0x2B, 0xFF, 0x01, 0x08, 0x2B, 0xFF, 0x01, 0x08, 0x2D, 0xFF, 0x01, 0x08, 0x31, 0xFF,
    0x01, 0x09, 0x38, 0xFF, 0x00, 0x05, 0x42, 0xFF, 0x21, 0x62, 0xE0, 0xFF, 0x13, 0x3E, 0xB3, 0xFF,
    0x02, 0x03, 0x3E, 0xFF, 0x04, 0x0F, 0x3E, 0xFF, 0x03, 0x0C, 0x39, 0xFF, 0x00, 0x0A, 0x37, 0xFF,
    0x01, 0x0A, 0x39, 0xFF, 0x04, 0x0C, 0x3E, 0xFF, 0x03, 0x06, 0x76, 0xFF, 0x8C, 0xC7, 0xFF, 0xFF,
    0x18, 0x6A, 0x92, 0xFF, 0x01, 0x12, 0x73, 0xFF, 0x01, 0x14, 0x4F, 0xFF, 0x03, 0x10, 0x42, 0xFF,
    0x01, 0x0D, 0x4B, 0xFF, 0x20, 0x4C, 0xA1, 0xFF, 0xFA, 0xFF, 0xFF, 0xFF, 0x52, 0x81, 0xD0, 0xFF,
    0xD2, 0xE4, 0xF9, 0xFF, 0x87, 0xA4, 0xD1, 0xFF, 0x00, 0x0A, 0x55, 0xFF, 0x04, 0x13, 0x44, 0xFF,
    0x00, 0x0A, 0x3F, 0xFF, 0x00, 0x07, 0x3C, 0xFF, 0x01, 0x0F, 0x40, 0xFF, 0x02, 0x0F, 0x3F, 0xFF,
    0x02, 0x0F, 0x3E, 0xFF, 0x00, 0x0E, 0x3C, 0xFF, 0x00, 0x05, 0x38, 0xFF, 0x00, 0x0B, 0x3C, 0xFF,
    0x03, 0x11, 0x41, 0xFF, 0x00, 0x0F, 0x5B, 0xFF, 0xA5, 0xBC, 0xDE, 0xFF, 0xB6, 0xCD, 0xEC, 0xFF,
    0x5E, 0x88, 0xCD, 0xFF, 0xF2, 0xF8, 0xFE, 0xFF, 0x0F, 0x2F, 0x7B, 0xFF, 0x01, 0x09, 0x39, 0xFF,
    0x02, 0x0B, 0x31, 0xFF, 0x03, 0x11, 0x45, 0xFF, 0x00, 0x02, 0x42, 0xFF, 0x32, 0x68, 0xB6, 0xFF,
    0x77, 0x99, 0xD2, 0xFF, 0x00, 0x00, 0x36, 0xFF, 0x05, 0x0E, 0x34, 0xFF, 0x01, 0x08, 0x2F, 0xFF,
    0x01, 0x08, 0x2E, 0xFF, 0x03, 0x0A, 0x2F, 0xFF, 0x06, 0x0B, 0x2F, 0xFF, 0x05, 0x06, 0x2F, 0xFF,
    0x25, 0x05, 0x3B, 0xFF, 0xF9, 0x32, 0x90, 0xFF, 0x5F, 0x1A, 0x57, 0xFF, 0x00, 0x00, 0x2B, 0xFF,
    0x06, 0x07, 0x2F, 0xFF, 0x01, 0x07, 0x2C, 0xFF, 0x00, 0x07, 0x2A, 0xFF, 0x00, 0x07, 0x28, 0xFF,
    0x00, 0x07, 0x2B, 0xFF, 0x01, 0x08, 0x2B, 0xFF, 0x01, 0x08, 0x2D, 0xFF, 0x00, 0x08, 0x30, 0xFF,
    0x00, 0x09, 0x37, 0xFF, 0x00, 0x07, 0x44, 0xFF, 0x1B, 0x5A, 0xE6, 0xFF, 0x0E, 0x34, 0xA7, 0xFF,
    0x00, 0x00, 0x3D, 0xFF, 0x00, 0x00, 0x4E, 0xFF, 0x00, 0x00, 0x5A, 0xFF, 0x00, 0x07, 0x64, 0xFF,
    0x00, 0x08, 0x5F, 0xFF, 0x00, 0x00, 0x55, 0xFF, 0x43, 0x55, 0xC3, 0xFF, 0x6D, 0xCC, 0xEF, 0xFF,
    0x00, 0x17, 0x5F, 0xFF, 0x03, 0x1A, 0x70, 0xFF, 0x01, 0x0D, 0x3B, 0xFF, 0x03, 0x10, 0x44, 0xFF,
    0x01, 0x16, 0x64, 0xFF, 0xCC, 0xDF, 0xF8, 0xFF, 0xA0, 0xB7, 0xDF, 0xFF, 0x00, 0x0A, 0x69, 0xFF,
    0x32, 0x59, 0xA1, 0xFF, 0xFF, 0xFF, 0xFF, 0xFF, 0x31, 0x50, 0x91, 0xFF, 0x00, 0x08, 0x42, 0xFF,
    0x23, 0x3D, 0x78, 0xFF, 0x31, 0x46, 0x7C, 0xFF, 0x01, 0x0C, 0x41, 0xFF, 0x00, 0x0A, 0x3A, 0xFF,
    0x00, 0x0B, 0x3B, 0xFF, 0x00, 0x10, 0x45, 0xFF, 0x3B, 0x51, 0x86, 0xFF, 0x19, 0x31, 0x6C, 0xFF,
    0x00, 0x05, 0x3D, 0xFF, 0x4B, 0x69, 0xA1, 0xFF, 0xFC, 0xFF, 0xFF, 0xFF, 0x19, 0x3D, 0x89, 0xFF,
    0x00, 0x0C, 0x63, 0xFF, 0xBD, 0xCD, 0xEB, 0xFF, 0xB1, 0xC0, 0xE1, 0xFF, 0x00, 0x05, 0x48, 0xFF,
    0x05, 0x0E, 0x37, 0xFF, 0x01, 0x0A, 0x30, 0xFF, 0x02, 0x10, 0x4B, 0xFF, 0x00, 0x13, 0x5D, 0xFF,
    0x7D, 0xB9, 0xFF, 0xFF, 0x22, 0x2D, 0x6B, 0xFF, 0x00, 0x00, 0x2E, 0xFF, 0x00, 0x07, 0x3D, 0xFF,
    0x00, 0x04, 0x3A, 0xFF, 0x00, 0x00, 0x30, 0xFF, 0x00, 0x00, 0x28, 0xFF, 0x00, 0x02, 0x2D, 0xFF,
    0x20, 0x06, 0x3B, 0xFF, 0xF6, 0x2D, 0x8B, 0xFF, 0x65, 0x19, 0x59, 0xFF, 0x00, 0x00, 0x2C, 0xFF,
    0x06, 0x07, 0x2F, 0xFF, 0x01, 0x07, 0x2C, 0xFF, 0x00, 0x07, 0x29, 0xFF, 0x00, 0x07, 0x28, 0xFF,
    0x01, 0x07, 0x2B, 0xFF, 0x00, 0x08, 0x2B, 0xFF, 0x00, 0x07, 0x2D, 0xFF, 0x00, 0x07, 0x30, 0xFF,
    0x00, 0x08, 0x36, 0xFF, 0x00, 0x08, 0x45, 0xFF, 0x0F, 0x4E, 0xE7, 0xFF, 0x03, 0x26, 0xAA, 0xFF,
    0x26, 0x2F, 0x8C, 0xFF, 0x6D, 0x8B, 0xCA, 0xFF, 0x80, 0xAA, 0xE1, 0xFF, 0x85, 0xB7, 0xEE, 0xFF,
    0x91, 0xB7, 0xEC, 0xFF, 0x3A, 0x49, 0xC1, 0xFF, 0x7B, 0xB6, 0xFB, 0xFF, 0x1C, 0x6B, 0xA0, 0xFF,
    0x01, 0x0D, 0x66, 0xFF, 0x02, 0x14, 0x50, 0xFF, 0x01, 0x0D, 0x3E, 0xFF, 0x01, 0x0D, 0x42, 0xFF,
    0x01, 0x10, 0x56, 0xFF, 0x5D, 0x68, 0xA8, 0xFF, 0x11, 0x27, 0x77, 0xFF, 0x00, 0x0E, 0x44, 0xFF,
    0x00, 0x13, 0x56, 0xFF, 0x4B, 0x67, 0x9F, 0xFF, 0x28, 0x40, 0x77, 0xFF, 0x00, 0x06, 0x4C, 0xFF,
    0xA5, 0xBA, 0xDC, 0xFF, 0x97, 0xAB, 0xCE, 0xFF, 0x01, 0x01, 0x48, 0xFF, 0x1E, 0x3A, 0x78, 0xFF,
    0x15, 0x31, 0x70, 0xFF, 0x01, 0x07, 0x50, 0xFF, 0xBC, 0xCE, 0xE8, 0xFF, 0x7E, 0x94, 0xC1, 0xFF,
    0x00, 0x02, 0x43, 0xFF, 0x36, 0x4C, 0x80, 0xFF, 0x40, 0x5C, 0x95, 0xFF, 0x00, 0x0C, 0x49, 0xFF,
    0x04, 0x0D, 0x42, 0xFF, 0x1A, 0x2C, 0x73, 0xFF, 0x59, 0x5D, 0x99, 0xFF, 0x01, 0x05, 0x43, 0xFF,
    0x00, 0x08, 0x32, 0xFF, 0x01, 0x09, 0x2F, 0xFF, 0x02, 0x10, 0x42, 0xFF, 0x00, 0x00, 0x3C, 0xFF,
    0x36, 0x70, 0xC4, 0xFF, 0x67, 0x8B, 0xC8, 0xFF, 0x42, 0x50, 0x8C, 0xFF, 0x8C, 0xB0, 0xD5, 0xFF,
    0x80, 0xA6, 0xD7, 0xFF, 0x81, 0x9E, 0xC1, 0xFF, 0x6A, 0x78, 0x9A, 0xFF, 0x14, 0x17, 0x4C, 0xFF,
    0x1A, 0x03, 0x3D, 0xFF, 0xF6, 0x29, 0x8A, 0xFF, 0x5F, 0x17, 0x56, 0xFF, 0x00, 0x01, 0x2D, 0xFF,
    0x06, 0x07, 0x2E, 0xFF, 0x01, 0x07, 0x2B, 0xFF, 0x01, 0x07, 0x29, 0xFF, 0x00, 0x07, 0x28, 0xFF,
    0x01, 0x08, 0x2C, 0xFF, 0x01, 0x08, 0x2B, 0xFF, 0x01, 0x07, 0x2D, 0xFF, 0x00, 0x08, 0x30, 0xFF,
    0x00, 0x08, 0x36, 0xFF, 0x01, 0x09, 0x43, 0xFF, 0x02, 0x37, 0xD9, 0xFF, 0x1A, 0x3E, 0xD1, 0xFF,
    0x98, 0xCF, 0xFB, 0xFF, 0x41, 0xAC, 0xFF, 0xFF, 0x21, 0x87, 0xFF, 0xFF, 0x0F, 0x71, 0xFF, 0xFF,
    0x1C, 0x58, 0xD9, 0xFF, 0xAD, 0xDD, 0xF8, 0xFF, 0x66, 0xC7, 0xFC, 0xFF, 0x00, 0x1A, 0x5F, 0xFF,
    0x03, 0x15, 0x61, 0xFF, 0x00, 0x0C, 0x39, 0xFF, 0x03, 0x0B, 0x40, 0xFF, 0x1B, 0x08, 0x52, 0xFF,
    0x49, 0x12, 0x78, 0xFF, 0x36, 0x03, 0x6F, 0xFF, 0x3E, 0x0E, 0x71, 0xFF, 0x3E, 0x19, 0x75, 0xFF,
    0x03, 0x0D, 0x42, 0xFF, 0x00, 0x04, 0x3A, 0xFF, 0x00, 0x0C, 0x3D, 0xFF, 0x00, 0x0C, 0x52, 0xFF,
    0xAE, 0xC3, 0xE2, 0xFF, 0x96, 0xB0, 0xD6, 0xFF, 0x00, 0x12, 0x77, 0xFF, 0xD3, 0xDF, 0xF0, 0xFF,
    0xA6, 0xBC, 0xDE, 0xFF, 0x00, 0x10, 0x78, 0xFF, 0xBC, 0xCF, 0xE8, 0xFF, 0x85, 0x9D, 0xC8, 0xFF,
    0x00, 0x04, 0x46, 0xFF, 0x00, 0x0B, 0x3C, 0xFF, 0x00, 0x05, 0x38, 0xFF, 0x05, 0x0D, 0x3C, 0xFF,
    0x19, 0x08, 0x4D, 0xFF, 0x45, 0x0D, 0x6F, 0xFF, 0x37, 0x01, 0x66, 0xFF, 0x45, 0x0E, 0x69, 0xFF,
    0x40, 0x12, 0x67, 0xFF, 0x04, 0x06, 0x37, 0xFF, 0x01, 0x0A, 0x31, 0xFF, 0x02, 0x0C, 0x41, 0xFF,
    0x00, 0x18, 0x6A, 0xFF, 0x82, 0xC5, 0xFF, 0xFF, 0x99, 0xBC, 0xD2, 0xFF, 0x14, 0x3D, 0xC9, 0xFF,
    0x13, 0x58, 0xFA, 0xFF, 0x27, 0x6A, 0xFB, 0xFF, 0x55, 0x9C, 0xFF, 0xFF, 0x8C, 0xAD, 0xDB, 0xFF,
    0x27, 0x08, 0x47, 0xFF, 0xF8, 0x22, 0x87, 0xFF, 0x52, 0x12, 0x50, 0xFF, 0x00, 0x02, 0x2D, 0xFF,
    0x05, 0x07, 0x2D, 0xFF, 0x01, 0x07, 0x2A, 0xFF, 0x00, 0x07, 0x29, 0xFF, 0x00, 0x06, 0x27, 0xFF,
    0x00, 0x07, 0x2B, 0xFF, 0x00, 0x07, 0x2B, 0xFF, 0x00, 0x07, 0x2B, 0xFF, 0x00, 0x08, 0x2F, 0xFF,
    0x01, 0x08, 0x36, 0xFF, 0x02, 0x0A, 0x3E, 0xFF, 0x00, 0x1F, 0xBB, 0xFF, 0x3B, 0x6E, 0xED, 0xFF,
    0x5C, 0x8A, 0xA6, 0xFF, 0x00, 0x07, 0x7B, 0xFF, 0x00, 0x27, 0xB6, 0xFF, 0x00, 0x34, 0xDD, 0xFF,
    0x00, 0x17, 0xA4, 0xFF, 0x62, 0x9B, 0xBE, 0xFF, 0x1D, 0x74, 0xC1, 0xFF, 0x01, 0x08, 0x4E, 0xFF,
    0x02, 0x15, 0x54, 0xFF, 0x03, 0x0E, 0x3D, 0xFF, 0x05, 0x05, 0x43, 0xFF, 0x85, 0x24, 0xA6, 0xFF,
    0xC4, 0x33, 0xD1, 0xFF, 0xBF, 0x37, 0xCD, 0xFF, 0xC6, 0x34, 0xD5, 0xFF, 0x79, 0x24, 0x9F, 0xFF,
    0x00, 0x06, 0x3A, 0xFF, 0x05, 0x10, 0x3E, 0xFF, 0x05, 0x11, 0x3E, 0xFF, 0x01, 0x0C, 0x44, 0xFF,
    0x3E, 0x60, 0xA0, 0xFF, 0xEA, 0xF6, 0xFF, 0xFF, 0xD5, 0xE8, 0xFE, 0xFF, 0xD0, 0xE2, 0xFA, 0xFF,
    0xD3, 0xE5, 0xFA, 0xFF, 0xD4, 0xE7, 0xFE, 0xFF, 0xE2, 0xEF, 0xFE, 0xFF, 0x24, 0x42, 0x85, 0xFF,
    0x01, 0x0B, 0x3D, 0xFF, 0x04, 0x10, 0x3C, 0xFF, 0x05, 0x0F, 0x3B, 0xFF, 0x04, 0x04, 0x38, 0xFF,
    0x7B, 0x1F, 0x97, 0xFF, 0xC9, 0x35, 0xD3, 0xFF, 0xBF, 0x32, 0xCA, 0xFF, 0xC3, 0x31, 0xCE, 0xFF,
    0x85, 0x26, 0xA1, 0xFF, 0x01, 0x02, 0x35, 0xFF, 0x02, 0x0B, 0x33, 0xFF, 0x03, 0x10, 0x44, 0xFF,
    0x00, 0x01, 0x3A, 0xFF, 0x34, 0x70, 0xDA, 0xFF, 0x55, 0x78, 0xA0, 0xFF, 0x00, 0x14, 0xAD, 0xFF,
    0x00, 0x2B, 0xC1, 0xFF, 0x00, 0x1A, 0x95, 0xFF, 0x00, 0x02, 0x69, 0xFF, 0x6C, 0x96, 0xBC, 0xFF,
    0x54, 0x24, 0x69, 0xFF, 0xF5, 0x13, 0x81, 0xFF, 0x3D, 0x0C, 0x48, 0xFF, 0x01, 0x04, 0x2E, 0xFF,
    0x04, 0x07, 0x2D, 0xFF, 0x01, 0x07, 0x2B, 0xFF, 0x01, 0x07, 0x2A, 0xFF, 0x00, 0x06, 0x27, 0xFF,
    0x00, 0x07, 0x2B, 0xFF, 0x01, 0x08, 0x2B, 0xFF, 0x01, 0x08, 0x2B, 0xFF, 0x00, 0x07, 0x2E, 0xFF,
    0x01, 0x08, 0x35, 0xFF, 0x02, 0x09, 0x39, 0xFF, 0x00, 0x1B, 0x9E, 0xFF, 0x21, 0x4F, 0xDF, 0xFF,
    0x83, 0xAD, 0xC0, 0xFF, 0x18, 0x1D, 0x2C, 0xFF, 0x00, 0x00, 0x19, 0xFF, 0x00, 0x01, 0x2B, 0xFF,
    0x02, 0x03, 0x27, 0xFF, 0x02, 0x3E, 0x8F, 0xFF, 0x01, 0x3E, 0x8A, 0xFF, 0x00, 0x00, 0x21, 0xFF,
    0x00, 0x02, 0x2C, 0xFF, 0x00, 0x01, 0x28, 0xFF, 0x08, 0x00, 0x31, 0xFF, 0x60, 0x13, 0x74, 0xFF,
    0x66, 0x0F, 0x77, 0xFF, 0x66, 0x10, 0x79, 0xFF, 0x6E, 0x14, 0x7E, 0xFF, 0x1B, 0x00, 0x3E, 0xFF,
    0x01, 0x02, 0x27, 0xFF, 0x00, 0x01, 0x24, 0xFF, 0x00, 0x02, 0x26, 0xFF, 0x00, 0x04, 0x2A, 0xFF,
    0x00, 0x01, 0x37, 0xFF, 0x21, 0x36, 0x72, 0xFF, 0x51, 0x61, 0x93, 0xFF, 0x04, 0x1E, 0x64, 0xFF,
    0x0F, 0x27, 0x69, 0xFF, 0x52, 0x60, 0x8E, 0xFF, 0x15, 0x29, 0x64, 0xFF, 0x00, 0x00, 0x2F, 0xFF,
    0x00, 0x03, 0x25, 0xFF, 0x00, 0x02, 0x24, 0xFF, 0x01, 0x04, 0x23, 0xFF, 0x0A, 0x01, 0x29, 0xFF,
    0x64, 0x15, 0x71, 0xFF, 0x60, 0x0E, 0x6C, 0xFF, 0x69, 0x10, 0x74, 0xFF, 0x69, 0x11, 0x75, 0xFF,
    0x1F, 0x00, 0x3C, 0xFF, 0x00, 0x00, 0x21, 0xFF, 0x00, 0x02, 0x1E, 0xFF, 0x00, 0x04, 0x26, 0xFF,
    0x01, 0x00, 0x19, 0xFF, 0x00, 0x33, 0xA4, 0xFF, 0x00, 0x1C, 0x6B, 0xFF, 0x01, 0x07, 0x2C, 0xFF,
    0x00, 0x00, 0x21, 0xFF, 0x00, 0x00, 0x17, 0xFF, 0x28, 0x2D, 0x40, 0xFF, 0x75, 0x9F, 0xBC, 0xFF,
    0x5F, 0x11, 0x60, 0xFF, 0xF4, 0x14, 0x81, 0xFF, 0x20, 0x08, 0x3E, 0xFF, 0x04, 0x05, 0x30, 0xFF,
    0x03, 0x07, 0x2D, 0xFF, 0x01, 0x07, 0x2B, 0xFF, 0x01, 0x07, 0x2A, 0xFF, 0x01, 0x07, 0x28, 0xFF,
    0x01, 0x07, 0x2B, 0xFF, 0x01, 0x08, 0x2B, 0xFF, 0x01, 0x08, 0x2C, 0xFF, 0x01, 0x08, 0x2E, 0xFF,
    0x01, 0x08, 0x34, 0xFF, 0x00, 0x07, 0x35, 0xFF, 0x01, 0x1C, 0x86, 0xFF, 0x00, 0x1F, 0xB3, 0xFF,
    0x37, 0x5A, 0x9F, 0xFF, 0x6D, 0x9D, 0xCA, 0xFF, 0x65, 0x94, 0xB6, 0xFF, 0x2E, 0x42, 0x5B, 0xFF,
    0x00, 0x16, 0x32, 0xFF, 0x16, 0x90, 0xF2, 0xFF, 0x05, 0x67, 0xDE, 0xFF, 0x07, 0x48, 0x87, 0xFF,
    0x0A, 0x40, 0x7F, 0xFF, 0x09, 0x3A, 0x77, 0xFF, 0x0C, 0x35, 0x76, 0xFF, 0x0F, 0x2A, 0x6E, 0xFF,
    0x18, 0x28, 0x6F, 0xFF, 0x1A, 0x28, 0x72, 0xFF, 0x0F, 0x27, 0x6A, 0xFF, 0x04, 0x25, 0x6C, 0xFF,
    0x00, 0x2A, 0x6C, 0xFF, 0x02, 0x30, 0x70, 0xFF, 0x04, 0x34, 0x72, 0xFF, 0x05, 0x38, 0x74, 0xFF,
    0x0A, 0x47, 0x78, 0xFF, 0x05, 0x47, 0x77, 0xFF, 0x00, 0x40, 0x76, 0xFF, 0x08, 0x4A, 0x77, 0xFF,
    0x06, 0x47, 0x79, 0xFF, 0x00, 0x3A, 0x74, 0xFF, 0x05, 0x3E, 0x75, 0xFF, 0x07, 0x3B, 0x75, 0xFF,
    0x04, 0x34, 0x72, 0xFF, 0x03, 0x2D, 0x71, 0xFF, 0x00, 0x25, 0x70, 0xFF, 0x00, 0x1B, 0x6C, 0xFF,
    0x00, 0x1D, 0x65, 0xFF, 0x0C, 0x20, 0x6D, 0xFF, 0x0C, 0x20, 0x6C, 0xFF, 0x09, 0x22, 0x6B, 0xFF,
    0x06, 0x26, 0x6E, 0xFF, 0x04, 0x2A, 0x72, 0xFF, 0x04, 0x2B, 0x74, 0xFF, 0x03, 0x2E, 0x7C, 0xFF,
    0x03, 0x36, 0x8B, 0xFF, 0x05, 0x52, 0xE4, 0xFF, 0x0F, 0x59, 0xD9, 0xFF, 0x00, 0x03, 0x1A, 0xFF,
    0x45, 0x58, 0x6F, 0xFF, 0x68, 0x8A, 0xAA, 0xFF, 0x74, 0x91, 0xB7, 0xFF, 0x21, 0x37, 0x67, 0xFF,
    0x7C, 0x01, 0x59, 0xFF, 0xD6, 0x0F, 0x78, 0xFF, 0x06, 0x04, 0x33, 0xFF, 0x06, 0x06, 0x30, 0xFF,
    0x01, 0x07, 0x2C, 0xFF, 0x00, 0x07, 0x2B, 0xFF, 0x00, 0x07, 0x2A, 0xFF, 0x01, 0x07, 0x28, 0xFF,
    0x01, 0x08, 0x2B, 0xFF, 0x01, 0x08, 0x2B, 0xFF, 0x01, 0x08, 0x2C, 0xFF, 0x01, 0x07, 0x2E, 0xFF,
    0x00, 0x08, 0x33, 0xFF, 0x01, 0x08, 0x35, 0xFF, 0x00, 0x12, 0x66, 0xFF, 0x03, 0x29, 0xAC, 0xFF,
    0x00, 0x00, 0x51, 0xFF, 0x00, 0x07, 0x84, 0xFF, 0x86, 0xC9, 0xFF, 0xFF, 0x38, 0x57, 0x6E, 0xFF,
    0x11, 0x84, 0xC8, 0xFF, 0x0F, 0x77, 0xFF, 0xFF, 0x00, 0x38, 0xF0, 0xFF, 0x03, 0x53, 0xFF, 0xFF,
    0x04, 0x53, 0xFD, 0xFF, 0x04, 0x55, 0xFF, 0xFF, 0x05, 0x51, 0xFF, 0xFF, 0x0B, 0x4D, 0xFF, 0xFF,
    0x0D, 0x4D, 0xFF, 0xFF, 0x0D, 0x4F, 0xFE, 0xFF, 0x0A, 0x49, 0xFE, 0xFF, 0x17, 0x7F, 0xFF, 0xFF,
    0x2A, 0xB6, 0xFF, 0xFF, 0x28, 0xAA, 0xFA, 0xFF, 0x26, 0xA8, 0xF5, 0xFF, 0x26, 0xA8, 0xF2, 0xFF,
    0x25, 0xA9, 0xEF, 0xFF, 0x2B, 0xAB, 0xEC, 0xFF, 0x2D, 0xA9, 0xEA, 0xFF, 0x2C, 0xA8, 0xE9, 0xFF,
    0x2E, 0xA6, 0xE9, 0xFF, 0x33, 0xA5, 0xEB, 0xFF, 0x31, 0x9E, 0xED, 0xFF, 0x32, 0x9C, 0xF0, 0xFF,
    0x32, 0x9B, 0xF2, 0xFF, 0x33, 0x98, 0xF6, 0xFF, 0x35, 0x98, 0xFD, 0xFF, 0x32, 0x96, 0xFF, 0xFF,
    0x0D, 0x59, 0xFF, 0xFF, 0x06, 0x3C, 0xEC, 0xFF, 0x07, 0x43, 0xF1, 0xFF, 0x07, 0x42, 0xEE, 0xFF,
    0x03, 0x41, 0xEC, 0xFF, 0x02, 0x40, 0xE9, 0xFF, 0x01, 0x3E, 0xE7, 0xFF, 0x01, 0x3D, 0xE5, 0xFF,
    0x01, 0x3D, 0xE8, 0xFF, 0x00, 0x29, 0xD1, 0xFF, 0x14, 0x63, 0xFF, 0xFF, 0x08, 0x42, 0xA3, 0xFF,
    0x5E, 0x73, 0x85, 0xFF, 0x75, 0x98, 0xCC, 0xFF, 0x00, 0x00, 0x2F, 0xFF, 0x00, 0x00, 0x29, 0xFF,
    0xC2, 0x0A, 0x76, 0xFF, 0x97, 0x07, 0x63, 0xFF, 0x00, 0x04, 0x2E, 0xFF, 0x07, 0x06, 0x2F, 0xFF,
    0x01, 0x07, 0x2C, 0xFF, 0x00, 0x08, 0x2B, 0xFF, 0x01, 0x08, 0x2B, 0xFF, 0x00, 0x07, 0x29, 0xFF,
    0x00, 0x08, 0x2C, 0xFF, 0x01, 0x08, 0x2C, 0xFF, 0x01, 0x08, 0x2C, 0xFF, 0x01, 0x08, 0x2F, 0xFF,
    0x00, 0x08, 0x33, 0xFF, 0x01, 0x09, 0x39, 0xFF, 0x02, 0x0F, 0x51, 0xFF, 0x00, 0x0D, 0x8F, 0xFF,
    0x31, 0x4D, 0xB7, 0xFF, 0x86, 0xBF, 0xE7, 0xFF, 0x4A, 0x61, 0x75, 0xFF, 0x07, 0x55, 0x96, 0xFF,
    0x0D, 0x6A, 0xFF, 0xFF, 0x09, 0x72, 0xF5, 0xFF, 0x01, 0x46, 0xF0, 0xFF, 0x00, 0x3B, 0xEB, 0xFF,
    0x00, 0x3C, 0xED, 0xFF, 0x00, 0x3C, 0xEE, 0xFF, 0x00, 0x3D, 0xEE, 0xFF, 0x00, 0x3C, 0xEE, 0xFF,
    0x00, 0x3F, 0xF0, 0xFF, 0x00, 0x3A, 0xEE, 0xFF, 0x08, 0x50, 0xF5, 0xFF, 0x2E, 0x9E, 0xDE, 0xFF,
    0x0F, 0x39, 0x59, 0xFF, 0x03, 0x13, 0x30, 0xFF, 0x02, 0x10, 0x2E, 0xFF, 0x01, 0x0D, 0x2C, 0xFF,
    0x00, 0x09, 0x29, 0xFF, 0x00, 0x06, 0x26, 0xFF, 0x01, 0x06, 0x25, 0xFF, 0x01, 0x06, 0x25, 0xFF,
    0x01, 0x07, 0x26, 0xFF, 0x01, 0x07, 0x27, 0xFF, 0x01, 0x07, 0x28, 0xFF, 0x02, 0x0A, 0x29, 0xFF,
    0x03, 0x0C, 0x2B, 0xFF, 0x05, 0x10, 0x2E, 0xFF, 0x08, 0x14, 0x31, 0xFF, 0x22, 0x4A, 0x6F, 0xFF,
    0x33, 0x89, 0xEA, 0xFF, 0x02, 0x36, 0xDE, 0xFF, 0x00, 0x34, 0xDA, 0xFF, 0x00, 0x34, 0xDB, 0xFF,
    0x00, 0x33, 0xDA, 0xFF, 0x00, 0x32, 0xD7, 0xFF, 0x00, 0x31, 0xD6, 0xFF, 0x00, 0x31, 0xD4, 0xFF,
    0x00, 0x2E, 0xD1, 0xFF, 0x05, 0x42, 0xE3, 0xFF, 0x0B, 0x49, 0xD7, 0xFF, 0x0E, 0x4B, 0xDB, 0xFF,
    0x05, 0x2C, 0x74, 0xFF, 0x66, 0x78, 0x8A, 0xFF, 0x86, 0xA3, 0xC8, 0xFF, 0x26, 0x29, 0x6C, 0xFF,
    0x69, 0x00, 0x5D, 0xFF, 0x46, 0x08, 0x4A, 0xFF, 0x01, 0x06, 0x2E, 0xFF, 0x04, 0x07, 0x2D, 0xFF,
    0x01, 0x07, 0x2B, 0xFF, 0x00, 0x07, 0x2B, 0xFF, 0x00, 0x08, 0x2B, 0xFF, 0x00, 0x07, 0x29, 0xFF,
    0x00, 0x08, 0x2B, 0xFF, 0x00, 0x08, 0x2C, 0xFF, 0x00, 0x08, 0x2E, 0xFF, 0x00, 0x08, 0x30, 0xFF,
    0x00, 0x08, 0x34, 0xFF, 0x02, 0x0C, 0x3D, 0xFF, 0x00, 0x00, 0x4E, 0xFF, 0x58, 0x78, 0xCC, 0xFF,
    0x8B, 0xBD, 0xCA, 0xFF, 0x24, 0x30, 0x4D, 0xFF, 0x04, 0x2A, 0x57, 0xFF, 0x16, 0x7F, 0xFF, 0xFF,
    0x00, 0x2F, 0xE9, 0xFF, 0x02, 0x51, 0xF1, 0xFF, 0x03, 0x66, 0xF9, 0xFF, 0x00, 0x3E, 0xF1, 0xFF,
    0x00, 0x40, 0xF2, 0xFF, 0x00, 0x40, 0xF3, 0xFF, 0x00, 0x41, 0xF3, 0xFF, 0x00, 0x41, 0xF3, 0xFF,
    0x02, 0x43, 0xF4, 0xFF, 0x00, 0x38, 0xF2, 0xFF, 0x16, 0x7C, 0xFF, 0xFF, 0x0C, 0x3C, 0x68, 0xFF,
    0x00, 0x00, 0x02, 0xFF, 0x00, 0x00, 0x1A, 0xFF, 0x00, 0x00, 0x18, 0xFF, 0x00, 0x00, 0x19, 0xFF,
    0x00, 0x00, 0x19, 0xFF, 0x00, 0x00, 0x19, 0xFF, 0x00, 0x00, 0x19, 0xFF, 0x00, 0x00, 0x1A, 0xFF,
    0x00, 0x01, 0x1A, 0xFF, 0x00, 0x01, 0x19, 0xFF, 0x00, 0x01, 0x19, 0xFF, 0x00, 0x00, 0x18, 0xFF,
    0x00, 0x00, 0x18, 0xFF, 0x00, 0x00, 0x17, 0xFF, 0x00, 0x00, 0x18, 0xFF, 0x00, 0x00, 0x00, 0xFF,
    0x20, 0x5A, 0x92, 0xFF, 0x16, 0x61, 0xF8, 0xFF, 0x00, 0x2E, 0xDB, 0xFF, 0x01, 0x39, 0xE2, 0xFF,
    0x00, 0x37, 0xE1, 0xFF, 0x00, 0x36, 0xE0, 0xFF, 0x00, 0x36, 0xDF, 0xFF, 0x00, 0x35, 0xDB, 0xFF,
    0x00, 0x38, 0xDE, 0xFF, 0x06, 0x4D, 0xE9, 0xFF, 0x02, 0x2A, 0xBA, 0xFF, 0x00, 0x22, 0xB3, 0xFF,
    0x14, 0x54, 0xDB, 0xFF, 0x00, 0x0A, 0x39, 0xFF, 0x3C, 0x46, 0x5C, 0xFF, 0xA5, 0xB8, 0xD2, 0xFF,
    0x52, 0x50, 0x99, 0xFF, 0x00, 0x00, 0x35, 0xFF, 0x04, 0x09, 0x34, 0xFF, 0x01, 0x07, 0x2E, 0xFF,
    0x01, 0x07, 0x2B, 0xFF, 0x00, 0x07, 0x2A, 0xFF, 0x00, 0x07, 0x2B, 0xFF, 0x01, 0x07, 0x2A, 0xFF,
    0x00, 0x08, 0x2C, 0xFF, 0x00, 0x08, 0x2C, 0xFF, 0x00, 0x08, 0x2D, 0xFF, 0x00, 0x08, 0x31, 0xFF,
    0x03, 0x0C, 0x37, 0xFF, 0x00, 0x00, 0x39, 0xFF, 0x44, 0x5E, 0xA6, 0xFF, 0x83, 0xAD, 0xB7, 0xFF,
    0x01, 0x0B, 0x53, 0xFF, 0x00, 0x14, 0x86, 0xFF, 0x10, 0x60, 0xA3, 0xFF, 0x04, 0x51, 0xFD, 0xFF,
    0x00, 0x3D, 0xEB, 0xFF, 0x00, 0x3F, 0xF2, 0xFF, 0x01, 0x53, 0xF8, 0xFF, 0x01, 0x56, 0xF8, 0xFF,
    0x00, 0x3D, 0xF2, 0xFF, 0x00, 0x40, 0xF3, 0xFF, 0x00, 0x40, 0xF4, 0xFF, 0x00, 0x40, 0xF5, 0xFF,
    0x01, 0x42, 0xF6, 0xFF, 0x00, 0x3A, 0xF4, 0xFF, 0x11, 0x6D, 0xFE, 0xFF, 0x15, 0x57, 0xA9, 0xFF,
    0x06, 0x25, 0x80, 0xFF, 0x08, 0x30, 0x8E, 0xFF, 0x07, 0x2E, 0x8C, 0xFF, 0x07, 0x2E, 0x8E, 0xFF,
    0x07, 0x2F, 0x8F, 0xFF, 0x06, 0x2C, 0x8B, 0xFF, 0x06, 0x2B, 0x8B, 0xFF, 0x05, 0x2B, 0x8A, 0xFF,
    0x04, 0x2A, 0x8B, 0xFF, 0x03, 0x29, 0x8C, 0xFF, 0x02, 0x29, 0x8B, 0xFF, 0x04, 0x29, 0x8B, 0xFF,
    0x06, 0x2A, 0x8A, 0xFF, 0x07, 0x2B, 0x8A, 0xFF, 0x07, 0x2A, 0x88, 0xFF, 0x08, 0x25, 0x87, 0xFF,
    0x1C, 0x61, 0xC8, 0xFF, 0x0E, 0x55, 0xEF, 0xFF, 0x00, 0x30, 0xDE, 0xFF, 0x01, 0x37, 0xE1, 0xFF,
    0x00, 0x35, 0xE0, 0xFF, 0x00, 0x37, 0xE0, 0xFF, 0x00, 0x36, 0xDE, 0xFF, 0x00, 0x38, 0xE0, 0xFF,
    0x01, 0x41, 0xE5, 0xFF, 0x00, 0x2C, 0xC4, 0xFF, 0x00, 0x25, 0xBC, 0xFF, 0x00, 0x23, 0xB8, 0xFF,
    0x08, 0x3C, 0xD3, 0xFF, 0x12, 0x39, 0x87, 0xFF, 0x00, 0x03, 0x61, 0xFF, 0x0F, 0x14, 0x44, 0xFF,
    0xA5, 0xB8, 0xCC, 0xFF, 0x34, 0x3D, 0x7B, 0xFF, 0x00, 0x02, 0x2D, 0xFF, 0x03, 0x0A, 0x31, 0xFF,
    0x01, 0x08, 0x2D, 0xFF, 0x00, 0x07, 0x2B, 0xFF, 0x00, 0x07, 0x2A, 0xFF, 0x01, 0x07, 0x2A, 0xFF,
    0x00, 0x07, 0x2C, 0xFF, 0x00, 0x08, 0x2C, 0xFF, 0x00, 0x08, 0x2E, 0xFF, 0x01, 0x09, 0x32, 0xFF,
    0x01, 0x08, 0x34, 0xFF, 0x07, 0x0E, 0x58, 0xFF, 0x88, 0xB6, 0xD2, 0xFF, 0x0E, 0x22, 0x56, 0xFF,
    0x00, 0x2B, 0xCA, 0xFF, 0x00, 0x1C, 0x9D, 0xFF, 0x00, 0x5C, 0xBB, 0xFF, 0x05, 0x5D, 0xFF, 0xFF,
    0x02, 0x42, 0xF7, 0xFF, 0x00, 0x42, 0xF5, 0xFF, 0x00, 0x41, 0xF4, 0xFF, 0x01, 0x4C, 0xF9, 0xFF,
    0x00, 0x4A, 0xF8, 0xFF, 0x00, 0x41, 0xF5, 0xFF, 0x00, 0x40, 0xF6, 0xFF, 0x00, 0x3E, 0xF7, 0xFF,
    0x00, 0x3D, 0xF7, 0xFF, 0x00, 0x3D, 0xF6, 0xFF, 0x00, 0x3F, 0xF6, 0xFF, 0x0D, 0x63, 0xFC, 0xFF,
    0x10, 0x66, 0xFB, 0xFF, 0x12, 0x68, 0xFD, 0xFF, 0x11, 0x66, 0xFD, 0xFF, 0x0F, 0x64, 0xFC, 0xFF,
    0x0F, 0x64, 0xFC, 0xFF, 0x0D, 0x62, 0xFC, 0xFF, 0x0C, 0x60, 0xFC, 0xFF, 0x0A, 0x5D, 0xFA, 0xFF,
    0x08, 0x5C, 0xFA, 0xFF, 0x06, 0x59, 0xFA, 0xFF, 0x05, 0x56, 0xF8, 0xFF, 0x08, 0x58, 0xF7, 0xFF,
    0x0D, 0x5C, 0xF6, 0xFF, 0x10, 0x5D, 0xF5, 0xFF, 0x0F, 0x5B, 0xF2, 0xFF, 0x10, 0x5C, 0xF3, 0xFF,
    0x0C, 0x54, 0xF0, 0xFF, 0x00, 0x36, 0xE1, 0xFF, 0x00, 0x37, 0xE0, 0xFF, 0x00, 0x37, 0xE1, 0xFF,
    0x00, 0x37, 0xE0, 0xFF, 0x00, 0x37, 0xE0, 0xFF, 0x00, 0x39, 0xE1, 0xFF, 0x00, 0x3A, 0xE2, 0xFF,
    0x00, 0x2C, 0xC8, 0xFF, 0x00, 0x27, 0xC0, 0xFF, 0x00, 0x25, 0xC1, 0xFF, 0x00, 0x23, 0xC0, 0xFF,
    0x0D, 0x46, 0xE3, 0xFF, 0x0B, 0x38, 0x8F, 0xFF, 0x00, 0x0C, 0x7A, 0xFF, 0x00, 0x0D, 0x84, 0xFF,
    0x2A, 0x37, 0x56, 0xFF, 0x8E, 0xA5, 0xC9, 0xFF, 0x00, 0x02, 0x39, 0xFF, 0x02, 0x0A, 0x31, 0xFF,
    0x01, 0x08, 0x2E, 0xFF, 0x00, 0x07, 0x2B, 0xFF, 0x01, 0x08, 0x2B, 0xFF, 0x00, 0x07, 0x29, 0xFF,
    0x01, 0x08, 0x2B, 0xFF, 0x01, 0x08, 0x2B, 0xFF, 0x01, 0x08, 0x2D, 0xFF, 0x02, 0x0A, 0x33, 0xFF,
    0x00, 0x00, 0x30, 0xFF, 0x2E, 0x45, 0x8C, 0xFF, 0x6D, 0x9A, 0xAB, 0xFF, 0x00, 0x0C, 0x7A, 0xFF,
    0x07, 0x3E, 0xBB, 0xFF, 0x46, 0x79, 0xCD, 0xFF, 0x15, 0x61, 0xD5, 0xFF, 0x00, 0x58, 0xE0, 0xFF,
    0x00, 0x5C, 0xF4, 0xFF, 0x01, 0x57, 0xFF, 0xFF, 0x03, 0x4B, 0xFF, 0xFF, 0x00, 0x42, 0xF8, 0xFF,
    0x00, 0x43, 0xF8, 0xFF, 0x00, 0x43, 0xF9, 0xFF, 0x01, 0x45, 0xF8, 0xFF, 0x04, 0x4C, 0xF9, 0xFF,
    0x05, 0x4E, 0xFA, 0xFF, 0x06, 0x51, 0xFA, 0xFF, 0x05, 0x4F, 0xF8, 0xFF, 0x01, 0x48, 0xF6, 0xFF,
    0x00, 0x47, 0xF7, 0xFF, 0x00, 0x46, 0xF8, 0xFF, 0x00, 0x43, 0xF7, 0xFF, 0x00, 0x3F, 0xF5, 0xFF,
    0x00, 0x3F, 0xF5, 0xFF, 0x00, 0x3F, 0xF4, 0xFF, 0x00, 0x3E, 0xF3, 0xFF, 0x00, 0x3C, 0xF1, 0xFF,
    0x00, 0x3B, 0xF0, 0xFF, 0x00, 0x3C, 0xEE, 0xFF, 0x00, 0x38, 0xEA, 0xFF, 0x00, 0x38, 0xE8, 0xFF,
    0x00, 0x37, 0xE7, 0xFF, 0x00, 0x37, 0xE5, 0xFF, 0x00, 0x37, 0xE4, 0xFF, 0x00, 0x37, 0xE3, 0xFF,
    0x00, 0x37, 0xE2, 0xFF, 0x01, 0x3C, 0xE4, 0xFF, 0x00, 0x3B, 0xE4, 0xFF, 0x00, 0x3A, 0xE3, 0xFF,
    0x00, 0x39, 0xE1, 0xFF, 0x00, 0x37, 0xDF, 0xFF, 0x00, 0x34, 0xDA, 0xFF, 0x00, 0x2A, 0xCA, 0xFF,
    0x00, 0x29, 0xCB, 0xFF, 0x03, 0x30, 0xD9, 0xFF, 0x06, 0x3F, 0xE0, 0xFF, 0x02, 0x46, 0xDA, 0xFF,
    0x00, 0x42, 0xCA, 0xFF, 0x25, 0x53, 0xB7, 0xFF, 0x40, 0x5D, 0xA7, 0xFF, 0x01, 0x1E, 0x8B, 0xFF,
    0x00, 0x09, 0x52, 0xFF, 0x88, 0xA2, 0xB9, 0xFF, 0x19, 0x25, 0x66, 0xFF, 0x00, 0x02, 0x2D, 0xFF,
    0x01, 0x09, 0x30, 0xFF, 0x00, 0x08, 0x2C, 0xFF, 0x00, 0x07, 0x2A, 0xFF, 0x00, 0x06, 0x28, 0xFF,
    0x01, 0x08, 0x2C, 0xFF, 0x01, 0x08, 0x2B, 0xFF, 0x01, 0x08, 0x2E, 0xFF, 0x03, 0x0C, 0x35, 0xFF,
    0x00, 0x00, 0x36, 0xFF, 0x4C, 0x72, 0xB1, 0xFF, 0x50, 0x79, 0x8F, 0xFF, 0x01, 0x0B, 0x90, 0xFF,
    0x39, 0x78, 0xDB, 0xFF, 0xFF, 0xFF, 0xFF, 0xFF, 0xD9, 0xEF, 0xFF, 0xFF, 0x99, 0xBA, 0xEE, 0xFF,
    0x3A, 0x7C, 0xDC, 0xFF, 0x00, 0x58, 0xDA, 0xFF, 0x00, 0x51, 0xEA, 0xFF, 0x00, 0x5A, 0xFF, 0xFF,
    0x05, 0x5D, 0xFF, 0xFF, 0x09, 0x60, 0xFB, 0xFF, 0x0B, 0x60, 0xFC, 0xFF, 0x09, 0x5C, 0xFD, 0xFF,
    0x08, 0x5A, 0xFC, 0xFF, 0x04, 0x4F, 0xF7, 0xFF, 0x00, 0x49, 0xF8, 0xFF, 0x00, 0x47, 0xF9, 0xFF,
    0x00, 0x45, 0xFA, 0xFF, 0x00, 0x45, 0xFB, 0xFF, 0x00, 0x40, 0xFA, 0xFF, 0x00, 0x3E, 0xFA, 0xFF,
    0x00, 0x40, 0xFA, 0xFF, 0x00, 0x40, 0xFB, 0xFF, 0x00, 0x3F, 0xFA, 0xFF, 0x00, 0x3F, 0xFA, 0xFF,
    0x00, 0x3E, 0xF9, 0xFF, 0x00, 0x3D, 0xF7, 0xFF, 0x00, 0x3B, 0xF3, 0xFF, 0x00, 0x38, 0xEF, 0xFF,
    0x00, 0x38, 0xED, 0xFF, 0x00, 0x37, 0xEA, 0xFF, 0x00, 0x36, 0xE8, 0xFF, 0x00, 0x37, 0xE7, 0xFF,
    0x00, 0x35, 0xE4, 0xFF, 0x00, 0x32, 0xDF, 0xFF, 0x00, 0x35, 0xDD, 0xFF, 0x01, 0x3B, 0xE2, 0xFF,
    0x00, 0x38, 0xDF, 0xFF, 0x00, 0x34, 0xD8, 0xFF, 0x00, 0x30, 0xD2, 0xFF, 0x01, 0x34, 0xE3, 0xFF,
    0x00, 0x3A, 0xE8, 0xFF, 0x00, 0x3E, 0xD8, 0xFF, 0x11, 0x4D, 0xCB, 0xFF, 0x4F, 0x79, 0xD2, 0xFF,
    0xA4, 0xBB, 0xEA, 0xFF, 0xE1, 0xF1, 0xFF, 0xFF, 0xFA, 0xFF, 0xFF, 0xFF, 0x1B, 0x3F, 0xA8, 0xFF,
    0x00, 0x01, 0x5A, 0xFF, 0x6D, 0x89, 0x9E, 0xFF, 0x3A, 0x50, 0x8E, 0xFF, 0x00, 0x00, 0x2D, 0xFF,
    0x02, 0x0A, 0x31, 0xFF, 0x00, 0x08, 0x2C, 0xFF, 0x01, 0x08, 0x2A, 0xFF, 0x01, 0x07, 0x28, 0xFF,
    0x01, 0x07, 0x2A, 0xFF, 0x01, 0x08, 0x2A, 0xFF, 0x01, 0x08, 0x2F, 0xFF, 0x03, 0x0C, 0x36, 0xFF,
    0x00, 0x00, 0x3E, 0xFF, 0x58, 0x93, 0xC7, 0xFF, 0x31, 0x59, 0x7B, 0xFF, 0x00, 0x10, 0xA0, 0xFF,
    0x6B, 0x9D, 0xE7, 0xFF, 0xC3, 0xE9, 0xFD, 0xFF, 0x23, 0x8A, 0xF7, 0xFF, 0x78, 0xAF, 0xF7, 0xFF,
    0xB1, 0xD5, 0xFF, 0xFF, 0xA8, 0xC5, 0xF7, 0xFF, 0x60, 0x87, 0xDC, 0xFF, 0x11, 0x4B, 0xB9, 0xFF,
    0x01, 0x4F, 0xD6, 0xFF, 0x03, 0x57, 0xFF, 0xFF, 0x00, 0x46, 0xFF, 0xFF, 0x00, 0x3E, 0xFB, 0xFF,
    0x00, 0x39, 0xFA, 0xFF, 0x0D, 0x56, 0xFF, 0xFF, 0x1C, 0x67, 0xFA, 0xFF, 0x1C, 0x64, 0xF1, 0xFF,
    0x1D, 0x65, 0xF0, 0xFF, 0x1F, 0x67, 0xEE, 0xFF, 0x1E, 0x66, 0xEB, 0xFF, 0x1E, 0x68, 0xEA, 0xFF,
    0x1E, 0x68, 0xE8, 0xFF, 0x1D, 0x68, 0xE6, 0xFF, 0x1C, 0x68, 0xE6, 0xFF, 0x1B, 0x66, 0xE5, 0xFF,
    0x1B, 0x66, 0xE5, 0xFF, 0x1A, 0x65, 0xE4, 0xFF, 0x1B, 0x63, 0xE4, 0xFF, 0x1E, 0x64, 0xE3, 0xFF,
    0x20, 0x64, 0xE3, 0xFF, 0x1F, 0x61, 0xE4, 0xFF, 0x1E, 0x60, 0xE5, 0xFF, 0x1C, 0x5E, 0xE7, 0xFF,
    0x1C, 0x5E, 0xE7, 0xFF, 0x1D, 0x60, 0xF0, 0xFF, 0x0B, 0x44, 0xEA, 0xFF, 0x00, 0x2D, 0xD6, 0xFF,
    0x00, 0x32, 0xD9, 0xFF, 0x00, 0x34, 0xE2, 0xFF, 0x01, 0x3A, 0xEF, 0xFF, 0x00, 0x29, 0xC4, 0xFF,
    0x1C, 0x3D, 0xB5, 0xFF, 0x6F, 0x88, 0xD9, 0xFF, 0xAB, 0xBC, 0xF3, 0xFF, 0xAA, 0xC0, 0xF8, 0xFF,
    0x66, 0x8A, 0xE3, 0xFF, 0x1F, 0x68, 0xE4, 0xFF, 0xD8, 0xED, 0xFE, 0xFF, 0x44, 0x65, 0xC0, 0xFF,
    0x00, 0x00, 0x65, 0xFF, 0x4E, 0x6A, 0x83, 0xFF, 0x50, 0x6F, 0xAC, 0xFF, 0x00, 0x00, 0x2F, 0xFF,
    0x03, 0x0B, 0x33, 0xFF, 0x00, 0x07, 0x2C, 0xFF, 0x00, 0x07, 0x2A, 0xFF, 0x01, 0x07, 0x29, 0xFF,
    0x00, 0x07, 0x2A, 0xFF, 0x00, 0x07, 0x29, 0xFF, 0x00, 0x08, 0x2F, 0xFF, 0x01, 0x0A, 0x35, 0xFF,
    0x00, 0x01, 0x49, 0xFF, 0x5D, 0xA5, 0xCC, 0xFF, 0x1C, 0x3C, 0x6E, 0xFF, 0x00, 0x19, 0xB1, 0xFF,
    0x87, 0xAE, 0xE3, 0xFF, 0xA9, 0xE1, 0xFE, 0xFF, 0x00, 0x5E, 0xEF, 0xFF, 0x00, 0x29, 0xC8, 0xFF,
    0x00, 0x31, 0xC8, 0xFF, 0x27, 0x5F, 0xD9, 0xFF, 0x70, 0x90, 0xE2, 0xFF, 0x84, 0x94, 0xDF, 0xFF,
    0x1E, 0x25, 0x74, 0xFF, 0x01, 0x1D, 0x82, 0xFF, 0x02, 0x42, 0xEB, 0xFF, 0x00, 0x3F, 0xF9, 0xFF,
    0x14, 0x62, 0xFF, 0xFF, 0x1F, 0x59, 0xA4, 0xFF, 0x0F, 0x21, 0x43, 0xFF, 0x0A, 0x1C, 0x3C, 0xFF,
    0x09, 0x19, 0x39, 0xFF, 0x09, 0x18, 0x35, 0xFF, 0x08, 0x16, 0x33, 0xFF, 0x08, 0x16, 0x31, 0xFF,
    0x07, 0x14, 0x2F, 0xFF, 0x06, 0x13, 0x2E, 0xFF, 0x06, 0x12, 0x2D, 0xFF, 0x05, 0x12, 0x2D, 0xFF,
    0x05, 0x12, 0x2E, 0xFF, 0x05, 0x12, 0x2E, 0xFF, 0x06, 0x12, 0x2F, 0xFF, 0x07, 0x14, 0x30, 0xFF,
    0x08, 0x14, 0x31, 0xFF, 0x08, 0x15, 0x33, 0xFF, 0x08, 0x16, 0x36, 0xFF, 0x09, 0x17, 0x38, 0xFF,
    0x0A, 0x19, 0x3C, 0xFF, 0x11, 0x24, 0x49, 0xFF, 0x24, 0x5C, 0xBC, 0xFF, 0x10, 0x4D, 0xEF, 0xFF,
    0x00, 0x2D, 0xD4, 0xFF, 0x02, 0x2C, 0xC1, 0xFF, 0x01, 0x10, 0x61, 0xFF, 0x2F, 0x37, 0x81, 0xFF,
    0x89, 0x96, 0xE3, 0xFF, 0x66, 0x79, 0xD5, 0xFF, 0x1D, 0x40, 0xBD, 0xFF, 0x00, 0x15, 0xA1, 0xFF,
    0x00, 0x17, 0xA2, 0xFF, 0x00, 0x49, 0xDE, 0xFF, 0xC1, 0xE3, 0xFD, 0xFF, 0x5D, 0x7C, 0xC7, 0xFF,
    0x00, 0x01, 0x76, 0xFF, 0x36, 0x50, 0x70, 0xFF, 0x5D, 0x86, 0xBE, 0xFF, 0x00, 0x00, 0x36, 0xFF,
    0x03, 0x0B, 0x34, 0xFF, 0x00, 0x07, 0x2D, 0xFF, 0x01, 0x07, 0x2A, 0xFF, 0x01, 0x07, 0x29, 0xFF,
    0x01, 0x07, 0x2A, 0xFF, 0x00, 0x08, 0x2B, 0xFF, 0x01, 0x08, 0x2F, 0xFF, 0x00, 0x08, 0x33, 0xFF,
    0x02, 0x0D, 0x57, 0xFF, 0x5C, 0xAB, 0xCC, 0xFF, 0x10, 0x28, 0x63, 0xFF, 0x00, 0x10, 0x9B, 0xFF,
    0x87, 0xA6, 0xDC, 0xFF, 0xE8, 0xFF, 0xFF, 0xFF, 0x3B, 0xB4, 0xFF, 0xFF, 0x19, 0x89, 0xF5, 0xFF,
    0x1A, 0x69, 0xE6, 0xFF, 0x06, 0x43, 0xD2, 0xFF, 0x00, 0x11, 0x9D, 0xFF, 0x02, 0x1B, 0x8D, 0xFF,
    0x0A, 0x1C, 0x79, 0xFF, 0x01, 0x05, 0x32, 0xFF, 0x00, 0x1F, 0xB6, 0xFF, 0x07, 0x46, 0xFB, 0xFF,
    0x1A, 0x57, 0xAF, 0xFF, 0x00, 0x00, 0x11, 0xFF, 0x00, 0x00, 0x1E, 0xFF, 0x00, 0x02, 0x20, 0xFF,
    0x00, 0x02, 0x20, 0xFF, 0x00, 0x02, 0x20, 0xFF, 0x00, 0x03, 0x21, 0xFF, 0x00, 0x02, 0x21, 0xFF,
    0x00, 0x03, 0x21, 0xFF, 0x00, 0x03, 0x21, 0xFF, 0x00, 0x03, 0x21, 0xFF, 0x00, 0x04, 0x21, 0xFF,
    0x00, 0x04, 0x21, 0xFF, 0x00, 0x04, 0x22, 0xFF, 0x00, 0x04, 0x22, 0xFF, 0x00, 0x04, 0x22, 0xFF,
    0x00, 0x03, 0x21, 0xFF, 0x00, 0x03, 0x20, 0xFF, 0x00, 0x03, 0x20, 0xFF, 0x00, 0x02, 0x1E, 0xFF,
    0x00, 0x03, 0x1F, 0xFF, 0x00, 0x00, 0x19, 0xFF, 0x01, 0x05, 0x1D, 0xFF, 0x1E, 0x5F, 0xC8, 0xFF,
    0x04, 0x2B, 0xC0, 0xFF, 0x00, 0x13, 0x75, 0xFF, 0x01, 0x06, 0x2B, 0xFF, 0x0C, 0x1B, 0x6E, 0xFF,
    0x00, 0x0F, 0x75, 0xFF, 0x00, 0x03, 0x7A, 0xFF, 0x0A, 0x36, 0xBF, 0xFF, 0x13, 0x57, 0xDA, 0xFF,
    0x17, 0x73, 0xEE, 0xFF, 0x3F, 0x9E, 0xFF, 0xFF, 0xF2, 0xFF, 0xFF, 0xFF, 0x5C, 0x70, 0xAA, 0xFF,
    0x00, 0x00, 0x61, 0xFF, 0x23, 0x3A, 0x60, 0xFF, 0x61, 0x94, 0xC7, 0xFF, 0x00, 0x00, 0x3F, 0xFF,
    0x02, 0x0A, 0x35, 0xFF, 0x01, 0x08, 0x2E, 0xFF, 0x01, 0x07, 0x2A, 0xFF, 0x00, 0x07, 0x28, 0xFF,
    0x01, 0x07, 0x2B, 0xFF, 0x00, 0x07, 0x2B, 0xFF, 0x01, 0x09, 0x30, 0xFF, 0x00, 0x05, 0x32, 0xFF,
    0x0A, 0x1A, 0x67, 0xFF, 0x57, 0xA9, 0xCC, 0xFF, 0x04, 0x13, 0x43, 0xFF, 0x01, 0x41, 0x9D, 0xFF,
    0x1A, 0x56, 0xB0, 0xFF, 0x82, 0xA2, 0xE0, 0xFF, 0xB2, 0xCB, 0xF2, 0xFF, 0xB4, 0xDC, 0xFA, 0xFF,
    0xA6, 0xCF, 0xFC, 0xFF, 0x44, 0x72, 0xCD, 0xFF, 0x05, 0x18, 0x74, 0xFF, 0x00, 0x06, 0x54, 0xFF,
    0x00, 0x05, 0x56, 0xFF, 0x01, 0x05, 0x33, 0xFF, 0x00, 0x18, 0x83, 0xFF, 0x04, 0x3F, 0xFE, 0xFF,
    0x13, 0x4F, 0xAF, 0xFF, 0x00, 0x02, 0x1B, 0xFF, 0x01, 0x09, 0x2A, 0xFF, 0x01, 0x07, 0x26, 0xFF,
    0x01, 0x08, 0x26, 0xFF, 0x01, 0x07, 0x26, 0xFF, 0x01, 0x07, 0x25, 0xFF, 0x00, 0x07, 0x25, 0xFF,
    0x01, 0x07, 0x24, 0xFF, 0x00, 0x07, 0x24, 0xFF, 0x00, 0x07, 0x24, 0xFF, 0x01, 0x07, 0x24, 0xFF,
    0x01, 0x07, 0x25, 0xFF, 0x01, 0x07, 0x24, 0xFF, 0x01, 0x07, 0x25, 0xFF, 0x01, 0x08, 0x26, 0xFF,
    0x01, 0x08, 0x26, 0xFF, 0x01, 0x08, 0x26, 0xFF, 0x01, 0x07, 0x25, 0xFF, 0x01, 0x08, 0x25, 0xFF,
    0x01, 0x08, 0x25, 0xFF, 0x01, 0x07, 0x26, 0xFF, 0x02, 0x0A, 0x27, 0xFF, 0x17, 0x55, 0xC5, 0xFF,
    0x02, 0x26, 0xC0, 0xFF, 0x00, 0x0A, 0x47, 0xFF, 0x00, 0x02, 0x28, 0xFF, 0x00, 0x00, 0x31, 0xFF,
    0x01, 0x03, 0x31, 0xFF, 0x06, 0x12, 0x58, 0xFF, 0x4C, 0x6B, 0xC1, 0xFF, 0xA7, 0xC6, 0xF4, 0xFF,
    0xAF, 0xCF, 0xF2, 0xFF, 0xAF, 0xBE, 0xE0, 0xFF, 0x76, 0x89, 0xBB, 0xFF, 0x0D, 0x2B, 0x84, 0xFF,
    0x00, 0x15, 0x72, 0xFF, 0x13, 0x24, 0x46, 0xFF, 0x5F, 0x9A, 0xCB, 0xFF, 0x00, 0x04, 0x47, 0xFF,
    0x00, 0x08, 0x33, 0xFF, 0x00, 0x08, 0x2F, 0xFF, 0x01, 0x08, 0x2A, 0xFF, 0x00, 0x07, 0x28, 0xFF,
    0x01, 0x07, 0x2B, 0xFF, 0x01, 0x08, 0x2B, 0xFF, 0x01, 0x09, 0x30, 0xFF, 0x00, 0x02, 0x2F, 0xFF,
    0x10, 0x27, 0x76, 0xFF, 0x50, 0xA2, 0xC1, 0xFF, 0x00, 0x16, 0x65, 0xFF, 0x00, 0x6C, 0xFF, 0xFF,
    0x00, 0x80, 0xE8, 0xFF, 0x00, 0x72, 0xDE, 0xFF, 0x00, 0x6F, 0xDC, 0xFF, 0x15, 0x68, 0xD5, 0xFF,
    0x07, 0x52, 0xD8, 0xFF, 0x03, 0x59, 0xDD, 0xFF, 0x0C, 0x64, 0xC0, 0xFF, 0x06, 0x4D, 0xA6, 0xFF,
    0x02, 0x35, 0x85, 0xFF, 0x01, 0x24, 0x62, 0xFF, 0x01, 0x15, 0x5A, 0xFF, 0x00, 0x26, 0xD8, 0xFF,
    0x15, 0x5F, 0xEE, 0xFF, 0x06, 0x17, 0x3B, 0xFF, 0x00, 0x04, 0x20, 0xFF, 0x02, 0x0A, 0x29, 0xFF,
    0x01, 0x08, 0x27, 0xFF, 0x01, 0x08, 0x27, 0xFF, 0x01, 0x08, 0x26, 0xFF, 0x01, 0x09, 0x27, 0xFF,
    0x01, 0x08, 0x27, 0xFF, 0x01, 0x08, 0x26, 0xFF, 0x01, 0x08, 0x26, 0xFF, 0x01, 0x08, 0x26, 0xFF,
    0x00, 0x07, 0x25, 0xFF, 0x01, 0x08, 0x26, 0xFF, 0x01, 0x08, 0x27, 0xFF, 0x01, 0x08, 0x27, 0xFF,
    0x01, 0x08, 0x27, 0xFF, 0x01, 0x08, 0x27, 0xFF, 0x01, 0x08, 0x27, 0xFF, 0x01, 0x08, 0x27, 0xFF,
    0x02, 0x0A, 0x2A, 0xFF, 0x00, 0x01, 0x17, 0xFF, 0x0B, 0x28, 0x5A, 0xFF, 0x13, 0x53, 0xE7, 0xFF,
    0x00, 0x10, 0x88, 0xFF, 0x01, 0x13, 0x44, 0xFF, 0x01, 0x23, 0x6C, 0xFF, 0x01, 0x30, 0x8C, 0xFF,
    0x02, 0x43, 0xAD, 0xFF, 0x09, 0x56, 0xC2, 0xFF, 0x00, 0x41, 0xCC, 0xFF, 0x0C, 0x3A, 0xB2, 0xFF,
    0x12, 0x47, 0xBB, 0xFF, 0x00, 0x3E, 0xC6, 0xFF, 0x00, 0x39, 0xCA, 0xFF, 0x00, 0x3E, 0xD5, 0xFF,
    0x00, 0x27, 0xB1, 0xFF, 0x09, 0x1A, 0x46, 0xFF, 0x52, 0x98, 0xC9, 0xFF, 0x02, 0x0B, 0x4F, 0xFF,
    0x00, 0x07, 0x32, 0xFF, 0x01, 0x08, 0x2F, 0xFF, 0x01, 0x07, 0x2A, 0xFF, 0x00, 0x06, 0x28, 0xFF,
    0x01, 0x08, 0x2C, 0xFF, 0x01, 0x08, 0x2C, 0xFF, 0x01, 0x09, 0x31, 0xFF, 0x00, 0x00, 0x2F, 0xFF,
    0x14, 0x2F, 0x7C, 0xFF, 0x48, 0x97, 0xB6, 0xFF, 0x00, 0x16, 0x72, 0xFF, 0x01, 0x31, 0xE7, 0xFF,
    0x01, 0x2B, 0xCC, 0xFF, 0x04, 0x40, 0xDA, 0xFF, 0x02, 0x50, 0xDE, 0xFF, 0x00, 0x51, 0xE3, 0xFF,
    0x00, 0x4F, 0xEE, 0xFF, 0x01, 0x3D, 0xEB, 0xFF, 0x03, 0x3E, 0xE6, 0xFF, 0x05, 0x51, 0xF0, 0xFF,
    0x03, 0x57, 0xF8, 0xFF, 0x01, 0x5B, 0xFC, 0xFF, 0x02, 0x52, 0xDB, 0xFF, 0x00, 0x2A, 0xC6, 0xFF,
    0x0B, 0x4D, 0xF6, 0xFF, 0x11, 0x48, 0x93, 0xFF, 0x00, 0x00, 0x06, 0xFF, 0x00, 0x00, 0x15, 0xFF,
    0x00, 0x00, 0x13, 0xFF, 0x00, 0x00, 0x12, 0xFF, 0x00, 0x00, 0x12, 0xFF, 0x00, 0x00, 0x12, 0xFF,
    0x00, 0x00, 0x11, 0xFF, 0x00, 0x00, 0x12, 0xFF, 0x00, 0x00, 0x11, 0xFF, 0x00, 0x00, 0x11, 0xFF,
    0x00, 0x00, 0x11, 0xFF, 0x00, 0x00, 0x12, 0xFF, 0x00, 0x00, 0x11, 0xFF, 0x00, 0x00, 0x11, 0xFF,
    0x00, 0x00, 0x12, 0xFF, 0x00, 0x00, 0x12, 0xFF, 0x00, 0x00, 0x12, 0xFF, 0x00, 0x00, 0x13, 0xFF,
    0x00, 0x00, 0x13, 0xFF, 0x00, 0x00, 0x0C, 0xFF, 0x15, 0x52, 0xB0, 0xFF, 0x07, 0x36, 0xD2, 0xFF,
    0x01, 0x32, 0xB1, 0xFF, 0x01, 0x4D, 0xEB, 0xFF, 0x00, 0x4A, 0xF4, 0xFF, 0x00, 0x45, 0xEB, 0xFF,
    0x01, 0x3C, 0xD9, 0xFF, 0x01, 0x2D, 0xC8, 0xFF, 0x01, 0x31, 0xD2, 0xFF, 0x00, 0x37, 0xD6, 0xFF,
    0x00, 0x35, 0xC7, 0xFF, 0x02, 0x32, 0xB6, 0xFF, 0x04, 0x25, 0xA0, 0xFF, 0x01, 0x17, 0x83, 0xFF,
    0x00, 0x15, 0x85, 0xFF, 0x04, 0x14, 0x46, 0xFF, 0x4F, 0x95, 0xC1, 0xFF, 0x06, 0x12, 0x55, 0xFF,
    0x00, 0x05, 0x30, 0xFF, 0x01, 0x08, 0x2F, 0xFF, 0x00, 0x07, 0x2A, 0xFF, 0x00, 0x07, 0x29, 0xFF,
    0x00, 0x07, 0x2C, 0xFF, 0x00, 0x07, 0x2C, 0xFF, 0x01, 0x09, 0x31, 0xFF, 0x00, 0x00, 0x30, 0xFF,
    0x15, 0x34, 0x7D, 0xFF, 0x40, 0x8C, 0xAE, 0xFF, 0x00, 0x12, 0x74, 0xFF, 0x01, 0x45, 0xF6, 0xFF,
    0x01, 0x46, 0xE5, 0xFF, 0x00, 0x3B, 0xE7, 0xFF, 0x00, 0x32, 0xE1, 0xFF, 0x01, 0x2B, 0xD9, 0xFF,
    0x00, 0x29, 0xD2, 0xFF, 0x00, 0x28, 0xCE, 0xFF, 0x00, 0x25, 0xCA, 0xFF, 0x00, 0x23, 0xC8, 0xFF,
    0x00, 0x25, 0xCA, 0xFF, 0x00, 0x27, 0xCD, 0xFF, 0x00, 0x31, 0xD6, 0xFF, 0x01, 0x32, 0xD8, 0xFF,
    0x01, 0x2C, 0xD5, 0xFF, 0x17, 0x66, 0xEF, 0xFF, 0x15, 0x54, 0xA1, 0xFF, 0x13, 0x43, 0x82, 0xFF,
    0x12, 0x43, 0x84, 0xFF, 0x10, 0x41, 0x82, 0xFF, 0x0F, 0x3F, 0x82, 0xFF, 0x0C, 0x3C, 0x82, 0xFF,
    0x0A, 0x39, 0x80, 0xFF, 0x0A, 0x38, 0x81, 0xFF, 0x08, 0x37, 0x81, 0xFF, 0x07, 0x35, 0x81, 0xFF,
    0x07, 0x35, 0x81, 0xFF, 0x07, 0x34, 0x81, 0xFF, 0x05, 0x33, 0x81, 0xFF, 0x06, 0x34, 0x82, 0xFF,
    0x08, 0x36, 0x83, 0xFF, 0x09, 0x37, 0x84, 0xFF, 0x0C, 0x39, 0x84, 0xFF, 0x0E, 0x3D, 0x87, 0xFF,
    0x0F, 0x3D, 0x83, 0xFF, 0x16, 0x56, 0xB0, 0xFF, 0x13, 0x58, 0xE6, 0xFF, 0x00, 0x21, 0xBC, 0xFF,
    0x01, 0x2F, 0xCA, 0xFF, 0x00, 0x24, 0xB8, 0xFF, 0x00, 0x1E, 0xAD, 0xFF, 0x00, 0x1A, 0xA7, 0xFF,
    0x00, 0x19, 0xA4, 0xFF, 0x00, 0x1C, 0xA5, 0xFF, 0x00, 0x1D, 0xA4, 0xFF, 0x01, 0x1B, 0x9E, 0xFF,
    0x01, 0x1A, 0x9B, 0xFF, 0x00, 0x18, 0x98, 0xFF, 0x00, 0x1A, 0x94, 0xFF, 0x00, 0x1A, 0x91, 0xFF,
    0x00, 0x18, 0x8D, 0xFF, 0x02, 0x0F, 0x44, 0xFF, 0x4B, 0x91, 0xBF, 0xFF, 0x07, 0x17, 0x58, 0xFF,
    0x00, 0x05, 0x30, 0xFF, 0x01, 0x08, 0x2F, 0xFF, 0x01, 0x07, 0x29, 0xFF, 0x01, 0x07, 0x28, 0xFF,
    0x00, 0x07, 0x2B, 0xFF, 0x00, 0x07, 0x2B, 0xFF, 0x01, 0x08, 0x2F, 0xFF, 0x00, 0x00, 0x2E, 0xFF,
    0x14, 0x34, 0x7A, 0xFF, 0x38, 0x80, 0xA5, 0xFF, 0x00, 0x15, 0x80, 0xFF, 0x01, 0x44, 0xD8, 0xFF,
    0x01, 0x23, 0x57, 0xFF, 0x01, 0x2B, 0x7A, 0xFF, 0x01, 0x35, 0x96, 0xFF, 0x01, 0x3C, 0xB4, 0xFF,
    0x02, 0x41, 0xCE, 0xFF, 0x02, 0x42, 0xDE, 0xFF, 0x01, 0x3B, 0xE6, 0xFF, 0x00, 0x35, 0xE2, 0xFF,
    0x00, 0x2C, 0xD6, 0xFF, 0x00, 0x2A, 0xD1, 0xFF, 0x00, 0x27, 0xCF, 0xFF, 0x00, 0x29, 0xD0, 0xFF,
    0x00, 0x2A, 0xD4, 0xFF, 0x01, 0x2E, 0xD9, 0xFF, 0x0D, 0x51, 0xF4, 0xFF, 0x11, 0x59, 0xF8, 0xFF,
    0x10, 0x57, 0xF7, 0xFF, 0x0F, 0x56, 0xF7, 0xFF, 0x0D, 0x55, 0xF7, 0xFF, 0x0B, 0x52, 0xF8, 0xFF,
    0x09, 0x51, 0xF9, 0xFF, 0x08, 0x4E, 0xF9, 0xFF, 0x07, 0x4C, 0xF9, 0xFF, 0x06, 0x4C, 0xF9, 0xFF,
    0x06, 0x4A, 0xF9, 0xFF, 0x05, 0x4A, 0xF8, 0xFF, 0x04, 0x48, 0xF6, 0xFF, 0x05, 0x48, 0xF4, 0xFF,
    0x07, 0x49, 0xF1, 0xFF, 0x09, 0x4A, 0xEF, 0xFF, 0x0B, 0x4B, 0xEE, 0xFF, 0x0C, 0x4C, 0xEB, 0xFF,
    0x0E, 0x4F, 0xEB, 0xFF, 0x0A, 0x44, 0xE1, 0xFF, 0x00, 0x22, 0xBD, 0xFF, 0x00, 0x21, 0xB7, 0xFF,
    0x00, 0x1E, 0xB1, 0xFF, 0x00, 0x1E, 0xB0, 0xFF, 0x00, 0x20, 0xB2, 0xFF, 0x00, 0x25, 0xBC, 0xFF,
    0x00, 0x28, 0xC4, 0xFF, 0x00, 0x29, 0xBF, 0xFF, 0x00, 0x27, 0xB2, 0xFF, 0x00, 0x22, 0x9D, 0xFF,
    0x00, 0x1B, 0x81, 0xFF, 0x00, 0x14, 0x68, 0xFF, 0x00, 0x0F, 0x4C, 0xFF, 0x01, 0x10, 0x53, 0xFF,
    0x00, 0x1D, 0x98, 0xFF, 0x00, 0x0C, 0x42, 0xFF, 0x44, 0x88, 0xB9, 0xFF, 0x08, 0x19, 0x57, 0xFF,
    0x00, 0x04, 0x2E, 0xFF, 0x01, 0x09, 0x2E, 0xFF, 0x01, 0x07, 0x2A, 0xFF, 0x01, 0x07, 0x27, 0xFF,
    0x00, 0x07, 0x2B, 0xFF, 0x00, 0x07, 0x2B, 0xFF, 0x01, 0x09, 0x2F, 0xFF, 0x00, 0x00, 0x2D, 0xFF,
    0x14, 0x35, 0x78, 0xFF, 0x36, 0x7D, 0xA0, 0xFF, 0x00, 0x19, 0x8B, 0xFF, 0x01, 0x28, 0x9F, 0xFF,
    0x00, 0x00, 0x06, 0xFF, 0x01, 0x01, 0x1A, 0xFF, 0x01, 0x01, 0x14, 0xFF, 0x01, 0x03, 0x18, 0xFF,
    0x01, 0x0A, 0x27, 0xFF, 0x02, 0x15, 0x3E, 0xFF, 0x01, 0x1D, 0x5A, 0xFF, 0x01, 0x27, 0x8E, 0xFF,
    0x00, 0x2B, 0xC1, 0xFF, 0x00, 0x25, 0xC4, 0xFF, 0x00, 0x26, 0xCA, 0xFF, 0x00, 0x27, 0xD1, 0xFF,
    0x00, 0x25, 0xC1, 0xFF, 0x00, 0x22, 0xB3, 0xFF, 0x00, 0x1B, 0xAF, 0xFF, 0x00, 0x19, 0xAD, 0xFF,
    0x00, 0x1A, 0xAF, 0xFF, 0x00, 0x1A, 0xAF, 0xFF, 0x00, 0x1A, 0xAE, 0xFF, 0x00, 0x1A, 0xAE, 0xFF,
    0x00, 0x1B, 0xAF, 0xFF, 0x00, 0x1C, 0xB1, 0xFF, 0x00, 0x1B, 0xB1, 0xFF, 0x00, 0x1C, 0xB0, 0xFF,
    0x00, 0x1B, 0xAE, 0xFF, 0x00, 0x1A, 0xAC, 0xFF, 0x00, 0x1A, 0xA9, 0xFF, 0x00, 0x19, 0xA8, 0xFF,
    0x00, 0x17, 0xA4, 0xFF, 0x00, 0x17, 0xA2, 0xFF, 0x00, 0x16, 0xA0, 0xFF, 0x00, 0x14, 0x9B, 0xFF,
    0x00, 0x14, 0x99, 0xFF, 0x00, 0x16, 0x98, 0xFF, 0x00, 0x1D, 0xA2, 0xFF, 0x00, 0x1E, 0xB0, 0xFF,
    0x00, 0x1D, 0xA7, 0xFF, 0x00, 0x1C, 0xA2, 0xFF, 0x00, 0x1F, 0x9A, 0xFF, 0x01, 0x20, 0x8A, 0xFF,
    0x00, 0x1A, 0x6A, 0xFF, 0x00, 0x11, 0x4A, 0xFF, 0x00, 0x0B, 0x32, 0xFF, 0x00, 0x06, 0x22, 0xFF,
    0x00, 0x04, 0x19, 0xFF, 0x00, 0x04, 0x17, 0xFF, 0x00, 0x03, 0x18, 0xFF, 0x01, 0x04, 0x1C, 0xFF,
    0x00, 0x19, 0x88, 0xFF, 0x00, 0x0C, 0x47, 0xFF, 0x3E, 0x84, 0xB5, 0xFF, 0x08, 0x1A, 0x54, 0xFF,
    0x00, 0x03, 0x2B, 0xFF, 0x01, 0x08, 0x2C, 0xFF, 0x01, 0x08, 0x2A, 0xFF, 0x00, 0x07, 0x28, 0xFF,
    0x00, 0x08, 0x2B, 0xFF, 0x01, 0x08, 0x2C, 0xFF, 0x01, 0x09, 0x2F, 0xFF, 0x00, 0x00, 0x2A, 0xFF,
    0x13, 0x36, 0x77, 0xFF, 0x33, 0x7D, 0x9F, 0xFF, 0x00, 0x18, 0x8B, 0xFF, 0x01, 0x28, 0x9B, 0xFF,
    0x00, 0x02, 0x14, 0xFF, 0x01, 0x09, 0x2B, 0xFF, 0x01, 0x08, 0x27, 0xFF, 0x01, 0x07, 0x24, 0xFF,
    0x01, 0x05, 0x20, 0xFF, 0x00, 0x03, 0x1E, 0xFF, 0x00, 0x00, 0x0A, 0xFF, 0x00, 0x0F, 0x48, 0xFF,
    0x00, 0x2F, 0xD5, 0xFF, 0x00, 0x1F, 0xB3, 0xFF, 0x00, 0x26, 0xCC, 0xFF, 0x00, 0x19, 0x8E, 0xFF,
    0x00, 0x06, 0x26, 0xFF, 0x00, 0x07, 0x24, 0xFF, 0x01, 0x07, 0x25, 0xFF, 0x01, 0x08, 0x24, 0xFF,
    0x01, 0x08, 0x24, 0xFF, 0x01, 0x08, 0x25, 0xFF, 0x01, 0x07, 0x24, 0xFF, 0x01, 0x07, 0x24, 0xFF,
    0x01, 0x07, 0x24, 0xFF, 0x01, 0x07, 0x23, 0xFF, 0x01, 0x07, 0x24, 0xFF, 0x00, 0x07, 0x23, 0xFF,
    0x00, 0x07, 0x23, 0xFF, 0x00, 0x07, 0x23, 0xFF, 0x01, 0x07, 0x23, 0xFF, 0x01, 0x07, 0x23, 0xFF,
    0x01, 0x07, 0x23, 0xFF, 0x01, 0x07, 0x24, 0xFF, 0x01, 0x07, 0x24, 0xFF, 0x01, 0x07, 0x24, 0xFF,
    0x01, 0x07, 0x24, 0xFF, 0x01, 0x07, 0x24, 0xFF, 0x01, 0x06, 0x22, 0xFF, 0x00, 0x0F, 0x5B, 0xFF,
    0x00, 0x1A, 0xA1, 0xFF, 0x00, 0x18, 0x8F, 0xFF, 0x00, 0x1D, 0x9B, 0xFF, 0x00, 0x16, 0x6A, 0xFF,
    0x00, 0x00, 0x09, 0xFF, 0x00, 0x03, 0x19, 0xFF, 0x00, 0x04, 0x1C, 0xFF, 0x00, 0x05, 0x20, 0xFF,
    0x00, 0x06, 0x22, 0xFF, 0x01, 0x06, 0x23, 0xFF, 0x01, 0x06, 0x23, 0xFF, 0x01, 0x05, 0x20, 0xFF,
    0x00, 0x16, 0x81, 0xFF, 0x00, 0x0C, 0x46, 0xFF, 0x36, 0x84, 0xB5, 0xFF, 0x07, 0x1A, 0x53, 0xFF,
    0x00, 0x03, 0x29, 0xFF, 0x01, 0x08, 0x2B, 0xFF, 0x01, 0x07, 0x29, 0xFF, 0x01, 0x07, 0x28, 0xFF,
    0x01, 0x08, 0x2C, 0xFF, 0x00, 0x08, 0x2B, 0xFF, 0x01, 0x09, 0x2F, 0xFF, 0x00, 0x00, 0x29, 0xFF,
    0x11, 0x37, 0x78, 0xFF, 0x2A, 0x83, 0xA4, 0xFF, 0x00, 0x17, 0x8B, 0xFF, 0x01, 0x27, 0x98, 0xFF,
    0x01, 0x02, 0x11, 0xFF, 0x01, 0x07, 0x26, 0xFF, 0x01, 0x06, 0x23, 0xFF, 0x01, 0x06, 0x23, 0xFF,
    0x00, 0x06, 0x22, 0xFF, 0x01, 0x07, 0x25, 0xFF, 0x01, 0x04, 0x18, 0xFF, 0x00, 0x2C, 0xB5, 0xFF,
    0x00, 0x28, 0xD2, 0xFF, 0x00, 0x20, 0xB9, 0xFF, 0x00, 0x20, 0xB6, 0xFF, 0x01, 0x07, 0x2B, 0xFF,
    0x00, 0x04, 0x1A, 0xFF, 0x00, 0x06, 0x23, 0xFF, 0x01, 0x06, 0x22, 0xFF, 0x01, 0x06, 0x22, 0xFF,
    0x00, 0x06, 0x21, 0xFF, 0x00, 0x06, 0x22, 0xFF, 0x00, 0x06, 0x22, 0xFF, 0x00, 0x06, 0x22, 0xFF,
    0x01, 0x06, 0x21, 0xFF, 0x01, 0x05, 0x20, 0xFF, 0x00, 0x06, 0x21, 0xFF, 0x00, 0x06, 0x21, 0xFF,
    0x00, 0x06, 0x21, 0xFF, 0x01, 0x06, 0x21, 0xFF, 0x01, 0x06, 0x21, 0xFF, 0x01, 0x06, 0x21, 0xFF,
    0x00, 0x06, 0x21, 0xFF, 0x01, 0x06, 0x21, 0xFF, 0x01, 0x06, 0x22, 0xFF, 0x00, 0x06, 0x22, 0xFF,
    0x00, 0x05, 0x21, 0xFF, 0x00, 0x05, 0x21, 0xFF, 0x00, 0x05, 0x1F, 0xFF, 0x01, 0x04, 0x17, 0xFF,
    0x00, 0x12, 0x73, 0xFF, 0x00, 0x17, 0x94, 0xFF, 0x00, 0x17, 0x8F, 0xFF, 0x00, 0x29, 0xBB, 0xFF,
    0x00, 0x0B, 0x35, 0xFF, 0x00, 0x05, 0x1D, 0xFF, 0x00, 0x06, 0x22, 0xFF, 0x00, 0x05, 0x20, 0xFF,
    0x00, 0x05, 0x20, 0xFF, 0x00, 0x05, 0x21, 0xFF, 0x01, 0x06, 0x21, 0xFF, 0x00, 0x05, 0x1D, 0xFF,
    0x00, 0x17, 0x81, 0xFF, 0x00, 0x0D, 0x47, 0xFF, 0x2E, 0x89, 0xB7, 0xFF, 0x06, 0x1A, 0x52, 0xFF,
    0x00, 0x03, 0x2A, 0xFF, 0x01, 0x08, 0x2C, 0xFF, 0x01, 0x07, 0x2A, 0xFF, 0x00, 0x07, 0x29, 0xFF,
    0x00, 0x07, 0x2B, 0xFF, 0x00, 0x07, 0x2B, 0xFF, 0x01, 0x09, 0x2E, 0xFF, 0x00, 0x00, 0x29, 0xFF,
    0x0D, 0x34, 0x75, 0xFF, 0x22, 0x88, 0xA9, 0xFF, 0x00, 0x19, 0x89, 0xFF, 0x01, 0x28, 0x9B, 0xFF,
    0x00, 0x00, 0x0A, 0xFF, 0x00, 0x07, 0x27, 0xFF, 0x01, 0x07, 0x24, 0xFF, 0x01, 0x07, 0x25, 0xFF,
    0x01, 0x08, 0x28, 0xFF, 0x01, 0x04, 0x18, 0xFF, 0x01, 0x13, 0x52, 0xFF, 0x00, 0x30, 0xE0, 0xFF,
    0x00, 0x1D, 0xAF, 0xFF, 0x00, 0x23, 0xC7, 0xFF, 0x00, 0x13, 0x6A, 0xFF, 0x01, 0x04, 0x18, 0xFF,
    0x01, 0x07, 0x27, 0xFF, 0x01, 0x07, 0x24, 0xFF, 0x01, 0x07, 0x25, 0xFF, 0x01, 0x07, 0x25, 0xFF,
    0x00, 0x06, 0x24, 0xFF, 0x00, 0x06, 0x24, 0xFF, 0x00, 0x06, 0x24, 0xFF, 0x01, 0x06, 0x23, 0xFF,
    0x01, 0x06, 0x23, 0xFF, 0x01, 0x06, 0x23, 0xFF, 0x00, 0x06, 0x23, 0xFF, 0x00, 0x06, 0x23, 0xFF,
    0x01, 0x07, 0x24, 0xFF, 0x00, 0x06, 0x23, 0xFF, 0x01, 0x06, 0x23, 0xFF, 0x00, 0x06, 0x24, 0xFF,
    0x00, 0x06, 0x23, 0xFF, 0x00, 0x06, 0x23, 0xFF, 0x01, 0x06, 0x24, 0xFF, 0x00, 0x06, 0x24, 0xFF,
    0x00, 0x06, 0x23, 0xFF, 0x00, 0x06, 0x22, 0xFF, 0x00, 0x06, 0x23, 0xFF, 0x01, 0x05, 0x1C, 0xFF,
    0x01, 0x09, 0x37, 0xFF, 0x00, 0x16, 0x8D, 0xFF, 0x00, 0x13, 0x7D, 0xFF, 0x00, 0x1E, 0xA3, 0xFF,
    0x00, 0x1B, 0x7D, 0xFF, 0x00, 0x02, 0x14, 0xFF, 0x01, 0x07, 0x25, 0xFF, 0x00, 0x06, 0x22, 0xFF,
    0x00, 0x06, 0x22, 0xFF, 0x00, 0x06, 0x22, 0xFF, 0x00, 0x05, 0x20, 0xFF, 0x00, 0x04, 0x19, 0xFF,
    0x00, 0x16, 0x80, 0xFF, 0x01, 0x10, 0x4B, 0xFF, 0x27, 0x8E, 0xBD, 0xFF, 0x05, 0x17, 0x4E, 0xFF,
    0x00, 0x04, 0x2A, 0xFF, 0x01, 0x08, 0x2C, 0xFF, 0x00, 0x08, 0x2B, 0xFF, 0x00, 0x07, 0x29, 0xFF,
    0x01, 0x08, 0x2A, 0xFF, 0x00, 0x08, 0x2C, 0xFF, 0x01, 0x08, 0x2D, 0xFF, 0x00, 0x00, 0x2B, 0xFF,
    0x0B, 0x30, 0x73, 0xFF, 0x22, 0x8D, 0xAF, 0xFF, 0x00, 0x1B, 0x7C, 0xFF, 0x01, 0x45, 0xD3, 0xFF,
    0x00, 0x08, 0x29, 0xFF, 0x00, 0x03, 0x1D, 0xFF, 0x00, 0x01, 0x13, 0xFF, 0x01, 0x00, 0x12, 0xFF,
    0x00, 0x00, 0x12, 0xFF, 0x00, 0x00, 0x0D, 0xFF, 0x00, 0x20, 0xA5, 0xFF, 0x00, 0x1F, 0xBD, 0xFF,
    0x00, 0x1E, 0xB6, 0xFF, 0x00, 0x19, 0x9B, 0xFF, 0x01, 0x00, 0x15, 0xFF, 0x00, 0x03, 0x17, 0xFF,
    0x01, 0x03, 0x19, 0xFF, 0x01, 0x03, 0x19, 0xFF, 0x00, 0x03, 0x19, 0xFF, 0x01, 0x03, 0x1A, 0xFF,
    0x00, 0x03, 0x19, 0xFF, 0x01, 0x04, 0x19, 0xFF, 0x01, 0x04, 0x19, 0xFF, 0x01, 0x04, 0x18, 0xFF,
    0x01, 0x04, 0x18, 0xFF, 0x01, 0x04, 0x19, 0xFF, 0x00, 0x04, 0x18, 0xFF, 0x00, 0x04, 0x19, 0xFF,
    0x01, 0x04, 0x1A, 0xFF, 0x01, 0x04, 0x1A, 0xFF, 0x00, 0x04, 0x1A, 0xFF, 0x01, 0x05, 0x1B, 0xFF,
    0x01, 0x05, 0x1B, 0xFF, 0x00, 0x05, 0x1A, 0xFF, 0x00, 0x05, 0x1B, 0xFF, 0x00, 0x05, 0x1B, 0xFF,
    0x01, 0x04, 0x1A, 0xFF, 0x00, 0x04, 0x1A, 0xFF, 0x00, 0x04, 0x19, 0xFF, 0x00, 0x04, 0x1A, 0xFF,
    0x00, 0x02, 0x10, 0xFF, 0x00, 0x0C, 0x55, 0xFF, 0x00, 0x14, 0x87, 0xFF, 0x00, 0x14, 0x7E, 0xFF,
    0x00, 0x20, 0xA2, 0xFF, 0x00, 0x09, 0x30, 0xFF, 0x01, 0x02, 0x0F, 0xFF, 0x00, 0x03, 0x15, 0xFF,
    0x00, 0x03, 0x15, 0xFF, 0x00, 0x03, 0x18, 0xFF, 0x00, 0x04, 0x19, 0xFF, 0x01, 0x0A, 0x37, 0xFF,
    0x00, 0x1E, 0x9B, 0xFF, 0x01, 0x13, 0x47, 0xFF, 0x24, 0x91, 0xC1, 0xFF, 0x04, 0x13, 0x4E, 0xFF,
    0x00, 0x04, 0x2B, 0xFF, 0x01, 0x07, 0x2C, 0xFF, 0x00, 0x08, 0x2B, 0xFF, 0x00, 0x07, 0x27, 0xFF,
    0x00, 0x05, 0x21, 0xFF, 0x00, 0x08, 0x2E, 0xFF, 0x01, 0x0A, 0x2F, 0xFF, 0x00, 0x00, 0x29, 0xFF,
    0x13, 0x53, 0x94, 0xFF, 0x1B, 0x7D, 0x9C, 0xFF, 0x00, 0x0D, 0x7C, 0xFF, 0x01, 0x55, 0xFF, 0xFF,
    0x00, 0x52, 0xF3, 0xFF, 0x01, 0x49, 0xD5, 0xFF, 0x01, 0x42, 0xBB, 0xFF, 0x01, 0x36, 0x9F, 0xFF,
    0x01, 0x28, 0x7B, 0xFF, 0x01, 0x2C, 0x95, 0xFF, 0x00, 0x33, 0xD7, 0xFF, 0x00, 0x27, 0xBB, 0xFF,
    0x00, 0x24, 0xBE, 0xFF, 0x01, 0x25, 0x8D, 0xFF, 0x01, 0x39, 0xA2, 0xFF, 0x01, 0x3B, 0xB7, 0xFF,
    0x01, 0x3A, 0xB6, 0xFF, 0x01, 0x3C, 0xB8, 0xFF, 0x01, 0x3B, 0xB8, 0xFF, 0x01, 0x38, 0xB7, 0xFF,
    0x01, 0x36, 0xB7, 0xFF, 0x01, 0x31, 0xB7, 0xFF, 0x01, 0x2D, 0xB6, 0xFF, 0x00, 0x2A, 0xB5, 0xFF,
    0x00, 0x28, 0xB4, 0xFF, 0x00, 0x26, 0xAF, 0xFF, 0x00, 0x23, 0xAB, 0xFF, 0x00, 0x23, 0xA8, 0xFF,
    0x00, 0x21, 0xA5, 0xFF, 0x00, 0x1F, 0xA1, 0xFF, 0x00, 0x1F, 0x9F, 0xFF, 0x00, 0x20, 0x9E, 0xFF,
    0x00, 0x1E, 0x9A, 0xFF, 0x00, 0x1C, 0x96, 0xFF, 0x00, 0x1B, 0x91, 0xFF, 0x00, 0x19, 0x8B, 0xFF,
    0x00, 0x18, 0x86, 0xFF, 0x00, 0x18, 0x84, 0xFF, 0x00, 0x17, 0x82, 0xFF, 0x00, 0x18, 0x83, 0xFF,
    0x00, 0x19, 0x7F, 0xFF, 0x00, 0x13, 0x62, 0xFF, 0x00, 0x17, 0x86, 0xFF, 0x00, 0x16, 0x85, 0xFF,
    0x00, 0x1D, 0x9D, 0xFF, 0x00, 0x1E, 0x8E, 0xFF, 0x01, 0x13, 0x55, 0xFF, 0x00, 0x16, 0x66, 0xFF,
    0x00, 0x19, 0x74, 0xFF, 0x00, 0x1A, 0x7F, 0xFF, 0x00, 0x1D, 0x8B, 0xFF, 0x00, 0x21, 0x9F, 0xFF,
    0x01, 0x21, 0x9F, 0xFF, 0x00, 0x05, 0x3B, 0xFF, 0x1C, 0x85, 0xB5, 0xFF, 0x09, 0x2B, 0x67, 0xFF,
    0x00, 0x00, 0x26, 0xFF, 0x01, 0x08, 0x2C, 0xFF, 0x00, 0x08, 0x2C, 0xFF, 0x00, 0x06, 0x21, 0xFF,
    0x00, 0x03, 0x14, 0xFF, 0x00, 0x08, 0x2E, 0xFF, 0x01, 0x0A, 0x2F, 0xFF, 0x00, 0x00, 0x27, 0xFF,
    0x11, 0x56, 0x94, 0xFF, 0x19, 0x81, 0xA5, 0xFF, 0x00, 0x00, 0x47, 0xFF, 0x01, 0x18, 0x98, 0xFF,
    0x00, 0x23, 0xA4, 0xFF, 0x00, 0x32, 0xC6, 0xFF, 0x00, 0x3C, 0xDC, 0xFF, 0x00, 0x46, 0xEB, 0xFF,
    0x00, 0x4B, 0xF9, 0xFF, 0x00, 0x51, 0xFF, 0xFF, 0x00, 0x54, 0xFC, 0xFF, 0x00, 0x57, 0xFF, 0xFF,
    0x00, 0x57, 0xFA, 0xFF, 0x01, 0x46, 0xDB, 0xFF, 0x00, 0x29, 0xAD, 0xFF, 0x00, 0x1D, 0x97, 0xFF,
    0x00, 0x1F, 0x99, 0xFF, 0x00, 0x20, 0x99, 0xFF, 0x00, 0x1F, 0x98, 0xFF, 0x00, 0x1D, 0x99, 0xFF,
    0x00, 0x1D, 0x9A, 0xFF, 0x00, 0x1C, 0x9A, 0xFF, 0x00, 0x1B, 0x9A, 0xFF, 0x00, 0x1B, 0x99, 0xFF,
    0x00, 0x1A, 0x98, 0xFF, 0x00, 0x1A, 0x97, 0xFF, 0x00, 0x1A, 0x96, 0xFF, 0x00, 0x19, 0x94, 0xFF,
    0x00, 0x1B, 0x97, 0xFF, 0x00, 0x1A, 0x94, 0xFF, 0x00, 0x19, 0x91, 0xFF, 0x00, 0x18, 0x8F, 0xFF,
    0x00, 0x17, 0x8C, 0xFF, 0x00, 0x16, 0x8A, 0xFF, 0x00, 0x16, 0x86, 0xFF, 0x00, 0x14, 0x80, 0xFF,
    0x00, 0x13, 0x7B, 0xFF, 0x00, 0x13, 0x77, 0xFF, 0x00, 0x12, 0x72, 0xFF, 0x00, 0x11, 0x6E, 0xFF,
    0x00, 0x13, 0x75, 0xFF, 0x00, 0x20, 0x9E, 0xFF, 0x00, 0x2E, 0xC7, 0xFF, 0x00, 0x2E, 0xC9, 0xFF,
    0x00, 0x2A, 0xBE, 0xFF, 0x00, 0x28, 0xB9, 0xFF, 0x00, 0x26, 0xB1, 0xFF, 0x00, 0x21, 0xA3, 0xFF,
    0x00, 0x1E, 0x97, 0xFF, 0x00, 0x19, 0x89, 0xFF, 0x00, 0x15, 0x75, 0xFF, 0x00, 0x0F, 0x5F, 0xFF,
    0x00, 0x07, 0x51, 0xFF, 0x00, 0x00, 0x20, 0xFF, 0x18, 0x8B, 0xBE, 0xFF, 0x08, 0x2C, 0x63, 0xFF,
    0x00, 0x00, 0x25, 0xFF, 0x01, 0x08, 0x2B, 0xFF, 0x00, 0x08, 0x2C, 0xFF, 0x00, 0x03, 0x14, 0xFF,
    0x00, 0x01, 0x05, 0xFF, 0x00, 0x07, 0x29, 0xFF, 0x00, 0x08, 0x2C, 0xFF, 0x01, 0x05, 0x2D, 0xFF,
    0x03, 0x13, 0x4B, 0xFF, 0x19, 0xA0, 0xD7, 0xFF, 0x0C, 0x5D, 0x87, 0xFF, 0x00, 0x24, 0x57, 0xFF,
    0x01, 0x12, 0x4A, 0xFF, 0x00, 0x07, 0x42, 0xFF, 0x00, 0x06, 0x3F, 0xFF, 0x00, 0x08, 0x48, 0xFF,
    0x00, 0x0D, 0x59, 0xFF, 0x00, 0x11, 0x68, 0xFF, 0x00, 0x16, 0x79, 0xFF, 0x00, 0x1E, 0x8C, 0xFF,
    0x00, 0x22, 0x91, 0xFF, 0x00, 0x0C, 0x56, 0xFF, 0x00, 0x05, 0x36, 0xFF, 0x00, 0x06, 0x30, 0xFF,
    0x00, 0x06, 0x30, 0xFF, 0x00, 0x06, 0x31, 0xFF, 0x00, 0x06, 0x31, 0xFF, 0x00, 0x07, 0x32, 0xFF,
    0x00, 0x07, 0x32, 0xFF, 0x00, 0x07, 0x31, 0xFF, 0x00, 0x07, 0x31, 0xFF, 0x00, 0x07, 0x32, 0xFF,
    0x00, 0x07, 0x30, 0xFF, 0x00, 0x07, 0x30, 0xFF, 0x00, 0x07, 0x31, 0xFF, 0x00, 0x08, 0x32, 0xFF,
    0x00, 0x08, 0x32, 0xFF, 0x00, 0x08, 0x32, 0xFF, 0x01, 0x09, 0x31, 0xFF, 0x01, 0x08, 0x31, 0xFF,
    0x00, 0x08, 0x30, 0xFF, 0x00, 0x08, 0x30, 0xFF, 0x00, 0x07, 0x2F, 0xFF, 0x00, 0x08, 0x2E, 0xFF,
    0x00, 0x08, 0x2F, 0xFF, 0x00, 0x07, 0x2D, 0xFF, 0x00, 0x07, 0x2D, 0xFF, 0x00, 0x07, 0x2C, 0xFF,
    0x01, 0x07, 0x2E, 0xFF, 0x00, 0x09, 0x3C, 0xFF, 0x00, 0x14, 0x6C, 0xFF, 0x00, 0x15, 0x74, 0xFF,
    0x00, 0x10, 0x60, 0xFF, 0x00, 0x0D, 0x53, 0xFF, 0x00, 0x0A, 0x48, 0xFF, 0x00, 0x09, 0x3E, 0xFF,
    0x00, 0x08, 0x37, 0xFF, 0x00, 0x07, 0x32, 0xFF, 0x00, 0x08, 0x35, 0xFF, 0x01, 0x11, 0x45, 0xFF,
    0x00, 0x24, 0x53, 0xFF, 0x0D, 0x65, 0x9A, 0xFF, 0x13, 0x7D, 0xC1, 0xFF, 0x01, 0x05, 0x34, 0xFF,
    0x00, 0x07, 0x2B, 0xFF, 0x00, 0x07, 0x2A, 0xFF, 0x00, 0x07, 0x28, 0xFF, 0x00, 0x01, 0x05, 0xFF,
    0x00, 0x00, 0x00, 0xFC, 0x00, 0x05, 0x1A, 0xFF, 0x00, 0x08, 0x2E, 0xFF, 0x00, 0x08, 0x2C, 0xFF,
    0x00, 0x03, 0x2D, 0xFF, 0x05, 0x1B, 0x52, 0xFF, 0x0A, 0x68, 0xA6, 0xFF, 0x01, 0x5C, 0xAA, 0xFF,
    0x01, 0x34, 0x97, 0xFF, 0x00, 0x15, 0x6D, 0xFF, 0x00, 0x0B, 0x3F, 0xFF, 0x00, 0x07, 0x2B, 0xFF,
    0x01, 0x06, 0x23, 0xFF, 0x01, 0x06, 0x22, 0xFF, 0x00, 0x05, 0x20, 0xFF, 0x00, 0x04, 0x21, 0xFF,
    0x00, 0x03, 0x21, 0xFF, 0x00, 0x06, 0x22, 0xFF, 0x00, 0x07, 0x22, 0xFF, 0x00, 0x06, 0x22, 0xFF,
    0x01, 0x07, 0x22, 0xFF, 0x01, 0x06, 0x21, 0xFF, 0x00, 0x06, 0x21, 0xFF, 0x01, 0x07, 0x22, 0xFF,
    0x00, 0x06, 0x22, 0xFF, 0x00, 0x06, 0x22, 0xFF, 0x00, 0x06, 0x22, 0xFF, 0x01, 0x06, 0x21, 0xFF,
    0x01, 0x06, 0x22, 0xFF, 0x00, 0x06, 0x22, 0xFF, 0x00, 0x06, 0x22, 0xFF, 0x00, 0x06, 0x22, 0xFF,
    0x00, 0x05, 0x21, 0xFF, 0x00, 0x06, 0x22, 0xFF, 0x01, 0x06, 0x21, 0xFF, 0x00, 0x06, 0x21, 0xFF,
    0x01, 0x06, 0x21, 0xFF, 0x01, 0x06, 0x20, 0xFF, 0x00, 0x06, 0x20, 0xFF, 0x00, 0x06, 0x21, 0xFF,
    0x01, 0x06, 0x21, 0xFF, 0x00, 0x06, 0x21, 0xFF, 0x01, 0x06, 0x22, 0xFF, 0x01, 0x06, 0x22, 0xFF,
    0x01, 0x06, 0x22, 0xFF, 0x01, 0x06, 0x22, 0xFF, 0x00, 0x06, 0x23, 0xFF, 0x00, 0x05, 0x24, 0xFF,
    0x01, 0x05, 0x22, 0xFF, 0x00, 0x05, 0x21, 0xFF, 0x00, 0x06, 0x22, 0xFF, 0x01, 0x07, 0x25, 0xFF,
    0x01, 0x07, 0x27, 0xFF, 0x00, 0x09, 0x32, 0xFF, 0x00, 0x11, 0x63, 0xFF, 0x01, 0x29, 0x92, 0xFF,
    0x01, 0x56, 0xA8, 0xFF, 0x08, 0x56, 0x99, 0xFF, 0x02, 0x0C, 0x3C, 0xFF, 0x00, 0x05, 0x2B, 0xFF,
    0x00, 0x07, 0x2A, 0xFF, 0x00, 0x07, 0x2C, 0xFF, 0x00, 0x04, 0x18, 0xFF, 0x00, 0x00, 0x00, 0xFC,
    0x00, 0x00, 0x00, 0xDF, 0x01, 0x01, 0x04, 0xFE, 0x00, 0x07, 0x28, 0xFE, 0x00, 0x07, 0x2C, 0xFF,
    0x01, 0x08, 0x2D, 0xFF, 0x00, 0x04, 0x2B, 0xFF, 0x00, 0x00, 0x22, 0xFF, 0x00, 0x00, 0x27, 0xFF,
    0x00, 0x03, 0x2A, 0xFF, 0x00, 0x07, 0x2D, 0xFF, 0x00, 0x07, 0x30, 0xFF, 0x00, 0x07, 0x30, 0xFF,
    0x00, 0x07, 0x2F, 0xFF, 0x01, 0x07, 0x2D, 0xFF, 0x01, 0x07, 0x2B, 0xFF, 0x00, 0x07, 0x29, 0xFF,
    0x00, 0x07, 0x28, 0xFF, 0x00, 0x07, 0x27, 0xFF, 0x00, 0x07, 0x28, 0xFF, 0x01, 0x07, 0x27, 0xFF,
    0x01, 0x07, 0x27, 0xFF, 0x01, 0x07, 0x27, 0xFF, 0x01, 0x07, 0x27, 0xFF, 0x01, 0x07, 0x27, 0xFF,
    0x00, 0x07, 0x27, 0xFF, 0x00, 0x06, 0x27, 0xFF, 0x00, 0x06, 0x26, 0xFF, 0x01, 0x07, 0x26, 0xFF,
    0x01, 0x07, 0x27, 0xFF, 0x01, 0x07, 0x28, 0xFF, 0x01, 0x07, 0x28, 0xFF, 0x01, 0x07, 0x28, 0xFF,
    0x00, 0x07, 0x28, 0xFF, 0x00, 0x07, 0x28, 0xFF, 0x00, 0x07, 0x28, 0xFF, 0x00, 0x07, 0x27, 0xFF,
    0x01, 0x07, 0x27, 0xFF, 0x01, 0x06, 0x26, 0xFF, 0x00, 0x06, 0x26, 0xFF, 0x00, 0x06, 0x26, 0xFF,
    0x01, 0x07, 0x26, 0xFF, 0x01, 0x07, 0x27, 0xFF, 0x01, 0x07, 0x26, 0xFF, 0x01, 0x07, 0x26, 0xFF,
    0x01, 0x07, 0x26, 0xFF, 0x01, 0x07, 0x26, 0xFF, 0x01, 0x07, 0x26, 0xFF, 0x01, 0x07, 0x25, 0xFF,
    0x00, 0x06, 0x26, 0xFF, 0x00, 0x07, 0x27, 0xFF, 0x01, 0x07, 0x29, 0xFF, 0x01, 0x08, 0x2D, 0xFF,
    0x00, 0x07, 0x2D, 0xFF, 0x00, 0x07, 0x2D, 0xFF, 0x00, 0x06, 0x29, 0xFF, 0x00, 0x03, 0x24, 0xFF,
    0x00, 0x00, 0x22, 0xFF, 0x00, 0x00, 0x1F, 0xFF, 0x00, 0x05, 0x2A, 0xFF, 0x00, 0x07, 0x2A, 0xFF,
    0x00, 0x07, 0x2A, 0xFF, 0x00, 0x07, 0x27, 0xFE, 0x00, 0x01, 0x04, 0xFE, 0x00, 0x00, 0x00, 0xDF,
    0x00, 0x00, 0x01, 0x91, 0x01, 0x00, 0x00, 0xFF, 0x00, 0x02, 0x0D, 0xFC, 0x00, 0x08, 0x2D, 0xFF,
    0x00, 0x07, 0x2B, 0xFF, 0x01, 0x08, 0x2C, 0xFF, 0x01, 0x0A, 0x2E, 0xFF, 0x00, 0x09, 0x2E, 0xFF,
    0x01, 0x08, 0x2D, 0xFF, 0x01, 0x08, 0x2D, 0xFF, 0x01, 0x07, 0x2B, 0xFF, 0x00, 0x07, 0x2B, 0xFF,
    0x00, 0x07, 0x2B, 0xFF, 0x01, 0x07, 0x2A, 0xFF, 0x01, 0x07, 0x2A, 0xFF, 0x01, 0x07, 0x2A, 0xFF,
    0x00, 0x07, 0x2A, 0xFF, 0x01, 0x07, 0x29, 0xFF, 0x00, 0x07, 0x28, 0xFF, 0x00, 0x07, 0x29, 0xFF,
    0x00, 0x07, 0x28, 0xFF, 0x00, 0x07, 0x27, 0xFF, 0x00, 0x07, 0x29, 0xFF, 0x01, 0x07, 0x29, 0xFF,
    0x00, 0x07, 0x28, 0xFF, 0x00, 0x07, 0x27, 0xFF, 0x00, 0x06, 0x27, 0xFF, 0x00, 0x07, 0x27, 0xFF,
    0x01, 0x07, 0x28, 0xFF, 0x01, 0x07, 0x28, 0xFF, 0x01, 0x07, 0x29, 0xFF, 0x00, 0x07, 0x28, 0xFF,
    0x01, 0x07, 0x28, 0xFF, 0x01, 0x07, 0x29, 0xFF, 0x00, 0x07, 0x29, 0xFF, 0x00, 0x07, 0x28, 0xFF,
    0x01, 0x07, 0x28, 0xFF, 0x01, 0x07, 0x28, 0xFF, 0x01, 0x07, 0x29, 0xFF, 0x01, 0x07, 0x28, 0xFF,
    0x00, 0x07, 0x28, 0xFF, 0x00, 0x07, 0x28, 0xFF, 0x00, 0x07, 0x28, 0xFF, 0x01, 0x07, 0x27, 0xFF,
    0x01, 0x07, 0x27, 0xFF, 0x00, 0x07, 0x27, 0xFF, 0x01, 0x07, 0x28, 0xFF, 0x01, 0x07, 0x29, 0xFF,
    0x01, 0x07, 0x29, 0xFF, 0x01, 0x07, 0x29, 0xFF, 0x01, 0x07, 0x2A, 0xFF, 0x01, 0x07, 0x2B, 0xFF,
    0x00, 0x07, 0x2B, 0xFF, 0x00, 0x07, 0x2B, 0xFF, 0x00, 0x08, 0x2C, 0xFF, 0x00, 0x08, 0x2D, 0xFF,
    0x00, 0x09, 0x2D, 0xFF, 0x00, 0x09, 0x2D, 0xFF, 0x00, 0x07, 0x29, 0xFF, 0x00, 0x07, 0x29, 0xFF,
    0x00, 0x08, 0x2D, 0xFF, 0x00, 0x02, 0x0C, 0xFC, 0x00, 0x00, 0x00, 0xFF, 0x00, 0x00, 0x01, 0x91,
    0x00, 0x00, 0x00, 0x1E, 0x01, 0x00, 0x01, 0xEF, 0x01, 0x00, 0x00, 0xFE, 0x00, 0x03, 0x11, 0xFC,
    0x00, 0x08, 0x2C, 0xFF, 0x00, 0x08, 0x2B, 0xFF, 0x01, 0x08, 0x2A, 0xFF, 0x01, 0x08, 0x2C, 0xFF,
    0x01, 0x08, 0x2B, 0xFF, 0x00, 0x08, 0x2C, 0xFF, 0x00, 0x08, 0x2C, 0xFF, 0x00, 0x08, 0x2C, 0xFF,
    0x01, 0x08, 0x2C, 0xFF, 0x00, 0x07, 0x2A, 0xFF, 0x00, 0x07, 0x2B, 0xFF, 0x00, 0x07, 0x2B, 0xFF,
    0x00, 0x07, 0x2A, 0xFF, 0x01, 0x07, 0x2B, 0xFF, 0x00, 0x07, 0x2A, 0xFF, 0x00, 0x07, 0x2A, 0xFF,
    0x00, 0x07, 0x2B, 0xFF, 0x00, 0x07, 0x29, 0xFF, 0x00, 0x07, 0x2A, 0xFF, 0x01, 0x07, 0x2A, 0xFF,
    0x00, 0x07, 0x2A, 0xFF, 0x01, 0x07, 0x2A, 0xFF, 0x01, 0x07, 0x29, 0xFF, 0x00, 0x06, 0x28, 0xFF,
    0x00, 0x07, 0x29, 0xFF, 0x00, 0x07, 0x29, 0xFF, 0x00, 0x07, 0x29, 0xFF, 0x01, 0x07, 0x2A, 0xFF,
    0x01, 0x07, 0x2A, 0xFF, 0x01, 0x07, 0x2A, 0xFF, 0x00, 0x07, 0x29, 0xFF, 0x00, 0x07, 0x29, 0xFF,
    0x01, 0x07, 0x29, 0xFF, 0x00, 0x07, 0x29, 0xFF, 0x00, 0x07, 0x2A, 0xFF, 0x01, 0x07, 0x29, 0xFF,
    0x00, 0x07, 0x2A, 0xFF, 0x00, 0x07, 0x29, 0xFF, 0x00, 0x07, 0x29, 0xFF, 0x00, 0x07, 0x29, 0xFF,
    0x01, 0x07, 0x29, 0xFF, 0x01, 0x07, 0x29, 0xFF, 0x00, 0x07, 0x29, 0xFF, 0x00, 0x07, 0x29, 0xFF,
    0x01, 0x07, 0x2A, 0xFF, 0x01, 0x07, 0x2A, 0xFF, 0x01, 0x08, 0x2B, 0xFF, 0x01, 0x08, 0x2B, 0xFF,
    0x01, 0x08, 0x2B, 0xFF, 0x01, 0x08, 0x2C, 0xFF, 0x01, 0x08, 0x2C, 0xFF, 0x00, 0x08, 0x2B, 0xFF,
    0x01, 0x08, 0x2B, 0xFF, 0x01, 0x07, 0x2A, 0xFF, 0x00, 0x07, 0x2B, 0xFF, 0x00, 0x08, 0x2D, 0xFF,
    0x00, 0x03, 0x11, 0xFC, 0x00, 0x00, 0x00, 0xFE, 0x00, 0x00, 0x01, 0xEF, 0x00, 0x00, 0x00, 0x1E,
    0x00, 0x00, 0x00, 0x00, 0x00, 0x00, 0x00, 0x57, 0x01, 0x00, 0x01, 0xFF, 0x00, 0x00, 0x00, 0xFF,
    0x01, 0x02, 0x0D, 0xFC, 0x00, 0x06, 0x27, 0xFE, 0x01, 0x08, 0x2E, 0xFF, 0x01, 0x08, 0x2B, 0xFF,
    0x01, 0x08, 0x2B, 0xFF, 0x00, 0x08, 0x2B, 0xFF, 0x01, 0x07, 0x2B, 0xFF, 0x01, 0x08, 0x2B, 0xFF,
    0x01, 0x08, 0x2C, 0xFF, 0x00, 0x07, 0x2B, 0xFF, 0x00, 0x07, 0x2A, 0xFF, 0x00, 0x07, 0x2B, 0xFF,
    0x00, 0x07, 0x2B, 0xFF, 0x00, 0x07, 0x2C, 0xFF, 0x00, 0x07, 0x2B, 0xFF, 0x00, 0x07, 0x2B, 0xFF,
    0x01, 0x07, 0x2A, 0xFF, 0x01, 0x07, 0x2A, 0xFF, 0x00, 0x07, 0x2B, 0xFF, 0x00, 0x07, 0x2B, 0xFF,
    0x00, 0x07, 0x2B, 0xFF, 0x00, 0x08, 0x2B, 0xFF, 0x00, 0x07, 0x2B, 0xFF, 0x00, 0x07, 0x2A, 0xFF,
    0x00, 0x07, 0x2A, 0xFF, 0x00, 0x07, 0x2A, 0xFF, 0x00, 0x06, 0x2A, 0xFF, 0x01, 0x07, 0x2B, 0xFF,
    0x01, 0x07, 0x2A, 0xFF, 0x01, 0x07, 0x2A, 0xFF, 0x01, 0x07, 0x2A, 0xFF, 0x01, 0x07, 0x2A, 0xFF,
    0x01, 0x07, 0x2A, 0xFF, 0x01, 0x07, 0x29, 0xFF, 0x00, 0x07, 0x29, 0xFF, 0x01, 0x07, 0x2A, 0xFF,
    0x01, 0x07, 0x2B, 0xFF, 0x00, 0x07, 0x2B, 0xFF, 0x00, 0x08, 0x2B, 0xFF, 0x01, 0x07, 0x2B, 0xFF,
    0x01, 0x07, 0x2B, 0xFF, 0x01, 0x07, 0x2B, 0xFF, 0x01, 0x07, 0x2A, 0xFF, 0x01, 0x07, 0x2A, 0xFF,
    0x01, 0x07, 0x2A, 0xFF, 0x00, 0x07, 0x2A, 0xFF, 0x01, 0x08, 0x2B, 0xFF, 0x01, 0x08, 0x2B, 0xFF,
    0x01, 0x07, 0x2B, 0xFF, 0x01, 0x08, 0x2B, 0xFF, 0x01, 0x08, 0x2B, 0xFF, 0x01, 0x08, 0x2A, 0xFF,
    0x01, 0x07, 0x2B, 0xFF, 0x01, 0x08, 0x2E, 0xFF, 0x00, 0x07, 0x28, 0xFE, 0x00, 0x02, 0x0D, 0xFC,
    0x00, 0x00, 0x00, 0xFF, 0x01, 0x00, 0x01, 0xFF, 0x00, 0x00, 0x00, 0x57, 0x00, 0x00, 0x00, 0x00,
    0x00, 0x00, 0x00, 0x03, 0x00, 0x00, 0x00, 0x00, 0x00, 0x00, 0x00, 0x59, 0x01, 0x00, 0x01, 0xE9,
    0x01, 0x00, 0x00, 0xFF, 0x01, 0x01, 0x04, 0xFF, 0x00, 0x04, 0x19, 0xFF, 0x00, 0x07, 0x28, 0xFF,
    0x00, 0x08, 0x2C, 0xFF, 0x00, 0x08, 0x2C, 0xFF, 0x00, 0x08, 0x2B, 0xFF, 0x00, 0x08, 0x2B, 0xFF,
    0x00, 0x08, 0x2B, 0xFF, 0x00, 0x07, 0x2B, 0xFF, 0x01, 0x08, 0x2C, 0xFF, 0x01, 0x08, 0x2B, 0xFF,
    0x01, 0x08, 0x2B, 0xFF, 0x01, 0x08, 0x2B, 0xFF, 0x00, 0x07, 0x2B, 0xFF, 0x00, 0x07, 0x2A, 0xFF,
    0x01, 0x08, 0x2B, 0xFF, 0x01, 0x08, 0x2B, 0xFF, 0x01, 0x08, 0x2B, 0xFF, 0x01, 0x08, 0x2B, 0xFF,
    0x00, 0x08, 0x2B, 0xFF, 0x00, 0x08, 0x2B, 0xFF, 0x00, 0x07, 0x2B, 0xFF, 0x00, 0x07, 0x2A, 0xFF,
    0x00, 0x08, 0x2B, 0xFF, 0x00, 0x07, 0x2B, 0xFF, 0x00, 0x07, 0x2B, 0xFF, 0x00, 0x08, 0x2B, 0xFF,
    0x00, 0x07, 0x2B, 0xFF, 0x01, 0x08, 0x2A, 0xFF, 0x01, 0x08, 0x2B, 0xFF, 0x00, 0x08, 0x2A, 0xFF,
    0x01, 0x08, 0x2B, 0xFF, 0x01, 0x07, 0x2A, 0xFF, 0x01, 0x08, 0x2B, 0xFF, 0x01, 0x08, 0x2B, 0xFF,
    0x01, 0x08, 0x2B, 0xFF, 0x01, 0x08, 0x2B, 0xFF, 0x01, 0x08, 0x2C, 0xFF, 0x00, 0x07, 0x2B, 0xFF,
    0x00, 0x07, 0x2A, 0xFF, 0x00, 0x07, 0x2B, 0xFF, 0x00, 0x07, 0x2B, 0xFF, 0x01, 0x08, 0x2A, 0xFF,
    0x01, 0x08, 0x2B, 0xFF, 0x01, 0x07, 0x2B, 0xFF, 0x01, 0x07, 0x2B, 0xFF, 0x01, 0x07, 0x2B, 0xFF,
    0x01, 0x07, 0x2B, 0xFF, 0x00, 0x07, 0x2B, 0xFF, 0x00, 0x07, 0x2C, 0xFF, 0x01, 0x08, 0x2C, 0xFF,
    0x00, 0x07, 0x28, 0xFF, 0x01, 0x05, 0x1A, 0xFF, 0x00, 0x01, 0x04, 0xFF, 0x01, 0x00, 0x00, 0xFF,
    0x01, 0x00, 0x01, 0xE9, 0x00, 0x00, 0x00, 0x59, 0x00, 0x00, 0x00, 0x00, 0x00, 0x00, 0x00, 0x03,
    0x00, 0x00, 0x00, 0x00, 0x00, 0x00, 0x00, 0x03, 0x00, 0x00, 0x00, 0x00, 0x00, 0x00, 0x00, 0x20,
    0x00, 0x00, 0x01, 0x8F, 0x00, 0x00, 0x00, 0xDB, 0x00, 0x00, 0x00, 0xF9, 0x00, 0x01, 0x05, 0xFE,
    0x00, 0x03, 0x14, 0xFF, 0x00, 0x05, 0x20, 0xFF, 0x01, 0x07, 0x28, 0xFF, 0x00, 0x08, 0x2C, 0xFF,
    0x00, 0x07, 0x2B, 0xFF, 0x01, 0x07, 0x2B, 0xFF, 0x00, 0x08, 0x2B, 0xFF, 0x00, 0x07, 0x2A, 0xFF,
    0x00, 0x07, 0x2A, 0xFF, 0x01, 0x08, 0x2B, 0xFF, 0x00, 0x08, 0x2B, 0xFF, 0x00, 0x07, 0x2A, 0xFF,
    0x00, 0x08, 0x2B, 0xFF, 0x00, 0x08, 0x2C, 0xFF, 0x00, 0x08, 0x2B, 0xFF, 0x01, 0x07, 0x2A, 0xFF,
    0x01, 0x07, 0x2A, 0xFF, 0x00, 0x07, 0x2A, 0xFF, 0x01, 0x07, 0x2B, 0xFF, 0x01, 0x07, 0x2B, 0xFF,
    0x00, 0x07, 0x2A, 0xFF, 0x01, 0x07, 0x2A, 0xFF, 0x00, 0x07, 0x2A, 0xFF, 0x00, 0x08, 0x2B, 0xFF,
    0x01, 0x08, 0x2B, 0xFF, 0x01, 0x08, 0x2B, 0xFF, 0x01, 0x08, 0x2B, 0xFF, 0x00, 0x07, 0x2B, 0xFF,
    0x00, 0x07, 0x2A, 0xFF, 0x01, 0x07, 0x2B, 0xFF, 0x01, 0x08, 0x2B, 0xFF, 0x00, 0x08, 0x2B, 0xFF,
    0x00, 0x07, 0x2B, 0xFF, 0x01, 0x07, 0x2B, 0xFF, 0x00, 0x07, 0x2B, 0xFF, 0x00, 0x07, 0x2A, 0xFF,
    0x01, 0x07, 0x2A, 0xFF, 0x01, 0x07, 0x2A, 0xFF, 0x01, 0x07, 0x2A, 0xFF, 0x01, 0x08, 0x2B, 0xFF,
    0x01, 0x08, 0x2A, 0xFF, 0x00, 0x07, 0x2A, 0xFF, 0x01, 0x07, 0x2B, 0xFF, 0x01, 0x07, 0x2C, 0xFF,
    0x01, 0x08, 0x2B, 0xFF, 0x00, 0x07, 0x27, 0xFF, 0x00, 0x06, 0x21, 0xFF, 0x00, 0x04, 0x15, 0xFF,
    0x00, 0x01, 0x06, 0xFE, 0x00, 0x00, 0x00, 0xF9, 0x00, 0x00, 0x00, 0xDB, 0x00, 0x00, 0x01, 0x8F,
    0x00, 0x00, 0x00, 0x20, 0x00, 0x00, 0x00, 0x00, 0x00, 0x00, 0x00, 0x03, 0x00, 0x00, 0x00, 0x00,
};

} // namespace st::ui::icon

#endif // ST_UI_ICON_DATA_HPP
