CID	Pack_Number	Part_Number	AppricableCID	Keyword	CVN	Country Spec	Vehicle	Year	Engine	Aspiration	Transmission	Specification
EZ1GB20J	22611BC090	22611BC090	WQD4009	BDFC0F87	1B48 96C4	N.AMERICA	z WQD40 z	---	z WQD40 z	z WQD40 z	AT	CAL
EZ1GB20I	22611BC080	22611BC080	WQD4008	B613AA55	430D 8A33	N.AMERICA	z WQD40 z	---	z WQD40 z	z WQD40 z	MT	CAL
EZ1GD00B	22611BC05A	22611BC05A	WQD4005	DE89A052	E702 8B1A	N.AMERICA	z WQD40 z	---	z WQD40 z	z WQD40 z	AT	CAL
EZ1GD00A	22611BC04A	22611BC04A	WQD4004	041B7585	322B 1C2A	N.AMERICA	z WQD40 z	---	z WQD40 z	z WQD40 z	MT	CAL
EZ1GD00F	22611BC070	22611BC070	WQD4007	E04806AF	28B4 69B0	N.AMERICA	z WQD40 z	---	z WQD40 z	z WQD40 z	AT	CAL
EZ1GD00E	22611BC060	22611BC060	WQD4006	61FD36B3	6074 A1FF	N.AMERICA	z WQD40 z	---	z WQD40 z	z WQD40 z	MT	CAL
DU2IHL0C	UD-S205A	22611AD84C	DUG1L008	60F69F37	6B5F 5E62	N.AMERICA	Legacy	2000	2.5L	non-Turbo	AT	FED  CAL
DU2IHL0C	UD-S205A	22611AD84D	DUH1LA0A	60F69F37	6B5F 5E62	N.AMERICA	Legacy	2000	2.5L	non-Turbo	AT	FED  CAL
DU2IHK0C	UD-S205A	22611AF61B	DUG1K008	60F69F37	1895 5E62	N.AMERICA	Outback	2000	2.5L	non-Turbo	AT	FED  CAL
DU2IHK0C	UD-S205A	22611AF61C	DUH1KA0A	60F69F37	1895 5E62	N.AMERICA	Outback	2000	2.5L	non-Turbo	AT	FED  CAL
CID# is not available.	UD-S204	22611AD86C	CID# is not available.	5239AC77	CVN is not available.	N.AMERICA	Legacy	2000	2.5L	non-Turbo	MT	FED  CAL
CID# is not available.	UD-S204	22611AD86D	CID# is not available.	5239AC77	CVN is not available.	N.AMERICA	Legacy	2000	2.5L	non-Turbo	MT	FED  CAL
CID# is not available.	UD-S204	22611AD86E	CID# is not available.	5239AC77	CVN is not available.	N.AMERICA	Legacy	2000	2.5L	non-Turbo	MT	FED  CAL
CID# is not available.	UD-S204	22611AD86F	CID# is not available.	5239AC77	CVN is not available.	N.AMERICA	Legacy	2000	2.5L	non-Turbo	MT	FED  CAL
CID# is not available.	UD-S204	22611AD86C	CID# is not available.	5239AC77	CVN is not available.	N.AMERICA	Legacy	2001	2.5L	non-Turbo	MT	FED  CAL
CID# is not available.	UD-S204	22611AD86D	CID# is not available.	5239AC77	CVN is not available.	N.AMERICA	Legacy	2001	2.5L	non-Turbo	MT	FED  CAL
CID# is not available.	UD-S204	22611AD86E	CID# is not available.	5239AC77	CVN is not available.	N.AMERICA	Legacy	2001	2.5L	non-Turbo	MT	FED  CAL
CID# is not available.	UD-S204	22611AD86F	CID# is not available.	5239AC77	CVN is not available.	N.AMERICA	Legacy	2001	2.5L	non-Turbo	MT	FED  CAL
CID# is not available.	UD-S204	22611AF60B	CID# is not available.	5239AC77	CVN is not available.	N.AMERICA	Outback	2000	2.5L	non-Turbo	MT	FED  CAL
CID# is not available.	UD-S204	22611AF60C	CID# is not available.	5239AC77	CVN is not available.	N.AMERICA	Outback	2000	2.5L	non-Turbo	MT	FED  CAL
CID# is not available.	UD-S204	22611AF60D	CID# is not available.	5239AC77	CVN is not available.	N.AMERICA	Outback	2000	2.5L	non-Turbo	MT	FED  CAL
CID# is not available.	UD-S204	22611AF60E	CID# is not available.	5239AC77	CVN is not available.	N.AMERICA	Outback	2000	2.5L	non-Turbo	MT	FED  CAL
CID# is not available.	UD-S204	22611AF60B	CID# is not available.	5239AC77	CVN is not available.	N.AMERICA	Outback	2001	2.5L	non-Turbo	MT	FED  CAL
CID# is not available.	UD-S204	22611AF60C	CID# is not available.	5239AC77	CVN is not available.	N.AMERICA	Outback	2001	2.5L	non-Turbo	MT	FED  CAL
CID# is not available.	UD-S204	22611AF60D	CID# is not available.	5239AC77	CVN is not available.	N.AMERICA	Outback	2001	2.5L	non-Turbo	MT	FED  CAL
CID# is not available.	UD-S204	22611AF60E	CID# is not available.	5239AC77	CVN is not available.	N.AMERICA	Outback	2001	2.5L	non-Turbo	MT	FED  CAL
DU2IHL0C	UD-S205A	22611AG41B	DU2FJLA2	60F69F37	6B5F 5E62	N.AMERICA	Legacy	2001	2.5L	non-Turbo	AT	FED  CAL
DU2IHL0C	UD-S205A	22611AG73A	DU2ISL08	60F69F37	6B5F 5E62	N.AMERICA	Legacy	2001	2.5L	non-Turbo	AT	FED  CAL
DU2IHL0C	UD-S205A	22611AG73B	DU2IBL05	60F69F37	6B5F 5E62	N.AMERICA	Legacy	2001	2.5L	non-Turbo	AT	FED  CAL
DU2IHL0C	UD-S205A	22611AG73C	DU2ICL08	60F69F37	6B5F 5E62	N.AMERICA	Legacy	2001	2.5L	non-Turbo	AT	FED  CAL
DU2IHL0C	UD-S205A	22611AG73D	DU2IEL09	60F69F37	6B5F 5E62	N.AMERICA	Legacy	2001	2.5L	non-Turbo	AT	FED  CAL
DU2IHL0C	UD-S205A	22611AG73E	DU2IGL0A	60F69F37	6B5F 5E62	N.AMERICA	Legacy	2001	2.5L	non-Turbo	AT	FED  CAL
DU2IHK0C	UD-S205A	22611AG42B	DU2FJKA2	60F69F37	1895 5E62	N.AMERICA	Outback	2001	2.5L	non-Turbo	AT	FED  CAL
DU2IHK0C	UD-S205A	22611AG74A	DU2ISK08	60F69F37	1895 5E62	N.AMERICA	Outback	2001	2.5L	non-Turbo	AT	FED  CAL
DU2IHK0C	UD-S205A	22611AG74B	DU2IBK05	60F69F37	1895 5E62	N.AMERICA	Outback	2001	2.5L	non-Turbo	AT	FED  CAL
DU2IHK0C	UD-S205A	22611AG74C	DU2ICK08	60F69F37	1895 5E62	N.AMERICA	Outback	2001	2.5L	non-Turbo	AT	FED  CAL
DU2IHK0C	UD-S205A	22611AG74D	DU2IEK09	60F69F37	1895 5E62	N.AMERICA	Outback	2001	2.5L	non-Turbo	AT	FED  CAL
DU2IHK0C	UD-S205A	22611AG74E	DU2IGK0A	60F69F37	1895 5E62	N.AMERICA	Outback	2001	2.5L	non-Turbo	AT	FED  CAL
D6JR000B	UD-S202	22611AE98D	D6JM000B	BD23096C	B2CF FA8C	N.AMERICA	Outback	2001	3.0L	non-Turbo	AT	FED  CAL
D6JR000B	UD-S202	22611AE98E	D6JM102B	BD23096C	B2CF FA8C	N.AMERICA	Outback	2001	3.0L	non-Turbo	AT	FED  CAL
D6JR000B	UD-S202	22611AE98F	D6JP000B	BD23096C	B2CF FA8C	N.AMERICA	Outback	2001	3.0L	non-Turbo	AT	FED  CAL
DU450L05	UD-S205B	22611AG51A	DU413L17	941EFDAB	6140 5819	N.AMERICA	Legacy	2002	2.5L	non-Turbo	MT AT	FED  CAL
DU450L05	UD-S205B	22611AG51B	DU420L01	941EFDAB	6140 5819	N.AMERICA	Legacy	2002	2.5L	non-Turbo	MT AT	FED  CAL
DU450L05	UD-S205B	22611AG51C	DU430L02	941EFDAB	6140 5819	N.AMERICA	Legacy	2002	2.5L	non-Turbo	MT AT	FED  CAL
DU450L05	UD-S205B	22611AG51D	DU440L03	941EFDAB	6140 5819	N.AMERICA	Legacy	2002	2.5L	non-Turbo	MT AT	FED  CAL
DU450K05	UD-S205B	22611AG53A	DU413K17	941EFDAB	EFFF 5819	N.AMERICA	Outback	2002	2.5L	non-Turbo	MT AT	FED  CAL
DU450K05	UD-S205B	22611AG53B	DU420K01	941EFDAB	EFFF 5819	N.AMERICA	Outback	2002	2.5L	non-Turbo	MT AT	FED  CAL
DU450K05	UD-S205B	22611AG53C	DU430K02	941EFDAB	EFFF 5819	N.AMERICA	Outback	2002	2.5L	non-Turbo	MT AT	FED  CAL
DU450K05	UD-S205B	22611AG53D	DU440K03	941EFDAB	EFFF 5819	N.AMERICA	Outback	2002	2.5L	non-Turbo	MT AT	FED  CAL
D6HH000B	UD-S202	22611AG79A	D6HE000B	BD23096C	34D5 F2C1	N.AMERICA	Outback	2002	3.0L	non-Turbo	AT	FED  CAL
D6HH000B	UD-S202	22611AG79B	D6HE100B	BD23096C	34D5 F2C1	N.AMERICA	Outback	2002	3.0L	non-Turbo	AT	FED  CAL
D6YQ2GTC	UD-S205C	22611AH04B	D6WQ2GT8	CD1077C4	E955 F8EF	N.AMERICA	Legacy	2003	2.5L	non-Turbo	MT AT	FED  CAL
D6YQ2GTC	UD-S205C	22611AH04C	D6WQ2GT9	CD1077C4	E955 F8EF	N.AMERICA	Legacy	2003	2.5L	non-Turbo	MT AT	FED  CAL
D6YQ2GTC	UD-S205C	22611AH04D	D6YQ2GTA	CD1077C4	E955 F8EF	N.AMERICA	Legacy	2003	2.5L	non-Turbo	MT AT	FED  CAL
D6YQ2GTC	UD-S205C	22611AH04E	D6YQ2GTB	CD1077C4	E955 F8EF	N.AMERICA	Legacy	2003	2.5L	non-Turbo	MT AT	FED  CAL
D6YQ2OBC	UD-S205C	22611AH05B	D6WQ2OB8	CD1077C4	F1DE F8EF	N.AMERICA	Outback	2003	2.5L	non-Turbo	MT AT	FED  CAL
D6YQ2OBC	UD-S205C	22611AH05C	D6WQ2OB9	CD1077C4	F1DE F8EF	N.AMERICA	Outback	2003	2.5L	non-Turbo	MT AT	FED  CAL
D6YQ2OBC	UD-S205C	22611AH05D	D6YQ2OBA	CD1077C4	F1DE F8EF	N.AMERICA	Outback	2003	2.5L	non-Turbo	MT AT	FED  CAL
D6YQ2OBC	UD-S205C	22611AH05E	D6YQ2OBB	CD1077C4	F1DE F8EF	N.AMERICA	Outback	2003	2.5L	non-Turbo	MT AT	FED  CAL
D6YQ2OBC	UD-S205C	22611AH05B	D6WQ2OB8	CD1077C4	F1DE F8EF	N.AMERICA	Baja	2003	2.5L	non-Turbo	MT AT	FED  CAL
D6YQ2OBC	UD-S205C	22611AH05C	D6WQ2OB9	CD1077C4	F1DE F8EF	N.AMERICA	Baja	2003	2.5L	non-Turbo	MT AT	FED  CAL
D6YQ2OBC	UD-S205C	22611AH05D	D6YQ2OBA	CD1077C4	F1DE F8EF	N.AMERICA	Baja	2003	2.5L	non-Turbo	MT AT	FED  CAL
D6YQ2OBC	UD-S205C	22611AH05E	D6YQ2OBB	CD1077C4	F1DE F8EF	N.AMERICA	Baja	2003	2.5L	non-Turbo	MT AT	FED  CAL
D6QK000B	UD-S202	22611AH06A	D6QE400B	BD23096C	D87E 8FEA	N.AMERICA	Outback	2003	3.0L	non-Turbo	AT	FED  CAL
D6QK000B	UD-S202	22611AH06B	D6QH000B	BD23096C	D87E 8FEA	N.AMERICA	Outback	2003	3.0L	non-Turbo	AT	FED  CAL
D6QK000B	UD-S202	22611AH06B	D6QJ000B	BD23096C	D87E 8FEA	N.AMERICA	Outback	2003	3.0L	non-Turbo	AT	FED  CAL
D93P2GT7	22611AJ19D	22611AJ19A	D88P2GT2	53057052	85D41687	N.AMERICA	Legacy	2004	2.5L	non-Turbo	MT AT	FED
D93P2GT7	22611AJ19D	22611AJ19B	D91P2GT2	53057052	85D41687	N.AMERICA	Legacy	2004	2.5L	non-Turbo	MT AT	FED
D93P2GT7	22611AJ19D	22611AJ19C	D91P2GT3	53057052	85D41687	N.AMERICA	Legacy	2004	2.5L	non-Turbo	MT AT	FED
D93P2OB7	22611AJ20D	22611AJ20A	D90P2OB1	58132F9D	4FD91687	N.AMERICA	Outback	2004	2.5L	non-Turbo	MT AT	FED
D93P2OB7	22611AJ20D	22611AJ20B	D91P2OB2	58132F9D	4FD91687	N.AMERICA	Outback	2004	2.5L	non-Turbo	MT AT	FED
D93P2OB7	22611AJ20D	22611AJ20C	D91P2OB3	58132F9D	4FD91687	N.AMERICA	Outback	2004	2.5L	non-Turbo	MT AT	FED
D93P2OB7	22611AJ20D	22611AJ20A	D90P2OB1	58132F9D	4FD91687	N.AMERICA	Baja	2004	2.5L	non-Turbo	MT AT	FED
D93P2OB7	22611AJ20D	22611AJ20B	D91P2OB2	58132F9D	4FD91687	N.AMERICA	Baja	2004	2.5L	non-Turbo	MT AT	FED
D93P2OB7	22611AJ20D	22611AJ20C	D91P2OB3	58132F9D	4FD91687	N.AMERICA	Baja	2004	2.5L	non-Turbo	MT AT	FED
E6PF103A	22611AJ10C	22611AJ10B	E6PE013A	F5C79BDC	233BF1F7	N.AMERICA	Legacy	2004	2.5L	non-Turbo	MT	CAL
E6PF103A	22611AJ10C	22611AJ10B	E6PE013A	F5C79BDC	233BF1F7	N.AMERICA	Outback	2004	2.5L	non-Turbo	MT	CAL
E6PF101A	22611AG83D	22611AG83C	E6PE011A	0834B667	4AB9F6B7	N.AMERICA	Legacy	2004	2.5L	non-Turbo	AT	CAL
E6PF102A	22611AG84D	22611AG84C	E6PE012A	1B8D9619	4E6DF910	N.AMERICA	Outback	2004	2.5L	non-Turbo	AT	CAL
D6PC000B	UD-S202	22611AJ09A	D6PB020B	BD23096C	61E0 F0CC	N.AMERICA	Outback	2004	3.0L	non-Turbo	AT	FED  CAL
A2WC500L	UD-S207	22611AJ960	A2WC400L	59942137	82266863	N.AMERICA	Baja	2005	2.5L	Turbo	MT	FED  CAL
A2WC500K	UD-S207	22611AJ970	A2WC400K	59942137	54F61265	N.AMERICA	Baja	2005	2.5L	Turbo	AT	FED  CAL
D04M2U07	22611AJ99E	22611AJ99A	DB1N2OB1	9B62ED37	6AB93D1D	N.AMERICA	Baja	2005	2.5L	non-Turbo	MT AT	FED  CAL
D04M2U07	22611AJ99E	22611AJ99B	DC0N2OB2	9B62ED37	6AB93D1D	N.AMERICA	Baja	2005	2.5L	non-Turbo	MT AT	FED  CAL
D04M2U07	22611AJ99E	22611AJ99C	DC0N2OB3	9B62ED37	6AB93D1D	N.AMERICA	Baja	2005	2.5L	non-Turbo	MT AT	FED  CAL
D04M2U07	22611AJ99E	22611AJ99D	DC0N2OB4	9B62ED37	6AB93D1D	N.AMERICA	Baja	2005	2.5L	non-Turbo	MT AT	FED  CAL
E2ZJ173B	UD-S222A	22611AH91A	E2ZJ103B	8EE59BC5	A1B3FD81	N.AMERICA	Legacy	2005	2.5L	non-Turbo	MT	FED
E2ZJ173B	UD-S222A	22611AH91B	E2ZJ113B	8EE59BC5	A1B3FD81	N.AMERICA	Legacy	2005	2.5L	non-Turbo	MT	FED
E2ZJ173B	UD-S222A	22611AH91C	E2ZJ123B	8EE59BC5	A1B3FD81	N.AMERICA	Legacy	2005	2.5L	non-Turbo	MT	FED
E2ZJ173B	UD-S222A	22611AH91D	E2ZJ133B	8EE59BC5	A1B3FD81	N.AMERICA	Legacy	2005	2.5L	non-Turbo	MT	FED
E2ZJ173B	UD-S222A	22611AH91E	E2ZJ143B	8EE59BC5	A1B3FD81	N.AMERICA	Legacy	2005	2.5L	non-Turbo	MT	FED
E2ZJ173B	UD-S222A	22611AH91A	E2ZJ103B	8EE59BC5	A1B3FD81	N.AMERICA	Outback	2005	2.5L	non-Turbo	MT	FED
E2ZJ173B	UD-S222A	22611AH91B	E2ZJ113B	8EE59BC5	A1B3FD81	N.AMERICA	Outback	2005	2.5L	non-Turbo	MT	FED
E2ZJ173B	UD-S222A	22611AH91C	E2ZJ123B	8EE59BC5	A1B3FD81	N.AMERICA	Outback	2005	2.5L	non-Turbo	MT	FED
E2ZJ173B	UD-S222A	22611AH91D	E2ZJ133B	8EE59BC5	A1B3FD81	N.AMERICA	Outback	2005	2.5L	non-Turbo	MT	FED
E2ZJ173B	UD-S222A	22611AH91E	E2ZJ143B	8EE59BC5	A1B3FD81	N.AMERICA	Outback	2005	2.5L	non-Turbo	MT	FED
E2ZK003A	22611AH92G	22611AH92A	E2ZJ103A	FFD8EC7A	8E71945F	N.AMERICA	Legacy	2005	2.5L	non-Turbo	MT	CAL
E2ZK003A	22611AH92G	22611AH92B	E2ZJ113A	FFD8EC7A	8E71945F	N.AMERICA	Legacy	2005	2.5L	non-Turbo	MT	CAL
E2ZK003A	22611AH92G	22611AH92C	E2ZJ123A	FFD8EC7A	8E71945F	N.AMERICA	Legacy	2005	2.5L	non-Turbo	MT	CAL
E2ZK003A	22611AH92G	22611AH92D	E2ZJ133A	FFD8EC7A	8E71945F	N.AMERICA	Legacy	2005	2.5L	non-Turbo	MT	CAL
E2ZK003A	22611AH92G	22611AH92E	E2ZJ143A	FFD8EC7A	8E71945F	N.AMERICA	Legacy	2005	2.5L	non-Turbo	MT	CAL
E2ZK003A	22611AH92G	22611AH92F	E2ZJ173A	FFD8EC7A	8E71945F	N.AMERICA	Legacy	2005	2.5L	non-Turbo	MT	CAL
E2ZK003A	22611AH92G	22611AH92A	E2ZJ103A	FFD8EC7A	8E71945F	N.AMERICA	Outback	2005	2.5L	non-Turbo	MT	CAL
E2ZK003A	22611AH92G	22611AH92B	E2ZJ113A	FFD8EC7A	8E71945F	N.AMERICA	Outback	2005	2.5L	non-Turbo	MT	CAL
E2ZK003A	22611AH92G	22611AH92C	E2ZJ123A	FFD8EC7A	8E71945F	N.AMERICA	Outback	2005	2.5L	non-Turbo	MT	CAL
E2ZK003A	22611AH92G	22611AH92D	E2ZJ133A	FFD8EC7A	8E71945F	N.AMERICA	Outback	2005	2.5L	non-Turbo	MT	CAL
E2ZK003A	22611AH92G	22611AH92E	E2ZJ143A	FFD8EC7A	8E71945F	N.AMERICA	Outback	2005	2.5L	non-Turbo	MT	CAL
E2ZK003A	22611AH92G	22611AH92F	E2ZJ173A	FFD8EC7A	8E71945F	N.AMERICA	Outback	2005	2.5L	non-Turbo	MT	CAL
E2ZJ142B	UD-S218A	22611AH93A	E2ZJ102B	FE4877E2	08894A36	N.AMERICA	Outback	2005	2.5L	non-Turbo	AT	FED
E2ZJ142B	UD-S218A	22611AH93B	E2ZJ112B	FE4877E2	08894A36	N.AMERICA	Outback	2005	2.5L	non-Turbo	AT	FED
E2ZJ142B	UD-S218A	22611AH93C	E2ZJ122B	FE4877E2	08894A36	N.AMERICA	Outback	2005	2.5L	non-Turbo	AT	FED
E2ZJ142B	UD-S218A	22611AH93D	E2ZJ132B	FE4877E2	08894A36	N.AMERICA	Outback	2005	2.5L	non-Turbo	AT	FED
E2ZJ141B	UD-S218A	22611AJ48A	E2ZJ101B	FE4877E2	87A9D33A	N.AMERICA	Legacy	2005	2.5L	non-Turbo	AT	FED
E2ZJ141B	UD-S218A	22611AJ48B	E2ZJ111B	FE4877E2	87A9D33A	N.AMERICA	Legacy	2005	2.5L	non-Turbo	AT	FED
E2ZJ141B	UD-S218A	22611AJ48C	E2ZJ121B	FE4877E2	87A9D33A	N.AMERICA	Legacy	2005	2.5L	non-Turbo	AT	FED
E2ZJ141B	UD-S218A	22611AJ48D	E2ZJ131B	FE4877E2	87A9D33A	N.AMERICA	Legacy	2005	2.5L	non-Turbo	AT	FED
E2ZK002A	22611AH94F	22611AH94A	E2ZJ102A	1E2BB364	2369945F	N.AMERICA	Outback	2005	2.5L	non-Turbo	AT	CAL
E2ZK002A	22611AH94F	22611AH94B	E2ZJ112A	1E2BB364	2369945F	N.AMERICA	Outback	2005	2.5L	non-Turbo	AT	CAL
E2ZK002A	22611AH94F	22611AH94C	E2ZJ122A	1E2BB364	2369945F	N.AMERICA	Outback	2005	2.5L	non-Turbo	AT	CAL
E2ZK002A	22611AH94F	22611AH94D	E2ZJ132A	1E2BB364	2369945F	N.AMERICA	Outback	2005	2.5L	non-Turbo	AT	CAL
E2ZK002A	22611AH94F	22611AH94E	E2ZJ142A	1E2BB364	2369945F	N.AMERICA	Outback	2005	2.5L	non-Turbo	AT	CAL
E2ZK001A	22611AJ49F	22611AJ49A	E2ZJ101A	65311692	07E0945F	N.AMERICA	Legacy	2005	2.5L	non-Turbo	AT	CAL
E2ZK001A	22611AJ49F	22611AJ49B	E2ZJ111A	65311692	07E0945F	N.AMERICA	Legacy	2005	2.5L	non-Turbo	AT	CAL
E2ZK001A	22611AJ49F	22611AJ49C	E2ZJ121A	65311692	07E0945F	N.AMERICA	Legacy	2005	2.5L	non-Turbo	AT	CAL
E2ZK001A	22611AJ49F	22611AJ49D	E2ZJ131A	65311692	07E0945F	N.AMERICA	Legacy	2005	2.5L	non-Turbo	AT	CAL
E2ZK001A	22611AJ49F	22611AJ49E	E2ZJ141A	65311692	07E0945F	N.AMERICA	Legacy	2005	2.5L	non-Turbo	AT	CAL
A2WC522N	UD-S222B	22611AJ17A	A2WC500N	5E196BF3	93C21D8C	N.AMERICA	Legacy	2005	2.5L	Turbo	MT	FED  CAL
A2WC522N	UD-S222B	22611AJ17B	A2WC510N	5E196BF3	93C21D8C	N.AMERICA	Legacy	2005	2.5L	Turbo	MT	FED  CAL
A2WC522N	UD-S222B	22611AJ17C	A2WC511N	5E196BF3	93C21D8C	N.AMERICA	Legacy	2005	2.5L	Turbo	MT	FED  CAL
A2WC522N	UD-S222B	22611AJ17D	A2WC521N	5E196BF3	93C21D8C	N.AMERICA	Legacy	2005	2.5L	Turbo	MT	FED  CAL
A2WC521C	UD-S213A	22611AJ18A	A2WC500C	0C08130C	0A094312	N.AMERICA	Legacy	2005	2.5L	Turbo	AT	FED  CAL
A2WC521C	UD-S213A	22611AJ18B	A2WC510C	0C08130C	0A094312	N.AMERICA	Legacy	2005	2.5L	Turbo	AT	FED  CAL
A2WC521C	UD-S213A	22611AJ18C	A2WC511C	0C08130C	0A094312	N.AMERICA	Legacy	2005	2.5L	Turbo	AT	FED  CAL
A2WC522S	UD-S222B	22611AJ65A	A2WC500S	5E196BF3	21DE1D8C	N.AMERICA	Outback	2005	2.5L	Turbo	MT	FED  CAL
A2WC522S	UD-S222B	22611AJ65B	A2WC510S	5E196BF3	21DE1D8C	N.AMERICA	Outback	2005	2.5L	Turbo	MT	FED  CAL
A2WC522S	UD-S222B	22611AJ65C	A2WC511S	5E196BF3	21DE1D8C	N.AMERICA	Outback	2005	2.5L	Turbo	MT	FED  CAL
A2WC522S	UD-S222B	22611AJ65D	A2WC521S	5E196BF3	21DE1D8C	N.AMERICA	Outback	2005	2.5L	Turbo	MT	FED  CAL
A2WC521R	UD-S213B	22611AJ66A	A2WC500R	0C6CD558	056B4312	N.AMERICA	Outback	2005	2.5L	Turbo	AT	FED  CAL
A2WC521R	UD-S213B	22611AJ66B	A2WC510R	0C6CD558	056B4312	N.AMERICA	Outback	2005	2.5L	Turbo	AT	FED  CAL
A2WC521R	UD-S213B	22611AJ66C	A2WC511R	0C6CD558	056B4312	N.AMERICA	Outback	2005	2.5L	Turbo	AT	FED  CAL
D04M2U07	22611AL54C	22611AL54A	D01M2U01	8F7487C7	6AB93D1D	N.AMERICA	Baja	2006	2.5L	non-Turbo	MT AT	FED  CAL
D04M2U07	22611AL54C	22611AL54B	D02M2U02	8F7487C7	6AB93D1D	N.AMERICA	Baja	2006	2.5L	non-Turbo	MT AT	FED  CAL
E2VL002B	22611AK41D	22611AK41A	E2VG212B	44EAE15A	4AA29F2C	N.AMERICA	Legacy	2006	2.5L	non-Turbo	MT	FED
E2VL002B	22611AK41D	22611AK41B	E2VG222B	44EAE15A	4AA29F2C	N.AMERICA	Legacy	2006	2.5L	non-Turbo	MT	FED
E2VL002B	22611AK41D	22611AK41C	E2VG302B	44EAE15A	4AA29F2C	N.AMERICA	Legacy	2006	2.5L	non-Turbo	MT	FED
E2VL002B	22611AK41D	22611AK41A	E2VG212B	44EAE15A	4AA29F2C	N.AMERICA	Outback	2006	2.5L	non-Turbo	MT	FED
E2VL002B	22611AK41D	22611AK41B	E2VG222B	44EAE15A	4AA29F2C	N.AMERICA	Outback	2006	2.5L	non-Turbo	MT	FED
E2VL002B	22611AK41D	22611AK41C	E2VG302B	44EAE15A	4AA29F2C	N.AMERICA	Outback	2006	2.5L	non-Turbo	MT	FED
E2VL001B	22611AK42D	22611AK42A	E2VG211B	5A5D722E	6E23BFE0	N.AMERICA	Legacy	2006	2.5L	non-Turbo	AT	FED
E2VL001B	22611AK42D	22611AK42B	E2VG221B	5A5D722E	6E23BFE0	N.AMERICA	Legacy	2006	2.5L	non-Turbo	AT	FED
E2VL001B	22611AK42D	22611AK42C	E2VG231B	5A5D722E	6E23BFE0	N.AMERICA	Legacy	2006	2.5L	non-Turbo	AT	FED
E2VL001B	22611AK42D	22611AK42A	E2VG211B	5A5D722E	6E23BFE0	N.AMERICA	Outback	2006	2.5L	non-Turbo	AT	FED
E2VL001B	22611AK42D	22611AK42B	E2VG221B	5A5D722E	6E23BFE0	N.AMERICA	Outback	2006	2.5L	non-Turbo	AT	FED
E2VL001B	22611AK42D	22611AK42C	E2VG231B	5A5D722E	6E23BFE0	N.AMERICA	Outback	2006	2.5L	non-Turbo	AT	FED
E2VL002A	22611AK43G	22611AK43A	E2VI002A	3FE1DA40	578EF53F	N.AMERICA	Legacy	2006	2.5L	non-Turbo	MT	CAL
E2VL002A	22611AK43G	22611AK43B	E2VJ002A	3FE1DA40	578EF53F	N.AMERICA	Legacy	2006	2.5L	non-Turbo	MT	CAL
E2VL002A	22611AK43G	22611AK43C	E2VJ012A	3FE1DA40	578EF53F	N.AMERICA	Legacy	2006	2.5L	non-Turbo	MT	CAL
E2VL002A	22611AK43G	22611AK43D	E2VK002A	3FE1DA40	578EF53F	N.AMERICA	Legacy	2006	2.5L	non-Turbo	MT	CAL
E2VL002A	22611AK43G	22611AK43E	E2VK102A	3FE1DA40	578EF53F	N.AMERICA	Legacy	2006	2.5L	non-Turbo	MT	CAL
E2VL002A	22611AK43G	22611AK43F	E2VK112A	3FE1DA40	578EF53F	N.AMERICA	Legacy	2006	2.5L	non-Turbo	MT	CAL
E2VL002A	22611AK43G	22611AK43A	E2VI002A	3FE1DA40	578EF53F	N.AMERICA	Outback	2006	2.5L	non-Turbo	MT	CAL
E2VL002A	22611AK43G	22611AK43B	E2VJ002A	3FE1DA40	578EF53F	N.AMERICA	Outback	2006	2.5L	non-Turbo	MT	CAL
E2VL002A	22611AK43G	22611AK43C	E2VJ012A	3FE1DA40	578EF53F	N.AMERICA	Outback	2006	2.5L	non-Turbo	MT	CAL
E2VL002A	22611AK43G	22611AK43D	E2VK002A	3FE1DA40	578EF53F	N.AMERICA	Outback	2006	2.5L	non-Turbo	MT	CAL
E2VL002A	22611AK43G	22611AK43E	E2VK102A	3FE1DA40	578EF53F	N.AMERICA	Outback	2006	2.5L	non-Turbo	MT	CAL
E2VL002A	22611AK43G	22611AK43F	E2VK112A	3FE1DA40	578EF53F	N.AMERICA	Outback	2006	2.5L	non-Turbo	MT	CAL
E2VL001A	22611AK44E	22611AK44A	E2VJ001A	771C786A	1CF1EDAF	N.AMERICA	Legacy	2006	2.5L	non-Turbo	AT	CAL
E2VL001A	22611AK44E	22611AK44B	E2VJ001A	771C786A	1CF1EDAF	N.AMERICA	Legacy	2006	2.5L	non-Turbo	AT	CAL
E2VL001A	22611AK44E	22611AK44C	E2VJ011A	771C786A	1CF1EDAF	N.AMERICA	Legacy	2006	2.5L	non-Turbo	AT	CAL
E2VL001A	22611AK44E	22611AK44D	E2VJ021A	771C786A	1CF1EDAF	N.AMERICA	Legacy	2006	2.5L	non-Turbo	AT	CAL
E2VL001A	22611AK44E	22611AK44A	E2VJ001A	771C786A	1CF1EDAF	N.AMERICA	Outback	2006	2.5L	non-Turbo	AT	CAL
E2VL001A	22611AK44E	22611AK44B	E2VJ001A	771C786A	1CF1EDAF	N.AMERICA	Outback	2006	2.5L	non-Turbo	AT	CAL
E2VL001A	22611AK44E	22611AK44C	E2VJ011A	771C786A	1CF1EDAF	N.AMERICA	Outback	2006	2.5L	non-Turbo	AT	CAL
E2VL001A	22611AK44E	22611AK44D	E2VJ021A	771C786A	1CF1EDAF	N.AMERICA	Outback	2006	2.5L	non-Turbo	AT	CAL
A2UI001N	22611AL80C	22611AL80A	A2UG000N	721F2F75	07A68577	N.AMERICA	Legacy	2007	2.5L	Turbo	5MT	FED  CAL
A2UI001N	22611AL80C	22611AL80B	A2UI000N	721F2F75	07A68577	N.AMERICA	Legacy	2007	2.5L	Turbo	5MT	FED  CAL
A2UI001L	22611AL81C	22611AL81A	A2UG000L	0625B6F5	3E178577	N.AMERICA	Legacy	2007	2.5L	Turbo	6MT	FED  CAL
A2UI001L	22611AL81C	22611AL81B	A2UI000L	0625B6F5	3E178577	N.AMERICA	Legacy	2007	2.5L	Turbo	6MT	FED  CAL
A2UI001N	22611AL80C	22611AL80A	A2UG000N	721F2F75	07A68577	N.AMERICA	Outback	2007	2.5L	Turbo	MT	FED  CAL
A2UI001N	22611AL80C	22611AL80B	A2UI000N	721F2F75	07A68577	N.AMERICA	Outback	2007	2.5L	Turbo	MT	FED  CAL
A2UI001C	22611AL82B	22611AL82A	A2UG000C	17281EBE	D3D103C5	N.AMERICA	Legacy	2007	2.5L	Turbo	AT	FED  CAL
A2UI001C	22611AL82B	22611AL82A	A2UG000C	17281EBE	D3D103C5	N.AMERICA	Outback	2007	2.5L	Turbo	AT	FED  CAL
E2UG001B	22611AM37B	22611AM37A	E2UE101B	66AF7BFB	50DB63C4	N.AMERICA	Legacy	2007	2.5L	non-Turbo	AT	FED
E2UG001B	22611AM37B	22611AM37A	E2UE101B	66AF7BFB	50DB63C4	N.AMERICA	Outback	2007	2.5L	non-Turbo	AT	FED
E2UG002B	22611AM36B	22611AM36A	E2UE102B	5AD2A697	CC1B1EAC	N.AMERICA	Legacy	2007	2.5L	non-Turbo	MT	FED
E2UG002B	22611AM36B	22611AM36A	E2UE102B	5AD2A697	CC1B1EAC	N.AMERICA	Outback	2007	2.5L	non-Turbo	MT	FED
E2UG001A	22611AM39C	22611AM39A	E2UE101A	7E431CDD	01708947	N.AMERICA	Legacy	2007	2.5L	non-Turbo	AT	CAL
E2UG001A	22611AM39C	22611AM39B	E2UE111A	7E431CDD	01708947	N.AMERICA	Legacy	2007	2.5L	non-Turbo	AT	CAL
E2UG001A	22611AM39C	22611AM39A	E2UE101A	7E431CDD	01708947	N.AMERICA	Outback	2007	2.5L	non-Turbo	AT	CAL
E2UG001A	22611AM39C	22611AM39B	E2UE111A	7E431CDD	01708947	N.AMERICA	Outback	2007	2.5L	non-Turbo	AT	CAL
E2UG002A	22611AM38C	22611AM38A	E2UE102A	B55CAAFD	A98D8407	N.AMERICA	Legacy	2007	2.5L	non-Turbo	MT	CAL
E2UG002A	22611AM38C	22611AM38B	E2UE112A	B55CAAFD	A98D8407	N.AMERICA	Legacy	2007	2.5L	non-Turbo	MT	CAL
E2UG002A	22611AM38C	22611AM38A	E2UE102A	B55CAAFD	A98D8407	N.AMERICA	Outback	2007	2.5L	non-Turbo	MT	CAL
E2UG002A	22611AM38C	22611AM38B	E2UE112A	B55CAAFD	A98D8407	N.AMERICA	Outback	2007	2.5L	non-Turbo	MT	CAL
A2TB001N	22611AM96B	22611AM96A	A2TB000N	3604A382	F618FA3A	N.AMERICA	Legacy	2008	2.5L	Turbo	5MT	FED  CAL
A2TB001N	22611AM96B	22611AM96A	A2TB000N	3604A382	F618FA3A	N.AMERICA	Outback	2008	2.5L	Turbo	5MT	FED  CAL
A2TB001L	22611AM97B	22611AM97A	A2TB000L	E9326433	6D769B49	N.AMERICA	Legacy	2008	2.5L	Turbo	6MT	FED  CAL
A2TB001L	22611AM97B	22611AM97A	A2TB000L	E9326433	6D769B49	N.AMERICA	Legacy	2009	2.5L	Turbo	6MT	FED  CAL
EZ1GC00B	22611AN02F	22611AN02A	EZ1D105B	A210E896	18F4A296	N.AMERICA	Legacy	2008	2.5L	non-Turbo	AT	CAL
EZ1GC00B	22611AN02F	22611AN02B	EZ1D201B	A210E896	18F4A296	N.AMERICA	Legacy	2008	2.5L	non-Turbo	AT	CAL
EZ1GC00B	22611AN02F	22611AN02C	EZ1D301B	A210E896	18F4A296	N.AMERICA	Legacy	2008	2.5L	non-Turbo	AT	CAL
EZ1GC00B	22611AN02F	22611AN02D	EZ1D302B	A210E896	18F4A296	N.AMERICA	Legacy	2008	2.5L	non-Turbo	AT	CAL
EZ1GC00B	22611AN02F	22611AN02E	EZ1D303B	A210E896	18F4A296	N.AMERICA	Legacy	2008	2.5L	non-Turbo	AT	CAL
EZ1GC00B	22611AN02F	22611AN02A	EZ1D105B	A210E896	18F4A296	N.AMERICA	Legacy	2009	2.5L	non-Turbo	AT	CAL
EZ1GC00B	22611AN02F	22611AN02B	EZ1D201B	A210E896	18F4A296	N.AMERICA	Legacy	2009	2.5L	non-Turbo	AT	CAL
EZ1GC00B	22611AN02F	22611AN02C	EZ1D301B	A210E896	18F4A296	N.AMERICA	Legacy	2009	2.5L	non-Turbo	AT	CAL
EZ1GC00B	22611AN02F	22611AN02D	EZ1D302B	A210E896	18F4A296	N.AMERICA	Legacy	2009	2.5L	non-Turbo	AT	CAL
EZ1GC00B	22611AN02F	22611AN02E	EZ1D303B	A210E896	18F4A296	N.AMERICA	Legacy	2009	2.5L	non-Turbo	AT	CAL
EZ1GC00B	22611AN02F	22611AN02A	EZ1D105B	A210E896	18F4A296	N.AMERICA	Outback	2008	2.5L	non-Turbo	AT	CAL
EZ1GC00B	22611AN02F	22611AN02B	EZ1D201B	A210E896	18F4A296	N.AMERICA	Outback	2008	2.5L	non-Turbo	AT	CAL
EZ1GC00B	22611AN02F	22611AN02C	EZ1D301B	A210E896	18F4A296	N.AMERICA	Outback	2008	2.5L	non-Turbo	AT	CAL
EZ1GC00B	22611AN02F	22611AN02D	EZ1D302B	A210E896	18F4A296	N.AMERICA	Outback	2008	2.5L	non-Turbo	AT	CAL
EZ1GC00B	22611AN02F	22611AN02E	EZ1D303B	A210E896	18F4A296	N.AMERICA	Outback	2008	2.5L	non-Turbo	AT	CAL
EZ1GC00B	22611AN02F	22611AN02A	EZ1D105B	A210E896	18F4A296	N.AMERICA	Outback	2009	2.5L	non-Turbo	AT	CAL
EZ1GC00B	22611AN02F	22611AN02B	EZ1D201B	A210E896	18F4A296	N.AMERICA	Outback	2009	2.5L	non-Turbo	AT	CAL
EZ1GC00B	22611AN02F	22611AN02C	EZ1D301B	A210E896	18F4A296	N.AMERICA	Outback	2009	2.5L	non-Turbo	AT	CAL
EZ1GC00B	22611AN02F	22611AN02D	EZ1D302B	A210E896	18F4A296	N.AMERICA	Outback	2009	2.5L	non-Turbo	AT	CAL
EZ1GC00B	22611AN02F	22611AN02E	EZ1D303B	A210E896	18F4A296	N.AMERICA	Outback	2009	2.5L	non-Turbo	AT	CAL
EZ1GC00A	22611AN01E	22611AN01A	EZ1D105A	3EE4395C	8DDCC4EB	N.AMERICA	Legacy	2008	2.5L	non-Turbo	MT	CAL
EZ1GC00A	22611AN01E	22611AN01B	EZ1D301A	3EE4395C	8DDCC4EB	N.AMERICA	Legacy	2008	2.5L	non-Turbo	MT	CAL
EZ1GC00A	22611AN01E	22611AN01C	EZ1D302A	3EE4395C	8DDCC4EB	N.AMERICA	Legacy	2008	2.5L	non-Turbo	MT	CAL
EZ1GC00A	22611AN01E	22611AN01D	EZ1D303A	3EE4395C	8DDCC4EB	N.AMERICA	Legacy	2008	2.5L	non-Turbo	MT	CAL
EZ1GC00A	22611AN01E	22611AN01A	EZ1D105A	3EE4395C	8DDCC4EB	N.AMERICA	Legacy	2009	2.5L	non-Turbo	MT	CAL
EZ1GC00A	22611AN01E	22611AN01B	EZ1D301A	3EE4395C	8DDCC4EB	N.AMERICA	Legacy	2009	2.5L	non-Turbo	MT	CAL
EZ1GC00A	22611AN01E	22611AN01C	EZ1D302A	3EE4395C	8DDCC4EB	N.AMERICA	Legacy	2009	2.5L	non-Turbo	MT	CAL
EZ1GC00A	22611AN01E	22611AN01D	EZ1D303A	3EE4395C	8DDCC4EB	N.AMERICA	Legacy	2009	2.5L	non-Turbo	MT	CAL
EZ1GC00A	22611AN01E	22611AN01A	EZ1D105A	3EE4395C	8DDCC4EB	N.AMERICA	Outback	2008	2.5L	non-Turbo	MT	CAL
EZ1GC00A	22611AN01E	22611AN01B	EZ1D301A	3EE4395C	8DDCC4EB	N.AMERICA	Outback	2008	2.5L	non-Turbo	MT	CAL
EZ1GC00A	22611AN01E	22611AN01C	EZ1D302A	3EE4395C	8DDCC4EB	N.AMERICA	Outback	2008	2.5L	non-Turbo	MT	CAL
EZ1GC00A	22611AN01E	22611AN01D	EZ1D303A	3EE4395C	8DDCC4EB	N.AMERICA	Outback	2008	2.5L	non-Turbo	MT	CAL
EZ1GC00A	22611AN01E	22611AN01A	EZ1D105A	3EE4395C	8DDCC4EB	N.AMERICA	Outback	2009	2.5L	non-Turbo	MT	CAL
EZ1GC00A	22611AN01E	22611AN01B	EZ1D301A	3EE4395C	8DDCC4EB	N.AMERICA	Outback	2009	2.5L	non-Turbo	MT	CAL
EZ1GC00A	22611AN01E	22611AN01C	EZ1D302A	3EE4395C	8DDCC4EB	N.AMERICA	Outback	2009	2.5L	non-Turbo	MT	CAL
EZ1GC00A	22611AN01E	22611AN01D	EZ1D303A	3EE4395C	8DDCC4EB	N.AMERICA	Outback	2009	2.5L	non-Turbo	MT	CAL
EZ1GC00D	22611AN00E	22611AN00B	EZ1D201D	4AD40DD5	8DDAB6B5	N.AMERICA	Legacy	2008	2.5L	non-Turbo	AT	FED
EZ1GC00D	22611AN00E	22611AN00C	EZ1D301D	4AD40DD5	8DDAB6B5	N.AMERICA	Legacy	2008	2.5L	non-Turbo	AT	FED
EZ1GC00D	22611AN00E	22611AN00D	EZ1D302D	4AD40DD5	8DDAB6B5	N.AMERICA	Legacy	2008	2.5L	non-Turbo	AT	FED
EZ1GC00D	22611AN00E	22611AN00B	EZ1D201D	4AD40DD5	8DDAB6B5	N.AMERICA	Legacy	2009	2.5L	non-Turbo	AT	FED
EZ1GC00D	22611AN00E	22611AN00C	EZ1D301D	4AD40DD5	8DDAB6B5	N.AMERICA	Legacy	2009	2.5L	non-Turbo	AT	FED
EZ1GC00D	22611AN00E	22611AN00D	EZ1D302D	4AD40DD5	8DDAB6B5	N.AMERICA	Legacy	2009	2.5L	non-Turbo	AT	FED
EZ1GC00D	22611AN00E	22611AN00B	EZ1D201D	4AD40DD5	8DDAB6B5	N.AMERICA	Outback	2008	2.5L	non-Turbo	AT	FED
EZ1GC00D	22611AN00E	22611AN00C	EZ1D301D	4AD40DD5	8DDAB6B5	N.AMERICA	Outback	2008	2.5L	non-Turbo	AT	FED
EZ1GC00D	22611AN00E	22611AN00D	EZ1D302D	4AD40DD5	8DDAB6B5	N.AMERICA	Outback	2008	2.5L	non-Turbo	AT	FED
EZ1GC00D	22611AN00E	22611AN00B	EZ1D201D	4AD40DD5	8DDAB6B5	N.AMERICA	Outback	2009	2.5L	non-Turbo	AT	FED
EZ1GC00D	22611AN00E	22611AN00C	EZ1D301D	4AD40DD5	8DDAB6B5	N.AMERICA	Outback	2009	2.5L	non-Turbo	AT	FED
EZ1GC00D	22611AN00E	22611AN00D	EZ1D302D	4AD40DD5	8DDAB6B5	N.AMERICA	Outback	2009	2.5L	non-Turbo	AT	FED
EZ1GC00C	22611AM99D	22611AM99A	EZ1D105C	449C1C41	BA422251	N.AMERICA	Legacy	2008	2.5L	non-Turbo	MT	FED
EZ1GC00C	22611AM99D	22611AM99B	EZ1D301C	449C1C41	BA422251	N.AMERICA	Legacy	2008	2.5L	non-Turbo	MT	FED
EZ1GC00C	22611AM99D	22611AM99C	EZ1D302C	449C1C41	BA422251	N.AMERICA	Legacy	2008	2.5L	non-Turbo	MT	FED
EZ1GC00C	22611AM99D	22611AM99A	EZ1D105C	449C1C41	BA422251	N.AMERICA	Legacy	2009	2.5L	non-Turbo	MT	FED
EZ1GC00C	22611AM99D	22611AM99B	EZ1D301C	449C1C41	BA422251	N.AMERICA	Legacy	2009	2.5L	non-Turbo	MT	FED
EZ1GC00C	22611AM99D	22611AM99C	EZ1D302C	449C1C41	BA422251	N.AMERICA	Legacy	2009	2.5L	non-Turbo	MT	FED
EZ1GC00C	22611AM99D	22611AM99A	EZ1D105C	449C1C41	BA422251	N.AMERICA	Outback	2008	2.5L	non-Turbo	MT	FED
EZ1GC00C	22611AM99D	22611AM99B	EZ1D301C	449C1C41	BA422251	N.AMERICA	Outback	2008	2.5L	non-Turbo	MT	FED
EZ1GC00C	22611AM99D	22611AM99C	EZ1D302C	449C1C41	BA422251	N.AMERICA	Outback	2008	2.5L	non-Turbo	MT	FED
EZ1GC00C	22611AM99D	22611AM99A	EZ1D105C	449C1C41	BA422251	N.AMERICA	Outback	2009	2.5L	non-Turbo	MT	FED
EZ1GC00C	22611AM99D	22611AM99B	EZ1D301C	449C1C41	BA422251	N.AMERICA	Outback	2009	2.5L	non-Turbo	MT	FED
EZ1GC00C	22611AM99D	22611AM99C	EZ1D302C	449C1C41	BA422251	N.AMERICA	Outback	2009	2.5L	non-Turbo	MT	FED
EE5I921T	22765AB07D	22765AA02A	EE5F200T	9FE0671C	8410 CC47	N.AMERICA	Legacy	2010	2.5L	non-Turbo	CVT	CAL
EE5I921T	22765AB07D	22765AA02B	EE5F600T	9FE0671C	8410 CC47	N.AMERICA	Legacy	2010	2.5L	non-Turbo	CVT	CAL
EE5I921T	22765AB07D	22765AA02C	EE5F601T	9FE0671C	8410 CC47	N.AMERICA	Legacy	2010	2.5L	non-Turbo	CVT	CAL
EE5I921T	22765AB07D	22765AB07C	EE5I920T	9FE0671C	8410 CC47	N.AMERICA	Legacy	2010	2.5L	non-Turbo	CVT	CAL
EE5I921T	22765AB07D	22765AA02A	EE5F200T	9FE0671C	8410 CC47	N.AMERICA	Outback	2010	2.5L	non-Turbo	CVT	CAL
EE5I921T	22765AB07D	22765AA02B	EE5F600T	9FE0671C	8410 CC47	N.AMERICA	Outback	2010	2.5L	non-Turbo	CVT	CAL
EE5I921T	22765AB07D	22765AA02C	EE5F601T	9FE0671C	8410 CC47	N.AMERICA	Outback	2010	2.5L	non-Turbo	CVT	CAL
EE5I921T	22765AB07D	22765AB07C	EE5I920T	9FE0671C	8410 CC47	N.AMERICA	Outback	2010	2.5L	non-Turbo	CVT	CAL
EE5I910U	22765AB06B	22765AA01A	EE5F200U	7774F104	F81FB6C8 	N.AMERICA	Outback	2010	2.5L	non-Turbo	MT	CAL
EE5I910U	22765AB06B	22765AA01B	EE5F500U	7774F104	F81FB6C8 	N.AMERICA	Outback	2010	2.5L	non-Turbo	MT	CAL
EE5I910U	22765AB06B	22765AA01C	EE5F501U	7774F104	F81FB6C8 	N.AMERICA	Outback	2010	2.5L	non-Turbo	MT	CAL
EE5I921V	22765AB09D	22765AA04A	EE5F200V	AD655342	0E5D 3975	N.AMERICA	Legacy	2010	2.5L	non-Turbo	CVT	FED
EE5I921V	22765AB09D	22765AA04B	EE5F201V	AD655342	0E5D 3975	N.AMERICA	Legacy	2010	2.5L	non-Turbo	CVT	FED
EE5I921V	22765AB09D	22765AB09C	EE5I920V	AD655342	0E5D 3975	N.AMERICA	Legacy	2010	2.5L	non-Turbo	CVT	FED
EE5I921V	22765AB09D	22765AA04A	EE5F200V	AD655342	0E5D 3975	N.AMERICA	Outback	2010	2.5L	non-Turbo	CVT	FED
EE5I921V	22765AB09D	22765AA04B	EE5F201V	AD655342	0E5D 3975	N.AMERICA	Outback	2010	2.5L	non-Turbo	CVT	FED
EE5I921V	22765AB09D	22765AB09C	EE5I920V	AD655342	0E5D 3975	N.AMERICA	Outback	2010	2.5L	non-Turbo	CVT	FED
EE5I910W	22765AB08B	22765AA03A	EE5F200W	14512F90	BAC53B90	N.AMERICA	Legacy	2010	2.5L	non-Turbo	MT	FED  CAL
EE5I910W	22765AB08B	22765AA03B	EE5F500W	14512F90	BAC53B90	N.AMERICA	Legacy	2010	2.5L	non-Turbo	MT	FED  CAL
EE5I910W	22765AB08B	22765AA03C	EE5F501W	14512F90	BAC53B90	N.AMERICA	Legacy	2010	2.5L	non-Turbo	MT	FED  CAL
EE5I910W	22765AB08B	22765AA03A	EE5F200W	14512F90	BAC53B90	N.AMERICA	Outback	2010	2.5L	non-Turbo	MT	FED
EE5I910W	22765AB08B	22765AA03B	EE5F500W	14512F90	BAC53B90	N.AMERICA	Outback	2010	2.5L	non-Turbo	MT	FED
EE5I910W	22765AB08B	22765AA03C	EE5F501W	14512F90	BAC53B90	N.AMERICA	Outback	2010	2.5L	non-Turbo	MT	FED
DE5F201B	22765AA05B	22765AA05A	DE5F200B	1462FFAF	C199 2DC9	N.AMERICA	Outback	2010	3.6L	non-Turbo	AT	CAL
DE5F201G	22765AA06B	22765AA06A	DE5F200G	619DBFED	3F28 28C1	N.AMERICA	Legacy	2010	3.6L	non-Turbo	AT	FED
DE5F201G	22765AA06B	22765AA06A	DE5F200G	619DBFED	3F28 28C1	N.AMERICA	Outback	2010	3.6L	non-Turbo	AT	FED
DE5F201B	22765AA05B	22765AA05A	DE5F200B	1462FFAF	C199 2DC9	N.AMERICA	Legacy	2010	3.6L	non-Turbo	AT	CAL
EE5I910U	22765AB06B	22765AB06A	EE5I712U	7774F104	F81FB6C8 	N.AMERICA	Outback	2011	2.5L	non-Turbo	MT	CAL
EE5I910W	22765AB08B	22765AB08A	EE5I712W	14512F90	BAC53B90	N.AMERICA	Legacy	2011	2.5L	non-Turbo	MT	FED  CAL
EE5I910W	22765AB08B	22765AB08A	EE5I712W	14512F90	BAC53B90	N.AMERICA	Outback	2011	2.5L	non-Turbo	MT	FED
AE5I910E	22765AB11B	22765AB11A	AE5I712E	A2F8D4F0	CE63AAA5	N.AMERICA	Legacy	2011	2.5L	Turbo	MT	FED  CAL
AE5I910E	22765AB11B	22765AB11A	AE5I712E	A2F8D4F0	CE63AAA5	N.AMERICA	Outback	2011	2.5L	Turbo	MT	FED  CAL
EE5I921T	22765AB07D	22765AB07A	EE5I712T	9FE0671C	8410 CC47	N.AMERICA	Legacy	2011	2.5L	non-Turbo	CVT	CAL
EE5I921T	22765AB07D	22765AB07B	EE5I910T	9FE0671C	8410 CC47	N.AMERICA	Legacy	2011	2.5L	non-Turbo	CVT	CAL
EE5I921T	22765AB07D	22765AB07C	EE5I920T	9FE0671C	8410 CC47	N.AMERICA	Legacy	2011	2.5L	non-Turbo	CVT	CAL
EE5I921T	22765AB07D	22765AB07A	EE5I712T	9FE0671C	8410 CC47	N.AMERICA	Outback	2011	2.5L	non-Turbo	CVT	CAL
EE5I921T	22765AB07D	22765AB07B	EE5I910T	9FE0671C	8410 CC47	N.AMERICA	Outback	2011	2.5L	non-Turbo	CVT	CAL
EE5I921T	22765AB07D	22765AB07C	EE5I920T	9FE0671C	8410 CC47	N.AMERICA	Outback	2011	2.5L	non-Turbo	CVT	CAL
EE5I921V	22765AB09D	22765AB09A	EE5I712V	AD655342	0E5D 3975	N.AMERICA	Legacy	2011	2.5L	non-Turbo	CVT	FED
EE5I921V	22765AB09D	22765AB09B	EE5I910V	AD655342	0E5D 3975	N.AMERICA	Legacy	2011	2.5L	non-Turbo	CVT	FED
EE5I921V	22765AB09D	22765AB09C	EE5I920V	AD655342	0E5D 3975	N.AMERICA	Legacy	2011	2.5L	non-Turbo	CVT	FED
EE5I921V	22765AB09D	22765AB09A	EE5I712V	AD655342	0E5D 3975	N.AMERICA	Outback	2011	2.5L	non-Turbo	CVT	FED
EE5I921V	22765AB09D	22765AB09B	EE5I910V	AD655342	0E5D 3975	N.AMERICA	Outback	2011	2.5L	non-Turbo	CVT	FED
EE5I921V	22765AB09D	22765AB09C	EE5I920V	AD655342	0E5D 3975	N.AMERICA	Outback	2011	2.5L	non-Turbo	CVT	FED
AE5IB50E	22765AC96D	22765AC96A	AE5A11E	2C8D8017	4D39 5D6C	N.AMERICA	Legacy	2011	2.5L	Turbo	MT	FED  CAL
AE5IB50E	22765AC96D	22765AC96B	AE5IB00E	2C8D8017	4D39 5D6C	N.AMERICA	Legacy	2011	2.5L	Turbo	MT	FED  CAL
AE5IB50E	22765AC96D	22765AC96C	AE5IB40E	2C8D8017	4D39 5D6C	N.AMERICA	Legacy	2011	2.5L	Turbo	MT	FED  CAL
EE5IB50U	22765AC92E	22765AC92A	EE5IA11U	849AA8BF	92BE BDD7	N.AMERICA	Outback	2011	2.5L	non-Turbo	MT	CAL
EE5IB50U	22765AC92E	22765AC92B	EE5IB20U	849AA8BF	92BE BDD7	N.AMERICA	Outback	2011	2.5L	non-Turbo	MT	CAL
EE5IB50U	22765AC92E	22765AC92C	EE5IB22U	849AA8BF	92BE BDD7	N.AMERICA	Outback	2011	2.5L	non-Turbo	MT	CAL
EE5IB50U	22765AC92E	22765AC92D	EE5IB41U	849AA8BF	92BE BDD7	N.AMERICA	Outback	2011	2.5L	non-Turbo	MT	CAL
EE5IB41T	22765AC93E	22765AC93A	EE5IA11T	705A26F1	2713 670D	N.AMERICA	Legacy	2011	2.5L	non-Turbo	CVT	CAL
EE5IB41T	22765AC93E	22765AC93B	EE5IB20T	705A26F1	2713 670D	N.AMERICA	Legacy	2011	2.5L	non-Turbo	CVT	CAL
EE5IB41T	22765AC93E	22765AC93B	EE5IB2WT	705A26F1	2713 670D	N.AMERICA	Legacy	2011	2.5L	non-Turbo	CVT	CAL
EE5IB41T	22765AC93E	22765AC93C	EE5IB21T	705A26F1	2713 670D	N.AMERICA	Legacy	2011	2.5L	non-Turbo	CVT	CAL
EE5IB41T	22765AC93E	22765AC93D	EE5IB22T	705A26F1	2713 670D	N.AMERICA	Legacy	2011	2.5L	non-Turbo	CVT	CAL
EE5IB41T	22765AC93E	22765AC93A	EE5IA11T	705A26F1	2713 670D	N.AMERICA	Outback	2011	2.5L	non-Turbo	CVT	CAL
EE5IB41T	22765AC93E	22765AC93B	EE5IB20T	705A26F1	2713 670D	N.AMERICA	Outback	2011	2.5L	non-Turbo	CVT	CAL
EE5IB41T	22765AC93E	22765AC93B	EE5IB2WT	705A26F1	2713 670D	N.AMERICA	Outback	2011	2.5L	non-Turbo	CVT	CAL
EE5IB41T	22765AC93E	22765AC93C	EE5IB21T	705A26F1	2713 670D	N.AMERICA	Outback	2011	2.5L	non-Turbo	CVT	CAL
EE5IB41T	22765AC93E	22765AC93D	EE5IB22T	705A26F1	2713 670D	N.AMERICA	Outback	2011	2.5L	non-Turbo	CVT	CAL
EE5IB50W	22765AC94E	22765AC94A	EE5IA11W	CBF41F5B	9802 247C	N.AMERICA	Legacy	2011	2.5L	non-Turbo	MT	FED  CAL
EE5IB50W	22765AC94E	22765AC94B	EE5IB20W	CBF41F5B	9802 247C	N.AMERICA	Legacy	2011	2.5L	non-Turbo	MT	FED  CAL
EE5IB50W	22765AC94E	22765AC94C	EE5IB22W	CBF41F5B	9802 247C	N.AMERICA	Legacy	2011	2.5L	non-Turbo	MT	FED  CAL
EE5IB50W	22765AC94E	22765AC94D	EE5IB40W	CBF41F5B	9802 247C	N.AMERICA	Legacy	2011	2.5L	non-Turbo	MT	FED  CAL
EE5IB50W	22765AC94E	22765AC94A	EE5IA11W	CBF41F5B	9802 247C	N.AMERICA	Outback	2011	2.5L	non-Turbo	MT	FED
EE5IB50W	22765AC94E	22765AC94B	EE5IB20W	CBF41F5B	9802 247C	N.AMERICA	Outback	2011	2.5L	non-Turbo	MT	FED
EE5IB50W	22765AC94E	22765AC94C	EE5IB22W	CBF41F5B	9802 247C	N.AMERICA	Outback	2011	2.5L	non-Turbo	MT	FED
EE5IB50W	22765AC94E	22765AC94D	EE5IB40W	CBF41F5B	9802 247C	N.AMERICA	Outback	2011	2.5L	non-Turbo	MT	FED
EE5IB40V	22765AC95D	22765AC95A	EE5IA11V	FABB0953	343E F951	N.AMERICA	Legacy	2011	2.5L	non-Turbo	CVT	FED
EE5IB40V	22765AC95D	22765AC95B	EE5IB20V	FABB0953	343E F951	N.AMERICA	Legacy	2011	2.5L	non-Turbo	CVT	FED
EE5IB40V	22765AC95D	22765AC95C	EE5IB22V	FABB0953	343E F951	N.AMERICA	Legacy	2011	2.5L	non-Turbo	CVT	FED
EE5IB40V	22765AC95D	22765AC95A	EE5IA11V	FABB0953	343E F951	N.AMERICA	Outback	2011	2.5L	non-Turbo	CVT	FED
EE5IB40V	22765AC95D	22765AC95B	EE5IB20V	FABB0953	343E F951	N.AMERICA	Outback	2011	2.5L	non-Turbo	CVT	FED
EE5IB40V	22765AC95D	22765AC95C	EE5IB22V	FABB0953	343E F951	N.AMERICA	Outback	2011	2.5L	non-Turbo	CVT	FED
DE5F810B	22765AB12B	22765AB12A	DE5F712B	6F94D951	AA6F9F64	N.AMERICA	Legacy	2011	3.6L	non-Turbo	AT	CAL
DE5F810B	22765AB12B	22765AB12A	DE5F712B	6F94D951	AA6F9F64	N.AMERICA	Outback	2011	3.6L	non-Turbo	AT	CAL
DE5F810G	22765AB13B	22765AB13A	DE5F712G	4172BBA3	BE325823	N.AMERICA	Legacy	2011	3.6L	non-Turbo	AT	FED
DE5F810G	22765AB13B	22765AB13A	DE5F712G	4172BBA3	BE325823	N.AMERICA	Outback	2011	3.6L	non-Turbo	AT	FED
DE5IB40G	22765AC98C	22765AC98B	DE5IB00G	A434BD4F	99B9 5D56	N.AMERICA	Legacy	2011	3.6L	non-Turbo	AT	FED
DE5IB40G	22765AC98C	22765AC98B	DE5IB00G	A434BD4F	99B9 5D56	N.AMERICA	Outback	2011	3.6L	non-Turbo	AT	FED
DE5IB40B	22765AC97C	22765AC97B	DE5IB00B	25480820	4B2B 1931	N.AMERICA	Legacy	2011	3.6L	non-Turbo	AT	CAL
DE5IB40B	22765AC97C	22765AC97B	DE5IB00B	25480820	4B2B 1931	N.AMERICA	Outback	2011	3.6L	non-Turbo	AT	CAL
EE5K900U	22765AC65E	22765AC65A	EE5IA12U	FC53CAC5	DBC1 9E9F	N.AMERICA	Outback	2012	2.5L	non-Turbo	MT	CAL
EE5K900U	22765AC65E	22765AC65A	EE5K410U	FC53CAC5	DBC1 9E9F	N.AMERICA	Outback	2012	2.5L	non-Turbo	MT	CAL
EE5K900U	22765AC65E	22765AC65B	EE5K411U	FC53CAC5	DBC1 9E9F	N.AMERICA	Outback	2012	2.5L	non-Turbo	MT	CAL
EE5K900U	22765AC65E	22765AC65B	EE5K412U	FC53CAC5	DBC1 9E9F	N.AMERICA	Outback	2012	2.5L	non-Turbo	MT	CAL
EE5K900U	22765AC65E	22765AC65C	EE5K610U	FC53CAC5	DBC1 9E9F	N.AMERICA	Outback	2012	2.5L	non-Turbo	MT	CAL
EE5K900U	22765AC65E	22765AC65D	EE5K801U	FC53CAC5	DBC1 9E9F	N.AMERICA	Outback	2012	2.5L	non-Turbo	MT	CAL
EE5K801T	22765AC66C	22765AC66A	EE5IA12T	8920BFCC	9618 4420	N.AMERICA	Legacy	2012	2.5L	non-Turbo	CVT	CAL
EE5K801T	22765AC66C	22765AC66A	EE5K410T	8920BFCC	9618 4420	N.AMERICA	Legacy	2012	2.5L	non-Turbo	CVT	CAL
EE5K801T	22765AC66C	22765AC66B	EE5K411T	8920BFCC	9618 4420	N.AMERICA	Legacy	2012	2.5L	non-Turbo	CVT	CAL
EE5K801T	22765AC66C	22765AC66B	EE5K412T	8920BFCC	9618 4420	N.AMERICA	Legacy	2012	2.5L	non-Turbo	CVT	CAL
EE5K801T	22765AC66C	22765AC66A	EE5IA12T	8920BFCC	9618 4420	N.AMERICA	Outback	2012	2.5L	non-Turbo	CVT	CAL
EE5K801T	22765AC66C	22765AC66A	EE5K410T	8920BFCC	9618 4420	N.AMERICA	Outback	2012	2.5L	non-Turbo	CVT	CAL
EE5K801T	22765AC66C	22765AC66B	EE5K411T	8920BFCC	9618 4420	N.AMERICA	Outback	2012	2.5L	non-Turbo	CVT	CAL
EE5K801T	22765AC66C	22765AC66B	EE5K412T	8920BFCC	9618 4420	N.AMERICA	Outback	2012	2.5L	non-Turbo	CVT	CAL
EE5K900W	22765AD31D	22765AD31A	EE5J000W	7A783A7D	00DC B8F5	N.AMERICA	Legacy	2012	2.5L	non-Turbo	MT	FED  CAL
EE5K900W	22765AD31D	22765AD31A	EE5K410W	7A783A7D	00DC B8F5	N.AMERICA	Legacy	2012	2.5L	non-Turbo	MT	FED  CAL
EE5K900W	22765AD31D	22765AD31B	EE5K411W	7A783A7D	00DC B8F5	N.AMERICA	Legacy	2012	2.5L	non-Turbo	MT	FED  CAL
EE5K900W	22765AD31D	22765AD31C	EE5K801W	7A783A7D	00DC B8F5	N.AMERICA	Legacy	2012	2.5L	non-Turbo	MT	FED  CAL
EE5K900W	22765AD31D	22765AD31A	EE5J000W	7A783A7D	00DC B8F5	N.AMERICA	Outback	2012	2.5L	non-Turbo	MT	FED
EE5K900W	22765AD31D	22765AD31A	EE5K410W	7A783A7D	00DC B8F5	N.AMERICA	Outback	2012	2.5L	non-Turbo	MT	FED
EE5K900W	22765AD31D	22765AD31B	EE5K411W	7A783A7D	00DC B8F5	N.AMERICA	Outback	2012	2.5L	non-Turbo	MT	FED
EE5K900W	22765AD31D	22765AD31C	EE5K801W	7A783A7D	00DC B8F5	N.AMERICA	Outback	2012	2.5L	non-Turbo	MT	FED
EE5K801V	22765AC67C	22765AC67A	EE5J000V	CE697935	D138 5BBA	N.AMERICA	Legacy	2012	2.5L	non-Turbo	CVT	FED
EE5K801V	22765AC67C	22765AC67A	EE5K410V	CE697935	D138 5BBA	N.AMERICA	Legacy	2012	2.5L	non-Turbo	CVT	FED
EE5K801V	22765AC67C	22765AC67B	EE5K411V	CE697935	D138 5BBA	N.AMERICA	Legacy	2012	2.5L	non-Turbo	CVT	FED
EE5K801V	22765AC67C	22765AC67A	EE5J000V	CE697935	D138 5BBA	N.AMERICA	Outback	2012	2.5L	non-Turbo	CVT	FED
EE5K801V	22765AC67C	22765AC67A	EE5K410V	CE697935	D138 5BBA	N.AMERICA	Outback	2012	2.5L	non-Turbo	CVT	FED
EE5K801V	22765AC67C	22765AC67B	EE5K411V	CE697935	D138 5BBA	N.AMERICA	Outback	2012	2.5L	non-Turbo	CVT	FED
AE5K900E	22765AD30C	22765AD30A	AE5IA12E	89FB30B3	13FF AA79	N.AMERICA	Legacy	2012	2.5L	Turbo	MT	FED  CAL
AE5K900E	22765AD30C	22765AD30A	AE5K410E	89FB30B3	13FF AA79	N.AMERICA	Legacy	2012	2.5L	Turbo	MT	FED  CAL
AE5K900E	22765AD30C	22765AD30B	AE5K800E	89FB30B3	13FF AA79	N.AMERICA	Legacy	2012	2.5L	Turbo	MT	FED  CAL
DE5K800B	22765AC68C	22765AC68A	DE5F811B	26D4824E	293C EBEA	N.AMERICA	Legacy	2012	3.6L	non-Turbo	AT	CAL
DE5K800B	22765AC68C	22765AC68A	DE5K410B	26D4824E	293C EBEA	N.AMERICA	Legacy	2012	3.6L	non-Turbo	AT	CAL
DE5K800B	22765AC68C	22765AC68B	DE5K411B	26D4824E	293C EBEA	N.AMERICA	Legacy	2012	3.6L	non-Turbo	AT	CAL
DE5K800B	22765AC68C	22765AC68A	DE5F811B	26D4824E	293C EBEA	N.AMERICA	Outback	2012	3.6L	non-Turbo	AT	CAL
DE5K800B	22765AC68C	22765AC68A	DE5K410B	26D4824E	293C EBEA	N.AMERICA	Outback	2012	3.6L	non-Turbo	AT	CAL
DE5K800B	22765AC68C	22765AC68B	DE5K411B	26D4824E	293C EBEA	N.AMERICA	Outback	2012	3.6L	non-Turbo	AT	CAL
DE5K800G	22765AC69C	22765AC69A	DE5F811G 	21ECE74D	24A8 2C6B	N.AMERICA	Legacy	2012	3.6L	non-Turbo	AT	FED
DE5K800G	22765AC69C	22765AC69A	DE5K410G 	21ECE74D	24A8 2C6B	N.AMERICA	Legacy	2012	3.6L	non-Turbo	AT	FED
DE5K800G	22765AC69C	22765AC69B	DE5K411G	21ECE74D	24A8 2C6B	N.AMERICA	Legacy	2012	3.6L	non-Turbo	AT	FED
DE5K800G	22765AC69C	22765AC69A	DE5F811G 	21ECE74D	24A8 2C6B	N.AMERICA	Outback	2012	3.6L	non-Turbo	AT	FED
DE5K800G	22765AC69C	22765AC69A	DE5K410G 	21ECE74D	24A8 2C6B	N.AMERICA	Outback	2012	3.6L	non-Turbo	AT	FED
DE5K800G	22765AC69C	22765AC69B	DE5K411G	21ECE74D	24A8 2C6B	N.AMERICA	Outback	2012	3.6L	non-Turbo	AT	FED
DE5M301C	22765AD09B	22765AD09A	DE5M300C	A836856D	1F11C73D	N.AMERICA	Legacy	2013	3.6L	non-Turbo	AT	CAL
DE5M301B	22765AD90B	22765AD90A	DE5M300B	403D55D0	CF32C73D	N.AMERICA	Legacy	2013	3.6L	non-Turbo	AT	CAL
DE5M301H	22765AD10B	22765AD10A	DE5M300H	DCDE7FD1	88F3BAB9	N.AMERICA	Legacy	2013	3.6L	non-Turbo	AT	FED
DE5M301G	22765AD91B	22765AD91A	DE5M300G	ECC2A03A	A51ABAB9	N.AMERICA	Legacy	2013	3.6L	non-Turbo	AT	FED
DE5M301C	22765AD09B	22765AD09A	DE5M300C	A836856D	1F11C73D	N.AMERICA	Outback	2013	3.6L	non-Turbo	AT	CAL
DE5M301B	22765AD90B	22765AD90A	DE5M300B	403D55D0	CF32C73D	N.AMERICA	Outback	2013	3.6L	non-Turbo	AT	CAL
DE5M301H	22765AD10B	22765AD10A	DE5M300H	DCDE7FD1	88F3BAB9	N.AMERICA	Outback	2013	3.6L	non-Turbo	AT	FED
DE5M301G	22765AD91B	22765AD91A	DE5M300G	ECC2A03A	A51ABAB9	N.AMERICA	Outback	2013	3.6L	non-Turbo	AT	FED
EA1P300d	22765AE06G	22765AE06A	EA1L400d	A761B69C	A61800F5	N.AMERICA	Legacy	2013	2.5L	non-Turbo	CVT	CAL
EA1P300d	22765AE06G	22765AE06B	EA1L410d	A761B69C	A61800F5	N.AMERICA	Legacy	2013	2.5L	non-Turbo	CVT	CAL
EA1P300d	22765AE06G	22765AE06B	EA1L41Zd	A761B69C	A61800F5	N.AMERICA	Legacy	2013	2.5L	non-Turbo	CVT	CAL
EA1P300d	22765AE06G	22765AE06B	EA1L41zd	A761B69C	A61800F5	N.AMERICA	Legacy	2013	2.5L	non-Turbo	CVT	CAL
EA1P300d	22765AE06G	22765AE06D	EA1P100d	A761B69C	A61800F5	N.AMERICA	Legacy	2013	2.5L	non-Turbo	CVT	CAL
EA1P300d	22765AE06G	22765AE06D	EA1P10Zd	A761B69C	A61800F5	N.AMERICA	Legacy	2013	2.5L	non-Turbo	CVT	CAL
EA1P300d	22765AE06G	22765AE06D	EA1P10Xd	A761B69C	A61800F5	N.AMERICA	Legacy	2013	2.5L	non-Turbo	CVT	CAL
EA1P300d	22765AE06G	22765AE06E	EA1P101d	A761B69C	A61800F5	N.AMERICA	Legacy	2013	2.5L	non-Turbo	CVT	CAL
EA1P300d	22765AE06G	22765AE06E	EA1P10Wd	A761B69C	A61800F5	N.AMERICA	Legacy	2013	2.5L	non-Turbo	CVT	CAL
EA1P300d	22765AE06G	22765AE06F	EA1P102d	A761B69C	A61800F5	N.AMERICA	Legacy	2013	2.5L	non-Turbo	CVT	CAL
EA1P300d	22765AE06G	22765AE06A	EA1L400d	A761B69C	A61800F5	N.AMERICA	Legacy	2014	2.5L	non-Turbo	CVT	CAL
EA1P300d	22765AE06G	22765AE06B	EA1L410d	A761B69C	A61800F5	N.AMERICA	Legacy	2014	2.5L	non-Turbo	CVT	CAL
EA1P300d	22765AE06G	22765AE06B	EA1L41Zd	A761B69C	A61800F5	N.AMERICA	Legacy	2014	2.5L	non-Turbo	CVT	CAL
EA1P300d	22765AE06G	22765AE06B	EA1L41zd	A761B69C	A61800F5	N.AMERICA	Legacy	2014	2.5L	non-Turbo	CVT	CAL
EA1P300d	22765AE06G	22765AE06D	EA1P100d	A761B69C	A61800F5	N.AMERICA	Legacy	2014	2.5L	non-Turbo	CVT	CAL
EA1P300d	22765AE06G	22765AE06D	EA1P10Zd	A761B69C	A61800F5	N.AMERICA	Legacy	2014	2.5L	non-Turbo	CVT	CAL
EA1P300d	22765AE06G	22765AE06D	EA1P10Xd	A761B69C	A61800F5	N.AMERICA	Legacy	2014	2.5L	non-Turbo	CVT	CAL
EA1P300d	22765AE06G	22765AE06E	EA1P101d	A761B69C	A61800F5	N.AMERICA	Legacy	2014	2.5L	non-Turbo	CVT	CAL
EA1P300d	22765AE06G	22765AE06E	EA1P10Wd	A761B69C	A61800F5	N.AMERICA	Legacy	2014	2.5L	non-Turbo	CVT	CAL
EA1P300d	22765AE06G	22765AE06F	EA1P102d	A761B69C	A61800F5	N.AMERICA	Legacy	2014	2.5L	non-Turbo	CVT	CAL
EA1P300e	22765AE05G	22765AE05A	EA1L400e	1BFB634F	45A2EC2F	N.AMERICA	Legacy	2013	2.5L	non-Turbo	MT	FED  CAL
EA1P300e	22765AE05G	22765AE05B	EA1L410e	1BFB634F	45A2EC2F	N.AMERICA	Legacy	2013	2.5L	non-Turbo	MT	FED  CAL
EA1P300e	22765AE05G	22765AE05D	EA1P100e	1BFB634F	45A2EC2F	N.AMERICA	Legacy	2013	2.5L	non-Turbo	MT	FED  CAL
EA1P300e	22765AE05G	22765AE05D	EA1P10Ze	1BFB634F	45A2EC2F	N.AMERICA	Legacy	2013	2.5L	non-Turbo	MT	FED  CAL
EA1P300e	22765AE05G	22765AE05E	EA1P101e	1BFB634F	45A2EC2F	N.AMERICA	Legacy	2013	2.5L	non-Turbo	MT	FED  CAL
EA1P300e	22765AE05G	22765AE05E	EA1P10Ye	1BFB634F	45A2EC2F	N.AMERICA	Legacy	2013	2.5L	non-Turbo	MT	FED  CAL
EA1P300e	22765AE05G	22765AE05F	EA1P102e	1BFB634F	45A2EC2F	N.AMERICA	Legacy	2013	2.5L	non-Turbo	MT	FED  CAL
EA1P300e	22765AE05G	22765AE05A	EA1L400e	1BFB634F	45A2EC2F	N.AMERICA	Legacy	2014	2.5L	non-Turbo	MT	FED  CAL
EA1P300e	22765AE05G	22765AE05B	EA1L410e	1BFB634F	45A2EC2F	N.AMERICA	Legacy	2014	2.5L	non-Turbo	MT	FED  CAL
EA1P300e	22765AE05G	22765AE05D	EA1P100e	1BFB634F	45A2EC2F	N.AMERICA	Legacy	2014	2.5L	non-Turbo	MT	FED  CAL
EA1P300e	22765AE05G	22765AE05D	EA1P10Ze	1BFB634F	45A2EC2F	N.AMERICA	Legacy	2014	2.5L	non-Turbo	MT	FED  CAL
EA1P300e	22765AE05G	22765AE05E	EA1P101e	1BFB634F	45A2EC2F	N.AMERICA	Legacy	2014	2.5L	non-Turbo	MT	FED  CAL
EA1P300e	22765AE05G	22765AE05E	EA1P10Ye	1BFB634F	45A2EC2F	N.AMERICA	Legacy	2014	2.5L	non-Turbo	MT	FED  CAL
EA1P300e	22765AE05G	22765AE05F	EA1P102e	1BFB634F	45A2EC2F	N.AMERICA	Legacy	2014	2.5L	non-Turbo	MT	FED  CAL
EA1P300f	22765AE07G	22765AE07A	EA1L400f	9582D116	DA34F5D8	N.AMERICA	Legacy	2013	2.5L	non-Turbo	CVT	FED
EA1P300f	22765AE07G	22765AE07B	EA1L410f	9582D116	DA34F5D8	N.AMERICA	Legacy	2013	2.5L	non-Turbo	CVT	FED
EA1P300f	22765AE07G	22765AE07B	EA1L41Zf	9582D116	DA34F5D8	N.AMERICA	Legacy	2013	2.5L	non-Turbo	CVT	FED
EA1P300f	22765AE07G	22765AE07B	EA1L41zf	9582D116	DA34F5D8	N.AMERICA	Legacy	2013	2.5L	non-Turbo	CVT	FED
EA1P300f	22765AE07G	22765AE07D	EA1P100f	9582D116	DA34F5D8	N.AMERICA	Legacy	2013	2.5L	non-Turbo	CVT	FED
EA1P300f	22765AE07G	22765AE07D	EA1P10Zf	9582D116	DA34F5D8	N.AMERICA	Legacy	2013	2.5L	non-Turbo	CVT	FED
EA1P300f	22765AE07G	22765AE07E	EA1P101f	9582D116	DA34F5D8	N.AMERICA	Legacy	2013	2.5L	non-Turbo	CVT	FED
EA1P300f	22765AE07G	22765AE07E	EA1P10Wf	9582D116	DA34F5D8	N.AMERICA	Legacy	2013	2.5L	non-Turbo	CVT	FED
EA1P300f	22765AE07G	22765AE07F	EA1P102f	9582D116	DA34F5D8	N.AMERICA	Legacy	2013	2.5L	non-Turbo	CVT	FED
EA1P300f	22765AE07G	22765AE07A	EA1L400f	9582D116	DA34F5D8	N.AMERICA	Legacy	2014	2.5L	non-Turbo	CVT	FED
EA1P300f	22765AE07G	22765AE07B	EA1L410f	9582D116	DA34F5D8	N.AMERICA	Legacy	2014	2.5L	non-Turbo	CVT	FED
EA1P300f	22765AE07G	22765AE07B	EA1L41Zf	9582D116	DA34F5D8	N.AMERICA	Legacy	2014	2.5L	non-Turbo	CVT	FED
EA1P300f	22765AE07G	22765AE07B	EA1L41zf	9582D116	DA34F5D8	N.AMERICA	Legacy	2014	2.5L	non-Turbo	CVT	FED
EA1P300f	22765AE07G	22765AE07D	EA1P100f	9582D116	DA34F5D8	N.AMERICA	Legacy	2014	2.5L	non-Turbo	CVT	FED
EA1P300f	22765AE07G	22765AE07D	EA1P10Zf	9582D116	DA34F5D8	N.AMERICA	Legacy	2014	2.5L	non-Turbo	CVT	FED
EA1P300f	22765AE07G	22765AE07E	EA1P101f	9582D116	DA34F5D8	N.AMERICA	Legacy	2014	2.5L	non-Turbo	CVT	FED
EA1P300f	22765AE07G	22765AE07E	EA1P10Wf	9582D116	DA34F5D8	N.AMERICA	Legacy	2014	2.5L	non-Turbo	CVT	FED
EA1P300f	22765AE07G	22765AE07F	EA1P102f	9582D116	DA34F5D8	N.AMERICA	Legacy	2014	2.5L	non-Turbo	CVT	FED
EA1P300c	22765AE04G	22765AE04A	EA1L400c	3E44A885	1FCB0CB3	N.AMERICA	Outback	2013	2.5L	non-Turbo	MT	CAL
EA1P300c	22765AE04G	22765AE04B	EA1L410c	3E44A885	1FCB0CB3	N.AMERICA	Outback	2013	2.5L	non-Turbo	MT	CAL
EA1P300c	22765AE04G	22765AE04D	EA1P100c	3E44A885	1FCB0CB3	N.AMERICA	Outback	2013	2.5L	non-Turbo	MT	CAL
EA1P300c	22765AE04G	22765AE04E	EA1P101c	3E44A885	1FCB0CB3	N.AMERICA	Outback	2013	2.5L	non-Turbo	MT	CAL
EA1P300c	22765AE04G	22765AE04E	EA1P10Yc	3E44A885	1FCB0CB3	N.AMERICA	Outback	2013	2.5L	non-Turbo	MT	CAL
EA1P300c	22765AE04G	22765AE04F	EA1P102c	3E44A885	1FCB0CB3	N.AMERICA	Outback	2013	2.5L	non-Turbo	MT	CAL
EA1P300c	22765AE04G	22765AE04A	EA1L400c	3E44A885	1FCB0CB3	N.AMERICA	Outback	2014	2.5L	non-Turbo	MT	CAL
EA1P300c	22765AE04G	22765AE04B	EA1L410c	3E44A885	1FCB0CB3	N.AMERICA	Outback	2014	2.5L	non-Turbo	MT	CAL
EA1P300c	22765AE04G	22765AE04D	EA1P100c	3E44A885	1FCB0CB3	N.AMERICA	Outback	2014	2.5L	non-Turbo	MT	CAL
EA1P300c	22765AE04G	22765AE04E	EA1P101c	3E44A885	1FCB0CB3	N.AMERICA	Outback	2014	2.5L	non-Turbo	MT	CAL
EA1P300c	22765AE04G	22765AE04E	EA1P10Yc	3E44A885	1FCB0CB3	N.AMERICA	Outback	2014	2.5L	non-Turbo	MT	CAL
EA1P300c	22765AE04G	22765AE04F	EA1P102c	3E44A885	1FCB0CB3	N.AMERICA	Outback	2014	2.5L	non-Turbo	MT	CAL
EA1P300d	22765AE06G	22765AE06A	EA1L400d	A761B69C	A61800F5	N.AMERICA	Outback	2013	2.5L	non-Turbo	CVT	CAL
EA1P300d	22765AE06G	22765AE06B	EA1L410d	A761B69C	A61800F5	N.AMERICA	Outback	2013	2.5L	non-Turbo	CVT	CAL
EA1P300d	22765AE06G	22765AE06B	EA1L41Zd	A761B69C	A61800F5	N.AMERICA	Outback	2013	2.5L	non-Turbo	CVT	CAL
EA1P300d	22765AE06G	22765AE06B	EA1L41zd	A761B69C	A61800F5	N.AMERICA	Outback	2013	2.5L	non-Turbo	CVT	CAL
EA1P300d	22765AE06G	22765AE06D	EA1P100d	A761B69C	A61800F5	N.AMERICA	Outback	2013	2.5L	non-Turbo	CVT	CAL
EA1P300d	22765AE06G	22765AE06D	EA1P10Zd	A761B69C	A61800F5	N.AMERICA	Outback	2013	2.5L	non-Turbo	CVT	CAL
EA1P300d	22765AE06G	22765AE06D	EA1P10Xd	A761B69C	A61800F5	N.AMERICA	Outback	2013	2.5L	non-Turbo	CVT	CAL
EA1P300d	22765AE06G	22765AE06E	EA1P101d	A761B69C	A61800F5	N.AMERICA	Outback	2013	2.5L	non-Turbo	CVT	CAL
EA1P300d	22765AE06G	22765AE06E	EA1P10Wd	A761B69C	A61800F5	N.AMERICA	Outback	2013	2.5L	non-Turbo	CVT	CAL
EA1P300d	22765AE06G	22765AE06F	EA1P102d	A761B69C	A61800F5	N.AMERICA	Outback	2013	2.5L	non-Turbo	CVT	CAL
EA1P300d	22765AE06G	22765AE06A	EA1L400d	A761B69C	A61800F5	N.AMERICA	Outback	2014	2.5L	non-Turbo	CVT	CAL
EA1P300d	22765AE06G	22765AE06B	EA1L410d	A761B69C	A61800F5	N.AMERICA	Outback	2014	2.5L	non-Turbo	CVT	CAL
EA1P300d	22765AE06G	22765AE06B	EA1L41Zd	A761B69C	A61800F5	N.AMERICA	Outback	2014	2.5L	non-Turbo	CVT	CAL
EA1P300d	22765AE06G	22765AE06B	EA1L41zd	A761B69C	A61800F5	N.AMERICA	Outback	2014	2.5L	non-Turbo	CVT	CAL
EA1P300d	22765AE06G	22765AE06D	EA1P100d	A761B69C	A61800F5	N.AMERICA	Outback	2014	2.5L	non-Turbo	CVT	CAL
EA1P300d	22765AE06G	22765AE06D	EA1P10Zd	A761B69C	A61800F5	N.AMERICA	Outback	2014	2.5L	non-Turbo	CVT	CAL
EA1P300d	22765AE06G	22765AE06D	EA1P10Xd	A761B69C	A61800F5	N.AMERICA	Outback	2014	2.5L	non-Turbo	CVT	CAL
EA1P300d	22765AE06G	22765AE06E	EA1P101d	A761B69C	A61800F5	N.AMERICA	Outback	2014	2.5L	non-Turbo	CVT	CAL
EA1P300d	22765AE06G	22765AE06E	EA1P10Wd	A761B69C	A61800F5	N.AMERICA	Outback	2014	2.5L	non-Turbo	CVT	CAL
EA1P300d	22765AE06G	22765AE06F	EA1P102d	A761B69C	A61800F5	N.AMERICA	Outback	2014	2.5L	non-Turbo	CVT	CAL
EA1P300e	22765AE05G	22765AE05A	EA1L400e	1BFB634F	45A2EC2F	N.AMERICA	Outback	2013	2.5L	non-Turbo	MT	FED
EA1P300e	22765AE05G	22765AE05B	EA1L410e	1BFB634F	45A2EC2F	N.AMERICA	Outback	2013	2.5L	non-Turbo	MT	FED
EA1P300e	22765AE05G	22765AE05D	EA1P100e	1BFB634F	45A2EC2F	N.AMERICA	Outback	2013	2.5L	non-Turbo	MT	FED
EA1P300e	22765AE05G	22765AE05D	EA1P10Ze	1BFB634F	45A2EC2F	N.AMERICA	Outback	2013	2.5L	non-Turbo	MT	FED
EA1P300e	22765AE05G	22765AE05E	EA1P101e	1BFB634F	45A2EC2F	N.AMERICA	Outback	2013	2.5L	non-Turbo	MT	FED
EA1P300e	22765AE05G	22765AE05E	EA1P10Ye	1BFB634F	45A2EC2F	N.AMERICA	Outback	2013	2.5L	non-Turbo	MT	FED
EA1P300e	22765AE05G	22765AE05F	EA1P102e	1BFB634F	45A2EC2F	N.AMERICA	Outback	2013	2.5L	non-Turbo	MT	FED
EA1P300e	22765AE05G	22765AE05A	EA1L400e	1BFB634F	45A2EC2F	N.AMERICA	Outback	2014	2.5L	non-Turbo	MT	FED
EA1P300e	22765AE05G	22765AE05B	EA1L410e	1BFB634F	45A2EC2F	N.AMERICA	Outback	2014	2.5L	non-Turbo	MT	FED
EA1P300e	22765AE05G	22765AE05D	EA1P100e	1BFB634F	45A2EC2F	N.AMERICA	Outback	2014	2.5L	non-Turbo	MT	FED
EA1P300e	22765AE05G	22765AE05D	EA1P10Ze	1BFB634F	45A2EC2F	N.AMERICA	Outback	2014	2.5L	non-Turbo	MT	FED
EA1P300e	22765AE05G	22765AE05E	EA1P101e	1BFB634F	45A2EC2F	N.AMERICA	Outback	2014	2.5L	non-Turbo	MT	FED
EA1P300e	22765AE05G	22765AE05E	EA1P10Ye	1BFB634F	45A2EC2F	N.AMERICA	Outback	2014	2.5L	non-Turbo	MT	FED
EA1P300e	22765AE05G	22765AE05F	EA1P102e	1BFB634F	45A2EC2F	N.AMERICA	Outback	2014	2.5L	non-Turbo	MT	FED
EA1P300f	22765AE07G	22765AE07A	EA1L400f	9582D116	DA34F5D8	N.AMERICA	Outback	2013	2.5L	non-Turbo	CVT	FED
EA1P300f	22765AE07G	22765AE07B	EA1L410f	9582D116	DA34F5D8	N.AMERICA	Outback	2013	2.5L	non-Turbo	CVT	FED
EA1P300f	22765AE07G	22765AE07B	EA1L41Zf	9582D116	DA34F5D8	N.AMERICA	Outback	2013	2.5L	non-Turbo	CVT	FED
EA1P300f	22765AE07G	22765AE07B	EA1L41zf	9582D116	DA34F5D8	N.AMERICA	Outback	2013	2.5L	non-Turbo	CVT	FED
EA1P300f	22765AE07G	22765AE07D	EA1P100f	9582D116	DA34F5D8	N.AMERICA	Outback	2013	2.5L	non-Turbo	CVT	FED
EA1P300f	22765AE07G	22765AE07D	EA1P10Zf	9582D116	DA34F5D8	N.AMERICA	Outback	2013	2.5L	non-Turbo	CVT	FED
EA1P300f	22765AE07G	22765AE07E	EA1P101f	9582D116	DA34F5D8	N.AMERICA	Outback	2013	2.5L	non-Turbo	CVT	FED
EA1P300f	22765AE07G	22765AE07E	EA1P10Wf	9582D116	DA34F5D8	N.AMERICA	Outback	2013	2.5L	non-Turbo	CVT	FED
EA1P300f	22765AE07G	22765AE07F	EA1P102f	9582D116	DA34F5D8	N.AMERICA	Outback	2013	2.5L	non-Turbo	CVT	FED
EA1P300f	22765AE07G	22765AE07A	EA1L400f	9582D116	DA34F5D8	N.AMERICA	Outback	2014	2.5L	non-Turbo	CVT	FED
EA1P300f	22765AE07G	22765AE07B	EA1L410f	9582D116	DA34F5D8	N.AMERICA	Outback	2014	2.5L	non-Turbo	CVT	FED
EA1P300f	22765AE07G	22765AE07B	EA1L41Zf	9582D116	DA34F5D8	N.AMERICA	Outback	2014	2.5L	non-Turbo	CVT	FED
EA1P300f	22765AE07G	22765AE07B	EA1L41zf	9582D116	DA34F5D8	N.AMERICA	Outback	2014	2.5L	non-Turbo	CVT	FED
EA1P300f	22765AE07G	22765AE07D	EA1P100f	9582D116	DA34F5D8	N.AMERICA	Outback	2014	2.5L	non-Turbo	CVT	FED
EA1P300f	22765AE07G	22765AE07D	EA1P10Zf	9582D116	DA34F5D8	N.AMERICA	Outback	2014	2.5L	non-Turbo	CVT	FED
EA1P300f	22765AE07G	22765AE07E	EA1P101f	9582D116	DA34F5D8	N.AMERICA	Outback	2014	2.5L	non-Turbo	CVT	FED
EA1P300f	22765AE07G	22765AE07E	EA1P10Wf	9582D116	DA34F5D8	N.AMERICA	Outback	2014	2.5L	non-Turbo	CVT	FED
EA1P300f	22765AE07G	22765AE07F	EA1P102f	9582D116	DA34F5D8	N.AMERICA	Outback	2014	2.5L	non-Turbo	CVT	FED
EB4GI00A	22765AF34J	22765AF34A	EB4G300A	56A0A88D	7BEE E9DC	N.AMERICA	Legacy	2015	2.5L	non-Turbo	MT	CANADA
EB4GI00A	22765AF34J	22765AF34A	EB4G400A	56A0A88D	7BEE E9DC	N.AMERICA	Legacy	2015	2.5L	non-Turbo	MT	CANADA
EB4GI00A	22765AF34J	22765AF34A	EB4G401A	56A0A88D	7BEE E9DC	N.AMERICA	Legacy	2015	2.5L	non-Turbo	MT	CANADA
EB4GI00A	22765AF34J	22765AF34B	EB4G600A	56A0A88D	7BEE E9DC	N.AMERICA	Legacy	2015	2.5L	non-Turbo	MT	CANADA
EB4GI00A	22765AF34J	22765AF34C	EB4GA00A	56A0A88D	7BEE E9DC	N.AMERICA	Legacy	2015	2.5L	non-Turbo	MT	CANADA
EB4GI00A	22765AF34J	22765AF34D	EB4GA01A	56A0A88D	7BEE E9DC	N.AMERICA	Legacy	2015	2.5L	non-Turbo	MT	CANADA
EB4GI00A	22765AF34J	22765AF34E	EB4GA02A	56A0A88D	7BEE E9DC	N.AMERICA	Legacy	2015	2.5L	non-Turbo	MT	CANADA
EB4GI00A	22765AF34J	22765AF34F	EB4GA03A	56A0A88D	7BEE E9DC	N.AMERICA	Legacy	2015	2.5L	non-Turbo	MT	CANADA
EB4GI00A	22765AF34J	22765AF34G	EB4GE00A	56A0A88D	7BEE E9DC	N.AMERICA	Legacy	2015	2.5L	non-Turbo	MT	CANADA
EB4GI00A	22765AF34J	22765AF34H	EB4GH00A	56A0A88D	7BEE E9DC	N.AMERICA	Legacy	2015	2.5L	non-Turbo	MT	CANADA
EB4GI00A	22765AF34J	22765AF34A	EB4G300A	56A0A88D	7BEE E9DC	N.AMERICA	Outback	2015	2.5L	non-Turbo	MT	CANADA
EB4GI00A	22765AF34J	22765AF34A	EB4G400A	56A0A88D	7BEE E9DC	N.AMERICA	Outback	2015	2.5L	non-Turbo	MT	CANADA
EB4GI00A	22765AF34J	22765AF34A	EB4G401A	56A0A88D	7BEE E9DC	N.AMERICA	Outback	2015	2.5L	non-Turbo	MT	CANADA
EB4GI00A	22765AF34J	22765AF34B	EB4G600A	56A0A88D	7BEE E9DC	N.AMERICA	Outback	2015	2.5L	non-Turbo	MT	CANADA
EB4GI00A	22765AF34J	22765AF34C	EB4GA00A	56A0A88D	7BEE E9DC	N.AMERICA	Outback	2015	2.5L	non-Turbo	MT	CANADA
EB4GI00A	22765AF34J	22765AF34D	EB4GA01A	56A0A88D	7BEE E9DC	N.AMERICA	Outback	2015	2.5L	non-Turbo	MT	CANADA
EB4GI00A	22765AF34J	22765AF34E	EB4GA02A	56A0A88D	7BEE E9DC	N.AMERICA	Outback	2015	2.5L	non-Turbo	MT	CANADA
EB4GI00A	22765AF34J	22765AF34F	EB4GA03A	56A0A88D	7BEE E9DC	N.AMERICA	Outback	2015	2.5L	non-Turbo	MT	CANADA
EB4GI00A	22765AF34J	22765AF34G	EB4GE00A	56A0A88D	7BEE E9DC	N.AMERICA	Outback	2015	2.5L	non-Turbo	MT	CANADA
EB4GI00A	22765AF34J	22765AF34H	EB4GH00A	56A0A88D	7BEE E9DC	N.AMERICA	Outback	2015	2.5L	non-Turbo	MT	CANADA
EB4GI00B	22765AV37A	22765AF35A	EB4F300B	E9CD44A0	E16D 455B	N.AMERICA	Legacy	2015	2.5L	non-Turbo	CVT	FED
EB4GI00B	22765AV37A	22765AF35A	EB4G100B	E9CD44A0	E16D 455B	N.AMERICA	Legacy	2015	2.5L	non-Turbo	CVT	FED
EB4GI00B	22765AV37A	22765AF35A	EB4G300B	E9CD44A0	E16D 455B	N.AMERICA	Legacy	2015	2.5L	non-Turbo	CVT	FED
EB4GI00B	22765AV37A	22765AF35A	EB4G400B	E9CD44A0	E16D 455B	N.AMERICA	Legacy	2015	2.5L	non-Turbo	CVT	FED
EB4GI00B	22765AV37A	22765AF35B	EB4G401B	E9CD44A0	E16D 455B	N.AMERICA	Legacy	2015	2.5L	non-Turbo	CVT	FED
EB4GI00B	22765AV37A	22765AF35C	EB4G600B	E9CD44A0	E16D 455B	N.AMERICA	Legacy	2015	2.5L	non-Turbo	CVT	FED
EB4GI00B	22765AV37A	22765AF35D	EB4GA00B	E9CD44A0	E16D 455B	N.AMERICA	Legacy	2015	2.5L	non-Turbo	CVT	FED
EB4GI00B	22765AV37A	22765AF35E	EB4GA01B	E9CD44A0	E16D 455B	N.AMERICA	Legacy	2015	2.5L	non-Turbo	CVT	FED
EB4GI00B	22765AV37A	22765AF35F	EB4GA02B	E9CD44A0	E16D 455B	N.AMERICA	Legacy	2015	2.5L	non-Turbo	CVT	FED
EB4GI00B	22765AV37A	22765AF35G	EB4GA03B	E9CD44A0	E16D 455B	N.AMERICA	Legacy	2015	2.5L	non-Turbo	CVT	FED
EB4GI00B	22765AV37A	22765AF35H	EB4GE00B	E9CD44A0	E16D 455B	N.AMERICA	Legacy	2015	2.5L	non-Turbo	CVT	FED
EB4GI00B	22765AV37A	22765AF35J	EB4GH00B	E9CD44A0	E16D 455B	N.AMERICA	Legacy	2015	2.5L	non-Turbo	CVT	FED
EB4GI00B	22765AV37A	22765AF35A	EB4F300B	E9CD44A0	E16D 455B	N.AMERICA	Outback	2015	2.5L	non-Turbo	CVT	FED
EB4GI00B	22765AV37A	22765AF35A	EB4G100B	E9CD44A0	E16D 455B	N.AMERICA	Outback	2015	2.5L	non-Turbo	CVT	FED
EB4GI00B	22765AV37A	22765AF35A	EB4G300B	E9CD44A0	E16D 455B	N.AMERICA	Outback	2015	2.5L	non-Turbo	CVT	FED
EB4GI00B	22765AV37A	22765AF35A	EB4G400B	E9CD44A0	E16D 455B	N.AMERICA	Outback	2015	2.5L	non-Turbo	CVT	FED
EB4GI00B	22765AV37A	22765AF35B	EB4G401B	E9CD44A0	E16D 455B	N.AMERICA	Outback	2015	2.5L	non-Turbo	CVT	FED
EB4GI00B	22765AV37A	22765AF35C	EB4G600B	E9CD44A0	E16D 455B	N.AMERICA	Outback	2015	2.5L	non-Turbo	CVT	FED
EB4GI00B	22765AV37A	22765AF35D	EB4GA00B	E9CD44A0	E16D 455B	N.AMERICA	Outback	2015	2.5L	non-Turbo	CVT	FED
EB4GI00B	22765AV37A	22765AF35E	EB4GA01B	E9CD44A0	E16D 455B	N.AMERICA	Outback	2015	2.5L	non-Turbo	CVT	FED
EB4GI00B	22765AV37A	22765AF35F	EB4GA02B	E9CD44A0	E16D 455B	N.AMERICA	Outback	2015	2.5L	non-Turbo	CVT	FED
EB4GI00B	22765AV37A	22765AF35G	EB4GA03B	E9CD44A0	E16D 455B	N.AMERICA	Outback	2015	2.5L	non-Turbo	CVT	FED
EB4GI00B	22765AV37A	22765AF35H	EB4GE00B	E9CD44A0	E16D 455B	N.AMERICA	Outback	2015	2.5L	non-Turbo	CVT	FED
EB4GI00B	22765AV37A	22765AF35J	EB4GH00B	E9CD44A0	E16D 455B	N.AMERICA	Outback	2015	2.5L	non-Turbo	CVT	FED
EB4GI00C	22765AV38A	22765AF36A	EB4F300C	C1312261	F9CD 3B94	N.AMERICA	Legacy	2015	2.5L	non-Turbo	CVT	CAL
EB4GI00C	22765AV38A	22765AF36A	EB4G100C	C1312261	F9CD 3B94	N.AMERICA	Legacy	2015	2.5L	non-Turbo	CVT	CAL
EB4GI00C	22765AV38A	22765AF36A	EB4G300C	C1312261	F9CD 3B94	N.AMERICA	Legacy	2015	2.5L	non-Turbo	CVT	CAL
EB4GI00C	22765AV38A	22765AF36A	EB4G400C	C1312261	F9CD 3B94	N.AMERICA	Legacy	2015	2.5L	non-Turbo	CVT	CAL
EB4GI00C	22765AV38A	22765AF36B	EB4G401C	C1312261	F9CD 3B94	N.AMERICA	Legacy	2015	2.5L	non-Turbo	CVT	CAL
EB4GI00C	22765AV38A	22765AF36C	EB4G600C	C1312261	F9CD 3B94	N.AMERICA	Legacy	2015	2.5L	non-Turbo	CVT	CAL
EB4GI00C	22765AV38A	22765AF36D	EB4GA00C	C1312261	F9CD 3B94	N.AMERICA	Legacy	2015	2.5L	non-Turbo	CVT	CAL
EB4GI00C	22765AV38A	22765AF36E	EB4GA01C	C1312261	F9CD 3B94	N.AMERICA	Legacy	2015	2.5L	non-Turbo	CVT	CAL
EB4GI00C	22765AV38A	22765AF36F	EB4GA02C	C1312261	F9CD 3B94	N.AMERICA	Legacy	2015	2.5L	non-Turbo	CVT	CAL
EB4GI00C	22765AV38A	22765AF36G	EB4GA03C	C1312261	F9CD 3B94	N.AMERICA	Legacy	2015	2.5L	non-Turbo	CVT	CAL
EB4GI00C	22765AV38A	22765AF36H	EB4GE00C	C1312261	F9CD 3B94	N.AMERICA	Legacy	2015	2.5L	non-Turbo	CVT	CAL
EB4GI00C	22765AV38A	22765AF36J	EB4GH00C	C1312261	F9CD 3B94	N.AMERICA	Legacy	2015	2.5L	non-Turbo	CVT	CAL
EB4GI00C	22765AV38A	22765AF36A	EB4F300C	C1312261	F9CD 3B94	N.AMERICA	Outback	2015	2.5L	non-Turbo	CVT	CAL
EB4GI00C	22765AV38A	22765AF36A	EB4G100C	C1312261	F9CD 3B94	N.AMERICA	Outback	2015	2.5L	non-Turbo	CVT	CAL
EB4GI00C	22765AV38A	22765AF36A	EB4G300C	C1312261	F9CD 3B94	N.AMERICA	Outback	2015	2.5L	non-Turbo	CVT	CAL
EB4GI00C	22765AV38A	22765AF36A	EB4G400C	C1312261	F9CD 3B94	N.AMERICA	Outback	2015	2.5L	non-Turbo	CVT	CAL
EB4GI00C	22765AV38A	22765AF36B	EB4G401C	C1312261	F9CD 3B94	N.AMERICA	Outback	2015	2.5L	non-Turbo	CVT	CAL
EB4GI00C	22765AV38A	22765AF36C	EB4G600C	C1312261	F9CD 3B94	N.AMERICA	Outback	2015	2.5L	non-Turbo	CVT	CAL
EB4GI00C	22765AV38A	22765AF36D	EB4GA00C	C1312261	F9CD 3B94	N.AMERICA	Outback	2015	2.5L	non-Turbo	CVT	CAL
EB4GI00C	22765AV38A	22765AF36E	EB4GA01C	C1312261	F9CD 3B94	N.AMERICA	Outback	2015	2.5L	non-Turbo	CVT	CAL
EB4GI00C	22765AV38A	22765AF36F	EB4GA02C	C1312261	F9CD 3B94	N.AMERICA	Outback	2015	2.5L	non-Turbo	CVT	CAL
EB4GI00C	22765AV38A	22765AF36G	EB4GA03C	C1312261	F9CD 3B94	N.AMERICA	Outback	2015	2.5L	non-Turbo	CVT	CAL
EB4GI00C	22765AV38A	22765AF36H	EB4GE00C	C1312261	F9CD 3B94	N.AMERICA	Outback	2015	2.5L	non-Turbo	CVT	CAL
EB4GI00C	22765AV38A	22765AF36J	EB4GH00C	C1312261	F9CD 3B94	N.AMERICA	Outback	2015	2.5L	non-Turbo	CVT	CAL
EB4GI00c	22765AK16H	22765AK16A	EB4G700C	ED337380	6C44 37C5	N.AMERICA	Legacy	2015	2.5L	non-Turbo	CVT	CAL
EB4GI00c	22765AK16H	22765AK16B	EB4GA00c	ED337380	6C44 37C5	N.AMERICA	Legacy	2015	2.5L	non-Turbo	CVT	CAL
EB4GI00c	22765AK16H	22765AK16C	EB4GA01c	ED337380	6C44 37C5	N.AMERICA	Legacy	2015	2.5L	non-Turbo	CVT	CAL
EB4GI00c	22765AK16H	22765AK16D	EB4GA02c	ED337380	6C44 37C5	N.AMERICA	Legacy	2015	2.5L	non-Turbo	CVT	CAL
EB4GI00c	22765AK16H	22765AK16E	EB4GA03c	ED337380	6C44 37C5	N.AMERICA	Legacy	2015	2.5L	non-Turbo	CVT	CAL
EB4GI00c	22765AK16H	22765AK16F	EB4GE00c	ED337380	6C44 37C5	N.AMERICA	Legacy	2015	2.5L	non-Turbo	CVT	CAL
EB4GI00c	22765AK16H	22765AK16G	EB4GH00c	ED337380	6C44 37C5	N.AMERICA	Legacy	2015	2.5L	non-Turbo	CVT	CAL
EB4GI00c	22765AK16H	22765AK16A	EB4G700C	ED337380	6C44 37C5	N.AMERICA	Outback	2015	2.5L	non-Turbo	CVT	CAL
EB4GI00c	22765AK16H	22765AK16B	EB4GA00c	ED337380	6C44 37C5	N.AMERICA	Outback	2015	2.5L	non-Turbo	CVT	CAL
EB4GI00c	22765AK16H	22765AK16C	EB4GA01c	ED337380	6C44 37C5	N.AMERICA	Outback	2015	2.5L	non-Turbo	CVT	CAL
EB4GI00c	22765AK16H	22765AK16D	EB4GA02c	ED337380	6C44 37C5	N.AMERICA	Outback	2015	2.5L	non-Turbo	CVT	CAL
EB4GI00c	22765AK16H	22765AK16E	EB4GA03c	ED337380	6C44 37C5	N.AMERICA	Outback	2015	2.5L	non-Turbo	CVT	CAL
EB4GI00c	22765AK16H	22765AK16F	EB4GE00c	ED337380	6C44 37C5	N.AMERICA	Outback	2015	2.5L	non-Turbo	CVT	CAL
EB4GI00c	22765AK16H	22765AK16G	EB4GH00c	ED337380	6C44 37C5	N.AMERICA	Outback	2015	2.5L	non-Turbo	CVT	CAL
EB4I350A	22765AJ13F	22765AJ13A	EB4I200A	88295D8A	7A61 5F37	N.AMERICA	Legacy	2016	2.5L	non-Turbo	MT	CANADA
EB4I350A	22765AJ13F	22765AJ13A	EB4I310A	88295D8A	7A61 5F37	N.AMERICA	Legacy	2016	2.5L	non-Turbo	MT	CANADA
EB4I350A	22765AJ13F	22765AJ13B	EB4I311A	88295D8A	7A61 5F37	N.AMERICA	Legacy	2016	2.5L	non-Turbo	MT	CANADA
EB4I350A	22765AJ13F	22765AJ13C	EB4I312A	88295D8A	7A61 5F37	N.AMERICA	Legacy	2016	2.5L	non-Turbo	MT	CANADA
EB4I350A	22765AJ13F	22765AJ13D	EB4I313A	88295D8A	7A61 5F37	N.AMERICA	Legacy	2016	2.5L	non-Turbo	MT	CANADA
EB4I350A	22765AJ13F	22765AJ13D	EB4I31ZA	88295D8A	7A61 5F37	N.AMERICA	Legacy	2016	2.5L	non-Turbo	MT	CANADA
EB4I350A	22765AJ13F	22765AJ13E	EB4I330A	88295D8A	7A61 5F37	N.AMERICA	Legacy	2016	2.5L	non-Turbo	MT	CANADA
EB4I350A	22765AJ13F	22765AJ13A	EB4I200A	88295D8A	7A61 5F37	N.AMERICA	Outback	2016	2.5L	non-Turbo	MT	CANADA
EB4I350A	22765AJ13F	22765AJ13A	EB4I310A	88295D8A	7A61 5F37	N.AMERICA	Outback	2016	2.5L	non-Turbo	MT	CANADA
EB4I350A	22765AJ13F	22765AJ13B	EB4I311A	88295D8A	7A61 5F37	N.AMERICA	Outback	2016	2.5L	non-Turbo	MT	CANADA
EB4I350A	22765AJ13F	22765AJ13C	EB4I312A	88295D8A	7A61 5F37	N.AMERICA	Outback	2016	2.5L	non-Turbo	MT	CANADA
EB4I350A	22765AJ13F	22765AJ13D	EB4I313A	88295D8A	7A61 5F37	N.AMERICA	Outback	2016	2.5L	non-Turbo	MT	CANADA
EB4I350A	22765AJ13F	22765AJ13D	EB4I31ZA	88295D8A	7A61 5F37	N.AMERICA	Outback	2016	2.5L	non-Turbo	MT	CANADA
EB4I350A	22765AJ13F	22765AJ13E	EB4I330A	88295D8A	7A61 5F37	N.AMERICA	Outback	2016	2.5L	non-Turbo	MT	CANADA
EB4I350C	22765AJ14F	22765AJ14A	EB4I200C	4BB01297	9EDD E292	N.AMERICA	Legacy	2016	2.5L	non-Turbo	CVT	CAL
EB4I350C	22765AJ14F	22765AJ14A	EB4I310C	4BB01297	9EDD E292	N.AMERICA	Legacy	2016	2.5L	non-Turbo	CVT	CAL
EB4I350C	22765AJ14F	22765AJ14B	EB4I311C	4BB01297	9EDD E292	N.AMERICA	Legacy	2016	2.5L	non-Turbo	CVT	CAL
EB4I350C	22765AJ14F	22765AJ14C	EB4I312C	4BB01297	9EDD E292	N.AMERICA	Legacy	2016	2.5L	non-Turbo	CVT	CAL
EB4I350C	22765AJ14F	22765AJ14D	EB4I313C	4BB01297	9EDD E292	N.AMERICA	Legacy	2016	2.5L	non-Turbo	CVT	CAL
EB4I350C	22765AJ14F	22765AJ14D	EB4I31ZC	4BB01297	9EDD E292	N.AMERICA	Legacy	2016	2.5L	non-Turbo	CVT	CAL
EB4I350C	22765AJ14F	22765AJ14E	EB4I330C	4BB01297	9EDD E292	N.AMERICA	Legacy	2016	2.5L	non-Turbo	CVT	CAL
EB4I350C	22765AJ14F	22765AJ14A	EB4I200C	4BB01297	9EDD E292	N.AMERICA	Outback	2016	2.5L	non-Turbo	CVT	CAL
EB4I350C	22765AJ14F	22765AJ14A	EB4I310C	4BB01297	9EDD E292	N.AMERICA	Outback	2016	2.5L	non-Turbo	CVT	CAL
EB4I350C	22765AJ14F	22765AJ14B	EB4I311C	4BB01297	9EDD E292	N.AMERICA	Outback	2016	2.5L	non-Turbo	CVT	CAL
EB4I350C	22765AJ14F	22765AJ14C	EB4I312C	4BB01297	9EDD E292	N.AMERICA	Outback	2016	2.5L	non-Turbo	CVT	CAL
EB4I350C	22765AJ14F	22765AJ14D	EB4I313C	4BB01297	9EDD E292	N.AMERICA	Outback	2016	2.5L	non-Turbo	CVT	CAL
EB4I350C	22765AJ14F	22765AJ14D	EB4I31ZC	4BB01297	9EDD E292	N.AMERICA	Outback	2016	2.5L	non-Turbo	CVT	CAL
EB4I350C	22765AJ14F	22765AJ14E	EB4I330C	4BB01297	9EDD E292	N.AMERICA	Outback	2016	2.5L	non-Turbo	CVT	CAL
EB4I350B	22765AJ15F	22765AJ15A	EB4I200B	607512EB	AC29 BBE1	N.AMERICA	Legacy	2016	2.5L	non-Turbo	CVT	FED
EB4I350B	22765AJ15F	22765AJ15A	EB4I310B	607512EB	AC29 BBE1	N.AMERICA	Legacy	2016	2.5L	non-Turbo	CVT	FED
EB4I350B	22765AJ15F	22765AJ15B	EB4I311B	607512EB	AC29 BBE1	N.AMERICA	Legacy	2016	2.5L	non-Turbo	CVT	FED
EB4I350B	22765AJ15F	22765AJ15C	EB4I312B	607512EB	AC29 BBE1	N.AMERICA	Legacy	2016	2.5L	non-Turbo	CVT	FED
EB4I350B	22765AJ15F	22765AJ15D	EB4I313B	607512EB	AC29 BBE1	N.AMERICA	Legacy	2016	2.5L	non-Turbo	CVT	FED
EB4I350B	22765AJ15F	22765AJ15D	EB4I31ZB	607512EB	AC29 BBE1	N.AMERICA	Legacy	2016	2.5L	non-Turbo	CVT	FED
EB4I350B	22765AJ15F	22765AJ15E	EB4I330B	607512EB	AC29 BBE1	N.AMERICA	Legacy	2016	2.5L	non-Turbo	CVT	FED
EB4I350B	22765AJ15F	22765AJ15A	EB4I200B	607512EB	AC29 BBE1	N.AMERICA	Outback	2016	2.5L	non-Turbo	CVT	FED
EB4I350B	22765AJ15F	22765AJ15A	EB4I310B	607512EB	AC29 BBE1	N.AMERICA	Outback	2016	2.5L	non-Turbo	CVT	FED
EB4I350B	22765AJ15F	22765AJ15B	EB4I311B	607512EB	AC29 BBE1	N.AMERICA	Outback	2016	2.5L	non-Turbo	CVT	FED
EB4I350B	22765AJ15F	22765AJ15C	EB4I312B	607512EB	AC29 BBE1	N.AMERICA	Outback	2016	2.5L	non-Turbo	CVT	FED
EB4I350B	22765AJ15F	22765AJ15D	EB4I313B	607512EB	AC29 BBE1	N.AMERICA	Outback	2016	2.5L	non-Turbo	CVT	FED
EB4I350B	22765AJ15F	22765AJ15D	EB4I31ZB	607512EB	AC29 BBE1	N.AMERICA	Outback	2016	2.5L	non-Turbo	CVT	FED
EB4I350B	22765AJ15F	22765AJ15E	EB4I330B	607512EB	AC29 BBE1	N.AMERICA	Outback	2016	2.5L	non-Turbo	CVT	FED
EB4I550A	22765AK49G	22765AK49A	EB4I500A	7A09D6E0	85A6 AE08	N.AMERICA	Legacy	2017	2.5L	non-Turbo	MT	CANADA
EB4I550A	22765AK49G	22765AK49B	EB4I501A	7A09D6E0	85A6 AE08	N.AMERICA	Legacy	2017	2.5L	non-Turbo	MT	CANADA
EB4I550A	22765AK49G	22765AK49C	EB4I502A	7A09D6E0	85A6 AE08	N.AMERICA	Legacy	2017	2.5L	non-Turbo	MT	CANADA
EB4I550A	22765AK49G	22765AK49D	EB4I503A	7A09D6E0	85A6 AE08	N.AMERICA	Legacy	2017	2.5L	non-Turbo	MT	CANADA
EB4I550A	22765AK49G	22765AK49E	EB4I504A	7A09D6E0	85A6 AE08	N.AMERICA	Legacy	2017	2.5L	non-Turbo	MT	CANADA
EB4I550A	22765AK49G	22765AK49E	EB4I50ZA	7A09D6E0	85A6 AE08	N.AMERICA	Legacy	2017	2.5L	non-Turbo	MT	CANADA
EB4I550A	22765AK49G	22765AK49F	EB4I530A	7A09D6E0	85A6 AE08	N.AMERICA	Legacy	2017	2.5L	non-Turbo	MT	CANADA
EB4I550A	22765AK49G	22765AK49A	EB4I500A	7A09D6E0	85A6 AE08	N.AMERICA	Outback	2017	2.5L	non-Turbo	MT	CANADA
EB4I550A	22765AK49G	22765AK49B	EB4I501A	7A09D6E0	85A6 AE08	N.AMERICA	Outback	2017	2.5L	non-Turbo	MT	CANADA
EB4I550A	22765AK49G	22765AK49C	EB4I502A	7A09D6E0	85A6 AE08	N.AMERICA	Outback	2017	2.5L	non-Turbo	MT	CANADA
EB4I550A	22765AK49G	22765AK49D	EB4I503A	7A09D6E0	85A6 AE08	N.AMERICA	Outback	2017	2.5L	non-Turbo	MT	CANADA
EB4I550A	22765AK49G	22765AK49E	EB4I504A	7A09D6E0	85A6 AE08	N.AMERICA	Outback	2017	2.5L	non-Turbo	MT	CANADA
EB4I550A	22765AK49G	22765AK49E	EB4I50ZA	7A09D6E0	85A6 AE08	N.AMERICA	Outback	2017	2.5L	non-Turbo	MT	CANADA
EB4I550A	22765AK49G	22765AK49F	EB4I530A	7A09D6E0	85A6 AE08	N.AMERICA	Outback	2017	2.5L	non-Turbo	MT	CANADA
EB4I550C	22765AK48G	22765AK48A	EB4I500C	57166248	01A1 1501	N.AMERICA	Legacy	2017	2.5L	non-Turbo	CVT	CAL
EB4I550C	22765AK48G	22765AK48A	EB4I50ZC	57166248	01A1 1501	N.AMERICA	Legacy	2017	2.5L	non-Turbo	CVT	CAL
EB4I550C	22765AK48G	22765AK48A	EB4I50YC	57166248	01A1 1501	N.AMERICA	Legacy	2017	2.5L	non-Turbo	CVT	CAL
EB4I550C	22765AK48G	22765AK48B	EB4I501C	57166248	01A1 1501	N.AMERICA	Legacy	2017	2.5L	non-Turbo	CVT	CAL
EB4I550C	22765AK48G	22765AK48C	EB4I502C	57166248	01A1 1501	N.AMERICA	Legacy	2017	2.5L	non-Turbo	CVT	CAL
EB4I550C	22765AK48G	22765AK48D	EB4I503C	57166248	01A1 1501	N.AMERICA	Legacy	2017	2.5L	non-Turbo	CVT	CAL
EB4I550C	22765AK48G	22765AK48E	EB4I504C	57166248	01A1 1501	N.AMERICA	Legacy	2017	2.5L	non-Turbo	CVT	CAL
EB4I550C	22765AK48G	22765AK48E	EB4I50XC	57166248	01A1 1501	N.AMERICA	Legacy	2017	2.5L	non-Turbo	CVT	CAL
EB4I550C	22765AK48G	22765AK48F	EB4I530C	57166248	01A1 1501	N.AMERICA	Legacy	2017	2.5L	non-Turbo	CVT	CAL
EB4I550C	22765AK48G	22765AK48A	EB4I500C	57166248	01A1 1501	N.AMERICA	Outback	2017	2.5L	non-Turbo	CVT	CAL
EB4I550C	22765AK48G	22765AK48A	EB4I50ZC	57166248	01A1 1501	N.AMERICA	Outback	2017	2.5L	non-Turbo	CVT	CAL
EB4I550C	22765AK48G	22765AK48A	EB4I50YC	57166248	01A1 1501	N.AMERICA	Outback	2017	2.5L	non-Turbo	CVT	CAL
EB4I550C	22765AK48G	22765AK48B	EB4I501C	57166248	01A1 1501	N.AMERICA	Outback	2017	2.5L	non-Turbo	CVT	CAL
EB4I550C	22765AK48G	22765AK48C	EB4I502C	57166248	01A1 1501	N.AMERICA	Outback	2017	2.5L	non-Turbo	CVT	CAL
EB4I550C	22765AK48G	22765AK48D	EB4I503C	57166248	01A1 1501	N.AMERICA	Outback	2017	2.5L	non-Turbo	CVT	CAL
EB4I550C	22765AK48G	22765AK48E	EB4I504C	57166248	01A1 1501	N.AMERICA	Outback	2017	2.5L	non-Turbo	CVT	CAL
EB4I550C	22765AK48G	22765AK48E	EB4I50XC	57166248	01A1 1501	N.AMERICA	Outback	2017	2.5L	non-Turbo	CVT	CAL
EB4I550C	22765AK48G	22765AK48F	EB4I530C	57166248	01A1 1501	N.AMERICA	Outback	2017	2.5L	non-Turbo	CVT	CAL
EB4I550B	22765AK50G	22765AK50A	EB4I500B	819BE7E1	C40D 866E	N.AMERICA	Legacy	2017	2.5L	non-Turbo	CVT	FED
EB4I550B	22765AK50G	22765AK50A	EB4I501B	819BE7E1	C40D 866E	N.AMERICA	Legacy	2017	2.5L	non-Turbo	CVT	FED
EB4I550B	22765AK50G	22765AK50A	EB4I50ZB	819BE7E1	C40D 866E	N.AMERICA	Legacy	2017	2.5L	non-Turbo	CVT	FED
EB4I550B	22765AK50G	22765AK50B	EB4I502B	819BE7E1	C40D 866E	N.AMERICA	Legacy	2017	2.5L	non-Turbo	CVT	FED
EB4I550B	22765AK50G	22765AK50C	EB4I503B	819BE7E1	C40D 866E	N.AMERICA	Legacy	2017	2.5L	non-Turbo	CVT	FED
EB4I550B	22765AK50G	22765AK50D	EB4I504B	819BE7E1	C40D 866E	N.AMERICA	Legacy	2017	2.5L	non-Turbo	CVT	FED
EB4I550B	22765AK50G	22765AK50E	EB4I505B	819BE7E1	C40D 866E	N.AMERICA	Legacy	2017	2.5L	non-Turbo	CVT	FED
EB4I550B	22765AK50G	22765AK50E	EB4I50YB	819BE7E1	C40D 866E	N.AMERICA	Legacy	2017	2.5L	non-Turbo	CVT	FED
EB4I550B	22765AK50G	22765AK50F	EB4I530B	819BE7E1	C40D 866E	N.AMERICA	Legacy	2017	2.5L	non-Turbo	CVT	FED
EB4I550B	22765AK50G	22765AK50A	EB4I500B	819BE7E1	C40D 866E	N.AMERICA	Outback	2017	2.5L	non-Turbo	CVT	FED
EB4I550B	22765AK50G	22765AK50A	EB4I501B	819BE7E1	C40D 866E	N.AMERICA	Outback	2017	2.5L	non-Turbo	CVT	FED
EB4I550B	22765AK50G	22765AK50A	EB4I50ZB	819BE7E1	C40D 866E	N.AMERICA	Outback	2017	2.5L	non-Turbo	CVT	FED
EB4I550B	22765AK50G	22765AK50B	EB4I502B	819BE7E1	C40D 866E	N.AMERICA	Outback	2017	2.5L	non-Turbo	CVT	FED
EB4I550B	22765AK50G	22765AK50C	EB4I503B	819BE7E1	C40D 866E	N.AMERICA	Outback	2017	2.5L	non-Turbo	CVT	FED
EB4I550B	22765AK50G	22765AK50D	EB4I504B	819BE7E1	C40D 866E	N.AMERICA	Outback	2017	2.5L	non-Turbo	CVT	FED
EB4I550B	22765AK50G	22765AK50E	EB4I505B	819BE7E1	C40D 866E	N.AMERICA	Outback	2017	2.5L	non-Turbo	CVT	FED
EB4I550B	22765AK50G	22765AK50E	EB4I50YB	819BE7E1	C40D 866E	N.AMERICA	Outback	2017	2.5L	non-Turbo	CVT	FED
EB4I550B	22765AK50G	22765AK50F	EB4I530B	819BE7E1	C40D 866E	N.AMERICA	Outback	2017	2.5L	non-Turbo	CVT	FED
EB4T700C	22765AK85D	22765AK85A	EB4P000C	ED0B7C17	8446 CB8D	N.AMERICA	Legacy	2018	2.5L	non-Turbo	CVT	CAL
EB4T700C	22765AK85D	22765AK85A	EB4P001C	ED0B7C17	8446 CB8D	N.AMERICA	Legacy	2018	2.5L	non-Turbo	CVT	CAL
EB4T700C	22765AK85D	22765AK85A	EB4S100C	ED0B7C17	8446 CB8D	N.AMERICA	Legacy	2018	2.5L	non-Turbo	CVT	CAL
EB4T700C	22765AK85D	22765AK85B	EB4S101C	ED0B7C17	8446 CB8D	N.AMERICA	Legacy	2018	2.5L	non-Turbo	CVT	CAL
EB4T700C	22765AK85D	22765AK85B	EB4S10ZC	ED0B7C17	8446 CB8D	N.AMERICA	Legacy	2018	2.5L	non-Turbo	CVT	CAL
EB4T700C	22765AK85D	22765AK85C	EB4T400C	ED0B7C17	8446 CB8D	N.AMERICA	Legacy	2018	2.5L	non-Turbo	CVT	CAL
EB4T700C	22765AK85D	22765AK85A	EB4P000C	ED0B7C17	8446 CB8D	N.AMERICA	Outback	2018	2.5L	non-Turbo	CVT	CAL
EB4T700C	22765AK85D	22765AK85A	EB4P001C	ED0B7C17	8446 CB8D	N.AMERICA	Outback	2018	2.5L	non-Turbo	CVT	CAL
EB4T700C	22765AK85D	22765AK85A	EB4S100C	ED0B7C17	8446 CB8D	N.AMERICA	Outback	2018	2.5L	non-Turbo	CVT	CAL
EB4T700C	22765AK85D	22765AK85B	EB4S101C	ED0B7C17	8446 CB8D	N.AMERICA	Outback	2018	2.5L	non-Turbo	CVT	CAL
EB4T700C	22765AK85D	22765AK85B	EB4S10ZC	ED0B7C17	8446 CB8D	N.AMERICA	Outback	2018	2.5L	non-Turbo	CVT	CAL
EB4T700C	22765AK85D	22765AK85C	EB4T400C	ED0B7C17	8446 CB8D	N.AMERICA	Outback	2018	2.5L	non-Turbo	CVT	CAL
EB4V900C	22765AN06C	22765AN06A	EB4V000C	03B99837	5302 B77D	N.AMERICA	Legacy	2019	2.5L	non-Turbo	CVT	CAL
EB4V900C	22765AN06C	22765AN06A	EB4V00ZC	03B99837	5302 B77D	N.AMERICA	Legacy	2019	2.5L	non-Turbo	CVT	CAL
EB4V900C	22765AN06C	22765AN06B	EB4V600C	03B99837	5302 B77D	N.AMERICA	Legacy	2019	2.5L	non-Turbo	CVT	CAL
EB4V900C	22765AN06C	22765AN06A	EB4V000C	03B99837	5302 B77D	N.AMERICA	Outback	2019	2.5L	non-Turbo	CVT	CAL
EB4V900C	22765AN06C	22765AN06A	EB4V00ZC	03B99837	5302 B77D	N.AMERICA	Outback	2019	2.5L	non-Turbo	CVT	CAL
EB4V900C	22765AN06C	22765AN06B	EB4V600C	03B99837	5302 B77D	N.AMERICA	Outback	2019	2.5L	non-Turbo	CVT	CAL
DB4T700D	22765AK89D	22765AK89A	DB4P000D	A26C95FA	A6A4 960B	N.AMERICA	Legacy	2018	3.6L	non-Turbo	CVT	FED  CAL
DB4T700D	22765AK89D	22765AK89A	DB4P001D	A26C95FA	A6A4 960B	N.AMERICA	Legacy	2018	3.6L	non-Turbo	CVT	FED  CAL
DB4T700D	22765AK89D	22765AK89B	DB4T400D	A26C95FA	A6A4 960B	N.AMERICA	Legacy	2018	3.6L	non-Turbo	CVT	FED  CAL
DB4T700D	22765AK89D	22765AK89C	DB4T600D	A26C95FA	A6A4 960B	N.AMERICA	Legacy	2018	3.6L	non-Turbo	CVT	FED  CAL
DB4T700D	22765AK89D	22765AK89A	DB4P000D	A26C95FA	A6A4 960B	N.AMERICA	Outback	2018	3.6L	non-Turbo	CVT	FED  CAL
DB4T700D	22765AK89D	22765AK89A	DB4P001D	A26C95FA	A6A4 960B	N.AMERICA	Outback	2018	3.6L	non-Turbo	CVT	FED  CAL
DB4T700D	22765AK89D	22765AK89B	DB4T400D	A26C95FA	A6A4 960B	N.AMERICA	Outback	2018	3.6L	non-Turbo	CVT	FED  CAL
DB4T700D	22765AK89D	22765AK89C	DB4T600D	A26C95FA	A6A4 960B	N.AMERICA	Outback	2018	3.6L	non-Turbo	CVT	FED  CAL
DB4V900D	22765AN11D	22765AN11A	DB4V000D	03BC002D	B90D 3610	N.AMERICA	Legacy	2019	3.6L	non-Turbo	CVT	FED  CAL
DB4V900D	22765AN11D	22765AN11B	DB4V600D	03BC002D	B90D 3610	N.AMERICA	Legacy	2019	3.6L	non-Turbo	CVT	FED  CAL
DB4V900D	22765AN11D	22765AN11C	DB4V800D	03BC002D	B90D 3610	N.AMERICA	Legacy	2019	3.6L	non-Turbo	CVT	FED  CAL
DB4V900D	22765AN11D	22765AN11A	DB4V000D	03BC002D	B90D 3610	N.AMERICA	Outback	2019	3.6L	non-Turbo	CVT	FED  CAL
DB4V900D	22765AN11D	22765AN11B	DB4V600D	03BC002D	B90D 3610	N.AMERICA	Outback	2019	3.6L	non-Turbo	CVT	FED  CAL
DB4V900D	22765AN11D	22765AN11C	DB4V800D	03BC002D	B90D 3610	N.AMERICA	Outback	2019	3.6L	non-Turbo	CVT	FED  CAL
DB4GI00D	22765AF45H	22765AF45A	DB4F300D	6FE961CB	C5EB 162C	N.AMERICA	Legacy	2015	3.6L	non-Turbo	CVT	FED  CAL
DB4GI00D	22765AF45H	22765AF45A	DB4F301D	6FE961CB	C5EB 162C	N.AMERICA	Legacy	2015	3.6L	non-Turbo	CVT	FED  CAL
DB4GI00D	22765AF45H	22765AF45A	DB4G300D	6FE961CB	C5EB 162C	N.AMERICA	Legacy	2015	3.6L	non-Turbo	CVT	FED  CAL
DB4GI00D	22765AF45H	22765AF45B	DB4G301D	6FE961CB	C5EB 162C	N.AMERICA	Legacy	2015	3.6L	non-Turbo	CVT	FED  CAL
DB4GI00D	22765AF45H	22765AF45B	DB4G3Z1D	6FE961CB	C5EB 162C	N.AMERICA	Legacy	2015	3.6L	non-Turbo	CVT	FED  CAL
DB4GI00D	22765AF45H	22765AF45C	DB4GA00D	6FE961CB	C5EB 162C	N.AMERICA	Legacy	2015	3.6L	non-Turbo	CVT	FED  CAL
DB4GI00D	22765AF45H	22765AF45D	DB4GA01D	6FE961CB	C5EB 162C	N.AMERICA	Legacy	2015	3.6L	non-Turbo	CVT	FED  CAL
DB4GI00D	22765AF45H	22765AF45E	DB4GE00D	6FE961CB	C5EB 162C	N.AMERICA	Legacy	2015	3.6L	non-Turbo	CVT	FED  CAL
DB4GI00D	22765AF45H	22765AF45F	DB4GG00D	6FE961CB	C5EB 162C	N.AMERICA	Legacy	2015	3.6L	non-Turbo	CVT	FED  CAL
DB4GI00D	22765AF45H	22765AF45G	DB4GH00D	6FE961CB	C5EB 162C	N.AMERICA	Legacy	2015	3.6L	non-Turbo	CVT	FED  CAL
DB4GI00D	22765AF45H	22765AF45A	DB4F300D	6FE961CB	C5EB 162C	N.AMERICA	Outback	2015	3.6L	non-Turbo	CVT	FED  CAL
DB4GI00D	22765AF45H	22765AF45A	DB4F301D	6FE961CB	C5EB 162C	N.AMERICA	Outback	2015	3.6L	non-Turbo	CVT	FED  CAL
DB4GI00D	22765AF45H	22765AF45A	DB4G300D	6FE961CB	C5EB 162C	N.AMERICA	Outback	2015	3.6L	non-Turbo	CVT	FED  CAL
DB4GI00D	22765AF45H	22765AF45B	DB4G301D	6FE961CB	C5EB 162C	N.AMERICA	Outback	2015	3.6L	non-Turbo	CVT	FED  CAL
DB4GI00D	22765AF45H	22765AF45B	DB4G3Z1D	6FE961CB	C5EB 162C	N.AMERICA	Outback	2015	3.6L	non-Turbo	CVT	FED  CAL
DB4GI00D	22765AF45H	22765AF45C	DB4GA00D	6FE961CB	C5EB 162C	N.AMERICA	Outback	2015	3.6L	non-Turbo	CVT	FED  CAL
DB4GI00D	22765AF45H	22765AF45D	DB4GA01D	6FE961CB	C5EB 162C	N.AMERICA	Outback	2015	3.6L	non-Turbo	CVT	FED  CAL
DB4GI00D	22765AF45H	22765AF45E	DB4GE00D	6FE961CB	C5EB 162C	N.AMERICA	Outback	2015	3.6L	non-Turbo	CVT	FED  CAL
DB4GI00D	22765AF45H	22765AF45F	DB4GG00D	6FE961CB	C5EB 162C	N.AMERICA	Outback	2015	3.6L	non-Turbo	CVT	FED  CAL
DB4GI00D	22765AF45H	22765AF45G	DB4GH00D	6FE961CB	C5EB 162C	N.AMERICA	Outback	2015	3.6L	non-Turbo	CVT	FED  CAL
D0XJ007B	22611AK12B	22611AK12A	D0XJ002B	8C4102DE	F3080CD0	N.AMERICA	Tribeca	2006	3.0L	non-Turbo	AT	FED  CAL
DZ1E401B	22611AN03C	22611AN03B	DZ1E103B	D80ADBF1	50337C5A	N.AMERICA	Tribeca	2008	3.6L	non-Turbo	AT	FED  CAL
DE5IB40K	22765AB32D	22765AB32A	DE5F810K	7A9722D8	1E11 22BC	N.AMERICA	Tribeca	2011	3.6L	non-Turbo	AT	FED  CAL
DE5IB40K	22765AB32D	22765AB32C	DE5IB00K	7A9722D8	1E11 22BC	N.AMERICA	Tribeca	2011	3.6L	non-Turbo	AT	FED  CAL
DE5K800K	22765AD47C	22765AD47A	DE5K410K	E1A4EE2C	E6A2 FD61	N.AMERICA	Tribeca	2012	3.6L	non-Turbo	AT	FED  CAL
DE5K800K	22765AD47C	22765AD47B	DE5K411K	E1A4EE2C	E6A2 FD61	N.AMERICA	Tribeca	2012	3.6L	non-Turbo	AT	FED  CAL
CID# is not available.	UD-S204	22611AE520	CID# is not available.	5239AC77	CVN is not available.	N.AMERICA	Impreza	1999	2.2L	non-Turbo	MT	FED  CAL
CID# is not available.	UD-S204	22611AE521	CID# is not available.	5239AC77	CVN is not available.	N.AMERICA	Impreza	1999	2.2L	non-Turbo	MT	FED  CAL
CID# is not available.	UD-S204	22611AE522	CID# is not available.	5239AC77	CVN is not available.	N.AMERICA	Impreza	1999	2.2L	non-Turbo	MT	FED  CAL
CID# is not available.	UD-S204	22611AE523	CID# is not available.	5239AC77	CVN is not available.	N.AMERICA	Impreza	1999	2.2L	non-Turbo	MT	FED  CAL
CID# is not available.	UD-S204	22611AE520	CID# is not available.	5239AC77	CVN is not available.	N.AMERICA	Impreza	2000	2.2L	non-Turbo	MT	FED  CAL
CID# is not available.	UD-S204	22611AE521	CID# is not available.	5239AC77	CVN is not available.	N.AMERICA	Impreza	2000	2.2L	non-Turbo	MT	FED  CAL
CID# is not available.	UD-S204	22611AE522	CID# is not available.	5239AC77	CVN is not available.	N.AMERICA	Impreza	2000	2.2L	non-Turbo	MT	FED  CAL
CID# is not available.	UD-S204	22611AE523	CID# is not available.	5239AC77	CVN is not available.	N.AMERICA	Impreza	2000	2.2L	non-Turbo	MT	FED  CAL
CID# is not available.	UD-S204	22611AE520	CID# is not available.	5239AC77	CVN is not available.	N.AMERICA	Impreza	2001	2.2L	non-Turbo	MT	FED  CAL
CID# is not available.	UD-S204	22611AE521	CID# is not available.	5239AC77	CVN is not available.	N.AMERICA	Impreza	2001	2.2L	non-Turbo	MT	FED  CAL
CID# is not available.	UD-S204	22611AE522	CID# is not available.	5239AC77	CVN is not available.	N.AMERICA	Impreza	2001	2.2L	non-Turbo	MT	FED  CAL
CID# is not available.	UD-S204	22611AE523	CID# is not available.	5239AC77	CVN is not available.	N.AMERICA	Impreza	2001	2.2L	non-Turbo	MT	FED  CAL
DU2IHGB3	UD-S205A	22611AF581	CID# is not available.	60F69F37	4B38 5E62	N.AMERICA	Impreza	2000	2.5L	non-Turbo	MT AT	FED  CAL
DU2IHGB3	UD-S205A	22611AF582	CID# is not available.	60F69F37	4B38 5E62	N.AMERICA	Impreza	2000	2.5L	non-Turbo	MT AT	FED  CAL
DU2IHGB3	UD-S205A	22611AF583	CID# is not available.	60F69F37	4B38 5E62	N.AMERICA	Impreza	2000	2.5L	non-Turbo	MT AT	FED  CAL
DU2IHGB3	UD-S205A	22611AF584	DU1IJGM1	60F69F37	4B38 5E62	N.AMERICA	Impreza	2000	2.5L	non-Turbo	MT AT	FED  CAL
DU2IHGB3	UD-S205A	22611AF591	CID# is not available.	60F69F37	4B38 5E62	N.AMERICA	Impreza	2000	2.5L	non-Turbo	MT AT	FED  CAL
DU2IHGB3	UD-S205A	22611AF592	CID# is not available.	60F69F37	4B38 5E62	N.AMERICA	Impreza	2000	2.5L	non-Turbo	MT AT	FED  CAL
DU2IHGB3	UD-S205A	22611AF593	CID# is not available.	60F69F37	4B38 5E62	N.AMERICA	Impreza	2000	2.5L	non-Turbo	MT AT	FED  CAL
DU2IHGB3	UD-S205A	22611AF594	DU1IJGA1	60F69F37	4B38 5E62	N.AMERICA	Impreza	2000	2.5L	non-Turbo	MT AT	FED  CAL
DU2IHGB3	UD-S205A	22611AH960	DU2ＩBG06	60F69F37	4B38 5E62	N.AMERICA	Impreza	2000	2.5L	non-Turbo	MT AT	FED  CAL
DU2IHGB3	UD-S205A	22611AH961	DU2ICG08	60F69F37	4B38 5E62	N.AMERICA	Impreza	2000	2.5L	non-Turbo	MT AT	FED  CAL
DU2IHGB3	UD-S205A	22611AH962	DU2ICG0A	60F69F37	4B38 5E62	N.AMERICA	Impreza	2000	2.5L	non-Turbo	MT AT	FED  CAL
DU2IHGB3	UD-S205A	22611AH963	DU2IDG0C	60F69F37	4B38 5E62	N.AMERICA	Impreza	2000	2.5L	non-Turbo	MT AT	FED  CAL
DU2IHGB3	UD-S205A	22611AH964	DU2IEG0E	60F69F37	4B38 5E62	N.AMERICA	Impreza	2000	2.5L	non-Turbo	MT AT	FED  CAL
DU2IHGB3	UD-S205A	22611AH965	DU2IGGB1	60F69F37	4B38 5E62	N.AMERICA	Impreza	2000	2.5L	non-Turbo	MT AT	FED  CAL
DU2IHGB3	UD-S205A	22611AF581	CID# is not available.	60F69F37	4B38 5E62	N.AMERICA	Impreza	2001	2.5L	non-Turbo	MT AT	FED  CAL
DU2IHGB3	UD-S205A	22611AF582	CID# is not available.	60F69F37	4B38 5E62	N.AMERICA	Impreza	2001	2.5L	non-Turbo	MT AT	FED  CAL
DU2IHGB3	UD-S205A	22611AF583	CID# is not available.	60F69F37	4B38 5E62	N.AMERICA	Impreza	2001	2.5L	non-Turbo	MT AT	FED  CAL
DU2IHGB3	UD-S205A	22611AF584	DU1IJGM1	60F69F37	4B38 5E62	N.AMERICA	Impreza	2001	2.5L	non-Turbo	MT AT	FED  CAL
DU2IHGB3	UD-S205A	22611AF591	CID# is not available.	60F69F37	4B38 5E62	N.AMERICA	Impreza	2001	2.5L	non-Turbo	MT AT	FED  CAL
DU2IHGB3	UD-S205A	22611AF592	CID# is not available.	60F69F37	4B38 5E62	N.AMERICA	Impreza	2001	2.5L	non-Turbo	MT AT	FED  CAL
DU2IHGB3	UD-S205A	22611AF593	CID# is not available.	60F69F37	4B38 5E62	N.AMERICA	Impreza	2001	2.5L	non-Turbo	MT AT	FED  CAL
DU2IHGB3	UD-S205A	22611AF594	DU1IJGA1	60F69F37	4B38 5E62	N.AMERICA	Impreza	2001	2.5L	non-Turbo	MT AT	FED  CAL
DU2IHGB3	UD-S205A	22611AH960	DU2ＩBG06	60F69F37	4B38 5E62	N.AMERICA	Impreza	2001	2.5L	non-Turbo	MT AT	FED  CAL
DU2IHGB3	UD-S205A	22611AH961	DU2ICG08	60F69F37	4B38 5E62	N.AMERICA	Impreza	2001	2.5L	non-Turbo	MT AT	FED  CAL
DU2IHGB3	UD-S205A	22611AH962	DU2ICG0A	60F69F37	4B38 5E62	N.AMERICA	Impreza	2001	2.5L	non-Turbo	MT AT	FED  CAL
DU2IHGB3	UD-S205A	22611AH963	DU2IDG0C	60F69F37	4B38 5E62	N.AMERICA	Impreza	2001	2.5L	non-Turbo	MT AT	FED  CAL
DU2IHGB3	UD-S205A	22611AH964	DU2IEG0E	60F69F37	4B38 5E62	N.AMERICA	Impreza	2001	2.5L	non-Turbo	MT AT	FED  CAL
DU2IHGB3	UD-S205A	22611AH965	DU2IGGB1	60F69F37	4B38 5E62	N.AMERICA	Impreza	2001	2.5L	non-Turbo	MT AT	FED  CAL
DU2IHGS3	UD-S205B	22611AF401	DU2I61G5	941EFDAB	BA3E 5E62	N.AMERICA	Impreza	2002	2.5L	non-Turbo	MT AT	FED  CAL
DU2IHGS3	UD-S205B	22611AF402	DU2IBG05	941EFDAB	BA3E 5E62	N.AMERICA	Impreza	2002	2.5L	non-Turbo	MT AT	FED  CAL
DU2IHGS3	UD-S205B	22611AF403	DU2ICG07	941EFDAB	BA3E 5E62	N.AMERICA	Impreza	2002	2.5L	non-Turbo	MT AT	FED  CAL
DU2IHGS3	UD-S205B	22611AF404	DU2ICG09	941EFDAB	BA3E 5E62	N.AMERICA	Impreza	2002	2.5L	non-Turbo	MT AT	FED  CAL
DU2IHGS3	UD-S205B	22611AF405	DU2IDG0B	941EFDAB	BA3E 5E62	N.AMERICA	Impreza	2002	2.5L	non-Turbo	MT AT	FED  CAL
DU2IHGS3	UD-S205B	22611AF406	DU2IEG0D	941EFDAB	BA3E 5E62	N.AMERICA	Impreza	2002	2.5L	non-Turbo	MT AT	FED  CAL
DU2IHGS3	UD-S205B	22611AF407	DU2IGGS1	941EFDAB	BA3E 5E62	N.AMERICA	Impreza	2002	2.5L	non-Turbo	MT AT	FED  CAL
A4SGE01C	UD-S204	22611AF421	A4SG900C	5239AC77	E1F11923	N.AMERICA	Impreza	2002	2.0L	Turbo	MT	FED  CAL
A4SGE01C	UD-S204	22611AF422	A4SGA00C	5239AC77	E1F11923	N.AMERICA	Impreza	2002	2.0L	Turbo	MT	FED  CAL
A4SGE01C	UD-S204	22611AF423	A4SGC00C	5239AC77	E1F11923	N.AMERICA	Impreza	2002	2.0L	Turbo	MT	FED  CAL
A4SGE01C	UD-S204	22611AF424	A4SGD10C	5239AC77	E1F11923	N.AMERICA	Impreza	2002	2.0L	Turbo	MT	FED  CAL
A4SGE01C	UD-S204	22611AF425	A4SGE00C	5239AC77	E1F11923	N.AMERICA	Impreza	2002	2.0L	Turbo	MT AT	FED  CAL
A4SGE01C	UD-S204	22611AF411	A4SG900C	5239AC77	E1F11923	N.AMERICA	Impreza	2002	2.0L	Turbo	AT	FED  CAL
A4SGE01C	UD-S204	22611AF412	A4SGA00C	5239AC77	E1F11923	N.AMERICA	Impreza	2002	2.0L	Turbo	AT	FED  CAL
A4SGE01C	UD-S204	22611AF413	A4SGC00C	5239AC77	E1F11923	N.AMERICA	Impreza	2002	2.0L	Turbo	AT	FED  CAL
A4TC401L	UD-S204	22611AJ030	A4TC101L	5239AC77	F7C25519	N.AMERICA	Impreza	2003	2.0L	Turbo	MT	FED  CAL
A4TC401L	UD-S204	22611AJ031	A4TC300L	5239AC77	F7C25519	N.AMERICA	Impreza	2003	2.0L	Turbo	MT	FED  CAL
A4TC401L	UD-S204	22611AJ032	A4TC400L	5239AC77	F7C25519	N.AMERICA	Impreza	2003	2.0L	Turbo	MT	FED  CAL
D6XR2U0C	UD-S205C	22611AJ020	D6SR2U03	CD1077C4	46FD 063B	N.AMERICA	Impreza	2003	2.5L	non-Turbo	MT AT	FED  CAL
D6XR2U0C	UD-S205C	22611AJ021	D6VR2U05	CD1077C4	46FD 063B	N.AMERICA	Impreza	2003	2.5L	non-Turbo	MT AT	FED  CAL
D6XR2U0C	UD-S205C	22611AJ022	D6VR2U06	CD1077C4	46FD 063B	N.AMERICA	Impreza	2003	2.5L	non-Turbo	MT AT	FED  CAL
D6XR2U0C	UD-S205C	22611AJ023	D6XR2U0A	CD1077C4	46FD 063B	N.AMERICA	Impreza	2003	2.5L	non-Turbo	MT AT	FED  CAL
D6XR2U0C	UD-S205C	22611AJ024	D6XR2U0B	CD1077C4	46FD 063B	N.AMERICA	Impreza	2003	2.5L	non-Turbo	MT AT	FED  CAL
A4TF520F	UD-S217	22611AH791	A4TF300F	DD2F0946	E32DF146	N.AMERICA	Impreza	2004	2.0L	Turbo	MT	FED  CAL
A4TF520F	UD-S217	22611AH792	A4TF500F	DD2F0946	E32DF146	N.AMERICA	Impreza	2004	2.0L	Turbo	MT	FED  CAL
A4TF520F	UD-S217	22611AH793	A4TF510F	DD2F0946	E32DF146	N.AMERICA	Impreza	2004	2.0L	Turbo	MT	FED  CAL
A4TF520E	UD-S217	22611AH801	A4TF300E	DD2F0946	0EFA51E4	N.AMERICA	Impreza	2004	2.0L	Turbo	AT	FED  CAL
A4TF520E	UD-S217	22611AH802	A4TF400E	DD2F0946	0EFA51E4	N.AMERICA	Impreza	2004	2.0L	Turbo	AT	FED  CAL
A4TF520E	UD-S217	22611AH803	A4TF510E	DD2F0946	0EFA51E4	N.AMERICA	Impreza	2004	2.0L	Turbo	AT	FED  CAL
A2ZJ710J	UD-S202	22611AJ241	A2ZJ500J	BD23096C	59CAB5E0	N.AMERICA	Impreza	2004	2.5L	Turbo	MT	FED  CAL
A2ZJ710J	UD-S202	22611AJ242	A2ZJ700J	BD23096C	59CAB5E0	N.AMERICA	Impreza	2004	2.5L	Turbo	MT	FED  CAL
D86T2U07	22611AH525	22611AH521	D86T2U03	E18C3F85	1D33 865E	N.AMERICA	Impreza	2004	2.5L	non-Turbo	MT AT	FED  CAL
D86T2U07	22611AH525	22611AH522	D86T2U04	E18C3F85	1D33 865E	N.AMERICA	Impreza	2004	2.5L	non-Turbo	MT AT	FED  CAL
D86T2U07	22611AH525	22611AH523	D86T2U05	E18C3F85	1D33 865E	N.AMERICA	Impreza	2004	2.5L	non-Turbo	MT AT	FED  CAL
D86T2U07	22611AH525	22611AH524	D86T2U06	E18C3F85	1D33 865E	N.AMERICA	Impreza	2004	2.5L	non-Turbo	MT AT	FED  CAL
E2ZJ131G	UD-S215B	22611AJ940	E2ZJ101G	38FA5CCD	E42E9CE5	N.AMERICA	Impreza	2005	2.5L	non-Turbo	AT	FED  CAL
E2ZJ131G	UD-S215B	22611AJ941	E2ZJ111G	38FA5CCD	E42E9CE5	N.AMERICA	Impreza	2005	2.5L	non-Turbo	AT	FED  CAL
E2ZJ131G	UD-S215B	22611AJ942	E2ZJ121G	38FA5CCD	E42E9CE5	N.AMERICA	Impreza	2005	2.5L	non-Turbo	AT	FED  CAL
E2ZJ133G	UD-S215B	22611AJ950	E2ZJ103G	38FA5CCD	E146AAF9	N.AMERICA	Impreza	2005	2.5L	non-Turbo	MT	FED  CAL
E2ZJ133G	UD-S215B	22611AJ951	E2ZJ113G	38FA5CCD	E146AAF9	N.AMERICA	Impreza	2005	2.5L	non-Turbo	MT	FED  CAL
E2ZJ133G	UD-S215B	22611AJ952	E2ZJ123G	38FA5CCD	E146AAF9	N.AMERICA	Impreza	2005	2.5L	non-Turbo	MT	FED  CAL
A4TF810F	UD-S217	22611AJ890	A4TF800F	DD2F0946	1662AA96	N.AMERICA	Impreza	2005	2.0L	Turbo	MT	FED  CAL
A4TF810E	UD-S217	22611AJ900	A4TF800E	DD2F0946	C8D90260	N.AMERICA	Impreza	2005	2.0L	Turbo	AT	FED  CAL
E2VL001C	22611AL213	22611AL210	E2VH101C	77889DFB	8C282DB2	N.AMERICA	Impreza	2006	2.5L	non-Turbo	AT	FED  CAL
E2VL001C	22611AL213	22611AL211	E2VH111C	77889DFB	8C282DB2	N.AMERICA	Impreza	2006	2.5L	non-Turbo	AT	FED  CAL
E2VL001C	22611AL213	22611AL212	E2VH121C	77889DFB	8C282DB2	N.AMERICA	Impreza	2006	2.5L	non-Turbo	AT	FED  CAL
E2UG002L	22611AM442	22611AL200	E2VH102C	AD6DC337	C5A012EB	N.AMERICA	Impreza	2006	2.5L	non-Turbo	MT	FED  CAL
E2UG002L	22611AM442	22611AL201	E2VH112C	AD6DC337	C5A012EB	N.AMERICA	Impreza	2006	2.5L	non-Turbo	MT	FED  CAL
E2UG002L	22611AM442	22611AL202	E2VH202C	AD6DC337	C5A012EB	N.AMERICA	Impreza	2006	2.5L	non-Turbo	MT	FED  CAL
E2UG002L	22611AM442	22611AM441	E2UE202L	AD6DC337	C5A012EB	N.AMERICA	Impreza	2006	2.5L	non-Turbo	MT	FED  CAL
A8DH201X	UD-S221C	22611AL350	A8DH200X	FD38154F	71F5086B	N.AMERICA	Impreza	2006	2.5L	Turbo	MT	FED  CAL
A8DH202X	22611AL352	22611AL350	A8DH200X	938134A1	A502 086B	N.AMERICA	Impreza	2006	2.5L	Turbo	MT	FED  CAL
A8DH202X	22611AL352	22611AL351	A8DH201X	938134A1	A502 086B	N.AMERICA	Impreza	2006	2.5L	Turbo	MT	FED  CAL
A8DH201W	22611AL361	22611AL360	A8DH200W	475E3C36	DC98 BCBF	N.AMERICA	Impreza	2006	2.5L	Turbo	AT	FED  CAL
E2UG002L	22611AM442	22611AM440	E2UE102L	AD6DC337	C5A012EB	N.AMERICA	Impreza	2007	2.5L	non-Turbo	MT	FED  CAL
E2UG002L	22611AM442	22611AM441	E2UE202L	AD6DC337	C5A012EB	N.AMERICA	Impreza	2007	2.5L	non-Turbo	MT	FED  CAL
E2UG001L	22611AM451	22611AM450	E2UE101L	6D2B94D1	CAE35F3E	N.AMERICA	Impreza	2007	2.5L	non-Turbo	AT	FED  CAL
A8DK101X	22611AM421	22611AM420	A8DK100X	7257D648	C004 6FF9	N.AMERICA	Impreza	2007	2.5L	Turbo	MT	FED  CAL
A8DK101W	22611AM431	22611AM430	A8DK100W	A79E29C2	D5DA 63F8	N.AMERICA	Impreza	2007	2.5L	Turbo	AT	FED  CAL
A2UJ001J	22611AM412	22611AM410	A2UG000J	57F7B481	FF73D8B8	N.AMERICA	Impreza	2007	2.5L	Turbo	6MT	FED  CAL
A2UJ001J	22611AM412	22611AM411	A2UJ000J	57F7B481	FF73D8B8	N.AMERICA	Impreza	2007	2.5L	Turbo	6MT	FED  CAL
AZ1G202I	22611AN351	22611AN350	AZ1G201I	90EF9137	4AA6DB01	N.AMERICA	Impreza	2008	2.5L	Turbo	MT	FED  CAL
EZ1GB00H	22611AM702	22611AM700	EZ1E102H	82F0E0DA	BAD23B9B	N.AMERICA	Impreza	2008	2.5L	non-Turbo	AT	FED  CAL
EZ1GB00H	22611AM702	22611AM701	EZ1E401H	82F0E0DA	BAD23B9B	N.AMERICA	Impreza	2008	2.5L	non-Turbo	AT	FED  CAL
EZ1GB00H	22611AM702	22611AM700	EZ1E102H	82F0E0DA	BAD23B9B	N.AMERICA	Impreza	2009	2.5L	non-Turbo	AT	FED  CAL
EZ1GB00H	22611AM702	22611AM701	EZ1E401H	82F0E0DA	BAD23B9B	N.AMERICA	Impreza	2009	2.5L	non-Turbo	AT	FED  CAL
EZ1GB00G	22611AM692	22611AM690	EZ1E102G	81BB0B85	ABAE564C	N.AMERICA	Impreza	2008	2.5L	non-Turbo	MT	FED  CAL
EZ1GB00G	22611AM692	22611AM691	EZ1E401G	81BB0B85	ABAE564C	N.AMERICA	Impreza	2008	2.5L	non-Turbo	MT	FED  CAL
EZ1GB00G	22611AM692	22611AM690	EZ1E102G	81BB0B85	ABAE564C	N.AMERICA	Impreza	2009	2.5L	non-Turbo	MT	FED  CAL
EZ1GB00G	22611AM692	22611AM691	EZ1E401G	81BB0B85	ABAE564C	N.AMERICA	Impreza	2009	2.5L	non-Turbo	MT	FED  CAL
AZ1G410V	22611AP391	22611AP390	AZ1G401V	3C27E900	7E87DE7C	N.AMERICA	Impreza	2009	2.5L	Turbo	5MT	FED  CAL
EZ1GB10H	22765AA792	22765AA790	EZ1G701H	68EC44AD	75DE939A	N.AMERICA	Impreza	2010	2.5L	non-Turbo	AT	FED  CAL
EZ1GB10H	22765AA792	22765AA791	EZ1G702H	68EC44AD	75DE939A	N.AMERICA	Impreza	2010	2.5L	non-Turbo	AT	FED  CAL
EZ1GB10G	22765AA782	22765AA780	EZ1G700G	EF43B564	D4DBE931	N.AMERICA	Impreza	2010	2.5L	non-Turbo	MT	FED  CAL
EZ1GB10G	22765AA782	22765AA781	EZ1G702G	EF43B564	D4DBE931	N.AMERICA	Impreza	2010	2.5L	non-Turbo	MT	FED  CAL
AZ1G710V	22765AA821	22765AA820	AZ1G701V	9C9F968F	E31DF1E1	N.AMERICA	Impreza	2010	2.5L	Turbo	5MT	FED  CAL
EE5I910G	22765AB011	22765AB010	EE5I712G	A2BDC766	2BBB7FD7	N.AMERICA	Impreza	2011	2.5L	non-Turbo	MT	FED  CAL
EE5I910H	22765AB021	22765AB020	EE5I712H	FAF0760E	590F4A5F	N.AMERICA	Impreza	2011	2.5L	non-Turbo	AT	FED  CAL
EE5IB40H	22765AD012	22765AD010	EE5IA10H	BD6901F1	6775 F915	N.AMERICA	Impreza	2011	2.5L	non-Turbo	AT	FED  CAL
EE5IB40H	22765AD012	22765AD011	EE5IB00H	BD6901F1	6775 F915	N.AMERICA	Impreza	2011	2.5L	non-Turbo	AT	FED  CAL
EE5IB50G	22765AD003	22765AD000	EE5IA10G	A7C66C5E	2BF7 E385	N.AMERICA	Impreza	2011	2.5L	non-Turbo	MT	FED  CAL
EE5IB50G	22765AD003	22765AD001	EE5IB00G	A7C66C5E	2BF7 E385	N.AMERICA	Impreza	2011	2.5L	non-Turbo	MT	FED  CAL
EE5IB50G	22765AD003	22765AD002	EE5IB40G	A7C66C5E	2BF7 E385	N.AMERICA	Impreza	2011	2.5L	non-Turbo	MT	FED  CAL
AE5I910V	22765AB211	22765AB210	AE5I712V	12E8A5D9	DAB80772	N.AMERICA	Impreza	2011	2.5L	Turbo	6MT	FED  CAL
AE5I910L	22765AB201	22765AB200	AE5I802L	F6768844	C98EBB9C	N.AMERICA	Impreza	2011	2.5L	Turbo	5MT	FED  CAL
AE5IB40L	22765AD023	22765AD020	AE5IA10L	E6633263	6962 53A3	N.AMERICA	Impreza	2011	2.5L	Turbo	5MT	FED  CAL
AE5IB40L	22765AD023	22765AD021	AE5IB00L	E6633263	6962 53A3	N.AMERICA	Impreza	2011	2.5L	Turbo	5MT	FED  CAL
AE5IB40L	22765AD023	22765AD021	AE5IB0ZL	E6633263	6962 53A3	N.AMERICA	Impreza	2011	2.5L	Turbo	5MT	FED  CAL
AE5IB40L	22765AD023	22765AD022	AE5IB30L	E6633263	6962 53A3	N.AMERICA	Impreza	2011	2.5L	Turbo	5MT	FED  CAL
AE5IB40V	22765AD033	22765AD030	AE5IA10V	C508F06E	598A C14E	N.AMERICA	Impreza	2011	2.5L	Turbo	6MT	FED  CAL
AE5IB40V	22765AD033	22765AD031	AE5IB00V	C508F06E	598A C14E	N.AMERICA	Impreza	2011	2.5L	Turbo	6MT	FED  CAL
AE5IB40V	22765AD033	22765AD031	AE5IB0ZV	C508F06E	598A C14E	N.AMERICA	Impreza	2011	2.5L	Turbo	6MT	FED  CAL
AE5IB40V	22765AD033	22765AD032	AE5IB30V	C508F06E	598A C14E	N.AMERICA	Impreza	2011	2.5L	Turbo	6MT	FED  CAL
EP5GD00B	22765AC426	22765AC420	EP5F400B	82D6284D	566E3FA9	N.AMERICA	Impreza	2012	2.0L	non-Turbo	CVT	CAL
EP5GD00B	22765AC426	22765AC421	EP5F401B	82D6284D	566E3FA9	N.AMERICA	Impreza	2012	2.0L	non-Turbo	CVT	CAL
EP5GD00B	22765AC426	22765AC421	EP5F4Z1B	82D6284D	566E3FA9	N.AMERICA	Impreza	2012	2.0L	non-Turbo	CVT	CAL
EP5GD00B	22765AC426	22765AC422	EP5G500B	82D6284D	566E3FA9	N.AMERICA	Impreza	2012	2.0L	non-Turbo	CVT	CAL
EP5GD00B	22765AC426	22765AC423	EP5G600B	82D6284D	566E3FA9	N.AMERICA	Impreza	2012	2.0L	non-Turbo	CVT	CAL
EP5GD00B	22765AC426	22765AC424	EP5G601B	82D6284D	566E3FA9	N.AMERICA	Impreza	2012	2.0L	non-Turbo	CVT	CAL
EP5GD00B	22765AC426	22765AC424	EP5G60ZB	82D6284D	566E3FA9	N.AMERICA	Impreza	2012	2.0L	non-Turbo	CVT	CAL
EP5GD00B	22765AC426	22765AC425	EP5G602B	82D6284D	566E3FA9	N.AMERICA	Impreza	2012	2.0L	non-Turbo	CVT	CAL
EP5GD00D	22765AC386	22765AC380	EP5F400D	D0C39921	A64C4AD0	N.AMERICA	Impreza	2012	2.0L	non-Turbo	CVT	FED
EP5GD00D	22765AC386	22765AC381	EP5F401D	D0C39921	A64C4AD0	N.AMERICA	Impreza	2012	2.0L	non-Turbo	CVT	FED
EP5GD00D	22765AC386	22765AC381	EP5F4Z1D	D0C39921	A64C4AD0	N.AMERICA	Impreza	2012	2.0L	non-Turbo	CVT	FED
EP5GD00D	22765AC386	22765AC382	EP5G500D	D0C39921	A64C4AD0	N.AMERICA	Impreza	2012	2.0L	non-Turbo	CVT	FED
EP5GD00D	22765AC386	22765AC383	EP5G600D	D0C39921	A64C4AD0	N.AMERICA	Impreza	2012	2.0L	non-Turbo	CVT	FED
EP5GD00D	22765AC386	22765AC384	EP5G601D	D0C39921	A64C4AD0	N.AMERICA	Impreza	2012	2.0L	non-Turbo	CVT	FED
EP5GD00D	22765AC386	22765AC384	EP5G60ZD	D0C39921	A64C4AD0	N.AMERICA	Impreza	2012	2.0L	non-Turbo	CVT	FED
EP5GD00D	22765AC386	22765AC385	EP5G602D	D0C39921	A64C4AD0	N.AMERICA	Impreza	2012	2.0L	non-Turbo	CVT	FED
EP5GD00A	22765AC407	22765AC400	EP5F401A	76194C59	36214324	N.AMERICA	Impreza	2012	2.0L	non-Turbo	MT	CAL
EP5GD00A	22765AC407	22765AC401	EP5G210A	76194C59	36214324	N.AMERICA	Impreza	2012	2.0L	non-Turbo	MT	CAL
EP5GD00A	22765AC407	22765AC401	EP5G21ZA	76194C59	36214324	N.AMERICA	Impreza	2012	2.0L	non-Turbo	MT	CAL
EP5GD00A	22765AC407	22765AC402	EP5G500A	76194C59	36214324	N.AMERICA	Impreza	2012	2.0L	non-Turbo	MT	CAL
EP5GD00A	22765AC407	22765AC403	EP5G600A	76194C59	36214324	N.AMERICA	Impreza	2012	2.0L	non-Turbo	MT	CAL
EP5GD00A	22765AC407	22765AC404	EP5G601A	76194C59	36214324	N.AMERICA	Impreza	2012	2.0L	non-Turbo	MT	CAL
EP5GD00A	22765AC407	22765AC405	EP5G900A	76194C59	36214324	N.AMERICA	Impreza	2012	2.0L	non-Turbo	MT	CAL
EP5GD00A	22765AC407	22765AC405	EP5G90ZA	76194C59	36214324	N.AMERICA	Impreza	2012	2.0L	non-Turbo	MT	CAL
EP5GD00A	22765AC407	22765AC406	EP5G901A	76194C59	36214324	N.AMERICA	Impreza	2012	2.0L	non-Turbo	MT	CAL
EP5GD00C	22765AC367	22765AC360	EP5F401C	2CD38A23	72749DB2	N.AMERICA	Impreza	2012	2.0L	non-Turbo	MT	FED
EP5GD00C	22765AC367	22765AC361	EP5G210C	2CD38A23	72749DB2	N.AMERICA	Impreza	2012	2.0L	non-Turbo	MT	FED
EP5GD00C	22765AC367	22765AC361	EP5G21ZC	2CD38A23	72749DB2	N.AMERICA	Impreza	2012	2.0L	non-Turbo	MT	FED
EP5GD00C	22765AC367	22765AC362	EP5G500C	2CD38A23	72749DB2	N.AMERICA	Impreza	2012	2.0L	non-Turbo	MT	FED
EP5GD00C	22765AC367	22765AC363	EP5G600C	2CD38A23	72749DB2	N.AMERICA	Impreza	2012	2.0L	non-Turbo	MT	FED
EP5GD00C	22765AC367	22765AC364	EP5G601C	2CD38A23	72749DB2	N.AMERICA	Impreza	2012	2.0L	non-Turbo	MT	FED
EP5GD00C	22765AC367	22765AC365	EP5G900C	2CD38A23	72749DB2	N.AMERICA	Impreza	2012	2.0L	non-Turbo	MT	FED
EP5GD00C	22765AC367	22765AC365	EP5G90ZC	2CD38A23	72749DB2	N.AMERICA	Impreza	2012	2.0L	non-Turbo	MT	FED
EP5GD00C	22765AC367	22765AC366	EP5G901C	2CD38A23	72749DB2	N.AMERICA	Impreza	2012	2.0L	non-Turbo	MT	FED
AE5K800L	22765AC733	22765AC730	AE5K500L	6F5765F0	8B81 6F92	N.AMERICA	Impreza	2012	2.5L	Turbo	5MT	FED  CAL
AE5K800L	22765AC733	22765AC731	AE5K611L	6F5765F0	8B81 6F92	N.AMERICA	Impreza	2012	2.5L	Turbo	5MT	FED  CAL
AE5K800L	22765AC733	22765AC731	AE5K61ZL	6F5765F0	8B81 6F92	N.AMERICA	Impreza	2012	2.5L	Turbo	5MT	FED  CAL
AE5K800L	22765AC733	22765AC732	AE5K700L	6F5765F0	8B81 6F92	N.AMERICA	Impreza	2012	2.5L	Turbo	5MT	FED  CAL
AE5K800V	22765AC743	22765AC740	AE5K500V	A62200CF	DF80 F8CB	N.AMERICA	Impreza	2012	2.5L	Turbo	6MT	FED  CAL
AE5K800V	22765AC743	22765AC741	AE5K611V	A62200CF	DF80 F8CB	N.AMERICA	Impreza	2012	2.5L	Turbo	6MT	FED  CAL
AE5K800V	22765AC743	22765AC741	AE5K50ZV	A62200CF	DF80 F8CB	N.AMERICA	Impreza	2012	2.5L	Turbo	6MT	FED  CAL
AE5K800V	22765AC743	22765AC742	AE5K700V	A62200CF	DF80 F8CB	N.AMERICA	Impreza	2012	2.5L	Turbo	6MT	FED  CAL
EP5IA00I	22765AE744	22765AE740	EP5I200I	FF05F0C8	1D7A5FD7	N.AMERICA	Impreza	2013	2.0L	non-Turbo	CVT	FED
EP5IA00I	22765AE744	22765AE741	EP5I400I	FF05F0C8	1D7A5FD7	N.AMERICA	Impreza	2013	2.0L	non-Turbo	CVT	FED
EP5IA00I	22765AE744	22765AE741	EP5I40ZI	FF05F0C8	1D7A5FD7	N.AMERICA	Impreza	2013	2.0L	non-Turbo	CVT	FED
EP5IA00I	22765AE744	22765AE742	EP5I401I	FF05F0C8	1D7A5FD7	N.AMERICA	Impreza	2013	2.0L	non-Turbo	CVT	FED
EP5IA00I	22765AE744	22765AE743	EP5I800I	FF05F0C8	1D7A5FD7	N.AMERICA	Impreza	2013	2.0L	non-Turbo	CVT	FED
EP5IA00G	22765AE764	22765AE760	EP5I200G	051E3D36	EFC4EE4F	N.AMERICA	Impreza	2013	2.0L	non-Turbo	CVT	CAL
EP5IA00G	22765AE764	22765AE760	EP5I40YG	051E3D36	EFC4EE4F	N.AMERICA	Impreza	2013	2.0L	non-Turbo	CVT	CAL
EP5IA00G	22765AE764	22765AE761	EP5I400G	051E3D36	EFC4EE4F	N.AMERICA	Impreza	2013	2.0L	non-Turbo	CVT	CAL
EP5IA00G	22765AE764	22765AE761	EP5I40XG	051E3D36	EFC4EE4F	N.AMERICA	Impreza	2013	2.0L	non-Turbo	CVT	CAL
EP5IA00G	22765AE764	22765AE762	EP5I401G	051E3D36	EFC4EE4F	N.AMERICA	Impreza	2013	2.0L	non-Turbo	CVT	CAL
EP5IA00G	22765AE764	22765AE763	EP5I800G	051E3D36	EFC4EE4F	N.AMERICA	Impreza	2013	2.0L	non-Turbo	CVT	CAL
EP5I800H	22765AE733	22765AE730	EP5I200H	B995DB68	36E8F08D	N.AMERICA	Impreza	2013	2.0L	non-Turbo	MT	FED
EP5I800H	22765AE733	22765AE731	EP5I400H	B995DB68	36E8F08D	N.AMERICA	Impreza	2013	2.0L	non-Turbo	MT	FED
EP5I800H	22765AE733	22765AE731	EP5I40ZH	B995DB68	36E8F08D	N.AMERICA	Impreza	2013	2.0L	non-Turbo	MT	FED
EP5I800H	22765AE733	22765AE732	EP5I401H	B995DB68	36E8F08D	N.AMERICA	Impreza	2013	2.0L	non-Turbo	MT	FED
EP5I800F	22765AE753	22765AE750	EP5I200F	02BE470C	943EB200	N.AMERICA	Impreza	2013	2.0L	non-Turbo	MT	CAL
EP5I800F	22765AE753	22765AE751	EP5I400F	02BE470C	943EB200	N.AMERICA	Impreza	2013	2.0L	non-Turbo	MT	CAL
EP5I800F	22765AE753	22765AE751	EP5I40ZF	02BE470C	943EB200	N.AMERICA	Impreza	2013	2.0L	non-Turbo	MT	CAL
EP5I800F	22765AE753	22765AE752	EP5I401F	02BE470C	943EB200	N.AMERICA	Impreza	2013	2.0L	non-Turbo	MT	CAL
AE5L700L	22765AF172	22765AF170	AE5L500L	79DEBFE5	AAD1 2E9C	N.AMERICA	Impreza	2013	2.5L	Turbo	5MT	FED  CAL
AE5L700L	22765AF172	22765AF171	AE5L600L	79DEBFE5	AAD1 2E9C	N.AMERICA	Impreza	2013	2.5L	Turbo	5MT	FED  CAL
AE5L700V	22765AF182	22765AF180	AE5L500V	C6011A98	7888 5C34	N.AMERICA	Impreza	2013	2.5L	Turbo	6MT	FED  CAL
AE5L700V	22765AF182	22765AF181	AE5L600V	C6011A98	7888 5C34	N.AMERICA	Impreza	2013	2.5L	Turbo	6MT	FED  CAL
EP5L300H	22765AG002	22765AG000	EP5K000H	DC8A6C63	6A43764B	N.AMERICA	Impreza	2014	2.0L	non-Turbo	MT	FED
EP5L300H	22765AG002	22765AG000	EP5L000H	DC8A6C63	6A43764B	N.AMERICA	Impreza	2014	2.0L	non-Turbo	MT	FED
EP5L300H	22765AG002	22765AG000	EP5L00ZH	DC8A6C63	6A43764B	N.AMERICA	Impreza	2014	2.0L	non-Turbo	MT	FED
EP5L300H	22765AG002	22765AG001	EP5L001H	DC8A6C63	6A43764B	N.AMERICA	Impreza	2014	2.0L	non-Turbo	MT	FED
EP5L300F	22765AG022	22765AG020	EP5K000F	9C7F4E74	AFC8484A	N.AMERICA	Impreza	2014	2.0L	non-Turbo	MT	CAL
EP5L300F	22765AG022	22765AG020	EP5L000F	9C7F4E74	AFC8484A	N.AMERICA	Impreza	2014	2.0L	non-Turbo	MT	CAL
EP5L300F	22765AG022	22765AG020	EP5K001F	9C7F4E74	AFC8484A	N.AMERICA	Impreza	2014	2.0L	non-Turbo	MT	CAL
EP5L300F	22765AG022	22765AG020	EP5L00ZF	9C7F4E74	AFC8484A	N.AMERICA	Impreza	2014	2.0L	non-Turbo	MT	CAL
EP5L300F	22765AG022	22765AG021	EP5L001F	9C7F4E74	AFC8484A	N.AMERICA	Impreza	2014	2.0L	non-Turbo	MT	CAL
AE5Q200L	22765AF741	22765AF740	AE5Q100L	E4BC838A	CD0A 64E9	N.AMERICA	Impreza	2014	2.5L	Turbo	5MT	FED  CAL
AE5Q200V	22765AF751	22765AF750	AE5Q100V	2A4C2B6F	DDEE 21DE	N.AMERICA	Impreza	2014	2.5L	Turbo	6MT	FED  CAL
EP5L301I	22765AG013	22765AG010	EP5K000I	A7F96C8A	7309 2A6F	N.AMERICA	Impreza	2014	2.0L	non-Turbo	CVT	FED
EP5L301I	22765AG013	22765AG010	EP5L000I	A7F96C8A	7309 2A6F	N.AMERICA	Impreza	2014	2.0L	non-Turbo	CVT	FED
EP5L301I	22765AG013	22765AG010	EP5L00ZI	A7F96C8A	7309 2A6F	N.AMERICA	Impreza	2014	2.0L	non-Turbo	CVT	FED
EP5L301I	22765AG013	22765AG011	EP5L001I	A7F96C8A	7309 2A6F	N.AMERICA	Impreza	2014	2.0L	non-Turbo	CVT	FED
EP5L301I	22765AG013	22765AG012	EP5L300I	A7F96C8A	7309 2A6F	N.AMERICA	Impreza	2014	2.0L	non-Turbo	CVT	FED
EP5L301I	22765AG013	22765AG012	EP5L30ZI	A7F96C8A	7309 2A6F	N.AMERICA	Impreza	2014	2.0L	non-Turbo	CVT	FED
EP5L301G	22765AG033	22765AG030	EP5K000G	F3159479	4CB0 58C4	N.AMERICA	Impreza	2014	2.0L	non-Turbo	CVT	CAL
EP5L301G	22765AG033	22765AG030	EP5L000G	F3159479	4CB0 58C4	N.AMERICA	Impreza	2014	2.0L	non-Turbo	CVT	CAL
EP5L301G	22765AG033	22765AG030	EP5L00ZG	F3159479	4CB0 58C4	N.AMERICA	Impreza	2014	2.0L	non-Turbo	CVT	CAL
EP5L301G	22765AG033	22765AG031	EP5L001G	F3159479	4CB0 58C4	N.AMERICA	Impreza	2014	2.0L	non-Turbo	CVT	CAL
EP5L301G	22765AG033	22765AG032	EP5L300G	F3159479	4CB0 58C4	N.AMERICA	Impreza	2014	2.0L	non-Turbo	CVT	CAL
EP5L301G	22765AG033	22765AG032	EP5L30ZG	F3159479	4CB0 58C4	N.AMERICA	Impreza	2014	2.0L	non-Turbo	CVT	CAL
EA1T600C	22765AH183	22765AH180	EA1S000C	160854B1	9DB2 37DA	N.AMERICA	Impreza	2015	2.0L	non-Turbo	MT	CAL
EA1T600C	22765AH183	22765AH180	EA1T001C	160854B1	9DB2 37DA	N.AMERICA	Impreza	2015	2.0L	non-Turbo	MT	CAL
EA1T600C	22765AH183	22765AH180	EA1T002C	160854B1	9DB2 37DA	N.AMERICA	Impreza	2015	2.0L	non-Turbo	MT	CAL
EA1T600C	22765AH183	22765AH181	EA1T100C	160854B1	9DB2 37DA	N.AMERICA	Impreza	2015	2.0L	non-Turbo	MT	CAL
EA1T600C	22765AH183	22765AH182	EA1T300C	160854B1	9DB2 37DA	N.AMERICA	Impreza	2015	2.0L	non-Turbo	MT	CAL
EA1T600A	22765AH193	22765AH190	EA1S000A	E21F4B8F	B2A3 0A71	N.AMERICA	Impreza	2015	2.0L	non-Turbo	CVT	CAL
EA1T600A	22765AH193	22765AH190	EA1T001A	E21F4B8F	B2A3 0A71	N.AMERICA	Impreza	2015	2.0L	non-Turbo	CVT	CAL
EA1T600A	22765AH193	22765AH190	EA1T002A	E21F4B8F	B2A3 0A71	N.AMERICA	Impreza	2015	2.0L	non-Turbo	CVT	CAL
EA1T600A	22765AH193	22765AH191	EA1T100A	E21F4B8F	B2A3 0A71	N.AMERICA	Impreza	2015	2.0L	non-Turbo	CVT	CAL
EA1T600A	22765AH193	22765AH192	EA1T300A	E21F4B8F	B2A3 0A71	N.AMERICA	Impreza	2015	2.0L	non-Turbo	CVT	CAL
EP5IA00D	22765AE854	22765AE850	EP5I200D	E417550D	6C2D61E6	N.AMERICA	XV Crosstrek	2013	2.0L	non-Turbo	CVT	FED
EP5IA00D	22765AE854	22765AE851	EP5I400D	E417550D	6C2D61E6	N.AMERICA	XV Crosstrek	2013	2.0L	non-Turbo	CVT	FED
EP5IA00D	22765AE854	22765AE851	EP5I40ZD	E417550D	6C2D61E6	N.AMERICA	XV Crosstrek	2013	2.0L	non-Turbo	CVT	FED
EP5IA00D	22765AE854	22765AE852	EP5I401D	E417550D	6C2D61E6	N.AMERICA	XV Crosstrek	2013	2.0L	non-Turbo	CVT	FED
EP5IA00D	22765AE854	22765AE853	EP5I800D	E417550D	6C2D61E6	N.AMERICA	XV Crosstrek	2013	2.0L	non-Turbo	CVT	FED
EP5IA00B	22765AE874	22765AE870	EP5I200B	CBEDD07E	59A49AB3	N.AMERICA	XV Crosstrek	2013	2.0L	non-Turbo	CVT	CAL
EP5IA00B	22765AE874	22765AE871	EP5I400B	CBEDD07E	59A49AB3	N.AMERICA	XV Crosstrek	2013	2.0L	non-Turbo	CVT	CAL
EP5IA00B	22765AE874	22765AE871	EP5I40ZB	CBEDD07E	59A49AB3	N.AMERICA	XV Crosstrek	2013	2.0L	non-Turbo	CVT	CAL
EP5IA00B	22765AE874	22765AE872	EP5I401B	CBEDD07E	59A49AB3	N.AMERICA	XV Crosstrek	2013	2.0L	non-Turbo	CVT	CAL
EP5IA00B	22765AE874	22765AE873	EP5I800B	CBEDD07E	59A49AB3	N.AMERICA	XV Crosstrek	2013	2.0L	non-Turbo	CVT	CAL
EP5I800C	22765AE843	22765AE840	EP5I200C	7C81DE5E	FF27E977	N.AMERICA	XV Crosstrek	2013	2.0L	non-Turbo	MT	FED
EP5I800C	22765AE843	22765AE841	EP5I400C	7C81DE5E	FF27E977	N.AMERICA	XV Crosstrek	2013	2.0L	non-Turbo	MT	FED
EP5I800C	22765AE843	22765AE841	EP5I40ZC	7C81DE5E	FF27E977	N.AMERICA	XV Crosstrek	2013	2.0L	non-Turbo	MT	FED
EP5I800C	22765AE843	22765AE842	EP5I401C	7C81DE5E	FF27E977	N.AMERICA	XV Crosstrek	2013	2.0L	non-Turbo	MT	FED
EP5I800A	22765AE863	22765AE860	EP5I200A	57F64900	DD2D838D	N.AMERICA	XV Crosstrek	2013	2.0L	non-Turbo	MT	CAL
EP5I800A	22765AE863	22765AE861	EP5I400A	57F64900	DD2D838D	N.AMERICA	XV Crosstrek	2013	2.0L	non-Turbo	MT	CAL
EP5I800A	22765AE863	22765AE861	EP5I40ZA	57F64900	DD2D838D	N.AMERICA	XV Crosstrek	2013	2.0L	non-Turbo	MT	CAL
EP5I800A	22765AE863	22765AE862	EP5I401A	57F64900	DD2D838D	N.AMERICA	XV Crosstrek	2013	2.0L	non-Turbo	MT	CAL
EP5L301D	22765AG093	22765AG090	EP5K000D	DBD4D178	D1EF 2D58	N.AMERICA	XV Crosstrek	2014	2.0L	non-Turbo	CVT	FED
EP5L301D	22765AG093	22765AG090	EP5L000D	DBD4D178	D1EF 2D58	N.AMERICA	XV Crosstrek	2014	2.0L	non-Turbo	CVT	FED
EP5L301D	22765AG093	22765AG090	EP5L00ZD	DBD4D178	D1EF 2D58	N.AMERICA	XV Crosstrek	2014	2.0L	non-Turbo	CVT	FED
EP5L301D	22765AG093	22765AG091	EP5L001D	DBD4D178	D1EF 2D58	N.AMERICA	XV Crosstrek	2014	2.0L	non-Turbo	CVT	FED
EP5L301D	22765AG093	22765AG092	EP5L300D	DBD4D178	D1EF 2D58	N.AMERICA	XV Crosstrek	2014	2.0L	non-Turbo	CVT	FED
EP5L301D	22765AG093	22765AG092	EP5L30ZD	DBD4D178	D1EF 2D58	N.AMERICA	XV Crosstrek	2014	2.0L	non-Turbo	CVT	FED
EP5L301B	22765AG113	22765AG110	EP5K000B	BDF5697E	8279 DED8	N.AMERICA	XV Crosstrek	2014	2.0L	non-Turbo	CVT	CAL
EP5L301B	22765AG113	22765AG110	EP5L000B	BDF5697E	8279 DED8	N.AMERICA	XV Crosstrek	2014	2.0L	non-Turbo	CVT	CAL
EP5L301B	22765AG113	22765AG110	EP5L00ZB	BDF5697E	8279 DED8	N.AMERICA	XV Crosstrek	2014	2.0L	non-Turbo	CVT	CAL
EP5L301B	22765AG113	22765AG111	EP5L001B	BDF5697E	8279 DED8	N.AMERICA	XV Crosstrek	2014	2.0L	non-Turbo	CVT	CAL
EP5L301B	22765AG113	22765AG112	EP5L300B	BDF5697E	8279 DED8	N.AMERICA	XV Crosstrek	2014	2.0L	non-Turbo	CVT	CAL
EP5L301B	22765AG113	22765AG112	EP5L30ZB	BDF5697E	8279 DED8	N.AMERICA	XV Crosstrek	2014	2.0L	non-Turbo	CVT	CAL
EP5L300C	22765AG082	22765AG080	EP5L000C	EB0E0091	A53C1359	N.AMERICA	XV Crosstrek	2014	2.0L	non-Turbo	MT	FED
EP5L300C	22765AG082	22765AG080	EP5L00ZC	EB0E0091	A53C1359	N.AMERICA	XV Crosstrek	2014	2.0L	non-Turbo	MT	FED
EP5L300C	22765AG082	22765AG081	EP5L001C	EB0E0091	A53C1359	N.AMERICA	XV Crosstrek	2014	2.0L	non-Turbo	MT	FED
EP5L300A	22765AG102	22765AG100	EP5K000A	F7101148	16262DB0	N.AMERICA	XV Crosstrek	2014	2.0L	non-Turbo	MT	CAL
EP5L300A	22765AG102	22765AG100	EP5L000A	F7101148	16262DB0	N.AMERICA	XV Crosstrek	2014	2.0L	non-Turbo	MT	CAL
EP5L300A	22765AG102	22765AG100	EP5K001A	F7101148	16262DB0	N.AMERICA	XV Crosstrek	2014	2.0L	non-Turbo	MT	CAL
EP5L300A	22765AG102	22765AG100	EP5L00ZA	F7101148	16262DB0	N.AMERICA	XV Crosstrek	2014	2.0L	non-Turbo	MT	CAL
EP5L300A	22765AG102	22765AG101	EP5L001A	F7101148	16262DB0	N.AMERICA	XV Crosstrek	2014	2.0L	non-Turbo	MT	CAL
EM2F401E	22765AE632	22765AE630	EM2F001E	AEFD86A8	CABB7665	N.AMERICA	XV Hybrid	2014	2.0L	non-Turbo	CVT	FED  CAL
EM2F401E	22765AE632	22765AE630	EM2F100E	AEFD86A8	CABB7665	N.AMERICA	XV Hybrid	2014	2.0L	non-Turbo	CVT	FED  CAL
EM2F401E	22765AE632	22765AE630	EM2F101E	AEFD86A8	CABB7665	N.AMERICA	XV Hybrid	2014	2.0L	non-Turbo	CVT	FED  CAL
EM2F401E	22765AE632	22765AE630	EM2F300E	AEFD86A8	CABB7665	N.AMERICA	XV Hybrid	2014	2.0L	non-Turbo	CVT	FED  CAL
EM2F401E	22765AE632	22765AE631	EM2F400E	AEFD86A8	CABB7665	N.AMERICA	XV Hybrid	2014	2.0L	non-Turbo	CVT	FED  CAL
EM2F401E	22765AE632	22765AE631	EM2F40ZE	AEFD86A8	CABB7665	N.AMERICA	XV Hybrid	2014	2.0L	non-Turbo	CVT	FED  CAL
EA1T600D	22765AH483	22765AH480	EA1S000D	5E809A59	F266 C311	N.AMERICA	XV Crosstrek	2015	2.0L	non-Turbo	MT	CAL
EA1T600D	22765AH483	22765AH480	EA1T000D	5E809A59	F266 C311	N.AMERICA	XV Crosstrek	2015	2.0L	non-Turbo	MT	CAL
EA1T600D	22765AH483	22765AH480	EA1T001D	5E809A59	F266 C311	N.AMERICA	XV Crosstrek	2015	2.0L	non-Turbo	MT	CAL
EA1T600D	22765AH483	22765AH481	EA1T100D	5E809A59	F266 C311	N.AMERICA	XV Crosstrek	2015	2.0L	non-Turbo	MT	CAL
EA1T600D	22765AH483	22765AH482	EA1T300D	5E809A59	F266 C311	N.AMERICA	XV Crosstrek	2015	2.0L	non-Turbo	MT	CAL
EA1T600B	22765AH493	22765AH490	EA1S000B	8ABA974B	F2B8 4F4E	N.AMERICA	XV Crosstrek	2015	2.0L	non-Turbo	CVT	CAL
EA1T600B	22765AH493	22765AH490	EA1T000B	8ABA974B	F2B8 4F4E	N.AMERICA	XV Crosstrek	2015	2.0L	non-Turbo	CVT	CAL
EA1T600B	22765AH493	22765AH490	EA1T001B	8ABA974B	F2B8 4F4E	N.AMERICA	XV Crosstrek	2015	2.0L	non-Turbo	CVT	CAL
EA1T600B	22765AH493	22765AH491	EA1T100B	8ABA974B	F2B8 4F4E	N.AMERICA	XV Crosstrek	2015	2.0L	non-Turbo	CVT	CAL
EA1T600B	22765AH493	22765AH492	EA1T300B	8ABA974B	F2B8 4F4E	N.AMERICA	XV Crosstrek	2015	2.0L	non-Turbo	CVT	CAL
EM2H200E	22765AH501	22765AH500	EM2H100E	2825F990	6E7B 49D9	N.AMERICA	XV Hybrid	2015	2.0L	non-Turbo	CVT	CAL
EM2H200E	22765AH501	22765AH500	EM2H101E	2825F990	6E7B 49D9	N.AMERICA	XV Hybrid	2015	2.0L	non-Turbo	CVT	CAL
LF75600S	22765AR962	22765AG230	LV9G100D	9E2A52F1	B37D DCC1	N.AMERICA	WRX	2015	2.0L	Turbo	MT	FED  CAL
LF75600S	22765AR962	22765AG230	LV9H000D	9E2A52F1	B37D DCC1	N.AMERICA	WRX	2015	2.0L	Turbo	MT	FED  CAL
LF75600S	22765AR962	22765AG230	LV9M000D	9E2A52F1	B37D DCC1	N.AMERICA	WRX	2015	2.0L	Turbo	MT	FED  CAL
LF75600S	22765AR962	22765AG230	LV9N000D	9E2A52F1	B37D DCC1	N.AMERICA	WRX	2015	2.0L	Turbo	MT	FED  CAL
LF75600S	22765AR962	22765AG230	LV9N001D	9E2A52F1	B37D DCC1	N.AMERICA	WRX	2015	2.0L	Turbo	MT	FED  CAL
LF75600S	22765AR962	22765AG231	LV9N002D	9E2A52F1	B37D DCC1	N.AMERICA	WRX	2015	2.0L	Turbo	MT	FED  CAL
LF75600S	22765AR962	22765AG232	LV9N100D	9E2A52F1	B37D DCC1	N.AMERICA	WRX	2015	2.0L	Turbo	MT	FED  CAL
LF75600S	22765AR962	22765AG233	LV9N101D	9E2A52F1	B37D DCC1	N.AMERICA	WRX	2015	2.0L	Turbo	MT	FED  CAL
LF75600S	22765AR962	22765AG234	LF75200S	9E2A52F1	B37D DCC1	N.AMERICA	WRX	2015	2.0L	Turbo	MT	FED  CAL
LF75600S	22765AR962	22765AG235	LF75300S	9E2A52F1	B37D DCC1	N.AMERICA	WRX	2015	2.0L	Turbo	MT	FED  CAL
LF75600S	22765AR962	22765AG236	LF75400S	9E2A52F1	B37D DCC1	N.AMERICA	WRX	2015	2.0L	Turbo	MT	FED  CAL
LF75600S	22765AR962	22765AG237	LF75401S	9E2A52F1	B37D DCC1	N.AMERICA	WRX	2015	2.0L	Turbo	MT	FED  CAL
LF75600S	22765AR962	22765AG238	LF75402S	9E2A52F1	B37D DCC1	N.AMERICA	WRX	2015	2.0L	Turbo	MT	FED  CAL
LF75600S	22765AR962	22765AG239	LF75402S	9E2A52F1	B37D DCC1	N.AMERICA	WRX	2015	2.0L	Turbo	MT	FED  CAL
LF75600S	22765AR962	22765AR960	LF75403S	9E2A52F1	B37D DCC1	N.AMERICA	WRX	2015	2.0L	Turbo	MT	FED  CAL
LF75600S	22765AR962	22765AR961	LF75404S	9E2A52F1	B37D DCC1	N.AMERICA	WRX	2015	2.0L	Turbo	MT	FED  CAL
LF75500T	22765AR971	22765AG240	LV9G100C	1B1CB92F	9012 3F12	N.AMERICA	WRX	2015	2.0L	Turbo	CVT	FED  CAL
LF75500T	22765AR971	22765AG240	LV9H000C	1B1CB92F	9012 3F12	N.AMERICA	WRX	2015	2.0L	Turbo	CVT	FED  CAL
LF75500T	22765AR971	22765AG240	LV9M000C	1B1CB92F	9012 3F12	N.AMERICA	WRX	2015	2.0L	Turbo	CVT	FED  CAL
LF75500T	22765AR971	22765AG240	LV9N000C	1B1CB92F	9012 3F12	N.AMERICA	WRX	2015	2.0L	Turbo	CVT	FED  CAL
LF75500T	22765AR971	22765AG241	LV9N001C	1B1CB92F	9012 3F12	N.AMERICA	WRX	2015	2.0L	Turbo	CVT	FED  CAL
LF75500T	22765AR971	22765AG242	LV9N100C	1B1CB92F	9012 3F12	N.AMERICA	WRX	2015	2.0L	Turbo	CVT	FED  CAL
LF75500T	22765AR971	22765AG243	LV9N101C	1B1CB92F	9012 3F12	N.AMERICA	WRX	2015	2.0L	Turbo	CVT	FED  CAL
LF75500T	22765AR971	22765AG244	LF75200T	1B1CB92F	9012 3F12	N.AMERICA	WRX	2015	2.0L	Turbo	CVT	FED  CAL
LF75500T	22765AR971	22765AG245	LF75300T	1B1CB92F	9012 3F12	N.AMERICA	WRX	2015	2.0L	Turbo	CVT	FED  CAL
LF75500T	22765AR971	22765AG246	LF75400T	1B1CB92F	9012 3F12	N.AMERICA	WRX	2015	2.0L	Turbo	CVT	FED  CAL
LF75500T	22765AR971	22765AG247	LF75401T	1B1CB92F	9012 3F12	N.AMERICA	WRX	2015	2.0L	Turbo	CVT	FED  CAL
LF75500T	22765AR971	22765AG248	LF75402T	1B1CB92F	9012 3F12	N.AMERICA	WRX	2015	2.0L	Turbo	CVT	FED  CAL
LF75500T	22765AR971	22765AG249	LF75402T	1B1CB92F	9012 3F12	N.AMERICA	WRX	2015	2.0L	Turbo	CVT	FED  CAL
LF75500T	22765AR971	22765AR970	LF75403T	1B1CB92F	9012 3F12	N.AMERICA	WRX	2015	2.0L	Turbo	CVT	FED  CAL
LF9L000E	22765AR223	22765AR220	LF9J000E	555AA3F4	3E01 B7F1	N.AMERICA	WRX	2021	2.0L	Turbo	6MT	-
LF9L000E	22765AR223	22765AR221	LF9J001E	555AA3F4	3E01 B7F1	N.AMERICA	WRX	2021	2.0L	Turbo	6MT	-
LF9L000E	22765AR223	22765AR222	LF9K000E	555AA3F4	3E01 B7F1	N.AMERICA	WRX	2021	2.0L	Turbo	6MT	-
LF9K000D	22765AR231	22765AR230	LF9J000D	61D72DD6	B992 5CCC	N.AMERICA	WRX	2021	2.0L	Turbo	CVT	FED  CAL
AE5R200V	22765AF582	22765AF580	AE5R010V	C9407A2F	61A7 5978	N.AMERICA	WRX	2015	2.5L	Turbo	6MT	FED  CAL
AE5R200V	22765AF582	22765AF580	AE5R100V	C9407A2F	61A7 5978	N.AMERICA	WRX	2015	2.5L	Turbo	6MT	FED  CAL
AE5R200V	22765AF582	22765AF581	AE5R101V	C9407A2F	61A7 5978	N.AMERICA	WRX	2015	2.5L	Turbo	6MT	FED  CAL
AE5T300V	22765AH603	22765AH600	AE5T110V	89240490	FEF0 13E2	N.AMERICA	WRX	2016	2.5L	Turbo	6MT	FED  CAL
AE5T300V	22765AH603	22765AH601	AE5T200V	89240490	FEF0 13E2	N.AMERICA	WRX	2016	2.5L	Turbo	6MT	FED  CAL
AE5T300V	22765AH603	22765AH602	AE5T201V	89240490	FEF0 13E2	N.AMERICA	WRX	2016	2.5L	Turbo	6MT	FED  CAL
DU2IHSMD	UD-S205B	22611AG021	CID# is not available.	941EFDAB	26A3 5E62	N.AMERICA	Forester	2000	2.5L	non-Turbo	MT	FED  CAL
DU2IHSMD	UD-S205B	22611AG022	CID# is not available.	941EFDAB	26A3 5E62	N.AMERICA	Forester	2000	2.5L	non-Turbo	MT	FED  CAL
DU2IHSMD	UD-S205B	22611AG023	CID# is not available.	941EFDAB	26A3 5E62	N.AMERICA	Forester	2000	2.5L	non-Turbo	MT	FED  CAL
DU2IHSMD	UD-S205B	22611AG026	DU2ICSM7	941EFDAB	26A3 5E62	N.AMERICA	Forester	2000	2.5L	non-Turbo	MT	FED  CAL
DU2IHSMD	UD-S205B	22611AG027	DU2ICSM8	941EFDAB	26A3 5E62	N.AMERICA	Forester	2000	2.5L	non-Turbo	MT	FED  CAL
DU2IHSMD	UD-S205B	22611AG028	DU2IDSM9	941EFDAB	26A3 5E62	N.AMERICA	Forester	2000	2.5L	non-Turbo	MT	FED  CAL
DU2IHSMD	UD-S205B	22611AG029	DU2IESMA	941EFDAB	26A3 5E62	N.AMERICA	Forester	2000	2.5L	non-Turbo	MT	FED  CAL
DU2IHSMD	UD-S205B	22611AJ500	DU2IGSMB	941EFDAB	26A3 5E62	N.AMERICA	Forester	2000	2.5L	non-Turbo	MT	FED  CAL
DU2IHSAD	UD-S205B	22611AG031	CID# is not available.	941EFDAB	E4A0 5E62	N.AMERICA	Forester	2000	2.5L	non-Turbo	AT	FED  CAL
DU2IHSAD	UD-S205B	22611AG032	CID# is not available.	941EFDAB	E4A0 5E62	N.AMERICA	Forester	2000	2.5L	non-Turbo	AT	FED  CAL
DU2IHSAD	UD-S205B	22611AG033	CID# is not available.	941EFDAB	E4A0 5E62	N.AMERICA	Forester	2000	2.5L	non-Turbo	AT	FED  CAL
DU2IHSAD	UD-S205B	22611AG037	DU2ICSA7	941EFDAB	E4A0 5E62	N.AMERICA	Forester	2000	2.5L	non-Turbo	AT	FED  CAL
DU2IHSAD	UD-S205B	22611AG038	DU2ICSA8	941EFDAB	E4A0 5E62	N.AMERICA	Forester	2000	2.5L	non-Turbo	AT	FED  CAL
DU2IHSAD	UD-S205B	22611AG039	DU2IESAA	941EFDAB	E4A0 5E62	N.AMERICA	Forester	2000	2.5L	non-Turbo	AT	FED  CAL
DU2IHSAD	UD-S205B	22611AJ510	DU2IGSAB	941EFDAB	E4A0 5E62	N.AMERICA	Forester	2000	2.5L	non-Turbo	AT	FED  CAL
DU2IHSMD	UD-S205B	22611AG024	DU1IJSM1	941EFDAB	26A3 5E62	N.AMERICA	Forester	2001	2.5L	non-Turbo	MT	FED  CAL
DU2IHSMD	UD-S205B	22611AG025	DU2IBSM5	941EFDAB	26A3 5E62	N.AMERICA	Forester	2001	2.5L	non-Turbo	MT	FED  CAL
DU2IHSMD	UD-S205B	22611AG026	DU2ICSM7	941EFDAB	26A3 5E62	N.AMERICA	Forester	2001	2.5L	non-Turbo	MT	FED  CAL
DU2IHSMD	UD-S205B	22611AG027	DU2ICSM8	941EFDAB	26A3 5E62	N.AMERICA	Forester	2001	2.5L	non-Turbo	MT	FED  CAL
DU2IHSMD	UD-S205B	22611AG028	DU2IDSM9	941EFDAB	26A3 5E62	N.AMERICA	Forester	2001	2.5L	non-Turbo	MT	FED  CAL
DU2IHSMD	UD-S205B	22611AG029	DU2IESMA	941EFDAB	26A3 5E62	N.AMERICA	Forester	2001	2.5L	non-Turbo	MT	FED  CAL
DU2IHSMD	UD-S205B	22611AJ500	DU2IGSMB	941EFDAB	26A3 5E62	N.AMERICA	Forester	2001	2.5L	non-Turbo	MT	FED  CAL
DU2IHSAD	UD-S205B	22611AG034	DU1IJSA1	941EFDAB	E4A0 5E62	N.AMERICA	Forester	2001	2.5L	non-Turbo	AT	FED  CAL
DU2IHSAD	UD-S205B	22611AG035	DU1IJSA3	941EFDAB	E4A0 5E62	N.AMERICA	Forester	2001	2.5L	non-Turbo	AT	FED  CAL
DU2IHSAD	UD-S205B	22611AG036	DU2IBSA5	941EFDAB	E4A0 5E62	N.AMERICA	Forester	2001	2.5L	non-Turbo	AT	FED  CAL
DU2IHSAD	UD-S205B	22611AG037	DU2ICSA7	941EFDAB	E4A0 5E62	N.AMERICA	Forester	2001	2.5L	non-Turbo	AT	FED  CAL
DU2IHSAD	UD-S205B	22611AG038	DU2ICSA8	941EFDAB	E4A0 5E62	N.AMERICA	Forester	2001	2.5L	non-Turbo	AT	FED  CAL
DU2IHSAD	UD-S205B	22611AG039	DU2IESAA	941EFDAB	E4A0 5E62	N.AMERICA	Forester	2001	2.5L	non-Turbo	AT	FED  CAL
DU2IHSAD	UD-S205B	22611AJ510	DU2IGSAB	941EFDAB	E4A0 5E62	N.AMERICA	Forester	2001	2.5L	non-Turbo	AT	FED  CAL
DU2IHSMD	UD-S205B	22611AG390	DU1IJSM1	941EFDAB	26A3 5E62	N.AMERICA	Forester	2002	2.5L	non-Turbo	MT	FED  CAL
DU2IHSMD	UD-S205B	22611AG391	DU2IBSM5	941EFDAB	26A3 5E62	N.AMERICA	Forester	2002	2.5L	non-Turbo	MT	FED  CAL
DU2IHSMD	UD-S205B	22611AG392	DU2ICSM7	941EFDAB	26A3 5E62	N.AMERICA	Forester	2002	2.5L	non-Turbo	MT	FED  CAL
DU2IHSMD	UD-S205B	22611AG393	DU2ICSM8	941EFDAB	26A3 5E62	N.AMERICA	Forester	2002	2.5L	non-Turbo	MT	FED  CAL
DU2IHSMD	UD-S205B	22611AG394	DU2IDSM9	941EFDAB	26A3 5E62	N.AMERICA	Forester	2002	2.5L	non-Turbo	MT	FED  CAL
DU2IHSMD	UD-S205B	22611AG395	DU2IESMA	941EFDAB	26A3 5E62	N.AMERICA	Forester	2002	2.5L	non-Turbo	MT	FED  CAL
DU2IHSMD	UD-S205B	22611AG396	DU2IGSMB	941EFDAB	26A3 5E62	N.AMERICA	Forester	2002	2.5L	non-Turbo	MT	FED  CAL
DU2IHSAD	UD-S205B	22611AG400	DU1IJSA1	941EFDAB	E4A0 5E62	N.AMERICA	Forester	2002	2.5L	non-Turbo	AT	FED  CAL
DU2IHSAD	UD-S205B	22611AG401	DU1IJSA3	941EFDAB	E4A0 5E62	N.AMERICA	Forester	2002	2.5L	non-Turbo	AT	FED  CAL
DU2IHSAD	UD-S205B	22611AG402	DU2IBSA5	941EFDAB	E4A0 5E62	N.AMERICA	Forester	2002	2.5L	non-Turbo	AT	FED  CAL
DU2IHSAD	UD-S205B	22611AG403	DU2ICSA7	941EFDAB	E4A0 5E62	N.AMERICA	Forester	2002	2.5L	non-Turbo	AT	FED  CAL
DU2IHSAD	UD-S205B	22611AG404	DU2ICSA8	941EFDAB	E4A0 5E62	N.AMERICA	Forester	2002	2.5L	non-Turbo	AT	FED  CAL
DU2IHSAD	UD-S205B	22611AG405	DU2IESAA	941EFDAB	E4A0 5E62	N.AMERICA	Forester	2002	2.5L	non-Turbo	AT	FED  CAL
DU2IHSAD	UD-S205B	22611AG406	DU2IGSAB	941EFDAB	E4A0 5E62	N.AMERICA	Forester	2002	2.5L	non-Turbo	AT	FED  CAL
D6XA2U0C	UD-S205C	22611AG592	D6SA2U06	CD1077C4	0BFB 063B	N.AMERICA	Forester	2003	2.5L	non-Turbo	MT AT	FED  CAL
D6XA2U0C	UD-S205C	22611AG593	D6VA2U08	CD1077C4	0BFB 063B	N.AMERICA	Forester	2003	2.5L	non-Turbo	MT AT	FED  CAL
D6XA2U0C	UD-S205C	22611AG594	D6VA2U09	CD1077C4	0BFB 063B	N.AMERICA	Forester	2003	2.5L	non-Turbo	MT AT	FED  CAL
D6XA2U0C	UD-S205C	22611AG595	D6XA2U0A	CD1077C4	0BFB 063B	N.AMERICA	Forester	2003	2.5L	non-Turbo	MT AT	FED  CAL
D6XA2U0C	UD-S205C	22611AG596	D6XA2U0B	CD1077C4	0BFB 063B	N.AMERICA	Forester	2003	2.5L	non-Turbo	MT AT	FED  CAL
D86B2U07	22611AJ012	22611AJ010	D86B2U05	48C585C9	58DA 865E	N.AMERICA	Forester	2004	2.5L	non-Turbo	MT AT	FED  CAL
D86B2U07	22611AJ012	22611AJ011	D86B2U06	48C585C9	58DA 865E	N.AMERICA	Forester	2004	2.5L	non-Turbo	MT AT	FED  CAL
A2ZJ211D	UD-S211A	22611AH700	A2ZJ201D	B80D5AFF	293D4036	N.AMERICA	Forester	2004	2.5L	Turbo	AT	FED  CAL
A2ZJ211D	UD-S211A	22611AH701	A2ZJ210D	B80D5AFF	293D4036	N.AMERICA	Forester	2004	2.5L	Turbo	AT	FED  CAL
A2ZJ512I	UD-S222C	22611AJ470	A2ZJ500I	487B70E5	065F9605	N.AMERICA	Forester	2004	2.5L	Turbo	MT	FED  CAL
A2ZJ512I	UD-S222C	22611AJ471	A2ZJ510I	487B70E5	065F9605	N.AMERICA	Forester	2004	2.5L	Turbo	MT	FED  CAL
A2ZJ512I	UD-S222C	22611AJ472	A2ZJ511I	487B70E5	065F9605	N.AMERICA	Forester	2004	2.5L	Turbo	MT	FED  CAL
E2ZJ133H	UD-S215A	22611AJ550	E2ZJ103H	940C83B6	120C74FD	N.AMERICA	Forester	2005	2.5L	non-Turbo	MT	FED  CAL
E2ZJ133H	UD-S215A	22611AJ551	E2ZJ113H	940C83B6	120C74FD	N.AMERICA	Forester	2005	2.5L	non-Turbo	MT	FED  CAL
E2ZJ133H	UD-S215A	22611AJ552	E2ZJ123H	940C83B6	120C74FD	N.AMERICA	Forester	2005	2.5L	non-Turbo	MT	FED  CAL
E2ZJ131H	UD-S215A	22611AJ560	E2ZJ101H	940C83B6	07FB44E9	N.AMERICA	Forester	2005	2.5L	non-Turbo	AT	FED  CAL
E2ZJ131H	UD-S215A	22611AJ561	E2ZJ111H	940C83B6	07FB44E9	N.AMERICA	Forester	2005	2.5L	non-Turbo	AT	FED  CAL
E2ZJ131H	UD-S215A	22611AJ562	E2ZJ121H	940C83B6	07FB44E9	N.AMERICA	Forester	2005	2.5L	non-Turbo	AT	FED  CAL
A2WC412D	UD-S211B	22611AJ580	A2WC400D	EC10FDDB	FA028232	N.AMERICA	Forester	2005	2.5L	Turbo	AT	FED  CAL
A2WC412D	UD-S211B	22611AJ581	A2WC410D	EC10FDDB	FA028232	N.AMERICA	Forester	2005	2.5L	Turbo	AT	FED  CAL
A2WC412D	UD-S211B	22611AJ582	A2WB411D	EC10FDDB	FA028232	N.AMERICA	Forester	2005	2.5L	Turbo	AT	FED  CAL
A2WC412I	UD-S211B	22611AJ570	A2WC400I	EC10FDDB	14DFB450	N.AMERICA	Forester	2005	2.5L	Turbo	MT	FED  CAL
A2WC412I	UD-S211B	22611AJ571	A2WC410I	EC10FDDB	14DFB450	N.AMERICA	Forester	2005	2.5L	Turbo	MT	FED  CAL
A2WC412I	UD-S211B	22611AJ572	A2WC411I	EC10FDDB	14DFB450	N.AMERICA	Forester	2005	2.5L	Turbo	MT	FED  CAL
E2VL001D	22611AK743	22611AK740	E2VG211D	EA2B151F	F7CC8695	N.AMERICA	Forester	2006	2.5L	non-Turbo	AT	FED  CAL
E2VL001D	22611AK743	22611AK741	E2VG221D	EA2B151F	F7CC8695	N.AMERICA	Forester	2006	2.5L	non-Turbo	AT	FED  CAL
E2VL001D	22611AK743	22611AK742	E2VG231D	EA2B151F	F7CC8695	N.AMERICA	Forester	2006	2.5L	non-Turbo	AT	FED  CAL
E2VL002D	22611AK734	22611AK730	E2VG212D	D843DCD7	B8D01D73	N.AMERICA	Forester	2006	2.5L	non-Turbo	MT	FED  CAL
E2VL002D	22611AK734	22611AK731	E2VG222D	D843DCD7	B8D01D73	N.AMERICA	Forester	2006	2.5L	non-Turbo	MT	FED  CAL
E2VL002D	22611AK734	22611AK732	E2VG302D	D843DCD7	B8D01D73	N.AMERICA	Forester	2006	2.5L	non-Turbo	MT	FED  CAL
E2VL002D	22611AK734	22611AK733	E2VG402D	D843DCD7	B8D01D73	N.AMERICA	Forester	2006	2.5L	non-Turbo	MT	FED  CAL
A8DH102I	UD-S221C	22611AK750	A8DG300I	FD38154F	BAF63DEA	N.AMERICA	Forester	2006	2.5L	Turbo	MT	FED  CAL
A8DH102I	UD-S221C	22611AK751	A8DH100I	FD38154F	BAF63DEA	N.AMERICA	Forester	2006	2.5L	Turbo	MT	FED  CAL
A8DH102I	UD-S221C	22611AK752	A8DH101I	FD38154F	BAF63DEA	N.AMERICA	Forester	2006	2.5L	Turbo	MT	FED  CAL
E2UG001H	22611AM324	22611AM321	E2UE001H	039B5BAC	A526642B	N.AMERICA	Forester	2007	2.5L	non-Turbo	AT	CAL
E2UG001H	22611AM324	22611AM322	E2UF001H	039B5BAC	A526642B	N.AMERICA	Forester	2007	2.5L	non-Turbo	AT	CAL
E2UG001H	22611AM324	22611AM323	E2UF011H	039B5BAC	A526642B	N.AMERICA	Forester	2007	2.5L	non-Turbo	AT	CAL
E2UG002H	22611AM314	22611AM311	E2UE002H	293C6CB0	7BE7A7F6	N.AMERICA	Forester	2007	2.5L	non-Turbo	MT	CAL
E2UG002H	22611AM314	22611AM312	E2UF002H	293C6CB0	7BE7A7F6	N.AMERICA	Forester	2007	2.5L	non-Turbo	MT	CAL
E2UG002H	22611AM314	22611AM313	E2UF012H	293C6CB0	7BE7A7F6	N.AMERICA	Forester	2007	2.5L	non-Turbo	MT	CAL
E2UG001I	22611AM302	22611AM300	E2UE001I	BB3B6C2B	9F4D87D5	N.AMERICA	Forester	2007	2.5L	non-Turbo	AT	FED
E2UG001I	22611AM302	22611AM301	E2UE101I	BB3B6C2B	9F4D87D5	N.AMERICA	Forester	2007	2.5L	non-Turbo	AT	FED
E2UG001I	22611AM302	22611AM300	E2UE001I	BB3B6C2B	9F4D87D5	N.AMERICA	Forester	2008	2.5L	non-Turbo	AT	FED
E2UG001I	22611AM302	22611AM301	E2UE101I	BB3B6C2B	9F4D87D5	N.AMERICA	Forester	2008	2.5L	non-Turbo	AT	FED
E2UG002I	22611AP181	22611AM290	E2UE002I	51B06FD3	5B4DC35E	N.AMERICA	Forester	2007	2.5L	non-Turbo	MT	FED
E2UG002I	22611AP181	22611AM291	E2UE102I	51B06FD3	5B4DC35E	N.AMERICA	Forester	2007	2.5L	non-Turbo	MT	FED
E2UG002I	22611AP181	22611AP180	E2UE202I	51B06FD3	5B4DC35E	N.AMERICA	Forester	2007	2.5L	non-Turbo	MT	FED
E2UG002I	22611AP181	22611AM290	E2UE002I	51B06FD3	5B4DC35E	N.AMERICA	Forester	2008	2.5L	non-Turbo	MT	FED
E2UG002I	22611AP181	22611AM291	E2UE102I	51B06FD3	5B4DC35E	N.AMERICA	Forester	2008	2.5L	non-Turbo	MT	FED
E2UG002I	22611AP181	22611AP180	E2UE202I	51B06FD3	5B4DC35E	N.AMERICA	Forester	2008	2.5L	non-Turbo	MT	FED
EZ1GC00F	22611AN085	22611AN080	EZ1D106F	F8FF04FA	3B46B747	N.AMERICA	Forester	2008	2.5L	non-Turbo	AT	CAL
EZ1GC00F	22611AN085	22611AN081	EZ1D201F	F8FF04FA	3B46B747	N.AMERICA	Forester	2008	2.5L	non-Turbo	AT	CAL
EZ1GC00F	22611AN085	22611AN082	EZ1D301F	F8FF04FA	3B46B747	N.AMERICA	Forester	2008	2.5L	non-Turbo	AT	CAL
EZ1GC00F	22611AN085	22611AN083	EZ1D302F	F8FF04FA	3B46B747	N.AMERICA	Forester	2008	2.5L	non-Turbo	AT	CAL
EZ1GC00F	22611AN085	22611AN084	EZ1D303F	F8FF04FA	3B46B747	N.AMERICA	Forester	2008	2.5L	non-Turbo	AT	CAL
EZ1GC00E	22611AN074	22611AN070	EZ1D106E	9549B82E	51F1248B	N.AMERICA	Forester	2008	2.5L	non-Turbo	MT	CAL
EZ1GC00E	22611AN074	22611AN071	EZ1D301E	9549B82E	51F1248B	N.AMERICA	Forester	2008	2.5L	non-Turbo	MT	CAL
EZ1GC00E	22611AN074	22611AN072	EZ1D302E	9549B82E	51F1248B	N.AMERICA	Forester	2008	2.5L	non-Turbo	MT	CAL
EZ1GC00E	22611AN074	22611AN073	EZ1D303E	9549B82E	51F1248B	N.AMERICA	Forester	2008	2.5L	non-Turbo	MT	CAL
E2TD001I	22611AN061	22611AN060	E2TB011I	4A515136	70FAC34E	N.AMERICA	Forester	2008	2.5L	non-Turbo	AT	CANADA
E2TD002I	22611AP191	22611AN050	E2TB012I	26AB19B2	8FAE5C31	N.AMERICA	Forester	2008	2.5L	non-Turbo	MT	CANADA
E2TD002I	22611AP191	22611AP190	E2TC002I	26AB19B2	8FAE5C31	N.AMERICA	Forester	2008	2.5L	non-Turbo	MT	CANADA
EZ1GBOOJ	22611AN453	22611AN450	EZ1G108J	53670953	FAF1FFFE	N.AMERICA	Forester	2009	2.5L	non-Turbo	AT	CAL
EZ1GBOOJ	22611AN453	22611AN451	EZ1G109J	53670953	FAF1FFFE	N.AMERICA	Forester	2009	2.5L	non-Turbo	AT	CAL
EZ1GBOOJ	22611AN453	22611AN452	EZ1G110J	53670953	FAF1FFFE	N.AMERICA	Forester	2009	2.5L	non-Turbo	AT	CAL
EZ1GB00I	22611AN443	22611AN440	EZ1G108I	6BB5E771	DFEF4B4F	N.AMERICA	Forester	2009	2.5L	non-Turbo	MT	CAL
EZ1GB00I	22611AN443	22611AN441	EZ1G109I	6BB5E771	DFEF4B4F	N.AMERICA	Forester	2009	2.5L	non-Turbo	MT	CAL
EZ1GB00I	22611AN443	22611AN442	EZ1G110I	6BB5E771	DFEF4B4F	N.AMERICA	Forester	2009	2.5L	non-Turbo	MT	CAL
EZ1GB00L	22611AN432	22611AN430	EZ1G108L	CA971E9A	C3E2AE36	N.AMERICA	Forester	2009	2.5L	non-Turbo	AT	FED
EZ1GB00L	22611AN432	22611AN431	EZ1G109L	CA971E9A	C3E2AE36	N.AMERICA	Forester	2009	2.5L	non-Turbo	AT	FED
EZ1GB00K	22611AN422	22611AN420	EZ1G108K	6A9BD18E	8699E3E0	N.AMERICA	Forester	2009	2.5L	non-Turbo	MT	FED
EZ1GB00K	22611AN422	22611AN421	EZ1G109K	6A9BD18E	8699E3E0	N.AMERICA	Forester	2009	2.5L	non-Turbo	MT	FED
EZ1GB10J	22765AA362	22611AR280 / 22765AA360	EZ1G600J	132F273A	4FFA3B70	N.AMERICA	Forester	2010	2.5L	non-Turbo	AT	CAL
EZ1GB10J	22765AA362	22611AR280 / 22765AA361	EZ1G601J	132F273A	4FFA3B70	N.AMERICA	Forester	2010	2.5L	non-Turbo	AT	CAL
EZ1GB10I	22765AA352	22611AR270 / 22765AA350	EZ1G600I	DC944094	2135F4C1	N.AMERICA	Forester	2010	2.5L	non-Turbo	MT	CAL
EZ1GB10I	22765AA352	22611AR270 / 22765AA351	EZ1G601I	DC944094	2135F4C1	N.AMERICA	Forester	2010	2.5L	non-Turbo	MT	CAL
EZ1GB10L	22765AA342	22765AA340	EZ1G600L	2A978B92	8CAB7D24	N.AMERICA	Forester	2010	2.5L	non-Turbo	AT	FED
EZ1GB10L	22765AA342	22765AA341	EZ1G601L	2A978B92	8CAB7D24	N.AMERICA	Forester	2010	2.5L	non-Turbo	AT	FED
EZ1GB10K	22765AA332	22765AA330	EZ1G600K	51D52DCB	26E8A5B7	N.AMERICA	Forester	2010	2.5L	non-Turbo	MT	FED
EZ1GB10K	22765AA332	22765AA331	EZ1G601K	51D52DCB	26E8A5B7	N.AMERICA	Forester	2010	2.5L	non-Turbo	MT	FED
AE5IB41R	22765AB285	22765AB280	AE5I910R	DE5E0852	69B89CB6	N.AMERICA	Forester	2011	2.5L	Turbo	AT	FED  CAL
AE5IB41R	22765AB285	22765AB281	AE5IA10R	DE5E0852	69B89CB6	N.AMERICA	Forester	2011	2.5L	Turbo	AT	FED  CAL
AE5IB41R	22765AB285	22765AB282	AE5IB00R	DE5E0852	69B89CB6	N.AMERICA	Forester	2011	2.5L	Turbo	AT	FED  CAL
AE5IB41R	22765AB285	22765AB283	AE5IB30R	DE5E0852	69B89CB6	N.AMERICA	Forester	2011	2.5L	Turbo	AT	FED  CAL
AE5IB41R	22765AB285	22765AB284	AE5IB40R	DE5E0852	69B89CB6	N.AMERICA	Forester	2011	2.5L	Turbo	AT	FED  CAL
EP5DB00B	22765AB408	22765AB400	EP5D202B	F8A62CBF	FA1A 1819	N.AMERICA	Forester	2011	2.5L	non-Turbo	AT	CAL
EP5DB00B	22765AB408	22765AB402	EP5D400B	F8A62CBF	FA1A 1819	N.AMERICA	Forester	2011	2.5L	non-Turbo	AT	CAL
EP5DB00B	22765AB408	22765AB403	EP5D402B	F8A62CBF	FA1A 1819	N.AMERICA	Forester	2011	2.5L	non-Turbo	AT	CAL
EP5DB00B	22765AB408	22765AB404	EP5D500B	F8A62CBF	FA1A 1819	N.AMERICA	Forester	2011	2.5L	non-Turbo	AT	CAL
EP5DB00B	22765AB408	22765AB404	EP5D50ZB	F8A62CBF	FA1A 1819	N.AMERICA	Forester	2011	2.5L	non-Turbo	AT	CAL
EP5DB00B	22765AB408	22765AB405	EP5D600B	F8A62CBF	FA1A 1819	N.AMERICA	Forester	2011	2.5L	non-Turbo	AT	CAL
EP5DB00B	22765AB408	22765AB406	EP5D800B	F8A62CBF	FA1A 1819	N.AMERICA	Forester	2011	2.5L	non-Turbo	AT	CAL
EP5DB00B	22765AB408	22765AB407	EP5D900B	F8A62CBF	FA1A 1819	N.AMERICA	Forester	2011	2.5L	non-Turbo	AT	CAL
EP5DA00A	22765AB418	22765AB410	EP5D202A	45AFBEBE	B636053A	N.AMERICA	Forester	2011	2.5L	non-Turbo	MT	CAL
EP5DA00A	22765AB418	22765AB412	EP5D400A	45AFBEBE	B636053A	N.AMERICA	Forester	2011	2.5L	non-Turbo	MT	CAL
EP5DA00A	22765AB418	22765AB413	EP5D402A	45AFBEBE	B636053A	N.AMERICA	Forester	2011	2.5L	non-Turbo	MT	CAL
EP5DA00A	22765AB418	22765AB414	EP5D500A	45AFBEBE	B636053A	N.AMERICA	Forester	2011	2.5L	non-Turbo	MT	CAL
EP5DA00A	22765AB418	22765AB414	EP5D50ZA	45AFBEBE	B636053A	N.AMERICA	Forester	2011	2.5L	non-Turbo	MT	CAL
EP5DA00A	22765AB418	22765AB415	EP5D600A	45AFBEBE	B636053A	N.AMERICA	Forester	2011	2.5L	non-Turbo	MT	CAL
EP5DA00A	22765AB418	22765AB416	EP5D800A	45AFBEBE	B636053A	N.AMERICA	Forester	2011	2.5L	non-Turbo	MT	CAL
EP5DA00A	22765AB418	22765AB417	EP5D900A	45AFBEBE	B636053A	N.AMERICA	Forester	2011	2.5L	non-Turbo	MT	CAL
EP5DB00D	22765AB428	22765AB420	EP5D201D	A716E1A4	CE13 734C	N.AMERICA	Forester	2011	2.5L	non-Turbo	AT	FED
EP5DB00D	22765AB428	22765AB422	EP5D400D	A716E1A4	CE13 734C	N.AMERICA	Forester	2011	2.5L	non-Turbo	AT	FED
EP5DB00D	22765AB428	22765AB423	EP5D402D	A716E1A4	CE13 734C	N.AMERICA	Forester	2011	2.5L	non-Turbo	AT	FED
EP5DB00D	22765AB428	22765AB424	EP5D500D	A716E1A4	CE13 734C	N.AMERICA	Forester	2011	2.5L	non-Turbo	AT	FED
EP5DB00D	22765AB428	22765AB424	EP5D50ZD	A716E1A4	CE13 734C	N.AMERICA	Forester	2011	2.5L	non-Turbo	AT	FED
EP5DB00D	22765AB428	22765AB425	EP5D600D	A716E1A4	CE13 734C	N.AMERICA	Forester	2011	2.5L	non-Turbo	AT	FED
EP5DB00D	22765AB428	22765AB426	EP5D800D	A716E1A4	CE13 734C	N.AMERICA	Forester	2011	2.5L	non-Turbo	AT	FED
EP5DB00D	22765AB428	22765AB427	EP5D900D	A716E1A4	CE13 734C	N.AMERICA	Forester	2011	2.5L	non-Turbo	AT	FED
EP5DA00C	22765AB438	22765AB430	EP5D201C	A0D8A9BF	7AD41710	N.AMERICA	Forester	2011	2.5L	non-Turbo	MT	FED
EP5DA00C	22765AB438	22765AB432	EP5D400C	A0D8A9BF	7AD41710	N.AMERICA	Forester	2011	2.5L	non-Turbo	MT	FED
EP5DA00C	22765AB438	22765AB433	EP5D402C	A0D8A9BF	7AD41710	N.AMERICA	Forester	2011	2.5L	non-Turbo	MT	FED
EP5DA00C	22765AB438	22765AB434	EP5D500C	A0D8A9BF	7AD41710	N.AMERICA	Forester	2011	2.5L	non-Turbo	MT	FED
EP5DA00C	22765AB438	22765AB434	EP5D50ZC	A0D8A9BF	7AD41710	N.AMERICA	Forester	2011	2.5L	non-Turbo	MT	FED
EP5DA00C	22765AB438	22765AB435	EP5D600C	A0D8A9BF	7AD41710	N.AMERICA	Forester	2011	2.5L	non-Turbo	MT	FED
EP5DA00C	22765AB438	22765AB436	EP5D800C	A0D8A9BF	7AD41710	N.AMERICA	Forester	2011	2.5L	non-Turbo	MT	FED
EP5DA00C	22765AB438	22765AB437	EP5D900C	A0D8A9BF	7AD41710	N.AMERICA	Forester	2011	2.5L	non-Turbo	MT	FED
EP5GC00b	22765AD395	22765AD390	EP5F400b	B4D7F3C4	BD85 262E	N.AMERICA	Forester	2012	2.5L	non-Turbo	AT	CAL
EP5GC00b	22765AD395	22765AD390	EP5F40Zb	B4D7F3C4	BD85 262E	N.AMERICA	Forester	2012	2.5L	non-Turbo	AT	CAL
EP5GC00b	22765AD395	22765AD391	EP5G211b	B4D7F3C4	BD85 262E	N.AMERICA	Forester	2012	2.5L	non-Turbo	AT	CAL
EP5GC00b	22765AD395	22765AD391	EP5G21Zb	B4D7F3C4	BD85 262E	N.AMERICA	Forester	2012	2.5L	non-Turbo	AT	CAL
EP5GC00b	22765AD395	22765AD392	EP5G300b	B4D7F3C4	BD85 262E	N.AMERICA	Forester	2012	2.5L	non-Turbo	AT	CAL
EP5GC00b	22765AD395	22765AD393	EP5G600b	B4D7F3C4	BD85 262E	N.AMERICA	Forester	2012	2.5L	non-Turbo	AT	CAL
EP5GC00b	22765AD395	22765AD394	EP5G800b	B4D7F3C4	BD85 262E	N.AMERICA	Forester	2012	2.5L	non-Turbo	AT	CAL
EP5G900a	22765AD405	22765AD400	EP5F400a	10FE9763	5935498E	N.AMERICA	Forester	2012	2.5L	non-Turbo	MT	CAL
EP5G900a	22765AD405	22765AD400	EP5F40Za	10FE9763	5935498E	N.AMERICA	Forester	2012	2.5L	non-Turbo	MT	CAL
EP5G900a	22765AD405	22765AD401	EP5G211a	10FE9763	5935498E	N.AMERICA	Forester	2012	2.5L	non-Turbo	MT	CAL
EP5G900a	22765AD405	22765AD401	EP5G21Za	10FE9763	5935498E	N.AMERICA	Forester	2012	2.5L	non-Turbo	MT	CAL
EP5G900a	22765AD405	22765AD402	EP5G300a	10FE9763	5935498E	N.AMERICA	Forester	2012	2.5L	non-Turbo	MT	CAL
EP5G900a	22765AD405	22765AD403	EP5G600a	10FE9763	5935498E	N.AMERICA	Forester	2012	2.5L	non-Turbo	MT	CAL
EP5G900a	22765AD405	22765AD404	EP5G800a	10FE9763	5935498E	N.AMERICA	Forester	2012	2.5L	non-Turbo	MT	CAL
EP5GC00d	22765AD414	22765AD410	EP5F400d	EAAECE91	090A 89B4	N.AMERICA	Forester	2012	2.5L	non-Turbo	AT	FED
EP5GC00d	22765AD414	22765AD410	EP5F40Zd	EAAECE91	090A 89B4	N.AMERICA	Forester	2012	2.5L	non-Turbo	AT	FED
EP5GC00d	22765AD414	22765AD411	EP5G300d	EAAECE91	090A 89B4	N.AMERICA	Forester	2012	2.5L	non-Turbo	AT	FED
EP5GC00d	22765AD414	22765AD412	EP5G600d	EAAECE91	090A 89B4	N.AMERICA	Forester	2012	2.5L	non-Turbo	AT	FED
EP5GC00d	22765AD414	22765AD413	EP5G800d	EAAECE91	090A 89B4	N.AMERICA	Forester	2012	2.5L	non-Turbo	AT	FED
EP5G900c	22765AD424	22765AD420	EP5F400c	7640C101	75F05924	N.AMERICA	Forester	2012	2.5L	non-Turbo	MT	FED
EP5G900c	22765AD424	22765AD420	EP5F40Zc	7640C101	75F05924	N.AMERICA	Forester	2012	2.5L	non-Turbo	MT	FED
EP5G900c	22765AD424	22765AD421	EP5G300c	7640C101	75F05924	N.AMERICA	Forester	2012	2.5L	non-Turbo	MT	FED
EP5G900c	22765AD424	22765AD422	EP5G600c	7640C101	75F05924	N.AMERICA	Forester	2012	2.5L	non-Turbo	MT	FED
EP5G900c	22765AD424	22765AD423	EP5G800c	7640C101	75F05924	N.AMERICA	Forester	2012	2.5L	non-Turbo	MT	FED
AE5K801R	22765AD443	22765AD440	AE5K411R	7DCDACC3	AA038595	N.AMERICA	Forester	2012	2.5L	Turbo	AT	FED  CAL
AE5K801R	22765AD443	22765AD441	AE5K700R	7DCDACC3	AA038595	N.AMERICA	Forester	2012	2.5L	Turbo	AT	FED  CAL
AE5K801R	22765AD443	22765AD442	AE5K800R	7DCDACC3	AA038595	N.AMERICA	Forester	2012	2.5L	Turbo	AT	FED  CAL
EP5H500b	22765AE572	22765AE570	EP5G212b	D1898E51	201C B02E	N.AMERICA	Forester	2013	2.5L	non-Turbo	AT	CAL
EP5H500b	22765AE572	22765AE570	EP5H100b	D1898E51	201C B02E	N.AMERICA	Forester	2013	2.5L	non-Turbo	AT	CAL
EP5H500b	22765AE572	22765AE570	EP5H200b	D1898E51	201C B02E	N.AMERICA	Forester	2013	2.5L	non-Turbo	AT	CAL
EP5H500b	22765AE572	22765AE571	EP5H300b	D1898E51	201C B02E	N.AMERICA	Forester	2013	2.5L	non-Turbo	AT	CAL
EP5H500a	22765AE582	22765AE580	EP5G212a	F01B2D49	9464 6AB1	N.AMERICA	Forester	2013	2.5L	non-Turbo	MT	CAL
EP5H500a	22765AE582	22765AE580	EP5H100a	F01B2D49	9464 6AB1	N.AMERICA	Forester	2013	2.5L	non-Turbo	MT	CAL
EP5H500a	22765AE582	22765AE580	EP5H200a	F01B2D49	9464 6AB1	N.AMERICA	Forester	2013	2.5L	non-Turbo	MT	CAL
EP5H500a	22765AE582	22765AE581	EP5H300a	F01B2D49	9464 6AB1	N.AMERICA	Forester	2013	2.5L	non-Turbo	MT	CAL
EP5H500d	22765AE592	22765AE590	EP5F401d	84D13A28	A364 B91C	N.AMERICA	Forester	2013	2.5L	non-Turbo	AT	FED
EP5H500d	22765AE592	22765AE590	EP5H100d	84D13A28	A364 B91C	N.AMERICA	Forester	2013	2.5L	non-Turbo	AT	FED
EP5H500d	22765AE592	22765AE590	EP5H200d	84D13A28	A364 B91C	N.AMERICA	Forester	2013	2.5L	non-Turbo	AT	FED
EP5H500d	22765AE592	22765AE591	EP5H300d	84D13A28	A364 B91C	N.AMERICA	Forester	2013	2.5L	non-Turbo	AT	FED
EP5H500c	22765AE602	22765AE600	EP5F401c	48852697	074C 2A30	N.AMERICA	Forester	2013	2.5L	non-Turbo	MT	FED
EP5H500c	22765AE602	22765AE600	EP5H100c	48852697	074C 2A30	N.AMERICA	Forester	2013	2.5L	non-Turbo	MT	FED
EP5H500c	22765AE602	22765AE600	EP5H200c	48852697	074C 2A30	N.AMERICA	Forester	2013	2.5L	non-Turbo	MT	FED
EP5H500c	22765AE602	22765AE601	EP5H300c	48852697	074C 2A30	N.AMERICA	Forester	2013	2.5L	non-Turbo	MT	FED
AE5L700R	22765AE562	22765AE560	AE5L500R	5460ACF5	EE04 26EC	N.AMERICA	Forester	2013	2.5L	Turbo	AT	FED  CAL
AE5L700R	22765AE562	22765AE561	AE5L501R	5460ACF5	EE04 26EC	N.AMERICA	Forester	2013	2.5L	Turbo	AT	FED  CAL
EA1M511C	22765AE194	22765AE190	EA1M300C	21CBD946	3DFC 59D3	N.AMERICA	Forester	2014	2.5L	non-Turbo	MT	FED
EA1M511C	22765AE194	22765AE190	EA1M400C	21CBD946	3DFC 59D3	N.AMERICA	Forester	2014	2.5L	non-Turbo	MT	FED
EA1M511C	22765AE194	22765AE190	EA1M500C	21CBD946	3DFC 59D3	N.AMERICA	Forester	2014	2.5L	non-Turbo	MT	FED
EA1M511C	22765AE194	22765AE191	EA1M501C	21CBD946	3DFC 59D3	N.AMERICA	Forester	2014	2.5L	non-Turbo	MT	FED
EA1M511C	22765AE194	22765AE191	EA1M50YC	21CBD946	3DFC 59D3	N.AMERICA	Forester	2014	2.5L	non-Turbo	MT	FED
EA1M511C	22765AE194	22765AE192	EA1M502C	21CBD946	3DFC 59D3	N.AMERICA	Forester	2014	2.5L	non-Turbo	MT	FED
EA1M511C	22765AE194	22765AE193	EA1M510C	21CBD946	3DFC 59D3	N.AMERICA	Forester	2014	2.5L	non-Turbo	MT	FED
EA1M511D	22765AE204	22765AE200	EA1M300D	F14D620A	7C7C 1F2D	N.AMERICA	Forester	2014	2.5L	non-Turbo	CVT	FED
EA1M511D	22765AE204	22765AE200	EA1M400D	F14D620A	7C7C 1F2D	N.AMERICA	Forester	2014	2.5L	non-Turbo	CVT	FED
EA1M511D	22765AE204	22765AE200	EA1M500D	F14D620A	7C7C 1F2D	N.AMERICA	Forester	2014	2.5L	non-Turbo	CVT	FED
EA1M511D	22765AE204	22765AE201	EA1M501D	F14D620A	7C7C 1F2D	N.AMERICA	Forester	2014	2.5L	non-Turbo	CVT	FED
EA1M511D	22765AE204	22765AE201	EA1M50YD	F14D620A	7C7C 1F2D	N.AMERICA	Forester	2014	2.5L	non-Turbo	CVT	FED
EA1M511D	22765AE204	22765AE202	EA1M502D	F14D620A	7C7C 1F2D	N.AMERICA	Forester	2014	2.5L	non-Turbo	CVT	FED
EA1M511D	22765AE204	22765AE203	EA1M510D	F14D620A	7C7C 1F2D	N.AMERICA	Forester	2014	2.5L	non-Turbo	CVT	FED
EA1M511A	22765AE214	22765AE210	EA1M300A	14F3CDB6	DED1 2F06	N.AMERICA	Forester	2014	2.5L	non-Turbo	MT	CAL
EA1M511A	22765AE214	22765AE210	EA1M400A	14F3CDB6	DED1 2F06	N.AMERICA	Forester	2014	2.5L	non-Turbo	MT	CAL
EA1M511A	22765AE214	22765AE210	EA1M500A	14F3CDB6	DED1 2F06	N.AMERICA	Forester	2014	2.5L	non-Turbo	MT	CAL
EA1M511A	22765AE214	22765AE210	EA1M50ZA	14F3CDB6	DED1 2F06	N.AMERICA	Forester	2014	2.5L	non-Turbo	MT	CAL
EA1M511A	22765AE214	22765AE211	EA1M501A	14F3CDB6	DED1 2F06	N.AMERICA	Forester	2014	2.5L	non-Turbo	MT	CAL
EA1M511A	22765AE214	22765AE211	EA1M50YA	14F3CDB6	DED1 2F06	N.AMERICA	Forester	2014	2.5L	non-Turbo	MT	CAL
EA1M511A	22765AE214	22765AE212	EA1M502A	14F3CDB6	DED1 2F06	N.AMERICA	Forester	2014	2.5L	non-Turbo	MT	CAL
EA1M511A	22765AE214	22765AE213	EA1M510A	14F3CDB6	DED1 2F06	N.AMERICA	Forester	2014	2.5L	non-Turbo	MT	CAL
EA1M511B	22765AE224	22765AE220	EA1M300B	861C71E6	EE55 5CB7	N.AMERICA	Forester	2014	2.5L	non-Turbo	CVT	CAL
EA1M511B	22765AE224	22765AE220	EA1M301B	861C71E6	EE55 5CB7	N.AMERICA	Forester	2014	2.5L	non-Turbo	CVT	CAL
EA1M511B	22765AE224	22765AE220	EA1M400B	861C71E6	EE55 5CB7	N.AMERICA	Forester	2014	2.5L	non-Turbo	CVT	CAL
EA1M511B	22765AE224	22765AE220	EA1M500B	861C71E6	EE55 5CB7	N.AMERICA	Forester	2014	2.5L	non-Turbo	CVT	CAL
EA1M511B	22765AE224	22765AE220	EA1M50ZB	861C71E6	EE55 5CB7	N.AMERICA	Forester	2014	2.5L	non-Turbo	CVT	CAL
EA1M511B	22765AE224	22765AE221	EA1M501B	861C71E6	EE55 5CB7	N.AMERICA	Forester	2014	2.5L	non-Turbo	CVT	CAL
EA1M511B	22765AE224	22765AE221	EA1M50YB	861C71E6	EE55 5CB7	N.AMERICA	Forester	2014	2.5L	non-Turbo	CVT	CAL
EA1M511B	22765AE224	22765AE222	EA1M502B	861C71E6	EE55 5CB7	N.AMERICA	Forester	2014	2.5L	non-Turbo	CVT	CAL
EA1M511B	22765AE224	22765AE223	EA1M510B	861C71E6	EE55 5CB7	N.AMERICA	Forester	2014	2.5L	non-Turbo	CVT	CAL
AF56E03B	22611BG963	22611AW060	AF52000B	F2EF6EEB	F9F1 BEE9	N.AMERICA	Forester	2014	2.0L	Turbo	CVT	FED, CAL
AF56E03B	22611BG963	22611AW060	AF53100B	F2EF6EEB	F9F1 BEE9	N.AMERICA	Forester	2014	2.0L	Turbo	CVT	FED, CAL
AF56E03B	22611BG963	22611AW060	AF54300B	F2EF6EEB	F9F1 BEE9	N.AMERICA	Forester	2014	2.0L	Turbo	CVT	FED, CAL
AF56E03B	22611BG963	22611AW060	AF55100B	F2EF6EEB	F9F1 BEE9	N.AMERICA	Forester	2014	2.0L	Turbo	CVT	FED, CAL
AF56E03B	22611BG963	22611AW060	AF56300B	F2EF6EEB	F9F1 BEE9	N.AMERICA	Forester	2014	2.0L	Turbo	CVT	FED, CAL
AF56E03B	22611BG963	22611AW060	AF56301B	F2EF6EEB	F9F1 BEE9	N.AMERICA	Forester	2014	2.0L	Turbo	CVT	FED, CAL
AF56E03B	22611BG963	22611AW061	AF56400B	F2EF6EEB	F9F1 BEE9	N.AMERICA	Forester	2014	2.0L	Turbo	CVT	FED, CAL
AF56E03B	22611BG963	22611AW061	AF565Z0B	F2EF6EEB	F9F1 BEE9	N.AMERICA	Forester	2014	2.0L	Turbo	CVT	FED, CAL
AF56E03B	22611BG963	22611AW061	AF566Z0B	F2EF6EEB	F9F1 BEE9	N.AMERICA	Forester	2014	2.0L	Turbo	CVT	FED, CAL
AF56E03B	22611BG963	22611AW061	AF566Z1B	F2EF6EEB	F9F1 BEE9	N.AMERICA	Forester	2014	2.0L	Turbo	CVT	FED, CAL
AF56E03B	22611BG963	22611AW061	AF566Z2B	F2EF6EEB	F9F1 BEE9	N.AMERICA	Forester	2014	2.0L	Turbo	CVT	FED, CAL
AF56E03B	22611BG963	22611AW061	AF566Z3B	F2EF6EEB	F9F1 BEE9	N.AMERICA	Forester	2014	2.0L	Turbo	CVT	FED, CAL
AF56E03B	22611BG963	22611AW061	AF566Z4B	F2EF6EEB	F9F1 BEE9	N.AMERICA	Forester	2014	2.0L	Turbo	CVT	FED, CAL
AF56E03B	22611BG963	22611AW061	AF566Z6B	F2EF6EEB	F9F1 BEE9	N.AMERICA	Forester	2014	2.0L	Turbo	CVT	FED, CAL
AF56E03B	22611BG963	22611AW062	AF56600B	F2EF6EEB	F9F1 BEE9	N.AMERICA	Forester	2014	2.0L	Turbo	CVT	FED, CAL
AF56E03B	22611BG963	22611AW063	AF56601B	F2EF6EEB	F9F1 BEE9	N.AMERICA	Forester	2014	2.0L	Turbo	CVT	FED, CAL
AF56E03B	22611BG963	22611AW064	AF56700B	F2EF6EEB	F9F1 BEE9	N.AMERICA	Forester	2014	2.0L	Turbo	CVT	FED, CAL
AF56E03B	22611BG963	22611AW064	AF569Z0B	F2EF6EEB	F9F1 BEE9	N.AMERICA	Forester	2014	2.0L	Turbo	CVT	FED, CAL
AF56E03B	22611BG963	22611AW065	AF56A00B	F2EF6EEB	F9F1 BEE9	N.AMERICA	Forester	2014	2.0L	Turbo	CVT	FED, CAL
AF56E03B	22611BG963	22611AW066	AF56B00B	F2EF6EEB	F9F1 BEE9	N.AMERICA	Forester	2014	2.0L	Turbo	CVT	FED, CAL
AF56E03B	22611BG963	22611AW067	AF56C00B	F2EF6EEB	F9F1 BEE9	N.AMERICA	Forester	2014	2.0L	Turbo	CVT	FED, CAL
AF56E03B	22611BG963	22611AW067	AF56CZ0B	F2EF6EEB	F9F1 BEE9	N.AMERICA	Forester	2014	2.0L	Turbo	CVT	FED, CAL
AF56E03B	22611BG963	22611AW068	AF56D00B	F2EF6EEB	F9F1 BEE9	N.AMERICA	Forester	2014	2.0L	Turbo	CVT	FED, CAL
AF56E03B	22611BG963	22611AW068	AF56DZ0B	F2EF6EEB	F9F1 BEE9	N.AMERICA	Forester	2014	2.0L	Turbo	CVT	FED, CAL
AF56E03B	22611BG963	22611AW069	AF56D01B	F2EF6EEB	F9F1 BEE9	N.AMERICA	Forester	2014	2.0L	Turbo	CVT	FED, CAL
AF56E03B	22611BG963	22611BG960	AF56E00B	F2EF6EEB	F9F1 BEE9	N.AMERICA	Forester	2014	2.0L	Turbo	CVT	FED, CAL
AF56E03B	22611BG963	22611BG961	AF56E01B	F2EF6EEB	F9F1 BEE9	N.AMERICA	Forester	2014	2.0L	Turbo	CVT	FED, CAL
AF56E03B	22611BG963	22611BG962	AF56E02B	F2EF6EEB	F9F1 BEE9	N.AMERICA	Forester	2014	2.0L	Turbo	CVT	FED, CAL
LF61803B	22765AG979	22765AG970	LF61200B	DCE18725	1974 E01B	N.AMERICA	Forester	2015	2.0L	Turbo	CVT	FED, CAL
LF61803B	22765AG979	22765AG971	LF61400B	DCE18725	1974 E01B	N.AMERICA	Forester	2015	2.0L	Turbo	CVT	FED, CAL
LF61803B	22765AG979	22765AG972	LF61500B	DCE18725	1974 E01B	N.AMERICA	Forester	2015	2.0L	Turbo	CVT	FED, CAL
LF61803B	22765AG979	22765AG973	LF61600B	DCE18725	1974 E01B	N.AMERICA	Forester	2015	2.0L	Turbo	CVT	FED, CAL
LF61803B	22765AG979	22765AG973	LF616Z0B	DCE18725	1974 E01B	N.AMERICA	Forester	2015	2.0L	Turbo	CVT	FED, CAL
LF61803B	22765AG979	22765AG974	LF61700B	DCE18725	1974 E01B	N.AMERICA	Forester	2015	2.0L	Turbo	CVT	FED, CAL
LF61803B	22765AG979	22765AG974	LF617Z0B	DCE18725	1974 E01B	N.AMERICA	Forester	2015	2.0L	Turbo	CVT	FED, CAL
LF61803B	22765AG979	22765AG975	LF61701B	DCE18725	1974 E01B	N.AMERICA	Forester	2015	2.0L	Turbo	CVT	FED, CAL
LF61803B	22765AG979	22765AG976	LF61800B	DCE18725	1974 E01B	N.AMERICA	Forester	2015	2.0L	Turbo	CVT	FED, CAL
LF61803B	22765AG979	22765AG977	LF61801B	DCE18725	1974 E01B	N.AMERICA	Forester	2015	2.0L	Turbo	CVT	FED, CAL
LF61803B	22765AG979	22765AG977	LF618Z1B	DCE18725	1974 E01B	N.AMERICA	Forester	2015	2.0L	Turbo	CVT	FED, CAL
LF61803B	22765AG979	22765AG978	LF61802B	DCE18725	1974 E01B	N.AMERICA	Forester	2015	2.0L	Turbo	CVT	FED, CAL
LF75500A	22765AH517	22765AH510	LF75200A	794DE95E	81A1 3F12	N.AMERICA	Forester	2016	2.0L	Turbo	CVT	FED, CAL
LF75500A	22765AH517	22765AH510	LF75300A	794DE95E	81A1 3F12	N.AMERICA	Forester	2016	2.0L	Turbo	CVT	FED, CAL
LF75500A	22765AH517	22765AH511	LF75301A	794DE95E	81A1 3F12	N.AMERICA	Forester	2016	2.0L	Turbo	CVT	FED, CAL
LF75500A	22765AH517	22765AH512	LF75400A	794DE95E	81A1 3F12	N.AMERICA	Forester	2016	2.0L	Turbo	CVT	FED, CAL
LF75500A	22765AH517	22765AH513	LF75401A	794DE95E	81A1 3F12	N.AMERICA	Forester	2016	2.0L	Turbo	CVT	FED, CAL
LF75500A	22765AH517	22765AH514	LF75402A	794DE95E	81A1 3F12	N.AMERICA	Forester	2016	2.0L	Turbo	CVT	FED, CAL
LF75500A	22765AH517	22765AH515	LF75402A	794DE95E	81A1 3F12	N.AMERICA	Forester	2016	2.0L	Turbo	CVT	FED, CAL
LF75500A	22765AH517	22765AH516	LF75403A	794DE95E	81A1 3F12	N.AMERICA	Forester	2016	2.0L	Turbo	CVT	FED, CAL
EA1M811C	22765AG724	22765AG720	EA1M700C	3B303B1C	A9DF D310	N.AMERICA	Forester	2015	2.5L	non-Turbo	MT	FED
EA1M811C	22765AG724	22765AG721	EA1M701C	3B303B1C	A9DF D310	N.AMERICA	Forester	2015	2.5L	non-Turbo	MT	FED
EA1M811C	22765AG724	22765AG721	EA1M70ZC	3B303B1C	A9DF D310	N.AMERICA	Forester	2015	2.5L	non-Turbo	MT	FED
EA1M811C	22765AG724	22765AG722	EA1M702C	3B303B1C	A9DF D310	N.AMERICA	Forester	2015	2.5L	non-Turbo	MT	FED
EA1M811C	22765AG724	22765AG723	EA1M810C	3B303B1C	A9DF D310	N.AMERICA	Forester	2015	2.5L	non-Turbo	MT	FED
EA1M811D	22765AG734	22765AG730	EA1M700D	B09957EB	1F92 FA10	N.AMERICA	Forester	2015	2.5L	non-Turbo	CVT	FED
EA1M811D	22765AG734	22765AG731	EA1M701D	B09957EB	1F92 FA10	N.AMERICA	Forester	2015	2.5L	non-Turbo	CVT	FED
EA1M811D	22765AG734	22765AG731	EA1M70ZD	B09957EB	1F92 FA10	N.AMERICA	Forester	2015	2.5L	non-Turbo	CVT	FED
EA1M811D	22765AG734	22765AG732	EA1M702D	B09957EB	1F92 FA10	N.AMERICA	Forester	2015	2.5L	non-Turbo	CVT	FED
EA1M811D	22765AG734	22765AG733	EA1M810D	B09957EB	1F92 FA10	N.AMERICA	Forester	2015	2.5L	non-Turbo	CVT	FED
EA1M811A	22765AG744	22765AG740	EA1M700A	08A1D3CE	74D7 3F21	N.AMERICA	Forester	2015	2.5L	non-Turbo	MT	CAL
EA1M811A	22765AG744	22765AG741	EA1M701A	08A1D3CE	74D7 3F21	N.AMERICA	Forester	2015	2.5L	non-Turbo	MT	CAL
EA1M811A	22765AG744	22765AG741	EA1M70ZA	08A1D3CE	74D7 3F21	N.AMERICA	Forester	2015	2.5L	non-Turbo	MT	CAL
EA1M811A	22765AG744	22765AG742	EA1M702A	08A1D3CE	74D7 3F21	N.AMERICA	Forester	2015	2.5L	non-Turbo	MT	CAL
EA1M811A	22765AG744	22765AG743	EA1M810A	08A1D3CE	74D7 3F21	N.AMERICA	Forester	2015	2.5L	non-Turbo	MT	CAL
EA1M811B	22765AG754	22765AG750	EA1M700B	7EC7424F	A329 9F6B	N.AMERICA	Forester	2015	2.5L	non-Turbo	CVT	CAL
EA1M811B	22765AG754	22765AG751	EA1M701B	7EC7424F	A329 9F6B	N.AMERICA	Forester	2015	2.5L	non-Turbo	CVT	CAL
EA1M811B	22765AG754	22765AG751	EA1M70ZB	7EC7424F	A329 9F6B	N.AMERICA	Forester	2015	2.5L	non-Turbo	CVT	CAL
EA1M811B	22765AG754	22765AG752	EA1M702B	7EC7424F	A329 9F6B	N.AMERICA	Forester	2015	2.5L	non-Turbo	CVT	CAL
EA1M811B	22765AG754	22765AG753	EA1M810B	7EC7424F	A329 9F6B	N.AMERICA	Forester	2015	2.5L	non-Turbo	CVT	CAL
ZA1JB01D	22765AG501	22765AC800	EA1G100D	868139F1	3811 9841	N.AMERICA	BRZ	2013	2.0L	non-Turbo	AT	FED  CAL
ZA1JB01D	22765AG501	22765AC800	ZA1J000D	868139F1	3811 9841	N.AMERICA	BRZ	2013	2.0L	non-Turbo	AT	FED  CAL
ZA1JB01D	22765AG501	22765AC800	ZA1J500D	868139F1	3811 9841	N.AMERICA	BRZ	2013	2.0L	non-Turbo	AT	FED  CAL
ZA1JB01D	22765AG501	22765AC800	ZA1J700D	868139F1	3811 9841	N.AMERICA	BRZ	2013	2.0L	non-Turbo	AT	FED  CAL
ZA1JB01D	22765AG501	22765AC801	ZA1J900D	868139F1	3811 9841	N.AMERICA	BRZ	2013	2.0L	non-Turbo	AT	FED  CAL
ZA1JB01D	22765AG501	22765AC802	ZA1JA00D	868139F1	3811 9841	N.AMERICA	BRZ	2013	2.0L	non-Turbo	AT	FED  CAL
ZA1JB01D	22765AG501	22765AC803	ZA1JA01D	868139F1	3811 9841	N.AMERICA	BRZ	2013	2.0L	non-Turbo	AT	FED  CAL
ZA1JB01C	22765AG511	22765AC810	EA1G100C	CFB47AAB	A0F8 6CBC	N.AMERICA	BRZ	2013	2.0L	non-Turbo	MT	FED  CAL
ZA1JB01C	22765AG511	22765AC810	ZA1J000C	CFB47AAB	A0F8 6CBC	N.AMERICA	BRZ	2013	2.0L	non-Turbo	MT	FED  CAL
ZA1JB01C	22765AG511	22765AC810	ZA1J500C	CFB47AAB	A0F8 6CBC	N.AMERICA	BRZ	2013	2.0L	non-Turbo	MT	FED  CAL
ZA1JB01C	22765AG511	22765AC810	ZA1J700C	CFB47AAB	A0F8 6CBC	N.AMERICA	BRZ	2013	2.0L	non-Turbo	MT	FED  CAL
ZA1JB01C	22765AG511	22765AC811	ZA1J900C	CFB47AAB	A0F8 6CBC	N.AMERICA	BRZ	2013	2.0L	non-Turbo	MT	FED  CAL
ZA1JB01C	22765AG511	22765AC812	ZA1JA00C	CFB47AAB	A0F8 6CBC	N.AMERICA	BRZ	2013	2.0L	non-Turbo	MT	FED  CAL
ZA1JB01C	22765AG511	22765AC813	ZA1JA01C	CFB47AAB	A0F8 6CBC	N.AMERICA	BRZ	2013	2.0L	non-Turbo	MT	FED  CAL
ZA1JB01D	22765AG501	22765AG500	ZA1JB00D	868139F1	3811 9841	N.AMERICA	BRZ	2014	2.0L	non-Turbo	AT	FED  CAL
ZA1JB01C	22765AG511	22765AG510	ZA1JB00C	CFB47AAB	A0F8 6CBC	N.AMERICA	BRZ	2014	2.0L	non-Turbo	MT	FED  CAL
LF75600H	22765AH617	22765AH610	LF75200H	CAF16A42	AE21 DCC1	N.AMERICA	WRX	2016	2.0L	Turbo	MT	FED  CAL
LF75600H	22765AH617	22765AH610	LF75201H	CAF16A42	AE21 DCC1	N.AMERICA	WRX	2016	2.0L	Turbo	MT	FED  CAL
LF75600H	22765AH617	22765AH610	LF75300H	CAF16A42	AE21 DCC1	N.AMERICA	WRX	2016	2.0L	Turbo	MT	FED  CAL
LF75600H	22765AH617	22765AH611	LF75400H	CAF16A42	AE21 DCC1	N.AMERICA	WRX	2016	2.0L	Turbo	MT	FED  CAL
LF75600H	22765AH617	22765AH612	LF75401H	CAF16A42	AE21 DCC1	N.AMERICA	WRX	2016	2.0L	Turbo	MT	FED  CAL
LF75600H	22765AH617	22765AH613	LF75402H	CAF16A42	AE21 DCC1	N.AMERICA	WRX	2016	2.0L	Turbo	MT	FED  CAL
LF75600H	22765AH617	22765AH614	LF75402H	CAF16A42	AE21 DCC1	N.AMERICA	WRX	2016	2.0L	Turbo	MT	FED  CAL
LF75600H	22765AH617	22765AH615	LF75403H	CAF16A42	AE21 DCC1	N.AMERICA	WRX	2016	2.0L	Turbo	MT	FED  CAL
LF75600H	22765AH617	22765AH616	LF75404H	CAF16A42	AE21 DCC1	N.AMERICA	WRX	2016	2.0L	Turbo	MT	FED  CAL
LF75500G	22765AH626	22765AH620	LF75200G	4B2FF19D	9443 3F12	N.AMERICA	WRX	2016	2.0L	Turbo	CVT	FED  CAL
LF75500G	22765AH626	22765AH620	LF75300G	4B2FF19D	9443 3F12	N.AMERICA	WRX	2016	2.0L	Turbo	CVT	FED  CAL
LF75500G	22765AH626	22765AH621	LF75400G	4B2FF19D	9443 3F12	N.AMERICA	WRX	2016	2.0L	Turbo	CVT	FED  CAL
LF75500G	22765AH626	22765AH622	LF75401G	4B2FF19D	9443 3F12	N.AMERICA	WRX	2016	2.0L	Turbo	CVT	FED  CAL
LF75500G	22765AH626	22765AH623	LF75402G	4B2FF19D	9443 3F12	N.AMERICA	WRX	2016	2.0L	Turbo	CVT	FED  CAL
LF75500G	22765AH626	22765AH624	LF75402G	4B2FF19D	9443 3F12	N.AMERICA	WRX	2016	2.0L	Turbo	CVT	FED  CAL
LF75500G	22765AH626	22765AH625	LF75403G	4B2FF19D	9443 3F12	N.AMERICA	WRX	2016	2.0L	Turbo	CVT	FED  CAL
EA1U300C	22765AH711	22765AH710	EA1U210C	FC9ADB6C	1453 0013	N.AMERICA	Impreza	2016	2.0L	non-Turbo	MT	FED  CAL
EA1U300A	22765AH721	22765AH720	EA1U210A	C36B9251	7EB8 F3F0	N.AMERICA	Impreza	2016	2.0L	non-Turbo	CVT	FED  CAL
EA1U300D	22765AH741	22765AH740	EA1U210D	ECDD4A4C	F92E 8745	N.AMERICA	Crosstrek	2016	2.0L	non-Turbo	MT	FED  CAL
EA1U300B	22765AH751	22765AH750	EA1U100B	8BA1C221	F7F1 9472	N.AMERICA	Crosstrek	2016	2.0L	non-Turbo	CVT	FED  CAL
EA1U300B	22765AH751	22765AH750	EA1U210B	8BA1C221	F7F1 9472	N.AMERICA	Crosstrek	2016	2.0L	non-Turbo	CVT	FED  CAL
EA1Y200D	22765AK581	22765AK580	EA1Y100D	FBAB1DB5	2BC6 EBE6	N.AMERICA	Crosstrek	2017	2.0L	non-Turbo	MT	FED  CAL
EA1Y200D	22765AK581	22765AK580	EA1Y101D	FBAB1DB5	2BC6 EBE6	N.AMERICA	Crosstrek	2017	2.0L	non-Turbo	MT	FED  CAL
EA1Y200B	22765AK591	22765AK590	EA1Y100B	1DF53C1D	75A1 C0CB	N.AMERICA	Crosstrek	2017	2.0L	non-Turbo	CVT	FED  CAL
EA1Y200B	22765AK591	22765AK590	EA1Y101B	1DF53C1D	75A1 C0CB	N.AMERICA	Crosstrek	2017	2.0L	non-Turbo	CVT	FED  CAL
EB4L100X	22765AH833	22765AH830	EB4L010X	A12A17CC	5A5A 4A9F	N.AMERICA	Forester	2017	2.5L	non-Turbo	MT	CANADA
EB4L100X	22765AH833	22765AH830	EB4L01ZX	A12A17CC	5A5A 4A9F	N.AMERICA	Forester	2017	2.5L	non-Turbo	MT	CANADA
EB4L100X	22765AH833	22765AH831	EB4L011X	A12A17CC	5A5A 4A9F	N.AMERICA	Forester	2017	2.5L	non-Turbo	MT	CANADA
EB4L100X	22765AH833	22765AH831	EB4L01YX	A12A17CC	5A5A 4A9F	N.AMERICA	Forester	2017	2.5L	non-Turbo	MT	CANADA
EB4L100X	22765AH833	22765AH832	EB4L012X	A12A17CC	5A5A 4A9F	N.AMERICA	Forester	2017	2.5L	non-Turbo	MT	CANADA
EB4L100X	22765AH833	22765AH832	EB4L01XX	A12A17CC	5A5A 4A9F	N.AMERICA	Forester	2017	2.5L	non-Turbo	MT	CANADA
EB4J340S	22765AH843	22765AH840	EB4J320S	B9403F11	046F 674C	N.AMERICA	Forester	2017	2.5L	non-Turbo	CVT	CANADA
EB4J340S	22765AH843	22765AH840	EB4J32ZS	B9403F11	046F 674C	N.AMERICA	Forester	2017	2.5L	non-Turbo	CVT	CANADA
EB4J340S	22765AH843	22765AH841	EB4J321S	B9403F11	046F 674C	N.AMERICA	Forester	2017	2.5L	non-Turbo	CVT	CANADA
EB4J340S	22765AH843	22765AH841	EB4J32YS	B9403F11	046F 674C	N.AMERICA	Forester	2017	2.5L	non-Turbo	CVT	CANADA
EB4J340S	22765AH843	22765AH842	EB4J330S	B9403F11	046F 674C	N.AMERICA	Forester	2017	2.5L	non-Turbo	CVT	CANADA
EB4J340S	22765AH843	22765AH842	EB4J33ZS	B9403F11	046F 674C	N.AMERICA	Forester	2017	2.5L	non-Turbo	CVT	CANADA
EB4L100W	22765AH853	22765AH850	EB4L010W	60EE147E	0E0A B447	N.AMERICA	Forester	2017	2.5L	non-Turbo	MT	FED  CAL
EB4L100W	22765AH853	22765AH850	EB4L01ZW	60EE147E	0E0A B447	N.AMERICA	Forester	2017	2.5L	non-Turbo	MT	FED  CAL
EB4L100W	22765AH853	22765AH851	EB4L011W	60EE147E	0E0A B447	N.AMERICA	Forester	2017	2.5L	non-Turbo	MT	FED  CAL
EB4L100W	22765AH853	22765AH851	EB4L01YW	60EE147E	0E0A B447	N.AMERICA	Forester	2017	2.5L	non-Turbo	MT	FED  CAL
EB4L100W	22765AH853	22765AH852	EB4L012W	60EE147E	0E0A B447	N.AMERICA	Forester	2017	2.5L	non-Turbo	MT	FED  CAL
EB4L100W	22765AH853	22765AH852	EB4L01XW	60EE147E	0E0A B447	N.AMERICA	Forester	2017	2.5L	non-Turbo	MT	FED  CAL
EB4J340R	22765AH863	22765AH860	EB4J320R	D69D26C6	EF75 B70C	N.AMERICA	Forester	2017	2.5L	non-Turbo	CVT	FED  CAL
EB4J340R	22765AH863	22765AH860	EB4J32ZR	D69D26C6	EF75 B70C	N.AMERICA	Forester	2017	2.5L	non-Turbo	CVT	FED  CAL
EB4J340R	22765AH863	22765AH861	EB4J321R	D69D26C6	EF75 B70C	N.AMERICA	Forester	2017	2.5L	non-Turbo	CVT	FED  CAL
EB4J340R	22765AH863	22765AH861	EB4J32YR	D69D26C6	EF75 B70C	N.AMERICA	Forester	2017	2.5L	non-Turbo	CVT	FED  CAL
EB4J340R	22765AH863	22765AH862	EB4J330R	D69D26C6	EF75 B70C	N.AMERICA	Forester	2017	2.5L	non-Turbo	CVT	FED  CAL
EB4J340R	22765AH863	22765AH862	EB4J33ZR	D69D26C6	EF75 B70C	N.AMERICA	Forester	2017	2.5L	non-Turbo	CVT	FED  CAL
EB4P020W	22765AL382	22765AL380	EB4P000W	AF3E69E1	E554 2873	N.AMERICA	Forester	2018	2.5L	non-Turbo	MT	FED  CAL
EB4P020W	22765AL382	22765AL381	EB4P001W	AF3E69E1	E554 2873	N.AMERICA	Forester	2018	2.5L	non-Turbo	MT	FED  CAL
EB4P020W	22765AL382	22765AL381	EB4P00ZW	AF3E69E1	E554 2873	N.AMERICA	Forester	2018	2.5L	non-Turbo	MT	FED  CAL
EB4S200R	22765AL392	22765AL390	EB4P000R	9BAB2FCC	AECC FAD5	N.AMERICA	Forester	2018	2.5L	non-Turbo	CVT	FED  CAL
EB4S200R	22765AL392	22765AL391	EB4S100R	9BAB2FCC	AECC FAD5	N.AMERICA	Forester	2018	2.5L	non-Turbo	CVT	FED  CAL
EB4S200R	22765AL392	22765AL391	EB4S10ZR	9BAB2FCC	AECC FAD5	N.AMERICA	Forester	2018	2.5L	non-Turbo	CVT	FED  CAL
DB4I550D	22765AK31F	22765AK31A	DB4I500D	6D87DE45	CEC7 4FE1	N.AMERICA	Legacy	2017	3.6L	non-Turbo	CVT	FED  CAL
DB4I550D	22765AK31F	22765AK31A	DB4I50ZD	6D87DE45	CEC7 4FE1	N.AMERICA	Legacy	2017	3.6L	non-Turbo	CVT	FED  CAL
DB4I550D	22765AK31F	22765AK31B	DB4I501D	6D87DE45	CEC7 4FE1	N.AMERICA	Legacy	2017	3.6L	non-Turbo	CVT	FED  CAL
DB4I550D	22765AK31F	22765AK31C	DB4I502D	6D87DE45	CEC7 4FE1	N.AMERICA	Legacy	2017	3.6L	non-Turbo	CVT	FED  CAL
DB4I550D	22765AK31F	22765AK31D	DB4I530D	6D87DE45	CEC7 4FE1	N.AMERICA	Legacy	2017	3.6L	non-Turbo	CVT	FED  CAL
DB4I550D	22765AK31F	22765AK31E	DB4I540D	6D87DE45	CEC7 4FE1	N.AMERICA	Legacy	2017	3.6L	non-Turbo	CVT	FED  CAL
DB4I550D	22765AK31F	22765AK31A	DB4I500D	6D87DE45	CEC7 4FE1	N.AMERICA	Outback	2017	3.6L	non-Turbo	CVT	FED  CAL
DB4I550D	22765AK31F	22765AK31A	DB4I50ZD	6D87DE45	CEC7 4FE1	N.AMERICA	Outback	2017	3.6L	non-Turbo	CVT	FED  CAL
DB4I550D	22765AK31F	22765AK31B	DB4I501D	6D87DE45	CEC7 4FE1	N.AMERICA	Outback	2017	3.6L	non-Turbo	CVT	FED  CAL
DB4I550D	22765AK31F	22765AK31C	DB4I502D	6D87DE45	CEC7 4FE1	N.AMERICA	Outback	2017	3.6L	non-Turbo	CVT	FED  CAL
DB4I550D	22765AK31F	22765AK31D	DB4I530D	6D87DE45	CEC7 4FE1	N.AMERICA	Outback	2017	3.6L	non-Turbo	CVT	FED  CAL
DB4I550D	22765AK31F	22765AK31E	DB4I540D	6D87DE45	CEC7 4FE1	N.AMERICA	Outback	2017	3.6L	non-Turbo	CVT	FED  CAL
AE5W200V	22765AK173	22765AK170	AE5W000V	C3DA1B56	A015 91FF	N.AMERICA	WRX	2017	2.5L	Turbo	MT	FED, CAL
AE5W200V	22765AK173	22765AK170	AE5W100V	C3DA1B56	A015 91FF	N.AMERICA	WRX	2017	2.5L	Turbo	MT	FED, CAL
AE5W200V	22765AK173	22765AK171	AE5W101V	C3DA1B56	A015 91FF	N.AMERICA	WRX	2017	2.5L	Turbo	MT	FED, CAL
AE5W200V	22765AK173	22765AK171	AE5W10ZV	C3DA1B56	A015 91FF	N.AMERICA	WRX	2017	2.5L	Turbo	MT	FED, CAL
AE5W200V	22765AK173	22765AK172	AE5W102V	C3DA1B56	A015 91FF	N.AMERICA	WRX	2017	2.5L	Turbo	MT	FED, CAL
AE5Z120V	22765AK922	22765AK920	AE5Y100V	F1217234	1565 42D8	N.AMERICA	WRX	2018	2.5L	Turbo	MT	FED, CAL
AE5Z120V	22765AK922	22765AK920	AE5Y101V	F1217234	1565 42D8	N.AMERICA	WRX	2018	2.5L	Turbo	MT	FED, CAL
AE5Z120V	22765AK922	22765AK920	AE5Z000V	F1217234	1565 42D8	N.AMERICA	WRX	2018	2.5L	Turbo	MT	FED, CAL
AE5Z120V	22765AK922	22765AK920	AE5Z00ZV	F1217234	1565 42D8	N.AMERICA	WRX	2018	2.5L	Turbo	MT	FED, CAL
AE5Z120V	22765AK922	22765AK921	AE5Z001V	F1217234	1565 42D8	N.AMERICA	WRX	2018	2.5L	Turbo	MT	FED, CAL
AE5Z120W	22765AM271	22765AM270	AE5Z111W	29B4FCD5	01B6 9E8E	N.AMERICA	WRX	2018	2.5L	Turbo	MT	FED, CAL
AE5Z330V	22765AM461	22765AM460	AE5Z320V	4D525EDC	8019 49EA	N.AMERICA	WRX	2019	2.5L	Turbo	MT	FED, CAL
AE5Z330V	22765AM461	22765AM460	AE5Z321V	4D525EDC	8019 49EA	N.AMERICA	WRX	2019	2.5L	Turbo	MT	FED, CAL
AE5Z510V00G	22765AN541	22765AN540	AE5Z500V00G	598CCAEB	8DF3 C195	N.AMERICA	WRX	2020	2.5L	Turbo	MT	FED, CAL
LF78200B	22765AH926	22765AH920	LF78101B	4C616F8C	730D 36FC	N.AMERICA	Forester	2017	2.0L	Turbo	CVT	FED, CAL
LF78200B	22765AH926	22765AH920	LF78102B	4C616F8C	730D 36FC	N.AMERICA	Forester	2017	2.0L	Turbo	CVT	FED, CAL
LF78200B	22765AH926	22765AH921	LF78103B	4C616F8C	730D 36FC	N.AMERICA	Forester	2017	2.0L	Turbo	CVT	FED, CAL
LF78200B	22765AH926	22765AH922	LF78104B	4C616F8C	730D 36FC	N.AMERICA	Forester	2017	2.0L	Turbo	CVT	FED, CAL
LF78200B	22765AH926	22765AH923	LF78105B	4C616F8C	730D 36FC	N.AMERICA	Forester	2017	2.0L	Turbo	CVT	FED, CAL
LF78200B	22765AH926	22765AH924	LF78105B	4C616F8C	730D 36FC	N.AMERICA	Forester	2017	2.0L	Turbo	CVT	FED, CAL
LF78200B	22765AH926	22765AH925	LF78106B	4C616F8C	730D 36FC	N.AMERICA	Forester	2017	2.0L	Turbo	CVT	FED, CAL
LF9C200B	22765AL594	22765AL590	LF9C000B	B85912A9	8CF2 3C06	N.AMERICA	Forester	2018	2.0L	Turbo	CVT	FED, CAL
LF9C200B	22765AL594	22765AL591	LF9C001B	B85912A9	8CF2 3C06	N.AMERICA	Forester	2018	2.0L	Turbo	CVT	FED, CAL
LF9C200B	22765AL594	22765AL592	LF9C001B	B85912A9	8CF2 3C06	N.AMERICA	Forester	2018	2.0L	Turbo	CVT	FED, CAL
LF9C200B	22765AL594	22765AL593	LF9C002B	B85912A9	8CF2 3C06	N.AMERICA	Forester	2018	2.0L	Turbo	CVT	FED, CAL
LF79120P	22765AK386	22765AK380	LF78100P	F14C1A26	197F 5D21	N.AMERICA	WRX	2017	2.0L	Turbo	MT	FED  CAL
LF79120P	22765AK386	22765AK380	LF79001P	F14C1A26	197F 5D21	N.AMERICA	WRX	2017	2.0L	Turbo	MT	FED  CAL
LF79120P	22765AK386	22765AK380	LF79002P	F14C1A26	197F 5D21	N.AMERICA	WRX	2017	2.0L	Turbo	MT	FED  CAL
LF79120P	22765AK386	22765AK381	LF79100P	F14C1A26	197F 5D21	N.AMERICA	WRX	2017	2.0L	Turbo	MT	FED  CAL
LF79120P	22765AK386	22765AK382	LF79101P	F14C1A26	197F 5D21	N.AMERICA	WRX	2017	2.0L	Turbo	MT	FED  CAL
LF79120P	22765AK386	22765AK383	LF79101P	F14C1A26	197F 5D21	N.AMERICA	WRX	2017	2.0L	Turbo	MT	FED  CAL
LF79120P	22765AK386	22765AK384	LF79102P	F14C1A26	197F 5D21	N.AMERICA	WRX	2017	2.0L	Turbo	MT	FED  CAL
LF79120P	22765AK386	22765AK385	LF79103P	F14C1A26	197F 5D21	N.AMERICA	WRX	2017	2.0L	Turbo	MT	FED  CAL
LF79110N	22765AK395	22765AK390	LF78100N	1F916B80	0BDF 92E8	N.AMERICA	WRX	2017	2.0L	Turbo	CVT	FED  CAL
LF79110N	22765AK395	22765AK390	LF79001N	1F916B80	0BDF 92E8	N.AMERICA	WRX	2017	2.0L	Turbo	CVT	FED  CAL
LF79110N	22765AK395	22765AK390	LF79002N	1F916B80	0BDF 92E8	N.AMERICA	WRX	2017	2.0L	Turbo	CVT	FED  CAL
LF79110N	22765AK395	22765AK391	LF79100N	1F916B80	0BDF 92E8	N.AMERICA	WRX	2017	2.0L	Turbo	CVT	FED  CAL
LF79110N	22765AK395	22765AK392	LF79101N	1F916B80	0BDF 92E8	N.AMERICA	WRX	2017	2.0L	Turbo	CVT	FED  CAL
LF79110N	22765AK395	22765AK393	LF79101N	1F916B80	0BDF 92E8	N.AMERICA	WRX	2017	2.0L	Turbo	CVT	FED  CAL
LF79110N	22765AK395	22765AK394	LF79102N	1F916B80	0BDF 92E8	N.AMERICA	WRX	2017	2.0L	Turbo	CVT	FED  CAL
XH3J2G0C	22765AU28A	22765AJ59A	EH3H100C	BD9CAD75	4AA9 EA34	N.AMERICA	Impreza	2017	2.0L	non-Turbo	MT	FED, CAL
XH3J2G0C	22765AU28A	22765AJ59A	XH3I000C	BD9CAD75	4AA9 EA34	N.AMERICA	Impreza	2017	2.0L	non-Turbo	MT	FED, CAL
XH3J2G0C	22765AU28A	22765AJ59A	XH3I100C	BD9CAD75	4AA9 EA34	N.AMERICA	Impreza	2017	2.0L	non-Turbo	MT	FED, CAL
XH3J2G0C	22765AU28A	22765AJ59A	XH3I110C	BD9CAD75	4AA9 EA34	N.AMERICA	Impreza	2017	2.0L	non-Turbo	MT	FED, CAL
XH3J2G0C	22765AU28A	22765AJ59A	XH3I200C	BD9CAD75	4AA9 EA34	N.AMERICA	Impreza	2017	2.0L	non-Turbo	MT	FED, CAL
XH3J2G0C	22765AU28A	22765AJ59A	XH3I300C	BD9CAD75	4AA9 EA34	N.AMERICA	Impreza	2017	2.0L	non-Turbo	MT	FED, CAL
XH3J2G0C	22765AU28A	22765AJ59A	XH3I301C	BD9CAD75	4AA9 EA34	N.AMERICA	Impreza	2017	2.0L	non-Turbo	MT	FED, CAL
XH3J2G0C	22765AU28A	22765AJ59A	XH3I302C	BD9CAD75	4AA9 EA34	N.AMERICA	Impreza	2017	2.0L	non-Turbo	MT	FED, CAL
XH3J2G0C	22765AU28A	22765AJ59B	XH3J100C	BD9CAD75	4AA9 EA34	N.AMERICA	Impreza	2017	2.0L	non-Turbo	MT	FED, CAL
XH3J2G0C	22765AU28A	22765AJ59C	XH3J110C	BD9CAD75	4AA9 EA34	N.AMERICA	Impreza	2017	2.0L	non-Turbo	MT	FED, CAL
XH3J2G0C	22765AU28A	22765AJ59D	XH3J110C	BD9CAD75	4AA9 EA34	N.AMERICA	Impreza	2017	2.0L	non-Turbo	MT	FED, CAL
XH3J2G0C	22765AU28A	22765AJ59E	XH3J260C	BD9CAD75	4AA9 EA34	N.AMERICA	Impreza	2017	2.0L	non-Turbo	MT	FED, CAL
XH3J2G0C	22765AU28A	22765AJ59E	XH3J26ZC	BD9CAD75	4AA9 EA34	N.AMERICA	Impreza	2017	2.0L	non-Turbo	MT	FED, CAL
XH3J2G0C	22765AU28A	22765AJ59F	XH3J261C	BD9CAD75	4AA9 EA34	N.AMERICA	Impreza	2017	2.0L	non-Turbo	MT	FED, CAL
XH3J2G0C	22765AU28A	22765AJ59G	XH3J290C	BD9CAD75	4AA9 EA34	N.AMERICA	Impreza	2017	2.0L	non-Turbo	MT	FED, CAL
XH3J2G0C	22765AU28A	22765AJ59G	XH3J29ZC	BD9CAD75	4AA9 EA34	N.AMERICA	Impreza	2017	2.0L	non-Turbo	MT	FED, CAL
XH3J2G0C	22765AU28A	22765AJ59H	XH3J2B0C	BD9CAD75	4AA9 EA34	N.AMERICA	Impreza	2017	2.0L	non-Turbo	MT	FED, CAL
XH3J2G0C	22765AU28A	22765AJ59J	XH3J2CZC	BD9CAD75	4AA9 EA34	N.AMERICA	Impreza	2017	2.0L	non-Turbo	MT	FED, CAL
XH3J2G0C	22765AU28A	22765AJ59K	XH3J2C1C	BD9CAD75	4AA9 EA34	N.AMERICA	Impreza	2017	2.0L	non-Turbo	MT	FED, CAL
XH3J2G0D	22765AU29A	22765AJ60A	EH3H100D	FE01CFEB	2A18 BB73	N.AMERICA	Impreza	2017	2.0L	non-Turbo	CVT	FED, CAL
XH3J2G0D	22765AU29A	22765AJ60A	XH3I000D	FE01CFEB	2A18 BB73	N.AMERICA	Impreza	2017	2.0L	non-Turbo	CVT	FED, CAL
XH3J2G0D	22765AU29A	22765AJ60A	XH3I100D	FE01CFEB	2A18 BB73	N.AMERICA	Impreza	2017	2.0L	non-Turbo	CVT	FED, CAL
XH3J2G0D	22765AU29A	22765AJ60A	XH3I110D	FE01CFEB	2A18 BB73	N.AMERICA	Impreza	2017	2.0L	non-Turbo	CVT	FED, CAL
XH3J2G0D	22765AU29A	22765AJ60A	XH3I200D	FE01CFEB	2A18 BB73	N.AMERICA	Impreza	2017	2.0L	non-Turbo	CVT	FED, CAL
XH3J2G0D	22765AU29A	22765AJ60A	XH3I300D	FE01CFEB	2A18 BB73	N.AMERICA	Impreza	2017	2.0L	non-Turbo	CVT	FED, CAL
XH3J2G0D	22765AU29A	22765AJ60A	XH3I301D	FE01CFEB	2A18 BB73	N.AMERICA	Impreza	2017	2.0L	non-Turbo	CVT	FED, CAL
XH3J2G0D	22765AU29A	22765AJ60A	XH3I302D	FE01CFEB	2A18 BB73	N.AMERICA	Impreza	2017	2.0L	non-Turbo	CVT	FED, CAL
XH3J2G0D	22765AU29A	22765AJ60B	XH3J100D	FE01CFEB	2A18 BB73	N.AMERICA	Impreza	2017	2.0L	non-Turbo	CVT	FED, CAL
XH3J2G0D	22765AU29A	22765AJ60C	XH3J110D	FE01CFEB	2A18 BB73	N.AMERICA	Impreza	2017	2.0L	non-Turbo	CVT	FED, CAL
XH3J2G0D	22765AU29A	22765AJ60D	XH3J110D	FE01CFEB	2A18 BB73	N.AMERICA	Impreza	2017	2.0L	non-Turbo	CVT	FED, CAL
XH3J2G0D	22765AU29A	22765AJ60E	XH3J260D	FE01CFEB	2A18 BB73	N.AMERICA	Impreza	2017	2.0L	non-Turbo	CVT	FED, CAL
XH3J2G0D	22765AU29A	22765AJ60E	XH3J26ZD	FE01CFEB	2A18 BB73	N.AMERICA	Impreza	2017	2.0L	non-Turbo	CVT	FED, CAL
XH3J2G0D	22765AU29A	22765AJ60F	XH3J261D	FE01CFEB	2A18 BB73	N.AMERICA	Impreza	2017	2.0L	non-Turbo	CVT	FED, CAL
XH3J2G0D	22765AU29A	22765AJ60G	XH3J290D	FE01CFEB	2A18 BB73	N.AMERICA	Impreza	2017	2.0L	non-Turbo	CVT	FED, CAL
XH3J2G0D	22765AU29A	22765AJ60G	XH3J29ZD	FE01CFEB	2A18 BB73	N.AMERICA	Impreza	2017	2.0L	non-Turbo	CVT	FED, CAL
XH3J2G0D	22765AU29A	22765AJ60H	XH3J2B0D	FE01CFEB	2A18 BB73	N.AMERICA	Impreza	2017	2.0L	non-Turbo	CVT	FED, CAL
XH3J2G0D	22765AU29A	22765AJ60J	XH3J2C0D	FE01CFEB	2A18 BB73	N.AMERICA	Impreza	2017	2.0L	non-Turbo	CVT	FED, CAL
XH3J2G0D	22765AU29A	22765AJ60K	XH3J2E0D	FE01CFEB	2A18 BB73	N.AMERICA	Impreza	2017	2.0L	non-Turbo	CVT	FED, CAL
XH3J2G0A	22765AU30A	22765AK61A	EH3H100A	C3C6AC44	7D16 BC9B	N.AMERICA	Impreza	2017	2.0L	non-Turbo	MT	FED, CAL
XH3J2G0A	22765AU30A	22765AK61A	XH3I000A	C3C6AC44	7D16 BC9B	N.AMERICA	Impreza	2017	2.0L	non-Turbo	MT	FED, CAL
XH3J2G0A	22765AU30A	22765AK61A	XH3I100A	C3C6AC44	7D16 BC9B	N.AMERICA	Impreza	2017	2.0L	non-Turbo	MT	FED, CAL
XH3J2G0A	22765AU30A	22765AK61A	XH3I110A	C3C6AC44	7D16 BC9B	N.AMERICA	Impreza	2017	2.0L	non-Turbo	MT	FED, CAL
XH3J2G0A	22765AU30A	22765AK61A	XH3I200A	C3C6AC44	7D16 BC9B	N.AMERICA	Impreza	2017	2.0L	non-Turbo	MT	FED, CAL
XH3J2G0A	22765AU30A	22765AK61A	XH3I300A	C3C6AC44	7D16 BC9B	N.AMERICA	Impreza	2017	2.0L	non-Turbo	MT	FED, CAL
XH3J2G0A	22765AU30A	22765AK61A	XH3I301A	C3C6AC44	7D16 BC9B	N.AMERICA	Impreza	2017	2.0L	non-Turbo	MT	FED, CAL
XH3J2G0A	22765AU30A	22765AK61A	XH3I302A	C3C6AC44	7D16 BC9B	N.AMERICA	Impreza	2017	2.0L	non-Turbo	MT	FED, CAL
XH3J2G0A	22765AU30A	22765AK61B	XH3J100A	C3C6AC44	7D16 BC9B	N.AMERICA	Impreza	2017	2.0L	non-Turbo	MT	FED, CAL
XH3J2G0A	22765AU30A	22765AK61C	XH3J110A	C3C6AC44	7D16 BC9B	N.AMERICA	Impreza	2017	2.0L	non-Turbo	MT	FED, CAL
XH3J2G0A	22765AU30A	22765AK61D	XH3J110A	C3C6AC44	7D16 BC9B	N.AMERICA	Impreza	2017	2.0L	non-Turbo	MT	FED, CAL
XH3J2G0A	22765AU30A	22765AK61E	XH3J260A	C3C6AC44	7D16 BC9B	N.AMERICA	Impreza	2017	2.0L	non-Turbo	MT	FED, CAL
XH3J2G0A	22765AU30A	22765AK61E	XH3J26ZA	C3C6AC44	7D16 BC9B	N.AMERICA	Impreza	2017	2.0L	non-Turbo	MT	FED, CAL
XH3J2G0A	22765AU30A	22765AK61F	XH3J261A	C3C6AC44	7D16 BC9B	N.AMERICA	Impreza	2017	2.0L	non-Turbo	MT	FED, CAL
XH3J2G0A	22765AU30A	22765AK61G	XH3J290A	C3C6AC44	7D16 BC9B	N.AMERICA	Impreza	2017	2.0L	non-Turbo	MT	FED, CAL
XH3J2G0A	22765AU30A	22765AK61G	XH3J29ZA	C3C6AC44	7D16 BC9B	N.AMERICA	Impreza	2017	2.0L	non-Turbo	MT	FED, CAL
XH3J2G0A	22765AU30A	22765AK61H	XH3J2B0A	C3C6AC44	7D16 BC9B	N.AMERICA	Impreza	2017	2.0L	non-Turbo	MT	FED, CAL
XH3J2G0A	22765AU30A	22765AK61J	XH3J2C0A	C3C6AC44	7D16 BC9B	N.AMERICA	Impreza	2017	2.0L	non-Turbo	MT	FED, CAL
XH3J2G0A	22765AU30A	22765AK61J	XH3J2CZA	C3C6AC44	7D16 BC9B	N.AMERICA	Impreza	2017	2.0L	non-Turbo	MT	FED, CAL
XH3J2G0A	22765AU30A	22765AK61K	XH3J2C1A	C3C6AC44	7D16 BC9B	N.AMERICA	Impreza	2017	2.0L	non-Turbo	MT	FED, CAL
XH3J2G0B	22765AU31A	22765AL71A	EH3H100B	182F9B0B	1BC0 DA8B	N.AMERICA	Impreza	2017	2.0L	non-Turbo	CVT	FED, CAL
XH3J2G0B	22765AU31A	22765AL71A	XH3I000B	182F9B0B	1BC0 DA8B	N.AMERICA	Impreza	2017	2.0L	non-Turbo	CVT	FED, CAL
XH3J2G0B	22765AU31A	22765AL71A	XH3I100B	182F9B0B	1BC0 DA8B	N.AMERICA	Impreza	2017	2.0L	non-Turbo	CVT	FED, CAL
XH3J2G0B	22765AU31A	22765AL71A	XH3I110B	182F9B0B	1BC0 DA8B	N.AMERICA	Impreza	2017	2.0L	non-Turbo	CVT	FED, CAL
XH3J2G0B	22765AU31A	22765AL71A	XH3I200B	182F9B0B	1BC0 DA8B	N.AMERICA	Impreza	2017	2.0L	non-Turbo	CVT	FED, CAL
XH3J2G0B	22765AU31A	22765AL71A	XH3I300B	182F9B0B	1BC0 DA8B	N.AMERICA	Impreza	2017	2.0L	non-Turbo	CVT	FED, CAL
XH3J2G0B	22765AU31A	22765AL71A	XH3I301B	182F9B0B	1BC0 DA8B	N.AMERICA	Impreza	2017	2.0L	non-Turbo	CVT	FED, CAL
XH3J2G0B	22765AU31A	22765AL71A	XH3I302B	182F9B0B	1BC0 DA8B	N.AMERICA	Impreza	2017	2.0L	non-Turbo	CVT	FED, CAL
XH3J2G0B	22765AU31A	22765AL71B	XH3J100B	182F9B0B	1BC0 DA8B	N.AMERICA	Impreza	2017	2.0L	non-Turbo	CVT	FED, CAL
XH3J2G0B	22765AU31A	22765AL71C	XH3J110B	182F9B0B	1BC0 DA8B	N.AMERICA	Impreza	2017	2.0L	non-Turbo	CVT	FED, CAL
XH3J2G0B	22765AU31A	22765AL71D	XH3J110B	182F9B0B	1BC0 DA8B	N.AMERICA	Impreza	2017	2.0L	non-Turbo	CVT	FED, CAL
XH3J2G0B	22765AU31A	22765AL71E	XH3J260B	182F9B0B	1BC0 DA8B	N.AMERICA	Impreza	2017	2.0L	non-Turbo	CVT	FED, CAL
XH3J2G0B	22765AU31A	22765AL71E	XH3J26ZB	182F9B0B	1BC0 DA8B	N.AMERICA	Impreza	2017	2.0L	non-Turbo	CVT	FED, CAL
XH3J2G0B	22765AU31A	22765AL71F	XH3J261B	182F9B0B	1BC0 DA8B	N.AMERICA	Impreza	2017	2.0L	non-Turbo	CVT	FED, CAL
XH3J2G0B	22765AU31A	22765AL71G	XH3J290B	182F9B0B	1BC0 DA8B	N.AMERICA	Impreza	2017	2.0L	non-Turbo	CVT	FED, CAL
XH3J2G0B	22765AU31A	22765AL71G	XH3J29ZB	182F9B0B	1BC0 DA8B	N.AMERICA	Impreza	2017	2.0L	non-Turbo	CVT	FED, CAL
XH3J2G0B	22765AU31A	22765AL71H	XH3J2B0B	182F9B0B	1BC0 DA8B	N.AMERICA	Impreza	2017	2.0L	non-Turbo	CVT	FED, CAL
XH3J2G0B	22765AU31A	22765AL71J	XH3J2C0B	182F9B0B	1BC0 DA8B	N.AMERICA	Impreza	2017	2.0L	non-Turbo	CVT	FED, CAL
XH3J2G0B	22765AU31A	22765AL71K	XH3J2E0B	182F9B0B	1BC0 DA8B	N.AMERICA	Impreza	2017	2.0L	non-Turbo	CVT	FED, CAL
XH3J2C1C	22765AJ59K	22765AJ59A	EH3H100C	9B767F3E	8123 6F52	N.AMERICA	Impreza	2018	2.0L	non-Turbo	MT	FED, CAL
XH3J2C1C	22765AJ59K	22765AJ59A	XH3I000C	9B767F3E	8123 6F52	N.AMERICA	Impreza	2018	2.0L	non-Turbo	MT	FED, CAL
XH3J2C1C	22765AJ59K	22765AJ59A	XH3I100C	9B767F3E	8123 6F52	N.AMERICA	Impreza	2018	2.0L	non-Turbo	MT	FED, CAL
XH3J2C1C	22765AJ59K	22765AJ59A	XH3I110C	9B767F3E	8123 6F52	N.AMERICA	Impreza	2018	2.0L	non-Turbo	MT	FED, CAL
XH3J2C1C	22765AJ59K	22765AJ59A	XH3I200C	9B767F3E	8123 6F52	N.AMERICA	Impreza	2018	2.0L	non-Turbo	MT	FED, CAL
XH3J2C1C	22765AJ59K	22765AJ59A	XH3I300C	9B767F3E	8123 6F52	N.AMERICA	Impreza	2018	2.0L	non-Turbo	MT	FED, CAL
XH3J2C1C	22765AJ59K	22765AJ59A	XH3I301C	9B767F3E	8123 6F52	N.AMERICA	Impreza	2018	2.0L	non-Turbo	MT	FED, CAL
XH3J2C1C	22765AJ59K	22765AJ59A	XH3I302C	9B767F3E	8123 6F52	N.AMERICA	Impreza	2018	2.0L	non-Turbo	MT	FED, CAL
XH3J2C1C	22765AJ59K	22765AJ59B	XH3J100C	9B767F3E	8123 6F52	N.AMERICA	Impreza	2018	2.0L	non-Turbo	MT	FED, CAL
XH3J2C1C	22765AJ59K	22765AJ59C	XH3J110C	9B767F3E	8123 6F52	N.AMERICA	Impreza	2018	2.0L	non-Turbo	MT	FED, CAL
XH3J2C1C	22765AJ59K	22765AJ59D	XH3J110C	9B767F3E	8123 6F52	N.AMERICA	Impreza	2018	2.0L	non-Turbo	MT	FED, CAL
XH3J2C1C	22765AJ59K	22765AJ59E	XH3J260C	9B767F3E	8123 6F52	N.AMERICA	Impreza	2018	2.0L	non-Turbo	MT	FED, CAL
XH3J2C1C	22765AJ59K	22765AJ59E	XH3J26ZC	9B767F3E	8123 6F52	N.AMERICA	Impreza	2018	2.0L	non-Turbo	MT	FED, CAL
XH3J2C1C	22765AJ59K	22765AJ59F	XH3J261C	9B767F3E	8123 6F52	N.AMERICA	Impreza	2018	2.0L	non-Turbo	MT	FED, CAL
XH3J2C1C	22765AJ59K	22765AJ59G	XH3J290C	9B767F3E	8123 6F52	N.AMERICA	Impreza	2018	2.0L	non-Turbo	MT	FED, CAL
XH3J2C1C	22765AJ59K	22765AJ59G	XH3J29ZC	9B767F3E	8123 6F52	N.AMERICA	Impreza	2018	2.0L	non-Turbo	MT	FED, CAL
XH3J2C1C	22765AJ59K	22765AJ59H	XH3J2B0C	9B767F3E	8123 6F52	N.AMERICA	Impreza	2018	2.0L	non-Turbo	MT	FED, CAL
XH3J2C1C	22765AJ59K	22765AJ59J	XH3J2CZC	9B767F3E	8123 6F52	N.AMERICA	Impreza	2018	2.0L	non-Turbo	MT	FED, CAL
XH3J2C1A	22765AK61K	22765AK61A	EH3H100A	9DB28E88	D547 4FAA	N.AMERICA	Impreza	2018	2.0L	non-Turbo	MT	FED, CAL
XH3J2C1A	22765AK61K	22765AK61A	XH3I000A	9DB28E88	D547 4FAA	N.AMERICA	Impreza	2018	2.0L	non-Turbo	MT	FED, CAL
XH3J2C1A	22765AK61K	22765AK61A	XH3I100A	9DB28E88	D547 4FAA	N.AMERICA	Impreza	2018	2.0L	non-Turbo	MT	FED, CAL
XH3J2C1A	22765AK61K	22765AK61A	XH3I110A	9DB28E88	D547 4FAA	N.AMERICA	Impreza	2018	2.0L	non-Turbo	MT	FED, CAL
XH3J2C1A	22765AK61K	22765AK61A	XH3I200A	9DB28E88	D547 4FAA	N.AMERICA	Impreza	2018	2.0L	non-Turbo	MT	FED, CAL
XH3J2C1A	22765AK61K	22765AK61A	XH3I300A	9DB28E88	D547 4FAA	N.AMERICA	Impreza	2018	2.0L	non-Turbo	MT	FED, CAL
XH3J2C1A	22765AK61K	22765AK61A	XH3I301A	9DB28E88	D547 4FAA	N.AMERICA	Impreza	2018	2.0L	non-Turbo	MT	FED, CAL
XH3J2C1A	22765AK61K	22765AK61A	XH3I302A	9DB28E88	D547 4FAA	N.AMERICA	Impreza	2018	2.0L	non-Turbo	MT	FED, CAL
XH3J2C1A	22765AK61K	22765AK61B	XH3J100A	9DB28E88	D547 4FAA	N.AMERICA	Impreza	2018	2.0L	non-Turbo	MT	FED, CAL
XH3J2C1A	22765AK61K	22765AK61C	XH3J110A	9DB28E88	D547 4FAA	N.AMERICA	Impreza	2018	2.0L	non-Turbo	MT	FED, CAL
XH3J2C1A	22765AK61K	22765AK61D	XH3J110A	9DB28E88	D547 4FAA	N.AMERICA	Impreza	2018	2.0L	non-Turbo	MT	FED, CAL
XH3J2C1A	22765AK61K	22765AK61E	XH3J260A	9DB28E88	D547 4FAA	N.AMERICA	Impreza	2018	2.0L	non-Turbo	MT	FED, CAL
XH3J2C1A	22765AK61K	22765AK61E	XH3J26ZA	9DB28E88	D547 4FAA	N.AMERICA	Impreza	2018	2.0L	non-Turbo	MT	FED, CAL
XH3J2C1A	22765AK61K	22765AK61F	XH3J261A	9DB28E88	D547 4FAA	N.AMERICA	Impreza	2018	2.0L	non-Turbo	MT	FED, CAL
XH3J2C1A	22765AK61K	22765AK61G	XH3J290A	9DB28E88	D547 4FAA	N.AMERICA	Impreza	2018	2.0L	non-Turbo	MT	FED, CAL
XH3J2C1A	22765AK61K	22765AK61G	XH3J29ZA	9DB28E88	D547 4FAA	N.AMERICA	Impreza	2018	2.0L	non-Turbo	MT	FED, CAL
XH3J2C1A	22765AK61K	22765AK61H	XH3J2B0A	9DB28E88	D547 4FAA	N.AMERICA	Impreza	2018	2.0L	non-Turbo	MT	FED, CAL
XH3J2C1A	22765AK61K	22765AK61J	XH3J2C0A	9DB28E88	D547 4FAA	N.AMERICA	Impreza	2018	2.0L	non-Turbo	MT	FED, CAL
XH3J2C1A	22765AK61K	22765AK61J	XH3J2CZA	9DB28E88	D547 4FAA	N.AMERICA	Impreza	2018	2.0L	non-Turbo	MT	FED, CAL
XH3J2C0B	22765AL71J	22765AL71A	EH3H100B	250AEE3A	2490 06CC	N.AMERICA	Impreza	2018	2.0L	non-Turbo	CVT	FED, CAL
XH3J2C0B	22765AL71J	22765AL71A	XH3I000B	250AEE3A	2490 06CC	N.AMERICA	Impreza	2018	2.0L	non-Turbo	CVT	FED, CAL
XH3J2C0B	22765AL71J	22765AL71A	XH3I100B	250AEE3A	2490 06CC	N.AMERICA	Impreza	2018	2.0L	non-Turbo	CVT	FED, CAL
XH3J2C0B	22765AL71J	22765AL71A	XH3I110B	250AEE3A	2490 06CC	N.AMERICA	Impreza	2018	2.0L	non-Turbo	CVT	FED, CAL
XH3J2C0B	22765AL71J	22765AL71A	XH3I200B	250AEE3A	2490 06CC	N.AMERICA	Impreza	2018	2.0L	non-Turbo	CVT	FED, CAL
XH3J2C0B	22765AL71J	22765AL71A	XH3I300B	250AEE3A	2490 06CC	N.AMERICA	Impreza	2018	2.0L	non-Turbo	CVT	FED, CAL
XH3J2C0B	22765AL71J	22765AL71A	XH3I301B	250AEE3A	2490 06CC	N.AMERICA	Impreza	2018	2.0L	non-Turbo	CVT	FED, CAL
XH3J2C0B	22765AL71J	22765AL71A	XH3I302B	250AEE3A	2490 06CC	N.AMERICA	Impreza	2018	2.0L	non-Turbo	CVT	FED, CAL
XH3J2C0B	22765AL71J	22765AL71B	XH3J100B	250AEE3A	2490 06CC	N.AMERICA	Impreza	2018	2.0L	non-Turbo	CVT	FED, CAL
XH3J2C0B	22765AL71J	22765AL71C	XH3J110B	250AEE3A	2490 06CC	N.AMERICA	Impreza	2018	2.0L	non-Turbo	CVT	FED, CAL
XH3J2C0B	22765AL71J	22765AL71D	XH3J110B	250AEE3A	2490 06CC	N.AMERICA	Impreza	2018	2.0L	non-Turbo	CVT	FED, CAL
XH3J2C0B	22765AL71J	22765AL71E	XH3J260B	250AEE3A	2490 06CC	N.AMERICA	Impreza	2018	2.0L	non-Turbo	CVT	FED, CAL
XH3J2C0B	22765AL71J	22765AL71E	XH3J26ZB	250AEE3A	2490 06CC	N.AMERICA	Impreza	2018	2.0L	non-Turbo	CVT	FED, CAL
XH3J2C0B	22765AL71J	22765AL71F	XH3J261B	250AEE3A	2490 06CC	N.AMERICA	Impreza	2018	2.0L	non-Turbo	CVT	FED, CAL
XH3J2C0B	22765AL71J	22765AL71G	XH3J290B	250AEE3A	2490 06CC	N.AMERICA	Impreza	2018	2.0L	non-Turbo	CVT	FED, CAL
XH3J2C0B	22765AL71J	22765AL71G	XH3J29ZB	250AEE3A	2490 06CC	N.AMERICA	Impreza	2018	2.0L	non-Turbo	CVT	FED, CAL
XH3J2C0B	22765AL71J	22765AL71H	XH3J2B0B	250AEE3A	2490 06CC	N.AMERICA	Impreza	2018	2.0L	non-Turbo	CVT	FED, CAL
XH3JD00D	22765AM28J	22765AM28A	XH3J300D	B8D823C7	C734 B15F	N.AMERICA	Impreza	2018	2.0L	non-Turbo	CVT	FED, CAL
XH3JD00D	22765AM28J	22765AM28A	XH3J310D	B8D823C7	C734 B15F	N.AMERICA	Impreza	2018	2.0L	non-Turbo	CVT	FED, CAL
XH3JD00D	22765AM28J	22765AM28B	XH3J310D	B8D823C7	C734 B15F	N.AMERICA	Impreza	2018	2.0L	non-Turbo	CVT	FED, CAL
XH3JD00D	22765AM28J	22765AM28C	XH3J600D	B8D823C7	C734 B15F	N.AMERICA	Impreza	2018	2.0L	non-Turbo	CVT	FED, CAL
XH3JD00D	22765AM28J	22765AM28C	XH3J60ZD	B8D823C7	C734 B15F	N.AMERICA	Impreza	2018	2.0L	non-Turbo	CVT	FED, CAL
XH3JD00D	22765AM28J	22765AM28D	XH3J601D	B8D823C7	C734 B15F	N.AMERICA	Impreza	2018	2.0L	non-Turbo	CVT	FED, CAL
XH3JD00D	22765AM28J	22765AM28E	XH3J800D	B8D823C7	C734 B15F	N.AMERICA	Impreza	2018	2.0L	non-Turbo	CVT	FED, CAL
XH3JD00D	22765AM28J	22765AM28E	XH3J80ZD	B8D823C7	C734 B15F	N.AMERICA	Impreza	2018	2.0L	non-Turbo	CVT	FED, CAL
XH3JD00D	22765AM28J	22765AM28F	XH3J900D	B8D823C7	C734 B15F	N.AMERICA	Impreza	2018	2.0L	non-Turbo	CVT	FED, CAL
XH3JD00D	22765AM28J	22765AM28G	XH3JA00D	B8D823C7	C734 B15F	N.AMERICA	Impreza	2018	2.0L	non-Turbo	CVT	FED, CAL
XH3JD00D	22765AM28J	22765AM28H	XH3JB00D	B8D823C7	C734 B15F	N.AMERICA	Impreza	2018	2.0L	non-Turbo	CVT	FED, CAL
XH3J2G0E	22765AJ618	22765AJ610	XH3J200E	F9F53E35	B73B 6934	N.AMERICA	Crosstrek	2018	2.0L	non-Turbo	MT	FED, CAL
XH3J2G0E	22765AJ618	22765AJ610	XH3J201E	F9F53E35	B73B 6934	N.AMERICA	Crosstrek	2018	2.0L	non-Turbo	MT	FED, CAL
XH3J2G0E	22765AJ618	22765AJ610	XH3J220E	F9F53E35	B73B 6934	N.AMERICA	Crosstrek	2018	2.0L	non-Turbo	MT	FED, CAL
XH3J2G0E	22765AJ618	22765AJ611	XH3J220E	F9F53E35	B73B 6934	N.AMERICA	Crosstrek	2018	2.0L	non-Turbo	MT	FED, CAL
XH3J2G0E	22765AJ618	22765AJ612	XH3J260E	F9F53E35	B73B 6934	N.AMERICA	Crosstrek	2018	2.0L	non-Turbo	MT	FED, CAL
XH3J2G0E	22765AJ618	22765AJ612	XH3J26ZE	F9F53E35	B73B 6934	N.AMERICA	Crosstrek	2018	2.0L	non-Turbo	MT	FED, CAL
XH3J2G0E	22765AJ618	22765AJ613	XH3J261E	F9F53E35	B73B 6934	N.AMERICA	Crosstrek	2018	2.0L	non-Turbo	MT	FED, CAL
XH3J2G0E	22765AJ618	22765AJ614	XH3J290E	F9F53E35	B73B 6934	N.AMERICA	Crosstrek	2018	2.0L	non-Turbo	MT	FED, CAL
XH3J2G0E	22765AJ618	22765AJ614	XH3J29ZE	F9F53E35	B73B 6934	N.AMERICA	Crosstrek	2018	2.0L	non-Turbo	MT	FED, CAL
XH3J2G0E	22765AJ618	22765AJ615	XH3J2B0E	F9F53E35	B73B 6934	N.AMERICA	Crosstrek	2018	2.0L	non-Turbo	MT	FED, CAL
XH3J2G0E	22765AJ618	22765AJ616	XH3J2C0E	F9F53E35	B73B 6934	N.AMERICA	Crosstrek	2018	2.0L	non-Turbo	MT	FED, CAL
XH3J2G0E	22765AJ618	22765AJ616	XH3J2CZE	F9F53E35	B73B 6934	N.AMERICA	Crosstrek	2018	2.0L	non-Turbo	MT	FED, CAL
XH3J2G0E	22765AJ618	22765AJ617	XH3J2C1E	F9F53E35	B73B 6934	N.AMERICA	Crosstrek	2018	2.0L	non-Turbo	MT	FED, CAL
XH3J2G0F	22765AJ628	22765AJ620	XH3J200F	B9308D26	3E3B 23A5	N.AMERICA	Crosstrek	2018	2.0L	non-Turbo	CVT	FED, CAL
XH3J2G0F	22765AJ628	22765AJ620	XH3J201F	B9308D26	3E3B 23A5	N.AMERICA	Crosstrek	2018	2.0L	non-Turbo	CVT	FED, CAL
XH3J2G0F	22765AJ628	22765AJ620	XH3J220F	B9308D26	3E3B 23A5	N.AMERICA	Crosstrek	2018	2.0L	non-Turbo	CVT	FED, CAL
XH3J2G0F	22765AJ628	22765AJ621	XH3J220F	B9308D26	3E3B 23A5	N.AMERICA	Crosstrek	2018	2.0L	non-Turbo	CVT	FED, CAL
XH3J2G0F	22765AJ628	22765AJ622	XH3J260F	B9308D26	3E3B 23A5	N.AMERICA	Crosstrek	2018	2.0L	non-Turbo	CVT	FED, CAL
XH3J2G0F	22765AJ628	22765AJ622	XH3J26ZF	B9308D26	3E3B 23A5	N.AMERICA	Crosstrek	2018	2.0L	non-Turbo	CVT	FED, CAL
XH3J2G0F	22765AJ628	22765AJ622	XH3J26YF	B9308D26	3E3B 23A5	N.AMERICA	Crosstrek	2018	2.0L	non-Turbo	CVT	FED, CAL
XH3J2G0F	22765AJ628	22765AJ623	XH3J261F	B9308D26	3E3B 23A5	N.AMERICA	Crosstrek	2018	2.0L	non-Turbo	CVT	FED, CAL
XH3J2G0F	22765AJ628	22765AJ624	XH3J290F	B9308D26	3E3B 23A5	N.AMERICA	Crosstrek	2018	2.0L	non-Turbo	CVT	FED, CAL
XH3J2G0F	22765AJ628	22765AJ624	XH3J29ZF	B9308D26	3E3B 23A5	N.AMERICA	Crosstrek	2018	2.0L	non-Turbo	CVT	FED, CAL
XH3J2G0F	22765AJ628	22765AJ625	XH3J2B0F	B9308D26	3E3B 23A5	N.AMERICA	Crosstrek	2018	2.0L	non-Turbo	CVT	FED, CAL
XH3J2G0F	22765AJ628	22765AJ626	XH3J2C0F	B9308D26	3E3B 23A5	N.AMERICA	Crosstrek	2018	2.0L	non-Turbo	CVT	FED, CAL
XH3J2G0F	22765AJ628	22765AJ627	XH3J2E0F	B9308D26	3E3B 23A5	N.AMERICA	Crosstrek	2018	2.0L	non-Turbo	CVT	FED, CAL
XH3NA00C	22765AM64G	22765AM64A	XH3N010C	6E8A55B5	22A1 DF0C	N.AMERICA	Impreza	2019	2.0L	non-Turbo	MT	FED, CAL
XH3NA00C	22765AM64G	22765AM64A	XH3N100C	6E8A55B5	22A1 DF0C	N.AMERICA	Impreza	2019	2.0L	non-Turbo	MT	FED, CAL
XH3NA00C	22765AM64G	22765AM64B	XH3N101C	6E8A55B5	22A1 DF0C	N.AMERICA	Impreza	2019	2.0L	non-Turbo	MT	FED, CAL
XH3NA00C	22765AM64G	22765AM64C	XH3N300C	6E8A55B5	22A1 DF0C	N.AMERICA	Impreza	2019	2.0L	non-Turbo	MT	FED, CAL
XH3NA00C	22765AM64G	22765AM64C	XH3N30ZC	6E8A55B5	22A1 DF0C	N.AMERICA	Impreza	2019	2.0L	non-Turbo	MT	FED, CAL
XH3NA00C	22765AM64G	22765AM64D	XH3N500C	6E8A55B5	22A1 DF0C	N.AMERICA	Impreza	2019	2.0L	non-Turbo	MT	FED, CAL
XH3NA00C	22765AM64G	22765AM64E	XH3N600C	6E8A55B5	22A1 DF0C	N.AMERICA	Impreza	2019	2.0L	non-Turbo	MT	FED, CAL
XH3NA00C	22765AM64G	22765AM64E	XH3N60ZC	6E8A55B5	22A1 DF0C	N.AMERICA	Impreza	2019	2.0L	non-Turbo	MT	FED, CAL
XH3NA00C	22765AM64G	22765AM64F	XH3N601C	6E8A55B5	22A1 DF0C	N.AMERICA	Impreza	2019	2.0L	non-Turbo	MT	FED, CAL
XH3NA00A	22765AM65G	22765AM65A	XH3N010A	FAA8D023	5508 9E0D	N.AMERICA	Impreza	2019	2.0L	non-Turbo	MT	FED, CAL
XH3NA00A	22765AM65G	22765AM65A	XH3N100A	FAA8D023	5508 9E0D	N.AMERICA	Impreza	2019	2.0L	non-Turbo	MT	FED, CAL
XH3NA00A	22765AM65G	22765AM65B	XH3N101A	FAA8D023	5508 9E0D	N.AMERICA	Impreza	2019	2.0L	non-Turbo	MT	FED, CAL
XH3NA00A	22765AM65G	22765AM65C	XH3N300A	FAA8D023	5508 9E0D	N.AMERICA	Impreza	2019	2.0L	non-Turbo	MT	FED, CAL
XH3NA00A	22765AM65G	22765AM65C	XH3N30ZA	FAA8D023	5508 9E0D	N.AMERICA	Impreza	2019	2.0L	non-Turbo	MT	FED, CAL
XH3NA00A	22765AM65G	22765AM65D	XH3N500A	FAA8D023	5508 9E0D	N.AMERICA	Impreza	2019	2.0L	non-Turbo	MT	FED, CAL
XH3NA00A	22765AM65G	22765AM65E	XH3N600A	FAA8D023	5508 9E0D	N.AMERICA	Impreza	2019	2.0L	non-Turbo	MT	FED, CAL
XH3NA00A	22765AM65G	22765AM65E	XH3N60ZA	FAA8D023	5508 9E0D	N.AMERICA	Impreza	2019	2.0L	non-Turbo	MT	FED, CAL
XH3NA00A	22765AM65G	22765AM65F	XH3N601A	FAA8D023	5508 9E0D	N.AMERICA	Impreza	2019	2.0L	non-Turbo	MT	FED, CAL
XH3NA00D	22765AM66G	22765AM66A	XH3N010D	FC067661	6968 EE15	N.AMERICA	Impreza	2019	2.0L	non-Turbo	CVT	FED, CAL
XH3NA00D	22765AM66G	22765AM66A	XH3N100D	FC067661	6968 EE15	N.AMERICA	Impreza	2019	2.0L	non-Turbo	CVT	FED, CAL
XH3NA00D	22765AM66G	22765AM66B	XH3N101D	FC067661	6968 EE15	N.AMERICA	Impreza	2019	2.0L	non-Turbo	CVT	FED, CAL
XH3NA00D	22765AM66G	22765AM66C	XH3N300D	FC067661	6968 EE15	N.AMERICA	Impreza	2019	2.0L	non-Turbo	CVT	FED, CAL
XH3NA00D	22765AM66G	22765AM66C	XH3N30ZD	FC067661	6968 EE15	N.AMERICA	Impreza	2019	2.0L	non-Turbo	CVT	FED, CAL
XH3NA00D	22765AM66G	22765AM66D	XH3N500D	FC067661	6968 EE15	N.AMERICA	Impreza	2019	2.0L	non-Turbo	CVT	FED, CAL
XH3NA00D	22765AM66G	22765AM66E	XH3N600D	FC067661	6968 EE15	N.AMERICA	Impreza	2019	2.0L	non-Turbo	CVT	FED, CAL
XH3NA00D	22765AM66G	22765AM66F	XH3N800D	FC067661	6968 EE15	N.AMERICA	Impreza	2019	2.0L	non-Turbo	CVT	FED, CAL
XH3NA00B	22765AM67G	22765AM67A	XH3N010B	5CC20BED	7647 2674	N.AMERICA	Impreza	2019	2.0L	non-Turbo	CVT	FED, CAL
XH3NA00B	22765AM67G	22765AM67A	XH3N100B	5CC20BED	7647 2674	N.AMERICA	Impreza	2019	2.0L	non-Turbo	CVT	FED, CAL
XH3NA00B	22765AM67G	22765AM67B	XH3N101B	5CC20BED	7647 2674	N.AMERICA	Impreza	2019	2.0L	non-Turbo	CVT	FED, CAL
XH3NA00B	22765AM67G	22765AM67C	XH3N300B	5CC20BED	7647 2674	N.AMERICA	Impreza	2019	2.0L	non-Turbo	CVT	FED, CAL
XH3NA00B	22765AM67G	22765AM67C	XH3N30ZB	5CC20BED	7647 2674	N.AMERICA	Impreza	2019	2.0L	non-Turbo	CVT	FED, CAL
XH3NA00B	22765AM67G	22765AM67D	XH3N500B	5CC20BED	7647 2674	N.AMERICA	Impreza	2019	2.0L	non-Turbo	CVT	FED, CAL
XH3NA00B	22765AM67G	22765AM67E	XH3N600B	5CC20BED	7647 2674	N.AMERICA	Impreza	2019	2.0L	non-Turbo	CVT	FED, CAL
XH3NA00B	22765AM67G	22765AM67F	XH3N800B	5CC20BED	7647 2674	N.AMERICA	Impreza	2019	2.0L	non-Turbo	CVT	FED, CAL
XH3NA00E	22765AM816	22765AM810	XH3N010E	D2566269	837B C5F6	N.AMERICA	Crosstrek	2019	2.0L	non-Turbo	MT	FED, CAL
XH3NA00E	22765AM816	22765AM810	XH3N100E	D2566269	837B C5F6	N.AMERICA	Crosstrek	2019	2.0L	non-Turbo	MT	FED, CAL
XH3NA00E	22765AM816	22765AM811	XH3N101E	D2566269	837B C5F6	N.AMERICA	Crosstrek	2019	2.0L	non-Turbo	MT	FED, CAL
XH3NA00E	22765AM816	22765AM812	XH3N300E	D2566269	837B C5F6	N.AMERICA	Crosstrek	2019	2.0L	non-Turbo	MT	FED, CAL
XH3NA00E	22765AM816	22765AM812	XH3N30ZE	D2566269	837B C5F6	N.AMERICA	Crosstrek	2019	2.0L	non-Turbo	MT	FED, CAL
XH3NA00E	22765AM816	22765AM813	XH3N500E	D2566269	837B C5F6	N.AMERICA	Crosstrek	2019	2.0L	non-Turbo	MT	FED, CAL
XH3NA00E	22765AM816	22765AM814	XH3N600E	D2566269	837B C5F6	N.AMERICA	Crosstrek	2019	2.0L	non-Turbo	MT	FED, CAL
XH3NA00E	22765AM816	22765AM814	XH3N60ZE	D2566269	837B C5F6	N.AMERICA	Crosstrek	2019	2.0L	non-Turbo	MT	FED, CAL
XH3NA00E	22765AM816	22765AM815	XH3N601E	D2566269	837B C5F6	N.AMERICA	Crosstrek	2019	2.0L	non-Turbo	MT	FED, CAL
XH3NA00F	22765AM826	22765AM820	XH3N010F	150AAA5D	147C 1C42	N.AMERICA	Crosstrek	2019	2.0L	non-Turbo	CVT	FED, CAL
XH3NA00F	22765AM826	22765AM820	XH3N100F	150AAA5D	147C 1C42	N.AMERICA	Crosstrek	2019	2.0L	non-Turbo	CVT	FED, CAL
XH3NA00F	22765AM826	22765AM821	XH3N101F	150AAA5D	147C 1C42	N.AMERICA	Crosstrek	2019	2.0L	non-Turbo	CVT	FED, CAL
XH3NA00F	22765AM826	22765AM822	XH3N300F	150AAA5D	147C 1C42	N.AMERICA	Crosstrek	2019	2.0L	non-Turbo	CVT	FED, CAL
XH3NA00F	22765AM826	22765AM822	XH3N30ZF	150AAA5D	147C 1C42	N.AMERICA	Crosstrek	2019	2.0L	non-Turbo	CVT	FED, CAL
XH3NA00F	22765AM826	22765AM823	XH3N500F	150AAA5D	147C 1C42	N.AMERICA	Crosstrek	2019	2.0L	non-Turbo	CVT	FED, CAL
XH3NA00F	22765AM826	22765AM824	XH3N600F	150AAA5D	147C 1C42	N.AMERICA	Crosstrek	2019	2.0L	non-Turbo	CVT	FED, CAL
XH3NA00F	22765AM826	22765AM825	XH3N800F	150AAA5D	147C 1C42	N.AMERICA	Crosstrek	2019	2.0L	non-Turbo	CVT	FED, CAL
XHVK402A	22765AM404	22765AM400	XHVK010A	1D15782C	D7E0 C0F2	N.AMERICA	Crosstrek Hybrid	2019	2.0L	non-Turbo	CVT	FED, CAL
XHVK402A	22765AM404	22765AM400	XHVK100A	1D15782C	D7E0 C0F2	N.AMERICA	Crosstrek Hybrid	2019	2.0L	non-Turbo	CVT	FED, CAL
XHVK402A	22765AM404	22765AM400	XHVK200A	1D15782C	D7E0 C0F2	N.AMERICA	Crosstrek Hybrid	2019	2.0L	non-Turbo	CVT	FED, CAL
XHVK402A	22765AM404	22765AM401	XHVK200A	1D15782C	D7E0 C0F2	N.AMERICA	Crosstrek Hybrid	2019	2.0L	non-Turbo	CVT	FED, CAL
XHVK402A	22765AM404	22765AM402	XHVK400A	1D15782C	D7E0 C0F2	N.AMERICA	Crosstrek Hybrid	2019	2.0L	non-Turbo	CVT	FED, CAL
XHVK402A	22765AM404	22765AM403	XHVK401A	1D15782C	D7E0 C0F2	N.AMERICA	Crosstrek Hybrid	2019	2.0L	non-Turbo	CVT	FED  CAL
XHVN103A00G	22765AN782	22765AN780	XHVN100A00G	ED791E3E	48A6 4DA4	N.AMERICA	Crosstrek Hybrid	2020	2.0L	non-Turbo	CVT	FED, CAL
XHVN103A00G	22765AN782	22765AN780	XHVN101A00G	ED791E3E	48A6 4DA4	N.AMERICA	Crosstrek Hybrid	2020	2.0L	non-Turbo	CVT	FED, CAL
XHVN103A00G	22765AN782	22765AN781	XHVN102A00G	ED791E3E	48A6 4DA4	N.AMERICA	Crosstrek Hybrid	2020	2.0L	non-Turbo	CVT	FED  CAL
EA1T500U	22765AH263	22765AH260	EA1T100U	4B5BA0F5	C88D FD95	N.AMERICA	Forester	2016	2.5L	non-Turbo	MT	FED
EA1T500U	22765AH263	22765AH260	EA1T200U	4B5BA0F5	C88D FD95	N.AMERICA	Forester	2016	2.5L	non-Turbo	MT	FED
EA1T500U	22765AH263	22765AH261	EA1T300U	4B5BA0F5	C88D FD95	N.AMERICA	Forester	2016	2.5L	non-Turbo	MT	FED
EA1T500U	22765AH263	22765AH262	EA1T301U	4B5BA0F5	C88D FD95	N.AMERICA	Forester	2016	2.5L	non-Turbo	MT	FED
EA1T500U	22765AH263	22765AH262	EA1T30ZU	4B5BA0F5	C88D FD95	N.AMERICA	Forester	2016	2.5L	non-Turbo	MT	FED
EA1T500V	22765AH273	22765AH270	EA1T100V	C42E1096	1699 7319	N.AMERICA	Forester	2016	2.5L	non-Turbo	CVT	FED
EA1T500V	22765AH273	22765AH270	EA1T200V	C42E1096	1699 7319	N.AMERICA	Forester	2016	2.5L	non-Turbo	CVT	FED
EA1T500V	22765AH273	22765AH271	EA1T300V	C42E1096	1699 7319	N.AMERICA	Forester	2016	2.5L	non-Turbo	CVT	FED
EA1T500V	22765AH273	22765AH272	EA1T301V	C42E1096	1699 7319	N.AMERICA	Forester	2016	2.5L	non-Turbo	CVT	FED
EA1T500V	22765AH273	22765AH272	EA1T30ZV	C42E1096	1699 7319	N.AMERICA	Forester	2016	2.5L	non-Turbo	CVT	FED
EA1T500W	22765AH284	22765AH280	EA1T100W	EB4A189C	76D8 DD86	N.AMERICA	Forester	2016	2.5L	non-Turbo	MT	CAL
EA1T500W	22765AH284	22765AH280	EA1T200W	EB4A189C	76D8 DD86	N.AMERICA	Forester	2016	2.5L	non-Turbo	MT	CAL
EA1T500W	22765AH284	22765AH281	EA1T300W	EB4A189C	76D8 DD86	N.AMERICA	Forester	2016	2.5L	non-Turbo	MT	CAL
EA1T500W	22765AH284	22765AH282	EA1T400W	EB4A189C	76D8 DD86	N.AMERICA	Forester	2016	2.5L	non-Turbo	MT	CAL
EA1T500W	22765AH284	22765AH283	EA1T401W	EB4A189C	76D8 DD86	N.AMERICA	Forester	2016	2.5L	non-Turbo	MT	CAL
EA1T500W	22765AH284	22765AH283	EA1T40ZW	EB4A189C	76D8 DD86	N.AMERICA	Forester	2016	2.5L	non-Turbo	MT	CAL
EA1T500X	22765AH294	22765AH290	EA1T100X	AB395CA2	BB2C 4D63	N.AMERICA	Forester	2016	2.5L	non-Turbo	CVT	CAL
EA1T500X	22765AH294	22765AH290	EA1T200X	AB395CA2	BB2C 4D63	N.AMERICA	Forester	2016	2.5L	non-Turbo	CVT	CAL
EA1T500X	22765AH294	22765AH291	EA1T300X	AB395CA2	BB2C 4D63	N.AMERICA	Forester	2016	2.5L	non-Turbo	CVT	CAL
EA1T500X	22765AH294	22765AH292	EA1T400X	AB395CA2	BB2C 4D63	N.AMERICA	Forester	2016	2.5L	non-Turbo	CVT	CAL
EA1T500X	22765AH294	22765AH293	EA1T401X	AB395CA2	BB2C 4D63	N.AMERICA	Forester	2016	2.5L	non-Turbo	CVT	CAL
EA1T500X	22765AH294	22765AH293	EA1T40ZX	AB395CA2	BB2C 4D63	N.AMERICA	Forester	2016	2.5L	non-Turbo	CVT	CAL
XE1M501a00G	22765AN464	22765AN460	XE1M010a00G	A327790F	9FCD 84A8	N.AMERICA	Forester	2020	2.5L	non-Turbo	CVT	-
XE1M501a00G	22765AN464	22765AN460	XE1M100a00G	A327790F	9FCD 84A8	N.AMERICA	Forester	2020	2.5L	non-Turbo	CVT	-
XE1M501a00G	22765AN464	22765AN461	XE1M300a00G	A327790F	9FCD 84A8	N.AMERICA	Forester	2020	2.5L	non-Turbo	CVT	-
XE1M501a00G	22765AN464	22765AN462	XE1M301a00G	A327790F	9FCD 84A8	N.AMERICA	Forester	2020	2.5L	non-Turbo	CVT	-
XE1M501a00G	22765AN464	22765AN463	XE1M500a00G	A327790F	9FCD 84A8	N.AMERICA	Forester	2020	2.5L	non-Turbo	CVT	-
XE1P501a00G	22765AR673	22765AR670	XE1P100a00G	31707948	64A8 2367	N.AMERICA	Forester	2021	2.5L	non-Turbo	CVT	-
XE1P501a00G	22765AR673	22765AR671	XE1P101a00G	31707948	64A8 2367	N.AMERICA	Forester	2021	2.5L	non-Turbo	CVT	-
XE1P501a00G	22765AR673	22765AR672	XE1P500a00G	31707948	64A8 2367	N.AMERICA	Forester	2021	2.5L	non-Turbo	CVT	-
XE1R201k00G	22765AR602	22765AR600	XE1R000k00G	604D170A	5E71 2020	N.AMERICA	Forester	2022	2.5L	non-Turbo	CVT	-
XE1R201k00G	22765AR602	22765AR601	XE1R200k00G	604D170A	5E71 2020	N.AMERICA	Forester	2022	2.5L	non-Turbo	CVT	-
XE1R201a00G	22765AR552	22765AR550	XE1R000a00G	E8EE410D	83E4 8937	N.AMERICA	Forester	2022	2.5L	non-Turbo	CVT	-
XE1R201a00G	22765AR552	22765AR551	XE1R200a00G	E8EE410D	83E4 8937	N.AMERICA	Forester	2022	2.5L	non-Turbo	CVT	-
XE1R201z00G	22765AR612	22765AR610	XE1R000z00G	62CD940E	445A 8FAC	N.AMERICA	Forester	2022	2.5L	non-Turbo	CVT	-
XE1R201z00G	22765AR612	22765AR611	XE1R200z00G	62CD940E	445A 8FAC	N.AMERICA	Forester	2022	2.5L	non-Turbo	CVT	-
XE1W052k00G	22765AS921	22765AS920	XE1W050k00G	CEC38943	003C 0287	N.AMERICA	Forester	2023	2.5L	non-Turbo	CVT	-
XE1W052k00G	22765AS921	22765AS920	XE1W051k00G	CEC38943	003C 0287	N.AMERICA	Forester	2023	2.5L	non-Turbo	CVT	-
XE1W052z00G	22765AS931	22765AS930	XE1W050z00G	95C2FE90	6348 B45C	N.AMERICA	Forester	2023	2.5L	non-Turbo	CVT	-
XE1W052z00G	22765AS931	22765AS930	XE1W051z00G	95C2FE90	6348 B45C	N.AMERICA	Forester	2023	2.5L	non-Turbo	CVT	-
DB4I350D	22765AJ17E	22765AJ17A	DB4I100D	254F5AC8	EE26 DC35	N.AMERICA	Legacy	2016	3.6L	non-Turbo	CVT	FED  CAL
DB4I350D	22765AJ17E	22765AJ17A	DB4I310D	254F5AC8	EE26 DC35	N.AMERICA	Legacy	2016	3.6L	non-Turbo	CVT	FED  CAL
DB4I350D	22765AJ17E	22765AJ17B	DB4I311D	254F5AC8	EE26 DC35	N.AMERICA	Legacy	2016	3.6L	non-Turbo	CVT	FED  CAL
DB4I350D	22765AJ17E	22765AJ17C	DB4I330D	254F5AC8	EE26 DC35	N.AMERICA	Legacy	2016	3.6L	non-Turbo	CVT	FED  CAL
DB4I350D	22765AJ17E	22765AJ17D	DB4I340D	254F5AC8	EE26 DC35	N.AMERICA	Legacy	2016	3.6L	non-Turbo	CVT	FED  CAL
DB4I350D	22765AJ17E	22765AJ17A	DB4I100D	254F5AC8	EE26 DC35	N.AMERICA	Outback	2016	3.6L	non-Turbo	CVT	FED  CAL
DB4I350D	22765AJ17E	22765AJ17A	DB4I310D	254F5AC8	EE26 DC35	N.AMERICA	Outback	2016	3.6L	non-Turbo	CVT	FED  CAL
DB4I350D	22765AJ17E	22765AJ17B	DB4I311D	254F5AC8	EE26 DC35	N.AMERICA	Outback	2016	3.6L	non-Turbo	CVT	FED  CAL
DB4I350D	22765AJ17E	22765AJ17C	DB4I330D	254F5AC8	EE26 DC35	N.AMERICA	Outback	2016	3.6L	non-Turbo	CVT	FED  CAL
DB4I350D	22765AJ17E	22765AJ17D	DB4I340D	254F5AC8	EE26 DC35	N.AMERICA	Outback	2016	3.6L	non-Turbo	CVT	FED  CAL
E69F3PBJ	UD-S203-2	31711AF90A	E69F380J	D4A4C035	BCB0	N.AMERICA	Legacy	2002	2.5L	non-Turbo	AT	FED  CAL
E69F3PBJ	UD-S203-2	31711AF90B	E69F38AJ	D4A4C035	BCB0	N.AMERICA	Legacy	2002	2.5L	non-Turbo	AT	FED  CAL
E69F30BJ	UD-S203-2	31711AF91A	E69F300J	D4A4C035	98A5	N.AMERICA	Legacy	2002	2.5L	non-Turbo	AT	FED  CAL
E69F30BJ	UD-S203-2	31711AF91B	E69F30AJ	D4A4C035	98A5	N.AMERICA	Legacy	2002	2.5L	non-Turbo	AT	FED  CAL
E69F33BJ	UD-S203-2	31711AF92A	E69F330J	D4A4C035	FA11	N.AMERICA	Outback	2002	2.5L	non-Turbo	AT	FED  CAL
E69F33BJ	UD-S203-2	31711AF92B	E69F33AJ	D4A4C035	FA11	N.AMERICA	Outback	2002	2.5L	non-Turbo	AT	FED  CAL
E62F3PBJ	UD-S203-2	31711AG33A	E62F3P1J	D4A4C035	A0F1	N.AMERICA	Legacy	2003	2.5L	non-Turbo	AT	FED  CAL
E62F3PBJ	UD-S203-2	31711AG33B	E62F3PAJ	D4A4C035	A0F1	N.AMERICA	Legacy	2003	2.5L	non-Turbo	AT	FED  CAL
E62F32BJ	UD-S203-2	31711AG35A	E62F322J	D4A4C035	C9A7	N.AMERICA	Legacy	2003	2.5L	non-Turbo	AT	FED  CAL
E62F32BJ	UD-S203-2	31711AG35B	E62F32AJ	D4A4C035	C9A7	N.AMERICA	Legacy	2003	2.5L	non-Turbo	AT	FED  CAL
E62F33BJ	UD-S203-2	31711AG36A	E62F332J	D4A4C035	2D2A	N.AMERICA	Outback	2003	2.5L	non-Turbo	AT	FED  CAL
E62F33BJ	UD-S203-2	31711AG36B	E62F33AJ	D4A4C035	2D2A	N.AMERICA	Outback	2003	2.5L	non-Turbo	AT	FED  CAL
E62F33BJ	UD-S203-2	31711AH51A	E65F33AJ	D4A4C035	2D2A	N.AMERICA	Baja	2003	2.5L	non-Turbo	AT	FED  CAL
E63F3PBJ	UD-S203-2	31711AH82A	E63F3P3J	D4A4C035	7664	N.AMERICA	Legacy	2004	2.5L	non-Turbo	AT	FED  CAL
E63F32BJ	UD-S203-2	31711AH61A	E63F323J	D4A4C035	B5A7	N.AMERICA	Legacy	2004	2.5L	non-Turbo	AT	FED  CAL
E63F32BJ	UD-S203-2	31711AH61B	E63F32AJ	D4A4C035	B5A7	N.AMERICA	Legacy	2004	2.5L	non-Turbo	AT	FED  CAL
E63F33BJ	UD-S203-2	31711AH83A	E63F33AJ	D4A4C035	5667	N.AMERICA	Outback	2004	2.5L	non-Turbo	AT	FED  CAL
E63F33BJ	UD-S203-2	31711AH84A	E63F33AJ	D4A4C035	5667	N.AMERICA	Baja	2004	2.5L	non-Turbo	AT	FED  CAL
63FE2TB0	UD-S206	31711AJ000	63FE2TA2	2D276859	0DF4 F10F	N.AMERICA	Baja	2004	2.5L	Turbo	AT	FED  CAL
21F36WB0	31711AG831	31711AG830	21F36WA1	771AB42D	AF2F0D4D	N.AMERICA	Legacy	2005	2.5L	non-Turbo	AT	FED
21F36OB0	31711AG851	31711AG850	21F36OA1	F75F9E4D	AAF6FEAD	N.AMERICA	Outback	2005	2.5L	non-Turbo	AT	FED
21F36WB0	31711AG861	31711AG860	21F36WA1	5E5299F7	AF2F0D4D	N.AMERICA	Legacy	2005	2.5L	non-Turbo	AT	CAL
21F36OB0	31711AG881	31711AG880	21F36OA1	62AE3FD5	AAF6FEAD	N.AMERICA	Outback	2005	2.5L	non-Turbo	AT	CAL
MB436L	UD-S209	31711AG800	MB436F	E23F7EC8	D62C85A1	N.AMERICA	Legacy	2005	2.5L	Turbo	AT	FED  CAL
MB436L	UD-S209	31711AG801	MB436H	E23F7EC8	D62C85A1	N.AMERICA	Legacy	2005	2.5L	Turbo	AT	FED  CAL
MB436M	UD-S209	31711AJ200	MB436G	E23F7EC8	AF6385A1	N.AMERICA	Outback	2005	2.5L	Turbo	AT	FED  CAL
MB436M	UD-S209	31711AJ201	MB436J	E23F7EC8	AF6385A1	N.AMERICA	Outback	2005	2.5L	Turbo	AT	FED  CAL
MB436P	UD-S209	31711AG810	MB436B	E23F7EC8	AF91E005	N.AMERICA	Outback	2005	3.0L	non-Turbo	AT	FED  CAL
MB436P	UD-S209	31711AG811	MB436K	E23F7EC8	AF91E005	N.AMERICA	Outback	2005	3.0L	non-Turbo	AT	FED  CAL
25FE2WB5	30919AA525	31711AL290	25FE2WA3	4101795F	A504116D	N.AMERICA	Legacy	2008	2.5L	Turbo	AT	FED  CAL
25FE2WB5	30919AA525	31711AL291	25FE2WB0	4101795F	A504116D	N.AMERICA	Legacy	2008	2.5L	Turbo	AT	FED  CAL
25FE2WB5	30919AA525	31711AL292 / 30919AA520	25FE2WB0	4101795F	A504116D	N.AMERICA	Legacy	2008	2.5L	Turbo	AT	FED  CAL
25FE2WB5	30919AA525	31711AL293 / 30919AA521	25FE2WB1	4101795F	A504116D	N.AMERICA	Legacy	2008	2.5L	Turbo	AT	FED  CAL
25FE2WB5	30919AA525	31711AL294 / 30919AA522	25FE2WB2	4101795F	A504116D	N.AMERICA	Legacy	2008	2.5L	Turbo	AT	FED  CAL
25FE2WB5	30919AA525	31711AL295 / 30919AA523	25FE2WB3	4101795F	A504116D	N.AMERICA	Legacy	2008	2.5L	Turbo	AT	FED  CAL
25FE2WB5	30919AA525	30919AA524 / 31711AL296	25FE2WB4	4101795F	A504116D	N.AMERICA	Legacy	2008	2.5L	Turbo	AT	FED  CAL
25FE2WB5	30919AA525	31711AL290	25FE2WA3	4101795F	A504116D	N.AMERICA	Legacy	2009	2.5L	Turbo	AT	FED  CAL
25FE2WB5	30919AA525	31711AL291	25FE2WB0	4101795F	A504116D	N.AMERICA	Legacy	2009	2.5L	Turbo	AT	FED  CAL
25FE2WB5	30919AA525	31711AL292 / 30919AA520	25FE2WB0	4101795F	A504116D	N.AMERICA	Legacy	2009	2.5L	Turbo	AT	FED  CAL
25FE2WB5	30919AA525	31711AL293 / 30919AA521	25FE2WB1	4101795F	A504116D	N.AMERICA	Legacy	2009	2.5L	Turbo	AT	FED  CAL
25FE2WB5	30919AA525	31711AL294 / 30919AA522	25FE2WB2	4101795F	A504116D	N.AMERICA	Legacy	2009	2.5L	Turbo	AT	FED  CAL
25FE2WB5	30919AA525	31711AL295 / 30919AA523	25FE2WB3	4101795F	A504116D	N.AMERICA	Legacy	2009	2.5L	Turbo	AT	FED  CAL
25FE2WB5	30919AA525	30919AA524 / 31711AL296	25FE2WB4	4101795F	A504116D	N.AMERICA	Legacy	2009	2.5L	Turbo	AT	FED  CAL
25FE2OB5	30919AA535	31711AL310	25FE2OA3	9BD64F68	4C01116D	N.AMERICA	Outback	2008	2.5L	Turbo	AT	FED  CAL
25FE2OB5	30919AA535	31711AL311	25FE2OB0	9BD64F68	4C01116D	N.AMERICA	Outback	2008	2.5L	Turbo	AT	FED  CAL
25FE2OB5	30919AA535	31711AL312 / 30919AA530	25FE2OB0	9BD64F68	4C01116D	N.AMERICA	Outback	2008	2.5L	Turbo	AT	FED  CAL
25FE2OB5	30919AA535	31711AL313 / 30919AA531	25FE2OB1	9BD64F68	4C01116D	N.AMERICA	Outback	2008	2.5L	Turbo	AT	FED  CAL
25FE2OB5	30919AA535	31711AL314 / 30919AA532	25FE2OB2	9BD64F68	4C01116D	N.AMERICA	Outback	2008	2.5L	Turbo	AT	FED  CAL
25FE2OB5	30919AA535	31711AL315 / 30919AA533	25FE2OB3	9BD64F68	4C01116D	N.AMERICA	Outback	2008	2.5L	Turbo	AT	FED  CAL
25FE2OB5	30919AA535	30919AA534 / 31711AL316	25FE2OB4	9BD64F68	4C01116D	N.AMERICA	Outback	2008	2.5L	Turbo	AT	FED  CAL
25FE2OB5	30919AA535	31711AL310	25FE2OA3	9BD64F68	4C01116D	N.AMERICA	Outback	2009	2.5L	Turbo	AT	FED  CAL
25FE2OB5	30919AA535	31711AL311	25FE2OB0	9BD64F68	4C01116D	N.AMERICA	Outback	2009	2.5L	Turbo	AT	FED  CAL
25FE2OB5	30919AA535	31711AL312 / 30919AA530	25FE2OB0	9BD64F68	4C01116D	N.AMERICA	Outback	2009	2.5L	Turbo	AT	FED  CAL
25FE2OB5	30919AA535	31711AL313 / 30919AA531	25FE2OB1	9BD64F68	4C01116D	N.AMERICA	Outback	2009	2.5L	Turbo	AT	FED  CAL
25FE2OB5	30919AA535	31711AL314 / 30919AA532	25FE2OB2	9BD64F68	4C01116D	N.AMERICA	Outback	2009	2.5L	Turbo	AT	FED  CAL
25FE2OB5	30919AA535	31711AL315 / 30919AA533	25FE2OB3	9BD64F68	4C01116D	N.AMERICA	Outback	2009	2.5L	Turbo	AT	FED  CAL
25FE2OB5	30919AA535	30919AA534 / 31711AL316	25FE2OB4	9BD64F68	4C01116D	N.AMERICA	Outback	2009	2.5L	Turbo	AT	FED  CAL
25F0AWB5	30919AA555	31711AL500	25F0AWA3	68544446	E6A3116D	N.AMERICA	Legacy	2008	3.0L	non-Turbo	AT	FED  CAL
25F0AWB5	30919AA555	31711AL501	25F0AWB0	68544446	E6A3116D	N.AMERICA	Legacy	2008	3.0L	non-Turbo	AT	FED  CAL
25F0AWB5	30919AA555	31711AL502 / 30919AA550	25F0AWB0	68544446	E6A3116D	N.AMERICA	Legacy	2008	3.0L	non-Turbo	AT	FED  CAL
25F0AWB5	30919AA555	31711AL503 / 30919AA551	25F0AWB1	68544446	E6A3116D	N.AMERICA	Legacy	2008	3.0L	non-Turbo	AT	FED  CAL
25F0AWB5	30919AA555	31711AL504 / 30919AA552	25F0AWB2	68544446	E6A3116D	N.AMERICA	Legacy	2008	3.0L	non-Turbo	AT	FED  CAL
25F0AWB5	30919AA555	31711AL505 / 30919AA553	25F0AWB3	68544446	E6A3116D	N.AMERICA	Legacy	2008	3.0L	non-Turbo	AT	FED  CAL
25F0AWB5	30919AA555	30919AA554 / 31711AL506	25F0AWB4	68544446	E6A3116D	N.AMERICA	Legacy	2008	3.0L	non-Turbo	AT	FED  CAL
25F0AWB5	30919AA555	31711AL500	25F0AWA3	68544446	E6A3116D	N.AMERICA	Legacy	2009	3.0L	non-Turbo	AT	FED  CAL
25F0AWB5	30919AA555	31711AL501	25F0AWB0	68544446	E6A3116D	N.AMERICA	Legacy	2009	3.0L	non-Turbo	AT	FED  CAL
25F0AWB5	30919AA555	31711AL502 / 30919AA550	25F0AWB0	68544446	E6A3116D	N.AMERICA	Legacy	2009	3.0L	non-Turbo	AT	FED  CAL
25F0AWB5	30919AA555	31711AL503 / 30919AA551	25F0AWB1	68544446	E6A3116D	N.AMERICA	Legacy	2009	3.0L	non-Turbo	AT	FED  CAL
25F0AWB5	30919AA555	31711AL504 / 30919AA552	25F0AWB2	68544446	E6A3116D	N.AMERICA	Legacy	2009	3.0L	non-Turbo	AT	FED  CAL
25F0AWB5	30919AA555	31711AL505 / 30919AA553	25F0AWB3	68544446	E6A3116D	N.AMERICA	Legacy	2009	3.0L	non-Turbo	AT	FED  CAL
25F0AWB5	30919AA555	30919AA554 / 31711AL506	25F0AWB4	68544446	E6A3116D	N.AMERICA	Legacy	2009	3.0L	non-Turbo	AT	FED  CAL
25F02OB5	30919AA545	31711AL320	25F02OA3	1CDB4208	5EDB116D	N.AMERICA	Outback	2008	3.0L	non-Turbo	AT	FED  CAL
25F02OB5	30919AA545	31711AL321	25F02OB0	1CDB4208	5EDB116D	N.AMERICA	Outback	2008	3.0L	non-Turbo	AT	FED  CAL
25F02OB5	30919AA545	31711AL322 / 30919AA540	25F02OB0	1CDB4208	5EDB116D	N.AMERICA	Outback	2008	3.0L	non-Turbo	AT	FED  CAL
25F02OB5	30919AA545	31711AL323 / 30919AA541	25F02OB1	1CDB4208	5EDB116D	N.AMERICA	Outback	2008	3.0L	non-Turbo	AT	FED  CAL
25F02OB5	30919AA545	31711AL324 / 30919AA542	25F02OB2	1CDB4208	5EDB116D	N.AMERICA	Outback	2008	3.0L	non-Turbo	AT	FED  CAL
25F02OB5	30919AA545	31711AL325 / 30919AA543	25F02OB3	1CDB4208	5EDB116D	N.AMERICA	Outback	2008	3.0L	non-Turbo	AT	FED  CAL
25F02OB5	30919AA545	30919AA544 / 31711AL326	25F02OB4	1CDB4208	5EDB116D	N.AMERICA	Outback	2008	3.0L	non-Turbo	AT	FED  CAL
25F02OB5	30919AA545	31711AL320	25F02OA3	1CDB4208	5EDB116D	N.AMERICA	Outback	2009	3.0L	non-Turbo	AT	FED  CAL
25F02OB5	30919AA545	31711AL321	25F02OB0	1CDB4208	5EDB116D	N.AMERICA	Outback	2009	3.0L	non-Turbo	AT	FED  CAL
25F02OB5	30919AA545	31711AL322 / 30919AA540	25F02OB0	1CDB4208	5EDB116D	N.AMERICA	Outback	2009	3.0L	non-Turbo	AT	FED  CAL
25F02OB5	30919AA545	31711AL323 / 30919AA541	25F02OB1	1CDB4208	5EDB116D	N.AMERICA	Outback	2009	3.0L	non-Turbo	AT	FED  CAL
25F02OB5	30919AA545	31711AL324 / 30919AA542	25F02OB2	1CDB4208	5EDB116D	N.AMERICA	Outback	2009	3.0L	non-Turbo	AT	FED  CAL
25F02OB5	30919AA545	31711AL325 / 30919AA543	25F02OB3	1CDB4208	5EDB116D	N.AMERICA	Outback	2009	3.0L	non-Turbo	AT	FED  CAL
25F02OB5	30919AA545	30919AA544 / 31711AL326	25F02OB4	1CDB4208	5EDB116D	N.AMERICA	Outback	2009	3.0L	non-Turbo	AT	FED  CAL
Z5F3E083	30919AB014	30919AB010	Z5F3E060	507E6259	9522 59D2	N.AMERICA	Legacy	2010	2.5L	non-Turbo	CVT	FED  CAL
Z5F3E083	30919AB014	30919AB010	Z5F3E061	507E6259	9522 59D2	N.AMERICA	Legacy	2010	2.5L	non-Turbo	CVT	FED  CAL
Z5F3E083	30919AB014	30919AB010	Z5F3E073	507E6259	9522 59D2	N.AMERICA	Legacy	2010	2.5L	non-Turbo	CVT	FED  CAL
Z5F3E083	30919AB014	30919AB010	Z5F3E074	507E6259	9522 59D2	N.AMERICA	Legacy	2010	2.5L	non-Turbo	CVT	FED  CAL
Z5F3E083	30919AB014	30919AB011	Z5F3E080	507E6259	9522 59D2	N.AMERICA	Legacy	2010	2.5L	non-Turbo	CVT	FED  CAL
Z5F3E083	30919AB014	30919AB012	Z5F3E081	507E6259	9522 59D2	N.AMERICA	Legacy	2010	2.5L	non-Turbo	CVT	FED  CAL
Z5F3E083	30919AB014	30919AB013	Z5F3E082	507E6259	9522 59D2	N.AMERICA	Legacy	2010	2.5L	non-Turbo	CVT	FED  CAL
Z5F3E183	30919AB024	30919AB020	Z5F3E160	6933FF47	F4DE 04DB	N.AMERICA	Outback	2010	2.5L	non-Turbo	CVT	FED  CAL
Z5F3E183	30919AB024	30919AB020	Z5F3E161	6933FF47	F4DE 04DB	N.AMERICA	Outback	2010	2.5L	non-Turbo	CVT	FED  CAL
Z5F3E183	30919AB024	30919AB020	Z5F3E173	6933FF47	F4DE 04DB	N.AMERICA	Outback	2010	2.5L	non-Turbo	CVT	FED  CAL
Z5F3E183	30919AB024	30919AB020	Z5F3E174	6933FF47	F4DE 04DB	N.AMERICA	Outback	2010	2.5L	non-Turbo	CVT	FED  CAL
Z5F3E183	30919AB024	30919AB021	Z5F3E180	6933FF47	F4DE 04DB	N.AMERICA	Outback	2010	2.5L	non-Turbo	CVT	FED  CAL
Z5F3E183	30919AB024	30919AB022	Z5F3E181	6933FF47	F4DE 04DB	N.AMERICA	Outback	2010	2.5L	non-Turbo	CVT	FED  CAL
Z5F3E183	30919AB024	30919AB023	Z5F3E182	6933FF47	F4DE 04DB	N.AMERICA	Outback	2010	2.5L	non-Turbo	CVT	FED  CAL
Y6F3E082	30919AB673	30919AB670	Y6F3E060	C42507B4	CB19 FBB0	N.AMERICA	Legacy	2011	2.5L	non-Turbo	CVT	FED  CAL
Y6F3E082	30919AB673	30919AB671	Y6F3E080	C42507B4	CB19 FBB0	N.AMERICA	Legacy	2011	2.5L	non-Turbo	CVT	FED  CAL
Y6F3E082	30919AB673	30919AB672	Y6F3E081	C42507B4	CB19 FBB0	N.AMERICA	Legacy	2011	2.5L	non-Turbo	CVT	FED  CAL
Y6F3E182	30919AB683	30919AB680	Y6F3E160	AA9EF073	C1BD 7FDF	N.AMERICA	Outback	2011	2.5L	non-Turbo	CVT	FED  CAL
Y6F3E182	30919AB683	30919AB681	Y6F3E180	AA9EF073	C1BD 7FDF	N.AMERICA	Outback	2011	2.5L	non-Turbo	CVT	FED  CAL
Y6F3E182	30919AB683	30919AB682	Y6F3E181	AA9EF073	C1BD 7FDF	N.AMERICA	Outback	2011	2.5L	non-Turbo	CVT	FED  CAL
X7F3E080	30919AC321	30919AC320	X7F3E060	ED18E41A	2CAA D09E	N.AMERICA	Legacy	2012	2.5L	non-Turbo	CVT	FED  CAL
X7F3E180	30919AC331	30919AC330	X7F3E160	E9DC1E1E	6327 B4AD	N.AMERICA	Outback	2012	2.5L	non-Turbo	CVT	FED  CAL
EZFB2WB3	30919AA074	30919AA070	EZFB2WA1	C4D91F23	F37A2AC3	N.AMERICA	Legacy	2010	3.6L	non-Turbo	AT	FED  CAL
EZFB2WB3	30919AA074	30919AA071	EZFB2WB0	C4D91F23	F37A2AC3	N.AMERICA	Legacy	2010	3.6L	non-Turbo	AT	FED  CAL
EZFB2WB3	30919AA074	30919AA072	EZFB2WB1	C4D91F23	F37A2AC3	N.AMERICA	Legacy	2010	3.6L	non-Turbo	AT	FED  CAL
EZFB2WB3	30919AA074	30919AA072	EZFB2WF1	C4D91F23	F37A2AC3	N.AMERICA	Legacy	2010	3.6L	non-Turbo	AT	FED  CAL
EZFB2WB3	30919AA074	30919AA073	EZFB2WB2	C4D91F23	F37A2AC3	N.AMERICA	Legacy	2010	3.6L	non-Turbo	AT	FED  CAL
EZFB2WB3	30919AA074	30919AA070	EZFB2WA1	C4D91F23	F37A2AC3	N.AMERICA	Legacy	2011	3.6L	non-Turbo	AT	FED  CAL
EZFB2WB3	30919AA074	30919AA071	EZFB2WB0	C4D91F23	F37A2AC3	N.AMERICA	Legacy	2011	3.6L	non-Turbo	AT	FED  CAL
EZFB2WB3	30919AA074	30919AA072	EZFB2WB1	C4D91F23	F37A2AC3	N.AMERICA	Legacy	2011	3.6L	non-Turbo	AT	FED  CAL
EZFB2WB3	30919AA074	30919AA072	EZFB2WF1	C4D91F23	F37A2AC3	N.AMERICA	Legacy	2011	3.6L	non-Turbo	AT	FED  CAL
EZFB2WB3	30919AA074	30919AA073	EZFB2WB2	C4D91F23	F37A2AC3	N.AMERICA	Legacy	2011	3.6L	non-Turbo	AT	FED  CAL
EZFB2WB3	30919AA074	30919AA070	EZFB2WA1	C4D91F23	F37A2AC3	N.AMERICA	Legacy	2012	3.6L	non-Turbo	AT	FED  CAL
EZFB2WB3	30919AA074	30919AA071	EZFB2WB0	C4D91F23	F37A2AC3	N.AMERICA	Legacy	2012	3.6L	non-Turbo	AT	FED  CAL
EZFB2WB3	30919AA074	30919AA072	EZFB2WB1	C4D91F23	F37A2AC3	N.AMERICA	Legacy	2012	3.6L	non-Turbo	AT	FED  CAL
EZFB2WB3	30919AA074	30919AA072	EZFB2WF1	C4D91F23	F37A2AC3	N.AMERICA	Legacy	2012	3.6L	non-Turbo	AT	FED  CAL
EZFB2WB3	30919AA074	30919AA073	EZFB2WB2	C4D91F23	F37A2AC3	N.AMERICA	Legacy	2012	3.6L	non-Turbo	AT	FED  CAL
EZFB2WB3	30919AA074	30919AA070	EZFB2WA1	C4D91F23	F37A2AC3	N.AMERICA	Legacy	2013	3.6L	non-Turbo	AT	FED  CAL
EZFB2WB3	30919AA074	30919AA071	EZFB2WB0	C4D91F23	F37A2AC3	N.AMERICA	Legacy	2013	3.6L	non-Turbo	AT	FED  CAL
EZFB2WB3	30919AA074	30919AA072	EZFB2WB1	C4D91F23	F37A2AC3	N.AMERICA	Legacy	2013	3.6L	non-Turbo	AT	FED  CAL
EZFB2WB3	30919AA074	30919AA072	EZFB2WF1	C4D91F23	F37A2AC3	N.AMERICA	Legacy	2013	3.6L	non-Turbo	AT	FED  CAL
EZFB2WB3	30919AA074	30919AA073	EZFB2WB2	C4D91F23	F37A2AC3	N.AMERICA	Legacy	2013	3.6L	non-Turbo	AT	FED  CAL
EZFB2OB3	30919AA084	30919AA080	EZFB2OA1	A7EE5E45	BEDD2AC3	N.AMERICA	Outback	2010	3.6L	non-Turbo	AT	FED  CAL
EZFB2OB3	30919AA084	30919AA081	EZFB2OB0	A7EE5E45	BEDD2AC3	N.AMERICA	Outback	2010	3.6L	non-Turbo	AT	FED  CAL
EZFB2OB3	30919AA084	30919AA082	EZFB2OB1	A7EE5E45	BEDD2AC3	N.AMERICA	Outback	2010	3.6L	non-Turbo	AT	FED  CAL
EZFB2OB3	30919AA084	30919AA082	EZFB2OF1	A7EE5E45	BEDD2AC3	N.AMERICA	Outback	2010	3.6L	non-Turbo	AT	FED  CAL
EZFB2OB3	30919AA084	30919AA083	EZFB2OB2	A7EE5E45	BEDD2AC3	N.AMERICA	Outback	2010	3.6L	non-Turbo	AT	FED  CAL
EZFB2OB3	30919AA084	30919AA080	EZFB2OA1	A7EE5E45	BEDD2AC3	N.AMERICA	Outback	2011	3.6L	non-Turbo	AT	FED  CAL
EZFB2OB3	30919AA084	30919AA081	EZFB2OB0	A7EE5E45	BEDD2AC3	N.AMERICA	Outback	2011	3.6L	non-Turbo	AT	FED  CAL
EZFB2OB3	30919AA084	30919AA082	EZFB2OB1	A7EE5E45	BEDD2AC3	N.AMERICA	Outback	2011	3.6L	non-Turbo	AT	FED  CAL
EZFB2OB3	30919AA084	30919AA082	EZFB2OF1	A7EE5E45	BEDD2AC3	N.AMERICA	Outback	2011	3.6L	non-Turbo	AT	FED  CAL
EZFB2OB3	30919AA084	30919AA083	EZFB2OB2	A7EE5E45	BEDD2AC3	N.AMERICA	Outback	2011	3.6L	non-Turbo	AT	FED  CAL
EZFB2OB3	30919AA084	30919AA080	EZFB2OA1	A7EE5E45	BEDD2AC3	N.AMERICA	Outback	2012	3.6L	non-Turbo	AT	FED  CAL
EZFB2OB3	30919AA084	30919AA081	EZFB2OB0	A7EE5E45	BEDD2AC3	N.AMERICA	Outback	2012	3.6L	non-Turbo	AT	FED  CAL
EZFB2OB3	30919AA084	30919AA082	EZFB2OB1	A7EE5E45	BEDD2AC3	N.AMERICA	Outback	2012	3.6L	non-Turbo	AT	FED  CAL
EZFB2OB3	30919AA084	30919AA082	EZFB2OF1	A7EE5E45	BEDD2AC3	N.AMERICA	Outback	2012	3.6L	non-Turbo	AT	FED  CAL
EZFB2OB3	30919AA084	30919AA083	EZFB2OB2	A7EE5E45	BEDD2AC3	N.AMERICA	Outback	2012	3.6L	non-Turbo	AT	FED  CAL
EZFB2OB3	30919AA084	30919AA080	EZFB2OA1	A7EE5E45	BEDD2AC3	N.AMERICA	Outback	2013	3.6L	non-Turbo	AT	FED  CAL
EZFB2OB3	30919AA084	30919AA081	EZFB2OB0	A7EE5E45	BEDD2AC3	N.AMERICA	Outback	2013	3.6L	non-Turbo	AT	FED  CAL
EZFB2OB3	30919AA084	30919AA082	EZFB2OB1	A7EE5E45	BEDD2AC3	N.AMERICA	Outback	2013	3.6L	non-Turbo	AT	FED  CAL
EZFB2OB3	30919AA084	30919AA082	EZFB2OF1	A7EE5E45	BEDD2AC3	N.AMERICA	Outback	2013	3.6L	non-Turbo	AT	FED  CAL
EZFB2OB3	30919AA084	30919AA083	EZFB2OB2	A7EE5E45	BEDD2AC3	N.AMERICA	Outback	2013	3.6L	non-Turbo	AT	FED  CAL
F4F20082	30919AD323	-	F4F20060	C7427FA5	02AE8E5D	N.AMERICA	Legacy	2015	2.5L	non-Turbo	CVT	FED  CAL
F4F20082	30919AD323	-	F4F20061	C7427FA5	02AE8E5D	N.AMERICA	Legacy	2015	2.5L	non-Turbo	CVT	FED  CAL
F4F20082	30919AD323	30919AD320	F4F20062	C7427FA5	02AE8E5D	N.AMERICA	Legacy	2015	2.5L	non-Turbo	CVT	FED  CAL
F4F20082	30919AD323	30919AD321	F4F20080	C7427FA5	02AE8E5D	N.AMERICA	Legacy	2015	2.5L	non-Turbo	CVT	FED  CAL
F4F20082	30919AD323	30919AD322	F4F20081	C7427FA5	02AE8E5D	N.AMERICA	Legacy	2015	2.5L	non-Turbo	CVT	FED  CAL
F4F24082	30919AD333	-	F4F24060	4561EC13	B498A8B8	N.AMERICA	Outback	2015	2.5L	non-Turbo	CVT	FED  CAL
F4F24082	30919AD333	-	F4F24061	4561EC13	B498A8B8	N.AMERICA	Outback	2015	2.5L	non-Turbo	CVT	FED  CAL
F4F24082	30919AD333	30919AD330	F4F24062	4561EC13	B498A8B8	N.AMERICA	Outback	2015	2.5L	non-Turbo	CVT	FED  CAL
F4F24082	30919AD333	30919AD331	F4F24080	4561EC13	B498A8B8	N.AMERICA	Outback	2015	2.5L	non-Turbo	CVT	FED  CAL
F4F24082	30919AD333	30919AD332	F4F24081	4561EC13	B498A8B8	N.AMERICA	Outback	2015	2.5L	non-Turbo	CVT	FED  CAL
E5F20081	30919AF032	-	E5F20060	74977F60	97D0BDBF	N.AMERICA	Legacy	2016	2.5L	non-Turbo	CVT	FED  CAL
E5F20081	30919AF032	30919AF030	E5F20070	74977F60	97D0BDBF	N.AMERICA	Legacy	2016	2.5L	non-Turbo	CVT	FED  CAL
E5F20081	30919AF032	30919AF031	E5F20080	74977F60	97D0BDBF	N.AMERICA	Legacy	2016	2.5L	non-Turbo	CVT	FED  CAL
E5F24081	30919AF042	-	E5F24060	0082F1E2	BC08BDBF	N.AMERICA	Outback	2016	2.5L	non-Turbo	CVT	FED  CAL
E5F24081	30919AF042	30919AF040	E5F24070	0082F1E2	BC08BDBF	N.AMERICA	Outback	2016	2.5L	non-Turbo	CVT	FED  CAL
E5F24081	30919AF042	30919AF041	E5F24080	0082F1E2	BC08BDBF	N.AMERICA	Outback	2016	2.5L	non-Turbo	CVT	FED  CAL
MB4427	UD-S223A	31711AJ674	MB4425	41DBFA58	C04C80FC	N.AMERICA	Tribeca	2006	3.0L	non-Turbo	AT	FED  CAL
MB4427	UD-S223A	31771AJ675	MB4426	41DBFA58	C04C80FC	N.AMERICA	Tribeca	2006	3.0L	non-Turbo	AT	FED  CAL
MB500NJ0	UD-S223A	31711AJ675	MB53A0	41DBFA58	7164330D	N.AMERICA	Tribeca	2006	3.0L	non-Turbo	AT	FED  CAL
MB554NJ1	UD-S223B	31771AK751	MB554NJ0	AD27D2B5	A520921E	N.AMERICA	Tribeca	2007	3.0L	non-Turbo	AT	FED  CAL
02FB2WB5	30919AA735	31711AL330	02FB2WA3	278D6914	E3F2116D	N.AMERICA	Tribeca	2008	3.6L	non-Turbo	AT	FED  CAL
02FB2WB5	30919AA735	31711AL331	02FB2WB0	278D6914	E3F2116D	N.AMERICA	Tribeca	2008	3.6L	non-Turbo	AT	FED  CAL
02FB2WB5	30919AA735	31711AL332 / 30919AA730	02FB2WB0	278D6914	E3F2116D	N.AMERICA	Tribeca	2008	3.6L	non-Turbo	AT	FED  CAL
02FB2WB5	30919AA735	31711AL333 / 30919AA731	02FB2WB1	278D6914	E3F2116D	N.AMERICA	Tribeca	2008	3.6L	non-Turbo	AT	FED  CAL
02FB2WB5	30919AA735	31711AL334 / 30919AA732	02FB2WB2	278D6914	E3F2116D	N.AMERICA	Tribeca	2008	3.6L	non-Turbo	AT	FED  CAL
02FB2WB5	30919AA735	31711AL335 / 30919AA733	02FB2WB3	278D6914	E3F2116D	N.AMERICA	Tribeca	2008	3.6L	non-Turbo	AT	FED  CAL
02FB2WB5	30919AA735	30919AA734 / 31711AL336	02FB2WB4	278D6914	E3F2116D	N.AMERICA	Tribeca	2008	3.6L	non-Turbo	AT	FED  CAL
02FB2WB5	30919AA735	31711AL330	02FB2WA3	278D6914	E3F2116D	N.AMERICA	Tribeca	2009	3.6L	non-Turbo	AT	FED  CAL
02FB2WB5	30919AA735	31711AL331	02FB2WB0	278D6914	E3F2116D	N.AMERICA	Tribeca	2009	3.6L	non-Turbo	AT	FED  CAL
02FB2WB5	30919AA735	31711AL332 / 30919AA730	02FB2WB0	278D6914	E3F2116D	N.AMERICA	Tribeca	2009	3.6L	non-Turbo	AT	FED  CAL
02FB2WB5	30919AA735	31711AL333 / 30919AA731	02FB2WB1	278D6914	E3F2116D	N.AMERICA	Tribeca	2009	3.6L	non-Turbo	AT	FED  CAL
02FB2WB5	30919AA735	31711AL334 / 30919AA732	02FB2WB2	278D6914	E3F2116D	N.AMERICA	Tribeca	2009	3.6L	non-Turbo	AT	FED  CAL
02FB2WB5	30919AA735	31711AL335 / 30919AA733	02FB2WB3	278D6914	E3F2116D	N.AMERICA	Tribeca	2009	3.6L	non-Turbo	AT	FED  CAL
02FB2WB5	30919AA735	30919AA734 / 31711AL336	02FB2WB4	278D6914	E3F2116D	N.AMERICA	Tribeca	2009	3.6L	non-Turbo	AT	FED  CAL
04FB2WB3	30919AB193	30919AB191 / 31711AN241	04FB2WB0	E3109E43	2525EE76	N.AMERICA	Tribeca	2010	3.6L	non-Turbo	AT	FED  CAL
04FB2WB3	30919AB193	30919AB192 / 31711AN242	04FB2WB1	E3109E43	2525EE76	N.AMERICA	Tribeca	2010	3.6L	non-Turbo	AT	FED  CAL
04FB2WB3	30919AB193	30919AB192	04FB2WB2	E3109E43	2525EE76	N.AMERICA	Tribeca	2010	3.6L	non-Turbo	AT	FED  CAL
04FB2WB3	30919AB193	30919AB191 / 31711AN241	04FB2WB0	E3109E43	2525EE76	N.AMERICA	Tribeca	2011	3.6L	non-Turbo	AT	FED  CAL
04FB2WB3	30919AB193	30919AB192 / 31711AN242	04FB2WB1	E3109E43	2525EE76	N.AMERICA	Tribeca	2011	3.6L	non-Turbo	AT	FED  CAL
04FB2WB3	30919AB193	30919AB192	04FB2WB2	E3109E43	2525EE76	N.AMERICA	Tribeca	2011	3.6L	non-Turbo	AT	FED  CAL
04FB2WB3	30919AB193	30919AB191 / 31711AN241	04FB2WB0	E3109E43	2525EE76	N.AMERICA	Tribeca	2012	3.6L	non-Turbo	AT	FED  CAL
04FB2WB3	30919AB193	30919AB192 / 31711AN242	04FB2WB1	E3109E43	2525EE76	N.AMERICA	Tribeca	2012	3.6L	non-Turbo	AT	FED  CAL
04FB2WB3	30919AB193	30919AB192	04FB2WB2	E3109E43	2525EE76	N.AMERICA	Tribeca	2012	3.6L	non-Turbo	AT	FED  CAL
04FB2WB3	30919AB193	30919AB191 / 31711AN241	04FB2WB0	E3109E43	2525EE76	N.AMERICA	Tribeca	2013	3.6L	non-Turbo	AT	FED  CAL
04FB2WB3	30919AB193	30919AB192 / 31711AN242	04FB2WB1	E3109E43	2525EE76	N.AMERICA	Tribeca	2013	3.6L	non-Turbo	AT	FED  CAL
04FB2WB3	30919AB193	30919AB192	04FB2WB2	E3109E43	2525EE76	N.AMERICA	Tribeca	2013	3.6L	non-Turbo	AT	FED  CAL
E41F30AJ	UD-S203-2	31711AH550	E43F30AJ	D4A4C035	23C8	N.AMERICA	Impreza	2003	2.5L	non-Turbo	AT	FED  CAL
E41F33AJ	UD-S203-2	31711AH540	E43F33AJ	D4A4C035	D830	N.AMERICA	Impreza	2003	2.5L	non-Turbo	AT	FED  CAL
E41F30AJ	UD-S203-2	31711AH250	E43F30AJ	D4A4C035	23C8	N.AMERICA	Impreza	2004	2.5L	non-Turbo	AT	FED  CAL
E41F33AJ	UD-S203-2	31711AH240	E41F332J	D4A4C035	D830	N.AMERICA	Impreza	2004	2.5L	non-Turbo	AT	FED  CAL
47F37WB0	31711AJ521	31711AJ520	47F37WA0	994267EA	CF100152	N.AMERICA	Impreza	2005	2.5L	non-Turbo	AT	FED  CAL
F1F5D882	30919AC092	30919AC090	F1F5D880	AF56E33E	954D 3C70	N.AMERICA	Impreza	2012	2.0L	non-Turbo	CVT	FED  CAL
F1F5D882	30919AC092	30919AC091	F1F5D881	AF56E33E	954D 3C70	N.AMERICA	Impreza	2012	2.0L	non-Turbo	CVT	FED  CAL
F1F5F882	30919AC102	30919AC100	F1F5F880	EF4CC388	985E 3C70	N.AMERICA	Impreza	2012	2.0L	non-Turbo	CVT	FED  CAL
F1F5F882	30919AC102	30919AC101	F1F5F881	EF4CC388	985E 3C70	N.AMERICA	Impreza	2012	2.0L	non-Turbo	CVT	FED  CAL
L9FDD081	30919AD792	30919AD790	L9FDD060	97ABDBFA	-	N.AMERICA	WRX	2015	2.0L	Turbo	CVT	FED  CAL
L9FDD081	30919AD792	30919AD790	L9FDD061	97ABDBFA	-	N.AMERICA	WRX	2015	2.0L	Turbo	CVT	FED  CAL
L9FDD081	30919AD792	30919AD791	L9FDD080	97ABDBFA	-	N.AMERICA	WRX	2015	2.0L	Turbo	CVT	FED  CAL
K1FDD080	30919AE551	30919AE550	K1FDD060	11D4093E	-	N.AMERICA	WRX	2016	2.0L	Turbo	CVT	FED  CAL
E88F30BJ	UD-S203-2	31711AG140	E88F301J	D4A4C035	19F7	N.AMERICA	Forester	2003	2.5L	non-Turbo	AT	FED  CAL
E88F30BJ	UD-S203-2	31711AG141	E88F30AJ	D4A4C035	19F7	N.AMERICA	Forester	2003	2.5L	non-Turbo	AT	FED  CAL
E87F30AJ	UD-S203-2	31711AH370	E87F302J	D4A4C035	896C	N.AMERICA	Forester	2004	2.5L	non-Turbo	AT	FED  CAL
87FE7WB0	UD-S206	31711AH380	87FE7WA2	2D276859	E779 9D90	N.AMERICA	Forester	2004	2.5L	Turbo	AT	FED  CAL
86F37WB0	31711AJ361	31711AJ360	86F37WA0	7494C5BC	30F5AD83	N.AMERICA	Forester	2005	2.5L	non-Turbo	AT	FED  CAL
PDF26WB0	30919AB431	30919AB430	PDF26WA0	0C3F6A2E	475BEDC2	N.AMERICA	Forester	2011	2.5L	non-Turbo	AT	FED  CAL
PDFE6WB0	30919AB891	30919AB890	PDFE6W70	E047353B	E2A92BED	N.AMERICA	Forester	2011	2.5L	Turbo	AT	FED  CAL
AQF5DCB0	30919JB111	30919JB110	AQF5DC70	E76C52FE	B777 2891	N.AMERICA	BRZ	2015	2.0L	non-Turbo	AT	FED  CAL
AQF5DCB0	30919JB111	30919JB110	AQF5DC70	E76C52FE	B777 2891	N.AMERICA	BRZ	2016	2.0L	non-Turbo	AT	FED  CAL
D6F24081	30919AF47C	30919AF47A	D6F24060	9D78B154	40D284C4	N.AMERICA	Outback	2017	2.5L	non-Turbo	CVT	FED  CAL
D6F24081	30919AF47C	30919AF47B	D6F24080	9D78B154	40D284C4	N.AMERICA	Outback	2017	2.5L	non-Turbo	CVT	FED  CAL
D6FBE080	30919AF53B	30919AF53A	D6FBE070	8A749096	96B931C7	N.AMERICA	Outback	2017	3.6L	non-Turbo	CVT	FED  CAL
J8F26080	30919AE721	30919AE720	J8F26070	55ABF063	DA84B2C2	N.AMERICA	Forester	2017	2.5L	non-Turbo	CVT	CAL
J8F24080	30919AE731	30919AE730	J8F24070	200AC3CA	9ABDB2C2	N.AMERICA	Forester	2017	2.5L	non-Turbo	CVT	FED
J8FDE080	30919AE871	30919AE870	J8FDE070	062F0374	419E5C5E	N.AMERICA	Forester	2017	2.0L	Turbo	CVT	FED  CAL
D6F20080	30919AF46B	30919AF46A	D6F20060	05D465F6	C93884C4	N.AMERICA	Legacy	2017	2.5L	non-Turbo	CVT	FED  CAL
L6F2C880	30919AD951	30919AD950	L6F2C860	BC2E2FF3	AB56 C47C	N.AMERICA	Forester	2015	2.5L	non-Turbo	CVT	FED  CAL
L6F2E880	30919AD961	30919AD960	L6F2E860	3BE22E24	CD57 C47C	N.AMERICA	Forester	2015	2.5L	non-Turbo	CVT	FED  CAL
L6FDB880	30919AE061	30919AE060	L6FDB860	A9973B87	5934 4E3C	N.AMERICA	Forester	2015	2.0L	Turbo	CVT	FED
C4F52080	30919AE371	30919AE370	C4F52060	90C0D7F6	9D44 34E9	N.AMERICA	Impreza	2015	2.0L	non-Turbo	CVT	FED  CAL
C4F50080	30919AE381	30919AE380	C4F50060	E8E0D162	8A2E 34E9	N.AMERICA	Impreza	2015	2.0L	non-Turbo	CVT	FED  CAL
C4F54080	30919AE391	30919AE390	C4F54060	FE7E162F	1ADF 34E9	N.AMERICA	XV Crosstrek	2015	2.0L	non-Turbo	CVT	FED  CAL
F4FBC080	30919AD721	30919AD720	F4FBC062	D0006812	0A10 7D58	N.AMERICA	Legacy	2015	3.6L	non-Turbo	CVT	FED
F4FBE080	30919AD731	30919AD730	F4FBE062	4DB4F76F	83D1 D9FB	N.AMERICA	Outback	2015	3.6L	non-Turbo	CVT	FED
C4FA4082	30919AE122	30919AE120	C4FA4060	5A6D112E	27645E91	N.AMERICA	XV Hybrid	2015	2.0L	non-Turbo	CVT	FED  CAL
C4FA4082	30919AE122	30919AE120	C4FA4080	5A6D112E	27645E91	N.AMERICA	XV Hybrid	2015	2.0L	non-Turbo	CVT	FED  CAL
C4FA4082	30919AE122	30919AE121	C4FA4081	5A6D112E	27645E91	N.AMERICA	XV Hybrid	2015	2.0L	non-Turbo	CVT	FED  CAL
B5FA4081	30919AE642	30919AE640	B5FA4060	4613654C	910D5E91	N.AMERICA	Crosstrek Hybrid	2016	2.0L	non-Turbo	CVT	FED  CAL
B5FA4081	30919AE642	30919AE641	B5FA4080	4613654C	910D5E91	N.AMERICA	Crosstrek Hybrid	2016	2.0L	non-Turbo	CVT	FED  CAL
R3F52700	30919AF12B	30919AF12A	R3F52600	81C39B6A	1D8A1941	N.AMERICA	Impreza	2017	2.0L	non-Turbo	CVT	FED  CAL
R3F50700	30919AF20B	30919AF20A	R3F50600	C63774F1	695E1941	N.AMERICA	Impreza	2017	2.0L	non-Turbo	CVT	FED  CAL
00006464	87501FL020	87501FL010	00006453	2A5635BC		N.AMERICA	Crosstrek	2018	2.0L	non-Turbo	-	-
---	87611VC002	87611VC000	---	826DD595	---	N.AMERICA	Crosstrek	2021	2.0L	non-Turbo	-	-
---	87611VC002	87611VC001	---	826DD595	---	N.AMERICA	Crosstrek	2021	2.0L	non-Turbo	-	-
---	87611VC002	87611VC000	---	826DD595	---	N.AMERICA	Crosstrek	2021	2.5L	non-Turbo	-	-
---	87611VC002	87611VC001	---	826DD595	---	N.AMERICA	Crosstrek	2021	2.5L	non-Turbo	-	-
---	87611VC002	87611VC000	---	826DD595	---	N.AMERICA	Crosstrek	2022	2.0L	non-Turbo	-	-
---	87611VC002	87611VC001	---	826DD595	---	N.AMERICA	Crosstrek	2022	2.0L	non-Turbo	-	-
---	87611VC002	87611VC000	---	826DD595	---	N.AMERICA	Crosstrek	2022	2.5L	non-Turbo	-	-
---	87611VC002	87611VC001	---	826DD595	---	N.AMERICA	Crosstrek	2022	2.5L	non-Turbo	-	-
---	87611VC002	87611VC000	---	826DD595	---	N.AMERICA	Forester	2020	2.5L	non-Turbo	-	-
---	87611VC002	87611VC001	---	826DD595	---	N.AMERICA	Forester	2020	2.5L	non-Turbo	-	-
---	87611VC002	87611VC000	---	826DD595	---	N.AMERICA	Forester	2021	2.5L	non-Turbo	-	-
---	87611VC002	87611VC001	---	826DD595	---	N.AMERICA	Forester	2021	2.5L	non-Turbo	-	-
---	87611VC002	87611VC000	---	826DD595	---	N.AMERICA	Forester	2022	2.5L	non-Turbo	-	-
---	87611VC002	87611VC001	---	826DD595	---	N.AMERICA	Forester	2022	2.5L	non-Turbo	-	-
01D1088500	29071AA006	29071AA000	01D1087000	94FAF214	105F27EC	N.AMERICA	XV Hybrid	2014	2.0L	non-Turbo	CVT	FED  CAL
01D1088500	29071AA006	29071AA001	01D1088000	94FAF214	105F27EC	N.AMERICA	XV Hybrid	2014	2.0L	non-Turbo	CVT	FED  CAL
01D1088500	29071AA006	29071AA002	01D1088100	94FAF214	105F27EC	N.AMERICA	XV Hybrid	2014	2.0L	non-Turbo	CVT	FED  CAL
01D1088500	29071AA006	29071AA003	01D1088200	94FAF214	105F27EC	N.AMERICA	XV Hybrid	2014	2.0L	non-Turbo	CVT	FED  CAL
01D1088500	29071AA006	29071AA004	01D1088300	94FAF214	105F27EC	N.AMERICA	XV Hybrid	2014	2.0L	non-Turbo	CVT	FED  CAL
01D1088500	29071AA006	29071AA005	01D1088400	94FAF214	105F27EC	N.AMERICA	XV Hybrid	2014	2.0L	non-Turbo	CVT	FED  CAL
02D1088100	29071AA012	29071AA010	02D1086100	48EE1090	EBD627EC	N.AMERICA	XV Hybrid	2015	2.0L	non-Turbo	CVT	FED  CAL
02D1088100	29071AA012	29071AA011	02D1088000	48EE1090	EBD627EC	N.AMERICA	XV Hybrid	2015	2.0L	non-Turbo	CVT	FED  CAL
02D1088100	29071AA012	29071AA010	02D1086100	48EE1090	EBD627EC	N.AMERICA	Crosstrek Hybrid	2016	2.0L	non-Turbo	CVT	FED  CAL
02D1088100	29071AA012	29071AA011	02D1088000	48EE1090	EBD627EC	N.AMERICA	Crosstrek Hybrid	2016	2.0L	non-Turbo	CVT	FED  CAL
---	26002AJ001_00Bz	26002AJ-Leg2.5NA	---	883FB545	---	N.AMERICA	Legacy	2010	2.5L	non-Turbo	MT CVT	FED  CAL
---	26002AJ001_00Bz	26002AJ-Leg2.5TB	---	883FB545	---	N.AMERICA	Legacy	2010	2.5L	Turbo	MT	FED  CAL
---	26002AJ001_00Bz	26002AJ-Leg3.6NA	---	883FB545	---	N.AMERICA	Legacy	2010	3.6L	non-Turbo	AT	FED  CAL
---	26002AJ001_00Bz	26002AJ-OBK2.5NA	---	883FB545	---	N.AMERICA	Outback	2010	2.5L	non-Turbo	MT CVT	FED  CAL
---	26002AJ001_00Bz	26002AJ-OBK3.6NA	---	883FB545	---	N.AMERICA	Outback	2010	3.6L	non-Turbo	AT	FED  CAL
---	86222DCM02	---	---	D311E829	---	N.AMERICA	Legacy	2019	2.5L	non-Turbo	-	-
---	86222DCM02	---	---	D311E829	---	N.AMERICA	Legacy	2019	3.6L	non-Turbo	-	-
---	86222DCM02	---	---	D311E829	---	N.AMERICA	Outback	2019	2.5L	non-Turbo	-	-
---	86222DCM02	---	---	D311E829	---	N.AMERICA	Outback	2019	3.6L	non-Turbo	-	-
---	86222DCM02	---	---	D311E829	---	N.AMERICA	WRX	2019	2.0L	Turbo	-	-
---	86222DCM02	---	---	D311E829	---	N.AMERICA	WRX	2019	2.5L	Turbo	-	-
---	86222DCM02	---	---	D311E829	---	N.AMERICA	WRX	2020	2.0L	Turbo	-	-
---	86222DCM02	---	---	D311E829	---	N.AMERICA	WRX	2020	2.5L	Turbo	-	-
---	86222VC000	86222VC000	---	A1D41524	---	N.AMERICA	WRX	2022	2.4L	Turbo	MT CVT	-
---	86222VC000	86222VC010	---	A1D41524	---	N.AMERICA	WRX	2022	2.4L	Turbo	MT CVT	-
---	86222SJ200	86222SJ200	---	82E47A9D	---	N.AMERICA	Forester	2022	2.5L	non-Turbo	CVT	-
---	86222SJ200	86222SJ210	---	82E47A9D	---	N.AMERICA	Forester	2022	2.5L	non-Turbo	CVT	-
---	27596FL291	27536FL110	---	3C9B5441	---	N.AMERICA	Crosstrek Hybrid	2019	2.0L	non-Turbo	CVT	FED, CAL
---	27596FL291	27596FL110	---	3C9B5441	---	N.AMERICA	Crosstrek Hybrid	2019	2.0L	non-Turbo	CVT	FED, CAL
---	27596FL291	27536FL240	---	3C9B5441	---	N.AMERICA	Crosstrek Hybrid	2019	2.0L	non-Turbo	CVT	FED, CAL
---	27596FL291	27596FL240	---	3C9B5441	---	N.AMERICA	Crosstrek Hybrid	2019	2.0L	non-Turbo	CVT	FED, CAL
---	27596FL291	27536FL290	---	3C9B5441	---	N.AMERICA	Crosstrek Hybrid	2019	2.0L	non-Turbo	CVT	FED, CAL
---	27596FL291	27596FL290	---	3C9B5441	---	N.AMERICA	Crosstrek Hybrid	2019	2.0L	non-Turbo	CVT	FED  CAL
---	27596FL291	27536FL110	---	3C9B5441	---	N.AMERICA	Crosstrek Hybrid	2020	2.0L	non-Turbo	CVT	FED, CAL
---	27596FL291	27596FL110	---	3C9B5441	---	N.AMERICA	Crosstrek Hybrid	2020	2.0L	non-Turbo	CVT	FED, CAL
---	27596FL291	27536FL240	---	3C9B5441	---	N.AMERICA	Crosstrek Hybrid	2020	2.0L	non-Turbo	CVT	FED, CAL
---	27596FL291	27596FL240	---	3C9B5441	---	N.AMERICA	Crosstrek Hybrid	2020	2.0L	non-Turbo	CVT	FED, CAL
---	27596FL291	27536FL290	---	3C9B5441	---	N.AMERICA	Crosstrek Hybrid	2020	2.0L	non-Turbo	CVT	FED, CAL
---	27596FL291	27596FL290	---	3C9B5441	---	N.AMERICA	Crosstrek Hybrid	2020	2.0L	non-Turbo	CVT	FED  CAL
---	27596FL291	27536FL110	---	3C9B5441	---	N.AMERICA	Crosstrek Hybrid	2021	2.0L	non-Turbo	CVT	FED, CAL
---	27596FL291	27596FL110	---	3C9B5441	---	N.AMERICA	Crosstrek Hybrid	2021	2.0L	non-Turbo	CVT	FED, CAL
---	27596FL291	27536FL240	---	3C9B5441	---	N.AMERICA	Crosstrek Hybrid	2021	2.0L	non-Turbo	CVT	FED, CAL
---	27596FL291	27596FL240	---	3C9B5441	---	N.AMERICA	Crosstrek Hybrid	2021	2.0L	non-Turbo	CVT	FED, CAL
---	27596FL291	27536FL290	---	3C9B5441	---	N.AMERICA	Crosstrek Hybrid	2021	2.0L	non-Turbo	CVT	FED, CAL
---	27596FL291	27596FL290	---	3C9B5441	---	N.AMERICA	Crosstrek Hybrid	2021	2.0L	non-Turbo	CVT	FED  CAL
---	27596FL291	27536FL110	---	3C9B5441	---	N.AMERICA	Crosstrek Hybrid	2022	2.0L	non-Turbo	CVT	FED, CAL
---	27596FL291	27596FL110	---	3C9B5441	---	N.AMERICA	Crosstrek Hybrid	2022	2.0L	non-Turbo	CVT	FED, CAL
---	27596FL291	27536FL240	---	3C9B5441	---	N.AMERICA	Crosstrek Hybrid	2022	2.0L	non-Turbo	CVT	FED, CAL
---	27596FL291	27596FL240	---	3C9B5441	---	N.AMERICA	Crosstrek Hybrid	2022	2.0L	non-Turbo	CVT	FED, CAL
---	27596FL291	27536FL290	---	3C9B5441	---	N.AMERICA	Crosstrek Hybrid	2022	2.0L	non-Turbo	CVT	FED, CAL
---	27596FL291	27596FL290	---	3C9B5441	---	N.AMERICA	Crosstrek Hybrid	2022	2.0L	non-Turbo	CVT	FED  CAL
---	88035FL02B_key	88035FL02A	---	96D94E99	---	N.AMERICA	Impreza	2017	2.0L	non-Turbo	CVT	-
---	88035FL02B_key	88035FL02A	---	96D94E99	---	N.AMERICA	Impreza	2018	2.0L	non-Turbo	CVT	-
---	88035FL02B_smt	88035FL02A	---	5C18C26B	---	N.AMERICA	Impreza	2017	2.0L	non-Turbo	CVT	-
---	88035FL02B_smt	88035FL02A	---	5C18C26B	---	N.AMERICA	Impreza	2018	2.0L	non-Turbo	CVT	-
---	88035FL021_key	88035FL020	---	C554D64A	---	N.AMERICA	Crosstrek	2018	2.0L	non-Turbo	CVT	-
---	88035FL021_smt	88035FL020	---	9C379DEF	---	N.AMERICA	Crosstrek	2018	2.0L	non-Turbo	CVT	-
---	82201AL30B_smt	82201AL30B_smt	---	3DFBAEE1	---	N.AMERICA	Legacy	2018	2.5L	non-Turbo	-	-
---	82201AL30B_smt	82201AL30B_smt	---	3DFBAEE1	---	N.AMERICA	Legacy	2018	3.6L	non-Turbo	-	-
---	82201AL30B_smt	82201AL30B_smt	---	3DFBAEE1	---	N.AMERICA	Outback	2018	2.5L	non-Turbo	-	-
---	82201AL30B_smt	82201AL30B_smt	---	3DFBAEE1	---	N.AMERICA	Outback	2018	3.6L	non-Turbo	-	-
---	82201AL31B_key	82201AL31B_key	---	C574CBA5	---	N.AMERICA	Legacy	2018	2.5L	non-Turbo	-	FED  CAL
---	82201AL31B_key	82201AL31B_key	---	C574CBA5	---	N.AMERICA	Legacy	2018	3.6L	non-Turbo	-	FED  CAL
---	82201AL31B_key	82201AL31B_key	---	C574CBA5	---	N.AMERICA	Outback	2018	2.5L	non-Turbo	-	FED  CAL
---	82201AL31B_key	82201AL31B_key	---	C574CBA5	---	N.AMERICA	Outback	2018	3.6L	non-Turbo	-	FED  CAL
---	82201AL32B_key	82201AL32B_key	---	CE361DA5	---	N.AMERICA	Legacy	2018	2.5L	non-Turbo	-	CANADA
---	82201AL32B_key	82201AL32B_key	---	CE361DA5	---	N.AMERICA	Legacy	2018	3.6L	non-Turbo	-	CANADA
---	82201AL32B_key	82201AL32B_key	---	CE361DA5	---	N.AMERICA	Outback	2018	2.5L	non-Turbo	-	CANADA
---	82201AL32B_key	82201AL32B_key	---	CE361DA5	---	N.AMERICA	Outback	2018	3.6L	non-Turbo	-	CANADA
---	82201AL30D	82201AL30C	---	A9A12BB1	---	N.AMERICA	Legacy	2018	2.5L	non-Turbo	CVT	FED  CAL
---	82201AL30D	82201AL30C	---	A9A12BB1	---	N.AMERICA	Legacy	2018	3.6L	non-Turbo	CVT	FED  CAL
---	82201AL30D	82201AL30C	---	A9A12BB1	---	N.AMERICA	Outback	2018	2.5L	non-Turbo	CVT	FED  CAL
---	82201AL30D	82201AL30C	---	A9A12BB1	---	N.AMERICA	Outback	2018	3.6L	non-Turbo	CVT	FED  CAL
---	82201AL31D	82201AL31C	---	4F6F09B1	---	N.AMERICA	Legacy	2018	2.5L	non-Turbo	CVT	FED  CAL
---	82201AL31D	82201AL31C	---	4F6F09B1	---	N.AMERICA	Legacy	2018	3.6L	non-Turbo	CVT	FED  CAL
---	82201AL31D	82201AL31C	---	4F6F09B1	---	N.AMERICA	Outback	2018	2.5L	non-Turbo	CVT	FED  CAL
---	82201AL31D	82201AL31C	---	4F6F09B1	---	N.AMERICA	Outback	2018	3.6L	non-Turbo	CVT	FED  CAL
---	82201AL32D	82201AL32C	---	4F6F09B1	---	N.AMERICA	Legacy	2018	2.5L	non-Turbo	CVT	CANADA
---	82201AL32D	82201AL32C	---	4F6F09B1	---	N.AMERICA	Legacy	2018	3.6L	non-Turbo	CVT	CANADA
---	82201AL32D	82201AL32C	---	4F6F09B1	---	N.AMERICA	Outback	2018	2.5L	non-Turbo	CVT	CANADA
---	82201AL32D	82201AL32C	---	4F6F09B1	---	N.AMERICA	Outback	2018	3.6L	non-Turbo	CVT	CANADA
---	82201AL40B	82201AL40A	---	F84E5DE1	---	N.AMERICA	Legacy	2019	2.5L	non-Turbo	CVT	FED  CAL
---	82201AL40B	82201AL40A	---	F84E5DE1	---	N.AMERICA	Legacy	2019	3.6L	non-Turbo	CVT	FED  CAL
---	82201AL40B	82201AL40A	---	F84E5DE1	---	N.AMERICA	Outback	2019	2.5L	non-Turbo	CVT	FED  CAL
---	82201AL40B	82201AL40A	---	F84E5DE1	---	N.AMERICA	Outback	2019	3.6L	non-Turbo	CVT	FED  CAL
---	82201AL41B	82201AL41A	---	CD130F04	---	N.AMERICA	Legacy	2019	2.5L	non-Turbo	CVT	FED  CAL
---	82201AL41B	82201AL41A	---	CD130F04	---	N.AMERICA	Legacy	2019	3.6L	non-Turbo	CVT	FED  CAL
---	82201AL41B	82201AL41A	---	CD130F04	---	N.AMERICA	Outback	2019	2.5L	non-Turbo	CVT	FED  CAL
---	82201AL41B	82201AL41A	---	CD130F04	---	N.AMERICA	Outback	2019	3.6L	non-Turbo	CVT	FED  CAL
---	82201AL42B	82201AL42A	---	CD130F04	---	N.AMERICA	Legacy	2019	2.5L	non-Turbo	CVT	CANADA
---	82201AL42B	82201AL42A	---	CD130F04	---	N.AMERICA	Legacy	2019	3.6L	non-Turbo	CVT	CANADA
---	82201AL42B	82201AL42A	---	CD130F04	---	N.AMERICA	Outback	2019	2.5L	non-Turbo	CVT	CANADA
---	82201AL42B	82201AL42A	---	CD130F04	---	N.AMERICA	Outback	2019	3.6L	non-Turbo	CVT	CANADA
---	82201SJ901-1	82201SJ900	---	9835038F	---	N.AMERICA	Forester	2019	2.5L	non-Turbo	CVT	FED  CAL
---	82201SJ901-1	82201SJ900	---	9835038F	---	N.AMERICA	Forester	2019	2.0L	Turbo	CVT	FED  CAL
---	82201SJ401-1	82201SJ400	---	F4DD2AF3	---	N.AMERICA	Forester	2019	2.5L	non-Turbo	CVT	FED  CAL
---	82201SJ401-1	82201SJ400	---	F4DD2AF3	---	N.AMERICA	Forester	2019	2.0L	Turbo	CVT	FED  CAL
---	82201SJ501-1	82201SJ500	---	512452CF	---	N.AMERICA	Forester	2019	2.5L	non-Turbo	CVT	CANADA
---	82201SJ501-1	82201SJ500	---	512452CF	---	N.AMERICA	Forester	2019	2.0L	Turbo	CVT	CANADA
---	82201SJ901-1	82201SJ900	---	9835038F	---	N.AMERICA	Forester	2020	2.5L	non-Turbo	CVT	FED  CAL
---	82201SJ901-1	82201SJ900	---	9835038F	---	N.AMERICA	Forester	2020	2.0L	Turbo	CVT	FED  CAL
---	82201SJ401-1	82201SJ400	---	F4DD2AF3	---	N.AMERICA	Forester	2020	2.5L	non-Turbo	CVT	FED  CAL
---	82201SJ401-1	82201SJ400	---	F4DD2AF3	---	N.AMERICA	Forester	2020	2.0L	Turbo	CVT	FED  CAL
---	82201SJ501-1	82201SJ500	---	512452CF	---	N.AMERICA	Forester	2020	2.5L	non-Turbo	CVT	CANADA
---	82201SJ501-1	82201SJ500	---	512452CF	---	N.AMERICA	Forester	2020	2.0L	Turbo	CVT	CANADA
---	82201XC20B-1	82201XC20A	---	12E205D3	---	N.AMERICA	ASCENT	2019	2.4L	Turbo	CVT	FED  CAL
---	82201XC00B-2	82201XC00A	---	AEFFB1EE	---	N.AMERICA	ASCENT	2019	2.4L	Turbo	CVT	FED  CAL
---	82201XC10B-1	82201XC10A	---	C0E34636	---	N.AMERICA	ASCENT	2019	2.4L	Turbo	CVT	CANADA
---	82201VC011	82201VC010	---	3F924F5D	---	N.AMERICA	WRX	2022	2.4L	Turbo	CVT	-
---	82201VC111	82201VC110	---	43718B8B	---	N.AMERICA	WRX	2022	2.4L	Turbo	CVT	-
---	82201SJ432	82201SJ430	---	77BD9465	---	N.AMERICA	Forester	2022	2.5L	non-Turbo	CVT	-
---	82201SJ532	82201SJ530	---	D6282CEF	---	N.AMERICA	Forester	2022	2.5L	non-Turbo	CVT	-
---	82201SJ433	82201SJ432	---	6D502E3C	---	N.AMERICA	Forester	2022	2.5L	non-Turbo	CVT	-
---	82201SJ533	82201SJ532	---	2CDA7287	---	N.AMERICA	Forester	2022	2.5L	non-Turbo	CVT	-
---	82201SJ932(US)	82201SJ930	---	509A9140	---	N.AMERICA	Forester	2022	2.5L	non-Turbo	CVT	-
---	82201SJ932(CA)	82201SJ930	---	116CA013	---	N.AMERICA	Forester	2022	2.5L	non-Turbo	CVT	-
C7F20081	30919AF65C	30919AF65A	C7F20060	DC0A6433	7888F98A	N.AMERICA	Legacy	2018	2.5L	non-Turbo	CVT	FED  CAL
C7F20081	30919AF65C	30919AF65B	C7F20080	DC0A6433	7888F98A	N.AMERICA	Legacy	2018	2.5L	non-Turbo	CVT	FED  CAL
C7F24081	30919AF66C	30919AF66A	C7F24060	F01DC2CB	AB60F98A	N.AMERICA	Outback	2018	2.5L	non-Turbo	CVT	FED  CAL
C7F24081	30919AF66C	30919AF66B	C7F24080	F01DC2CB	AB60F98A	N.AMERICA	Outback	2018	2.5L	non-Turbo	CVT	FED  CAL
H9F26081	30919AF832	30919AF830	H9F26060	89100246	1212700E	N.AMERICA	Forester	2018	2.5L	non-Turbo	CVT	FED  CAL
H9F26081	30919AF832	30919AF831	H9F26080	89100246	1212700E	N.AMERICA	Forester	2018	2.5L	non-Turbo	CVT	FED  CAL
H9F24081	30919AF842	30919AF840	H9F24060	B895EC4E	0A58700E	N.AMERICA	Forester	2018	2.5L	non-Turbo	CVT	FED  CAL
H9F24081	30919AF842	30919AF841	H9F24080	B895EC4E	0A58700E	N.AMERICA	Forester	2018	2.5L	non-Turbo	CVT	FED  CAL
Q4F52700	30919AG31C	30919AG31A	Q4F52200	B2378863	B8734C26	N.AMERICA	Impreza	2018	2.0L	non-Turbo	CVT	CAL
Q4F52700	30919AG31C	30919AG31B	Q4F52600	B2378863	B8734C26	N.AMERICA	Impreza	2018	2.0L	non-Turbo	CVT	CAL
Q4F50700	30919AG32C	30919AG32A	Q4F50200	2672AD62	10F24C26	N.AMERICA	Impreza	2018	2.0L	non-Turbo	CVT	FED  CAL
Q4F50700	30919AG32C	30919AG32B	Q4F50600	2672AD62	10F24C26	N.AMERICA	Impreza	2018	2.0L	non-Turbo	CVT	FED  CAL
R3F56700	30919AF212	30919AF210	R3F56300	EBF66BAC	CCB80269	N.AMERICA	Crosstrek	2018	2.0L	non-Turbo	CVT	CAL
R3F56700	30919AF212	30919AF211	R3F56600	EBF66BAC	CCB80269	N.AMERICA	Crosstrek	2018	2.0L	non-Turbo	CVT	CAL
R3F54700	30919AF132	30919AF130	R3F54300	B811551A	7A3F0269	N.AMERICA	Crosstrek	2018	2.0L	non-Turbo	CVT	FED  CAL
R3F54700	30919AF132	30919AF131	R3F54600	B811551A	7A3F0269	N.AMERICA	Crosstrek	2018	2.0L	non-Turbo	CVT	FED  CAL
LF9C300P	22765AL005	22765AL000	LF9B001P	2432A301	2681 E37B	N.AMERICA	WRX	2018	2.0L	Turbo	MT	FED  CAL
LF9C300P	22765AL005	22765AL000	LF9C000P	2432A301	2681 E37B	N.AMERICA	WRX	2018	2.0L	Turbo	MT	FED  CAL
LF9C300P	22765AL005	22765AL000	LF9C001P	2432A301	2681 E37B	N.AMERICA	WRX	2018	2.0L	Turbo	MT	FED  CAL
LF9C300P	22765AL005	22765AL001	LF9C100P	2432A301	2681 E37B	N.AMERICA	WRX	2018	2.0L	Turbo	MT	FED  CAL
LF9C300P	22765AL005	22765AL002	LF9C100P	2432A301	2681 E37B	N.AMERICA	WRX	2018	2.0L	Turbo	MT	FED  CAL
LF9C300P	22765AL005	22765AL003	LF9C101P	2432A301	2681 E37B	N.AMERICA	WRX	2018	2.0L	Turbo	MT	FED  CAL
LF9C300P	22765AL005	22765AL004	LF9C102P	2432A301	2681 E37B	N.AMERICA	WRX	2018	2.0L	Turbo	MT	FED  CAL
LF9C200N	22765AL013	22765AL010	LF9B001N	E430B828	372B 3C06	N.AMERICA	WRX	2018	2.0L	Turbo	CVT	FED  CAL
LF9C200N	22765AL013	22765AL010	LF9C000N	E430B828	372B 3C06	N.AMERICA	WRX	2018	2.0L	Turbo	CVT	FED  CAL
LF9C200N	22765AL013	22765AL010	LF9C001N	E430B828	372B 3C06	N.AMERICA	WRX	2018	2.0L	Turbo	CVT	FED  CAL
LF9C200N	22765AL013	22765AL011	LF9C001N	E430B828	372B 3C06	N.AMERICA	WRX	2018	2.0L	Turbo	CVT	FED  CAL
LF9C200N	22765AL013	22765AL012	LF9C002N	E430B828	372B 3C06	N.AMERICA	WRX	2018	2.0L	Turbo	CVT	FED  CAL
LF9D040h	22765AM554	22765AM550	LF9D000h	5AEB6721	EF9F 5FB4	N.AMERICA	WRX	2019	2.0L	Turbo	MT	-
LF9D040h	22765AM554	22765AM550	LF9D010h	5AEB6721	EF9F 5FB4	N.AMERICA	WRX	2019	2.0L	Turbo	MT	-
LF9D040h	22765AM554	22765AM551	LF9D010h	5AEB6721	EF9F 5FB4	N.AMERICA	WRX	2019	2.0L	Turbo	MT	-
LF9D040h	22765AM554	22765AM552	LF9D011h	5AEB6721	EF9F 5FB4	N.AMERICA	WRX	2019	2.0L	Turbo	MT	-
LF9D040h	22765AM554	22765AM553	LF9D012h	5AEB6721	EF9F 5FB4	N.AMERICA	WRX	2019	2.0L	Turbo	MT	-
LF9D030g	22765AM563	22765AM560	LF9D000g	3DDE0F56	A2B2 BCFA	N.AMERICA	WRX	2019	2.0L	Turbo	CVT	FED  CAL
LF9D030g	22765AM563	22765AM560	LF9D010g	3DDE0F56	A2B2 BCFA	N.AMERICA	WRX	2019	2.0L	Turbo	CVT	FED  CAL
LF9D030g	22765AM563	22765AM561	LF9D010g	3DDE0F56	A2B2 BCFA	N.AMERICA	WRX	2019	2.0L	Turbo	CVT	FED  CAL
LF9D030g	22765AM563	22765AM562	LF9D011g	3DDE0F56	A2B2 BCFA	N.AMERICA	WRX	2019	2.0L	Turbo	CVT	FED  CAL
LF9G100T	22765AN624	22765AN620	LF9G000T	F14823C9	48B9 A43B	N.AMERICA	WRX	2020	2.0L	Turbo	MT	-
LF9G100T	22765AN624	22765AN621	LF9G001T	F14823C9	48B9 A43B	N.AMERICA	WRX	2020	2.0L	Turbo	MT	-
LF9G100T	22765AN624	22765AN622	LF9G002T	F14823C9	48B9 A43B	N.AMERICA	WRX	2020	2.0L	Turbo	MT	-
LF9G100T	22765AN624	22765AN623	LF9G003T	F14823C9	48B9 A43B	N.AMERICA	WRX	2020	2.0L	Turbo	MT	-
LF9G002S	22765AN632	22765AN630	LF9G000S	D2C02B24	DE1F EAA7	N.AMERICA	WRX	2020	2.0L	Turbo	CVT	FED  CAL
LF9G002S	22765AN632	22765AN631	LF9G001S	D2C02B24	DE1F EAA7	N.AMERICA	WRX	2020	2.0L	Turbo	CVT	FED  CAL
LHBHB10C00G	22765AR885	22765AR880	LHBH610C00G	1D2C307A	A227 1CF5	N.AMERICA	WRX	2022	2.4L	Turbo	CVT	-
LHBHB10C00G	22765AR885	22765AR880	LHBH700C00G	1D2C307A	A227 1CF5	N.AMERICA	WRX	2022	2.4L	Turbo	CVT	-
LHBHB10C00G	22765AR885	22765AR880	LHBH710C00G	1D2C307A	A227 1CF5	N.AMERICA	WRX	2022	2.4L	Turbo	CVT	-
LHBHB10C00G	22765AR885	22765AR880	LHBH720C00G	1D2C307A	A227 1CF5	N.AMERICA	WRX	2022	2.4L	Turbo	CVT	-
LHBHB10C00G	22765AR885	22765AR880	LHBH730C00G	1D2C307A	A227 1CF5	N.AMERICA	WRX	2022	2.4L	Turbo	CVT	-
LHBHB10C00G	22765AR885	22765AR880	LHBH731C00G	1D2C307A	A227 1CF5	N.AMERICA	WRX	2022	2.4L	Turbo	CVT	-
LHBHB10C00G	22765AR885	22765AR880	LHBH740C00G	1D2C307A	A227 1CF5	N.AMERICA	WRX	2022	2.4L	Turbo	CVT	-
LHBHB10C00G	22765AR885	22765AR881	LHBH800C00G	1D2C307A	A227 1CF5	N.AMERICA	WRX	2022	2.4L	Turbo	CVT	-
LHBHB10C00G	22765AR885	22765AR882	LHBH900C00G	1D2C307A	A227 1CF5	N.AMERICA	WRX	2022	2.4L	Turbo	CVT	-
LHBHB10C00G	22765AR885	22765AR883	LHBHA00C00G	1D2C307A	A227 1CF5	N.AMERICA	WRX	2022	2.4L	Turbo	CVT	-
LHBHB10C00G	22765AR885	22765AR884	LHBHA10C00G	1D2C307A	A227 1CF5	N.AMERICA	WRX	2022	2.4L	Turbo	CVT	-
LHBHB10B00G	22765AR895	22765AR890	LHBH610B00G	944297E3	8481 1CF5	N.AMERICA	WRX	2022	2.4L	Turbo	MT	-
LHBHB10B00G	22765AR895	22765AR890	LHBH700B00G	944297E3	8481 1CF5	N.AMERICA	WRX	2022	2.4L	Turbo	MT	-
LHBHB10B00G	22765AR895	22765AR890	LHBH710B00G	944297E3	8481 1CF5	N.AMERICA	WRX	2022	2.4L	Turbo	MT	-
LHBHB10B00G	22765AR895	22765AR890	LHBH720B00G	944297E3	8481 1CF5	N.AMERICA	WRX	2022	2.4L	Turbo	MT	-
LHBHB10B00G	22765AR895	22765AR890	LHBH730B00G	944297E3	8481 1CF5	N.AMERICA	WRX	2022	2.4L	Turbo	MT	-
LHBHB10B00G	22765AR895	22765AR890	LHBH731B00G	944297E3	8481 1CF5	N.AMERICA	WRX	2022	2.4L	Turbo	MT	-
LHBHB10B00G	22765AR895	22765AR890	LHBH740B00G	944297E3	8481 1CF5	N.AMERICA	WRX	2022	2.4L	Turbo	MT	-
LHBHB10B00G	22765AR895	22765AR891	LHBH800B00G	944297E3	8481 1CF5	N.AMERICA	WRX	2022	2.4L	Turbo	MT	-
LHBHB10B00G	22765AR895	22765AR892	LHBH900B00G	944297E3	8481 1CF5	N.AMERICA	WRX	2022	2.4L	Turbo	MT	-
LHBHB10B00G	22765AR895	22765AR893	LHBHA00B00G	944297E3	8481 1CF5	N.AMERICA	WRX	2022	2.4L	Turbo	MT	-
LHBHB10B00G	22765AR895	22765AR894	LHBHA10B00G	944297E3	8481 1CF5	N.AMERICA	WRX	2022	2.4L	Turbo	MT	-
---	27536FL00B	27536FL00A	---	226E8952	---	N.AMERICA	Impreza	2017	2.0L	non-Turbo	CVT	FED  CAL
---	27536FL01B	27536FL01A	---	3060871E	---	N.AMERICA	Impreza	2017	2.0L	non-Turbo	CVT	FED  CAL
C7FBC080	30919AF71B	30919AF71A	C7FBC060	6BC61AC8	78D3F034	N.AMERICA	Legacy	2018	3.6L	non-Turbo	CVT	FED  CAL
C7FBE080	30919AF72B	30919AF72A	C7FBE060	AFD0DB68	8064F034	N.AMERICA	Outback	2018	3.6L	non-Turbo	CVT	FED  CAL
H9FDE080	30919AF931	30919AF930	H9FDE060	3E3736EF	C49D6A34	N.AMERICA	Forester	2018	2.0L	Turbo	CVT	FED  CAL
H3FDD080	30919AF801	30919AF800	H3FDD060	491C25AD	F82C6A34	N.AMERICA	WRX	2018	2.0L	Turbo	CVT	FED  CAL
01F0008100	29320AA012	29320AA010	01F0006200	596A5FFB	225CE5BF	N.AMERICA	XV Hybrid	2014	2.0L	non-Turbo	CVT	FED  CAL
01F0008100	29320AA012	29320AA011	01F0008000	596A5FFB	225CE5BF	N.AMERICA	XV Hybrid	2014	2.0L	non-Turbo	CVT	FED  CAL
02F0008000	29320AA031	29320AA030	02F0006100	C8C65312	8FE9A2CC	N.AMERICA	XV Hybrid	2015	2.0L	non-Turbo	CVT	FED  CAL
02F0008000	29320AA031	29320AA030	02F0006100	C8C65312	8FE9A2CC	N.AMERICA	Crosstrek Hybrid	2016	2.0L	non-Turbo	CVT	FED  CAL
01D2008100	82002FJ001_US	82002FJ000	01D2006100	852F08F8	3189E4D1	N.AMERICA	XV Hybrid	2014	2.0L	non-Turbo	CVT	FED  CAL
01D2008100	82002FJ001_US	82002FJ000	01D2008000	852F08F8	3189E4D1	N.AMERICA	XV Hybrid	2014	2.0L	non-Turbo	CVT	FED  CAL
02D2008000	82002FJ011_US	82002FJ010	02D2003000	00787F1C	E73086E1	N.AMERICA	XV Hybrid	2014	2.0L	non-Turbo	CVT	FED  CAL
02D2008000	82002FJ011_US	82002FJ010	02D2003000	00787F1C	E73086E1	N.AMERICA	XV Hybrid	2015	2.0L	non-Turbo	CVT	FED  CAL
02D2008000	82002FJ011_US	82002FJ010	02D2003000	00787F1C	E73086E1	N.AMERICA	Crosstrek Hybrid	2016	2.0L	non-Turbo	CVT	FED  CAL
ZA1JK10C	22765AK031	22765AK030	ZA1JK00C	54870256	03D3 D0F5	N.AMERICA	BRZ	2017	2.0L	non-Turbo	MT	FED  CAL
ZA1JN20C	22765AM101	22765AM100	ZA1JN00C	81B6BE7F	512F DBDA	N.AMERICA	BRZ	2018	2.0L	non-Turbo	MT	FED  CAL
ZA1JN20C	22765AM101	22765AM100	ZA1JN10C	81B6BE7F	512F DBDA	N.AMERICA	BRZ	2018	2.0L	non-Turbo	MT	FED  CAL
ZA1JS10C	22765AN211	22765AN210	ZA1JS00C	5D63E304	08D0 24F6	N.AMERICA	BRZ	2019	2.0L	non-Turbo	MT	FED  CAL
S1F66663	30919AG023	30919AG020	S1F66230	0EFC359E	8044 8945	N.AMERICA	Forester	2019	2.5L	non-Turbo	CVT	FED  CAL
S1F66663	30919AG023	30919AG021	S1F66260	0EFC359E	8044 8945	N.AMERICA	Forester	2019	2.5L	non-Turbo	CVT	FED  CAL
S1F66663	30919AG023	30919AG022	S1F66660	0EFC359E	8044 8945	N.AMERICA	Forester	2019	2.5L	non-Turbo	CVT	FED  CAL
S1F64663	30919AG033	30919AG030	S1F64230	AF5A4C1D	5ACA 8945	N.AMERICA	Forester	2019	2.5L	non-Turbo	CVT	FED  CAL
S1F64663	30919AG033	30919AG031	S1F64260	AF5A4C1D	5ACA 8945	N.AMERICA	Forester	2019	2.5L	non-Turbo	CVT	FED  CAL
S1F64663	30919AG033	30919AG032	S1F64660	AF5A4C1D	5ACA 8945	N.AMERICA	Forester	2019	2.5L	non-Turbo	CVT	FED  CAL
S1F66663	30919AG023	30919AG020	S1F66230	0EFC359E	8044 8945	N.AMERICA	Forester	2020	2.5L	non-Turbo	CVT	FED  CAL
S1F66663	30919AG023	30919AG021	S1F66260	0EFC359E	8044 8945	N.AMERICA	Forester	2020	2.5L	non-Turbo	CVT	FED  CAL
S1F66663	30919AG023	30919AG022	S1F66660	0EFC359E	8044 8945	N.AMERICA	Forester	2020	2.5L	non-Turbo	CVT	FED  CAL
S1F64663	30919AG033	30919AG030	S1F64230	AF5A4C1D	5ACA 8945	N.AMERICA	Forester	2020	2.5L	non-Turbo	CVT	FED  CAL
S1F64663	30919AG033	30919AG031	S1F64260	AF5A4C1D	5ACA 8945	N.AMERICA	Forester	2020	2.5L	non-Turbo	CVT	FED  CAL
S1F64663	30919AG033	30919AG032	S1F64660	AF5A4C1D	5ACA 8945	N.AMERICA	Forester	2020	2.5L	non-Turbo	CVT	FED  CAL
S1F66663	30919AG023	30919AG020	S1F66230	0EFC359E	8044 8945	N.AMERICA	Forester	2021	2.5L	non-Turbo	CVT	FED  CAL
S1F66663	30919AG023	30919AG021	S1F66260	0EFC359E	8044 8945	N.AMERICA	Forester	2021	2.5L	non-Turbo	CVT	FED  CAL
S1F66663	30919AG023	30919AG022	S1F66660	0EFC359E	8044 8945	N.AMERICA	Forester	2021	2.5L	non-Turbo	CVT	FED  CAL
S1F64663	30919AG033	30919AG030	S1F64230	AF5A4C1D	5ACA 8945	N.AMERICA	Forester	2021	2.5L	non-Turbo	CVT	FED  CAL
S1F64663	30919AG033	30919AG031	S1F64260	AF5A4C1D	5ACA 8945	N.AMERICA	Forester	2021	2.5L	non-Turbo	CVT	FED  CAL
S1F64663	30919AG033	30919AG032	S1F64660	AF5A4C1D	5ACA 8945	N.AMERICA	Forester	2021	2.5L	non-Turbo	CVT	FED  CAL
F5FDD080	30919AH821	30919AH820	F5FDD060	2D998EA7	5037A347	N.AMERICA	WRX	2020	2.0L	Turbo	CVT	FED  CAL
---	27596VA015	27596VA010	---	441C2F79	---	N.AMERICA	WRX	2015	2.0L	Turbo	CVT	FED  CAL
---	27596VA015	27596VA011	---	441C2F79	---	N.AMERICA	WRX	2015	2.0L	Turbo	CVT	FED  CAL
---	27596VA015	27596VA012	---	441C2F79	---	N.AMERICA	WRX	2015	2.0L	Turbo	CVT	FED  CAL
---	27596VA015	27596VA013	---	441C2F79	---	N.AMERICA	WRX	2015	2.0L	Turbo	CVT	FED  CAL
---	27596VA015	27596VA014	---	441C2F79	---	N.AMERICA	WRX	2015	2.0L	Turbo	CVT	FED  CAL
---	27596VA034_VER1	27596VA030	---	421EDEC3	---	N.AMERICA	WRX	2016	2.0L	Turbo	CVT	FED  CAL
---	27596VA034_VER1	27596VA031	---	421EDEC3	---	N.AMERICA	WRX	2016	2.0L	Turbo	CVT	FED  CAL
---	27596VA034_VER1	27596VA032	---	421EDEC3	---	N.AMERICA	WRX	2016	2.0L	Turbo	CVT	FED  CAL
---	27596VA034_VER1	27596VA033	---	421EDEC3	---	N.AMERICA	WRX	2016	2.0L	Turbo	CVT	FED  CAL
---	27596VA074_VER1	27596VA070	---	DAD5052B	---	N.AMERICA	WRX	2017	2.0L	Turbo	CVT	FED  CAL
---	27596VA074_VER1	27596VA071	---	DAD5052B	---	N.AMERICA	WRX	2017	2.0L	Turbo	CVT	FED  CAL
---	27596VA074_VER1	27596VA072	---	DAD5052B	---	N.AMERICA	WRX	2017	2.0L	Turbo	CVT	FED  CAL
---	27596VA074_VER1	27596VA073	---	DAD5052B	---	N.AMERICA	WRX	2017	2.0L	Turbo	CVT	FED  CAL
---	27596VA102	27596VA100	---	94859063	---	N.AMERICA	WRX	2018	2.0L	Turbo	CVT	FED  CAL
---	27596VA102	27596VA101	---	94859063	---	N.AMERICA	WRX	2018	2.0L	Turbo	CVT	FED  CAL
---	27596SJ750_del1	27596SJ010	---	A4E3D90C	---	N.AMERICA	Forester	2019	2.5L	non-Turbo	CVT	-
---	27596SJ750_del1	27596SJ050	---	A4E3D90C	---	N.AMERICA	Forester	2020	2.5L	non-Turbo	CVT	-
---	27596SJ091	27596SJ090	---	3B844F75	---	N.AMERICA	Forester	2021	2.5L	non-Turbo	CVT	-
---	27596SJ141	27596SJ140	---	CCA23D57	---	N.AMERICA	Forester	2022	2.5L	non-Turbo	CVT	-
---	27596AN00D	27596AN00A	---	019B84E3	---	N.AMERICA	Legacy	2020	2.4L	Turbo	CVT	FED  CAL
---	27596AN00D	27596AN00B	---	019B84E3	---	N.AMERICA	Legacy	2020	2.4L	Turbo	CVT	FED  CAL
---	27596AN00D	27596AN00C	---	019B84E3	---	N.AMERICA	Legacy	2020	2.4L	Turbo	CVT	FED  CAL
---	27596AN00D	27596AN00A	---	019B84E3	---	N.AMERICA	Legacy	2020	2.5L	non-Turbo	CVT	FED  CAL
---	27596AN00D	27596AN00B	---	019B84E3	---	N.AMERICA	Legacy	2020	2.5L	non-Turbo	CVT	FED  CAL
---	27596AN00D	27596AN00C	---	019B84E3	---	N.AMERICA	Legacy	2020	2.5L	non-Turbo	CVT	FED  CAL
---	27596AN00D	27596AN00A	---	019B84E3	---	N.AMERICA	Outback	2020	2.4L	Turbo	CVT	FED  CAL
---	27596AN00D	27596AN00B	---	019B84E3	---	N.AMERICA	Outback	2020	2.4L	Turbo	CVT	FED  CAL
---	27596AN00D	27596AN00C	---	019B84E3	---	N.AMERICA	Outback	2020	2.4L	Turbo	CVT	FED  CAL
---	27596AN00D	27596AN00A	---	019B84E3	---	N.AMERICA	Outback	2020	2.5L	non-Turbo	CVT	FED  CAL
---	27596AN00D	27596AN00B	---	019B84E3	---	N.AMERICA	Outback	2020	2.5L	non-Turbo	CVT	FED  CAL
---	27596AN00D	27596AN00C	---	019B84E3	---	N.AMERICA	Outback	2020	2.5L	non-Turbo	CVT	FED  CAL
---	27596AN00D	27596AN00A	---	019B84E3	---	N.AMERICA	Legacy	2021	2.4L	Turbo	CVT	FED  CAL
---	27596AN00D	27596AN00B	---	019B84E3	---	N.AMERICA	Legacy	2021	2.4L	Turbo	CVT	FED  CAL
---	27596AN00D	27596AN00C	---	019B84E3	---	N.AMERICA	Legacy	2021	2.4L	Turbo	CVT	FED  CAL
---	27596AN00D	27596AN00A	---	019B84E3	---	N.AMERICA	Legacy	2021	2.5L	non-Turbo	CVT	FED  CAL
---	27596AN00D	27596AN00B	---	019B84E3	---	N.AMERICA	Legacy	2021	2.5L	non-Turbo	CVT	FED  CAL
---	27596AN00D	27596AN00C	---	019B84E3	---	N.AMERICA	Legacy	2021	2.5L	non-Turbo	CVT	FED  CAL
---	27596AN00D	27596AN00A	---	019B84E3	---	N.AMERICA	Outback	2021	2.4L	Turbo	CVT	FED  CAL
---	27596AN00D	27596AN00B	---	019B84E3	---	N.AMERICA	Outback	2021	2.4L	Turbo	CVT	FED  CAL
---	27596AN00D	27596AN00C	---	019B84E3	---	N.AMERICA	Outback	2021	2.4L	Turbo	CVT	FED  CAL
---	27596AN00D	27596AN00A	---	019B84E3	---	N.AMERICA	Outback	2021	2.5L	non-Turbo	CVT	FED  CAL
---	27596AN00D	27596AN00B	---	019B84E3	---	N.AMERICA	Outback	2021	2.5L	non-Turbo	CVT	FED  CAL
---	27596AN00D	27596AN00C	---	019B84E3	---	N.AMERICA	Outback	2021	2.5L	non-Turbo	CVT	FED  CAL
---	27596AN00D	27596AN00A	---	019B84E3	---	N.AMERICA	Legacy	2022	2.4L	Turbo	CVT	FED  CAL
---	27596AN00D	27596AN00B	---	019B84E3	---	N.AMERICA	Legacy	2022	2.4L	Turbo	CVT	FED  CAL
---	27596AN00D	27596AN00C	---	019B84E3	---	N.AMERICA	Legacy	2022	2.4L	Turbo	CVT	FED  CAL
---	27596AN00D	27596AN00A	---	019B84E3	---	N.AMERICA	Legacy	2022	2.5L	non-Turbo	CVT	FED  CAL
---	27596AN00D	27596AN00B	---	019B84E3	---	N.AMERICA	Legacy	2022	2.5L	non-Turbo	CVT	FED  CAL
---	27596AN00D	27596AN00C	---	019B84E3	---	N.AMERICA	Legacy	2022	2.5L	non-Turbo	CVT	FED  CAL
---	27596AN00D	27596AN00A	---	019B84E3	---	N.AMERICA	Outback	2022	2.4L	Turbo	CVT	FED  CAL
---	27596AN00D	27596AN00B	---	019B84E3	---	N.AMERICA	Outback	2022	2.4L	Turbo	CVT	FED  CAL
---	27596AN00D	27596AN00C	---	019B84E3	---	N.AMERICA	Outback	2022	2.4L	Turbo	CVT	FED  CAL
---	27596AN00D	27596AN00A	---	019B84E3	---	N.AMERICA	Outback	2022	2.5L	non-Turbo	CVT	FED  CAL
---	27596AN00D	27596AN00B	---	019B84E3	---	N.AMERICA	Outback	2022	2.5L	non-Turbo	CVT	FED  CAL
---	27596AN00D	27596AN00C	---	019B84E3	---	N.AMERICA	Outback	2022	2.5L	non-Turbo	CVT	FED  CAL
---	27596AN01C	27596AN01A	---	16D710CC	---	N.AMERICA	Outback	2022	2.4L	Turbo	CVT	FED  CAL
---	27596AN01C	27596AN01B	---	16D710CC	---	N.AMERICA	Outback	2022	2.4L	Turbo	CVT	FED  CAL
---	98401SJ011	98401SJ010	---	CBD008D3	---	N.AMERICA	Forester	2019	2.5L	non-Turbo	CVT	FED  CAL
---	98401AN00Ato00B-1	98401AN00A	---	B80240B9	---	N.AMERICA	Legacy	2020	2.4L	Turbo	CVT	FED  CAL
---	98401AN00Ato00B-2	98401AN00A	---	E33027FA	---	N.AMERICA	Legacy	2020	2.4L	Turbo	CVT	FED  CAL
---	98401AN00Ato00B-1	98401AN00A	---	B80240B9	---	N.AMERICA	Legacy	2020	2.5L	non-Turbo	CVT	FED  CAL
---	98401AN00Ato00B-2	98401AN00A	---	E33027FA	---	N.AMERICA	Legacy	2020	2.5L	non-Turbo	CVT	FED  CAL
---	98401AN00Ato00B-1	98401AN00A	---	B80240B9	---	N.AMERICA	Outback	2020	2.4L	Turbo	CVT	FED  CAL
---	98401AN00Ato00B-2	98401AN00A	---	E33027FA	---	N.AMERICA	Outback	2020	2.4L	Turbo	CVT	FED  CAL
---	98401AN00Ato00B-1	98401AN00A	---	B80240B9	---	N.AMERICA	Outback	2020	2.5L	non-Turbo	CVT	FED  CAL
---	98401AN00Ato00B-2	98401AN00A	---	E33027FA	---	N.AMERICA	Outback	2020	2.5L	non-Turbo	CVT	FED  CAL
---	98401SJ010to013-1	98401SJ010	---	038BA84E	---	N.AMERICA	Forester	2019	2.5L	non-Turbo	CVT	FED  CAL
---	98401SJ010to013-1	98401SJ010	---	038BA84E	---	N.AMERICA	Forester	2020	2.5L	non-Turbo	CVT	FED  CAL
---	98401SJ010to013-2	98401SJ010	---	A65F57D4	---	N.AMERICA	Forester	2019	2.5L	non-Turbo	CVT	FED  CAL
---	98401SJ010to013-2	98401SJ010	---	A65F57D4	---	N.AMERICA	Forester	2020	2.5L	non-Turbo	CVT	FED  CAL
---	98401SJ011to013-1	98401SJ010	---	CFBB4ECE	---	N.AMERICA	Forester	2019	2.5L	non-Turbo	CVT	FED  CAL
---	98401SJ011to013-1	98401SJ011	---	CFBB4ECE	---	N.AMERICA	Forester	2019	2.5L	non-Turbo	CVT	FED  CAL
---	98401SJ011to013-1	98401SJ010	---	CFBB4ECE	---	N.AMERICA	Forester	2020	2.5L	non-Turbo	CVT	FED  CAL
---	98401SJ011to013-1	98401SJ011	---	CFBB4ECE	---	N.AMERICA	Forester	2020	2.5L	non-Turbo	CVT	FED  CAL
---	98401SJ011to013-2	98401SJ010	---	A65F57D4	---	N.AMERICA	Forester	2019	2.5L	non-Turbo	CVT	FED  CAL
---	98401SJ011to013-2	98401SJ011	---	A65F57D4	---	N.AMERICA	Forester	2019	2.5L	non-Turbo	CVT	FED  CAL
---	98401SJ011to013-2	98401SJ010	---	A65F57D4	---	N.AMERICA	Forester	2020	2.5L	non-Turbo	CVT	FED  CAL
---	98401SJ011to013-2	98401SJ011	---	A65F57D4	---	N.AMERICA	Forester	2020	2.5L	non-Turbo	CVT	FED  CAL
---	98401SJ012to013-1	98401SJ012	---	EA1EDD4A	---	N.AMERICA	Forester	2019	2.5L	non-Turbo	CVT	FED  CAL
---	98401SJ012to013-1	98401SJ012	---	EA1EDD4A	---	N.AMERICA	Forester	2020	2.5L	non-Turbo	CVT	FED  CAL
---	98401SJ012to013-2	98401SJ012	---	A65F57D4	---	N.AMERICA	Forester	2019	2.5L	non-Turbo	CVT	FED  CAL
---	98401SJ012to013-2	98401SJ012	---	A65F57D4	---	N.AMERICA	Forester	2020	2.5L	non-Turbo	CVT	FED  CAL
---	98401SJ110	98401SJ110	---	8F3B5BD6	---	N.AMERICA	Forester	2022	2.5L	non-Turbo	CVT	FED  CAL
---	98401SJ112	98401SJ111	---	FC993FCE	---	N.AMERICA	Forester	2022	2.5L	non-Turbo	CVT	FED  CAL
---	98401SJ112	98401SJ111	---	FC993FCE	---	N.AMERICA	Forester	2023	2.5L	non-Turbo	CVT	FED  CAL
---	26400VC011	26400VC010	---	99F80C9B	---	N.AMERICA	WRX	2022	2.4L	Turbo	CVT	-
---	26400VC011	26400VC010	---	99F80C9B	---	N.AMERICA	WRX	2023	2.4L	Turbo	CVT	-
LG7D900B00G	22765AM977	22765AM970	LG7D100B00G	954775AC	FF23 D4FE	N.AMERICA	Legacy	2020	2.4L	Turbo	CVT	FED  CAL
LG7D900B00G	22765AM977	22765AM970	LG7D200B00G	954775AC	FF23 D4FE	N.AMERICA	Legacy	2020	2.4L	Turbo	CVT	FED  CAL
LG7D900B00G	22765AM977	22765AM970	LG7D201B00G	954775AC	FF23 D4FE	N.AMERICA	Legacy	2020	2.4L	Turbo	CVT	FED  CAL
LG7D900B00G	22765AM977	22765AM970	LG7D310B00G	954775AC	FF23 D4FE	N.AMERICA	Legacy	2020	2.4L	Turbo	CVT	FED  CAL
LG7D900B00G	22765AM977	22765AM970	LG7D20ZB00G	954775AC	FF23 D4FE	N.AMERICA	Legacy	2020	2.4L	Turbo	CVT	FED  CAL
LG7D900B00G	22765AM977	22765AM971	LG7D320B00G	954775AC	FF23 D4FE	N.AMERICA	Legacy	2020	2.4L	Turbo	CVT	FED  CAL
LG7D900B00G	22765AM977	22765AM972	LG7D420B00G	954775AC	FF23 D4FE	N.AMERICA	Legacy	2020	2.4L	Turbo	CVT	FED  CAL
LG7D900B00G	22765AM977	22765AM972	LG7D430B00G	954775AC	FF23 D4FE	N.AMERICA	Legacy	2020	2.4L	Turbo	CVT	FED  CAL
LG7D900B00G	22765AM977	22765AM973	LG7D500B00G	954775AC	FF23 D4FE	N.AMERICA	Legacy	2020	2.4L	Turbo	CVT	FED  CAL
LG7D900B00G	22765AM977	22765AM974	LG7D501B00G	954775AC	FF23 D4FE	N.AMERICA	Legacy	2020	2.4L	Turbo	CVT	FED  CAL
LG7D900B00G	22765AM977	22765AM975	LG7D700B00G	954775AC	FF23 D4FE	N.AMERICA	Legacy	2020	2.4L	Turbo	CVT	FED  CAL
LG7D900B00G	22765AM977	22765AM976	LG7D800B00G	954775AC	FF23 D4FE	N.AMERICA	Legacy	2020	2.4L	Turbo	CVT	FED  CAL
LG7D900B00G	22765AM977	22765AM970	LG7D100B00G	954775AC	FF23 D4FE	N.AMERICA	Outback	2020	2.4L	Turbo	CVT	FED  CAL
LG7D900B00G	22765AM977	22765AM970	LG7D200B00G	954775AC	FF23 D4FE	N.AMERICA	Outback	2020	2.4L	Turbo	CVT	FED  CAL
LG7D900B00G	22765AM977	22765AM970	LG7D201B00G	954775AC	FF23 D4FE	N.AMERICA	Outback	2020	2.4L	Turbo	CVT	FED  CAL
LG7D900B00G	22765AM977	22765AM970	LG7D310B00G	954775AC	FF23 D4FE	N.AMERICA	Outback	2020	2.4L	Turbo	CVT	FED  CAL
LG7D900B00G	22765AM977	22765AM970	LG7D20ZB00G	954775AC	FF23 D4FE	N.AMERICA	Outback	2020	2.4L	Turbo	CVT	FED  CAL
LG7D900B00G	22765AM977	22765AM971	LG7D320B00G	954775AC	FF23 D4FE	N.AMERICA	Outback	2020	2.4L	Turbo	CVT	FED  CAL
LG7D900B00G	22765AM977	22765AM972	LG7D420B00G	954775AC	FF23 D4FE	N.AMERICA	Outback	2020	2.4L	Turbo	CVT	FED  CAL
LG7D900B00G	22765AM977	22765AM972	LG7D430B00G	954775AC	FF23 D4FE	N.AMERICA	Outback	2020	2.4L	Turbo	CVT	FED  CAL
LG7D900B00G	22765AM977	22765AM973	LG7D500B00G	954775AC	FF23 D4FE	N.AMERICA	Outback	2020	2.4L	Turbo	CVT	FED  CAL
LG7D900B00G	22765AM977	22765AM974	LG7D501B00G	954775AC	FF23 D4FE	N.AMERICA	Outback	2020	2.4L	Turbo	CVT	FED  CAL
LG7D900B00G	22765AM977	22765AM975	LG7D700B00G	954775AC	FF23 D4FE	N.AMERICA	Outback	2020	2.4L	Turbo	CVT	FED  CAL
LG7D900B00G	22765AM977	22765AM976	LG7D800B00G	954775AC	FF23 D4FE	N.AMERICA	Outback	2020	2.4L	Turbo	CVT	FED  CAL
LG7F600F00G	22765AR245	22765AR240	LG7F000F00G	004FF36F	4DB6 7A4B	N.AMERICA	Legacy	2021	2.4L	Turbo	CVT	FED  CAL
LG7F600F00G	22765AR245	22765AR240	LG7F100F00G	004FF36F	4DB6 7A4B	N.AMERICA	Legacy	2021	2.4L	Turbo	CVT	FED  CAL
LG7F600F00G	22765AR245	22765AR241	LG7F300F00G	004FF36F	4DB6 7A4B	N.AMERICA	Legacy	2021	2.4L	Turbo	CVT	FED  CAL
LG7F600F00G	22765AR245	22765AR242	LG7F301F00G	004FF36F	4DB6 7A4B	N.AMERICA	Legacy	2021	2.4L	Turbo	CVT	FED  CAL
LG7F600F00G	22765AR245	22765AR243	LG7F400F00G	004FF36F	4DB6 7A4B	N.AMERICA	Legacy	2021	2.4L	Turbo	CVT	FED  CAL
LG7F600F00G	22765AR245	22765AR244	LG7F500F00G	004FF36F	4DB6 7A4B	N.AMERICA	Legacy	2021	2.4L	Turbo	CVT	FED  CAL
LG7F600F00G	22765AR245	22765AR240	LG7F000F00G	004FF36F	4DB6 7A4B	N.AMERICA	Outback	2021	2.4L	Turbo	CVT	FED  CAL
LG7F600F00G	22765AR245	22765AR240	LG7F100F00G	004FF36F	4DB6 7A4B	N.AMERICA	Outback	2021	2.4L	Turbo	CVT	FED  CAL
LG7F600F00G	22765AR245	22765AR241	LG7F300F00G	004FF36F	4DB6 7A4B	N.AMERICA	Outback	2021	2.4L	Turbo	CVT	FED  CAL
LG7F600F00G	22765AR245	22765AR242	LG7F301F00G	004FF36F	4DB6 7A4B	N.AMERICA	Outback	2021	2.4L	Turbo	CVT	FED  CAL
LG7F600F00G	22765AR245	22765AR243	LG7F400F00G	004FF36F	4DB6 7A4B	N.AMERICA	Outback	2021	2.4L	Turbo	CVT	FED  CAL
LG7F600F00G	22765AR245	22765AR244	LG7F500F00G	004FF36F	4DB6 7A4B	N.AMERICA	Outback	2021	2.4L	Turbo	CVT	FED  CAL
LT8DB00A	22765AL739	22765AL730	LT8D200A	0DDE2284	3402 86B8	N.AMERICA	ASCENT	2019	2.4L	Turbo	CVT	FED  CAL
LT8DB00A	22765AL739	22765AL730	LT8D300A	0DDE2284	3402 86B8	N.AMERICA	ASCENT	2019	2.4L	Turbo	CVT	FED  CAL
LT8DB00A	22765AL739	22765AL730	LT8D302A	0DDE2284	3402 86B8	N.AMERICA	ASCENT	2019	2.4L	Turbo	CVT	FED  CAL
LT8DB00A	22765AL739	22765AL730	LT8D400A	0DDE2284	3402 86B8	N.AMERICA	ASCENT	2019	2.4L	Turbo	CVT	FED  CAL
LT8DB00A	22765AL739	22765AL730	LT8D401A	0DDE2284	3402 86B8	N.AMERICA	ASCENT	2019	2.4L	Turbo	CVT	FED  CAL
LT8DB00A	22765AL739	22765AL730	LT8D420A	0DDE2284	3402 86B8	N.AMERICA	ASCENT	2019	2.4L	Turbo	CVT	FED  CAL
LT8DB00A	22765AL739	22765AL731	LT8D500A	0DDE2284	3402 86B8	N.AMERICA	ASCENT	2019	2.4L	Turbo	CVT	FED  CAL
LT8DB00A	22765AL739	22765AL732	LT8D510A	0DDE2284	3402 86B8	N.AMERICA	ASCENT	2019	2.4L	Turbo	CVT	FED  CAL
LT8DB00A	22765AL739	22765AL733	LT8D600A	0DDE2284	3402 86B8	N.AMERICA	ASCENT	2019	2.4L	Turbo	CVT	FED  CAL
LT8DB00A	22765AL739	22765AL733	LT8D60WA	0DDE2284	3402 86B8	N.AMERICA	ASCENT	2019	2.4L	Turbo	CVT	FED  CAL
LT8DB00A	22765AL739	22765AL734	LT8D601A	0DDE2284	3402 86B8	N.AMERICA	ASCENT	2019	2.4L	Turbo	CVT	FED  CAL
LT8DB00A	22765AL739	22765AL735	LT8D700A	0DDE2284	3402 86B8	N.AMERICA	ASCENT	2019	2.4L	Turbo	CVT	FED  CAL
LT8DB00A	22765AL739	22765AL736	LT8D800A	0DDE2284	3402 86B8	N.AMERICA	ASCENT	2019	2.4L	Turbo	CVT	FED  CAL
LT8DB00A	22765AL739	22765AL737	LT8D900A	0DDE2284	3402 86B8	N.AMERICA	ASCENT	2019	2.4L	Turbo	CVT	FED  CAL
LT8DB00A	22765AL739	22765AL738	LT8DA00A	0DDE2284	3402 86B8	N.AMERICA	ASCENT	2019	2.4L	Turbo	CVT	FED  CAL
LT8F600C00G	22765AN506	22765AN500	LT8F100C00G	D0E053B2	85AC 2902	N.AMERICA	ASCENT	2020	2.4L	Turbo	CVT	FED  CAL
LT8F600C00G	22765AN506	22765AN500	LT8F101C00G	D0E053B2	85AC 2902	N.AMERICA	ASCENT	2020	2.4L	Turbo	CVT	FED  CAL
LT8F600C00G	22765AN506	22765AN501	LT8F102C00G	D0E053B2	85AC 2902	N.AMERICA	ASCENT	2020	2.4L	Turbo	CVT	FED  CAL
LT8F600C00G	22765AN506	22765AN502	LT8F200C00G	D0E053B2	85AC 2902	N.AMERICA	ASCENT	2020	2.4L	Turbo	CVT	FED  CAL
LT8F600C00G	22765AN506	22765AN503	LT8F300C00G	D0E053B2	85AC 2902	N.AMERICA	ASCENT	2020	2.4L	Turbo	CVT	FED  CAL
LT8F600C00G	22765AN506	22765AN504	LT8F400C00G	D0E053B2	85AC 2902	N.AMERICA	ASCENT	2020	2.4L	Turbo	CVT	FED  CAL
LT8F600C00G	22765AN506	22765AN505	LT8F500C00G	D0E053B2	85AC 2902	N.AMERICA	ASCENT	2020	2.4L	Turbo	CVT	FED  CAL
LT8H600D00G	22765AP824	22765AP820	LT8H000D00G	B681D094	BF0B 02BB	N.AMERICA	ASCENT	2021	2.4L	Turbo	CVT	FED  CAL
LT8H600D00G	22765AP824	22765AP820	LT8H100D00G	B681D094	BF0B 02BB	N.AMERICA	ASCENT	2021	2.4L	Turbo	CVT	FED  CAL
LT8H600D00G	22765AP824	22765AP821	LT8H300D00G	B681D094	BF0B 02BB	N.AMERICA	ASCENT	2021	2.4L	Turbo	CVT	FED  CAL
LT8H600D00G	22765AP824	22765AP822	LT8H400D00G	B681D094	BF0B 02BB	N.AMERICA	ASCENT	2021	2.4L	Turbo	CVT	FED  CAL
LT8H600D00G	22765AP824	22765AP823	LT8H500D00G	B681D094	BF0B 02BB	N.AMERICA	ASCENT	2021	2.4L	Turbo	CVT	FED  CAL
LT8J500F00G	22765AS003	22765AS000	LT8J000F00G	C3D40F22	B7B3 55A6	N.AMERICA	ASCENT	2022	2.4L	Turbo	CVT	FED  CAL
LT8J500F00G	22765AS003	22765AS000	LT8J100F00G	C3D40F22	B7B3 55A6	N.AMERICA	ASCENT	2022	2.4L	Turbo	CVT	FED  CAL
LT8J500F00G	22765AS003	22765AS001	LT8J300F00G	C3D40F22	B7B3 55A6	N.AMERICA	ASCENT	2022	2.4L	Turbo	CVT	FED  CAL
LT8J500F00G	22765AS003	22765AS002	LT8J400F00G	C3D40F22	B7B3 55A6	N.AMERICA	ASCENT	2022	2.4L	Turbo	CVT	FED  CAL
XE1P500E00G	22765AP922	22765AP920	XE1P100E00G	7BE0917B	4AC3 BBBA	N.AMERICA	Crosstrek	2021	2.0L	non-Turbo	MT	FED  CAL
XE1P500E00G	22765AP922	22765AP920	XE1P10ZE00G	7BE0917B	4AC3 BBBA	N.AMERICA	Crosstrek	2021	2.0L	non-Turbo	MT	FED  CAL
XE1P500E00G	22765AP922	22765AP921	XE1P101E00G	7BE0917B	4AC3 BBBA	N.AMERICA	Crosstrek	2021	2.0L	non-Turbo	MT	FED  CAL
XE1P500F00G	22765AP932	22765AP930	XE1P100F00G	CF1813CB	ACF4 11FE	N.AMERICA	Crosstrek	2021	2.0L	non-Turbo	CVT	FED  CAL
XE1P500F00G	22765AP932	22765AP931	XE1P101F00G	CF1813CB	ACF4 11FE	N.AMERICA	Crosstrek	2021	2.0L	non-Turbo	CVT	FED  CAL
ZA1JK01D	22765AK041	22765AK040	ZA1JK00D	9D286650	410A 3FB0	N.AMERICA	BRZ	2017	2.0L	non-Turbo	AT	FED  CAL
ZA1JN11D	22765AM111	22765AM110	ZA1JN00D	87854C54	48E7 EFCA	N.AMERICA	BRZ	2018	2.0L	non-Turbo	AT	FED  CAL
ZA1JN11D	22765AM111	22765AM110	ZA1JN10D	87854C54	48E7 EFCA	N.AMERICA	BRZ	2018	2.0L	non-Turbo	AT	FED  CAL
ZA1JS01D	22765AN221	22765AN220	ZA1JS00D	1403790F	542C 2BBF	N.AMERICA	BRZ	2019	2.0L	non-Turbo	AT	FED  CAL
ZA1JV01D00G	22765AP181	22765AP180	ZA1JV00D00G	B5C057E9	8C96 F178	N.AMERICA	BRZ	2020	2.0L	non-Turbo	AT	FED  CAL
R8FEE800	QMBT-0141_30919AF98D	30919AF98A	R8FEE200	1A855E79	A8C8 B59B	N.AMERICA	ASCENT	2019	2.4L	Turbo	CVT	FED  CAL
R8FEE800	QMBT-0141_30919AF98D	30919AF98A	R8FEE400	1A855E79	A8C8 B59B	N.AMERICA	ASCENT	2019	2.4L	Turbo	CVT	FED  CAL
R8FEE800	QMBT-0141_30919AF98D	30919AF98B	R8FEE600	1A855E79	A8C8 B59B	N.AMERICA	ASCENT	2019	2.4L	Turbo	CVT	FED  CAL
R8FEE800	QMBT-0141_30919AF98D	30919AF98C	R8FEE700	1A855E79	A8C8 B59B	N.AMERICA	ASCENT	2019	2.4L	Turbo	CVT	FED  CAL
R8FEE800	QMBT-0141_30919AF98D	30919AF98D	R8FEE800	1A855E79	A8C8 B59B	N.AMERICA	ASCENT	2019	2.4L	Turbo	CVT	FED  CAL
R8FEE800	QMBT-0141_30919AF98D	30919AF98E	R8FEE900	1A855E79	A8C8 B59B	N.AMERICA	ASCENT	2019	2.4L	Turbo	CVT	FED  CAL
R83EE000	30919AF98G	30919AF98D	R8FEE800	6CB17BE5	C64C BE6C	N.AMERICA	ASCENT	2019	2.4L	Turbo	CVT	FED  CAL
R83EE000	30919AF98G	30919AF98E	R8FEE900	6CB17BE5	C64C BE6C	N.AMERICA	ASCENT	2019	2.4L	Turbo	CVT	FED  CAL
R83EE000	30919AF98G	30919AF98F	R8FEEA00	6CB17BE5	C64C BE6C	N.AMERICA	ASCENT	2019	2.4L	Turbo	CVT	FED  CAL
R8FEF800	QMBT-0141_30919AF99D	30919AF99A	R8FEF200	BF018535	3930 B59B	N.AMERICA	ASCENT	2019	2.4L	Turbo	CVT	FED  CAL
R8FEF800	QMBT-0141_30919AF99D	30919AF99A	R8FEF400	BF018535	3930 B59B	N.AMERICA	ASCENT	2019	2.4L	Turbo	CVT	FED  CAL
R8FEF800	QMBT-0141_30919AF99D	30919AF99B	R8FEF600	BF018535	3930 B59B	N.AMERICA	ASCENT	2019	2.4L	Turbo	CVT	FED  CAL
R8FEF800	QMBT-0141_30919AF99D	30919AF99C	R8FEF700	BF018535	3930 B59B	N.AMERICA	ASCENT	2019	2.4L	Turbo	CVT	FED  CAL
R8FEF800	QMBT-0141_30919AF99D	30919AF99D	R8FEF800	BF018535	3930 B59B	N.AMERICA	ASCENT	2019	2.4L	Turbo	CVT	FED  CAL
R8FEF800	QMBT-0141_30919AF99D	30919AF99E	R8FEF900	BF018535	3930 B59B	N.AMERICA	ASCENT	2019	2.4L	Turbo	CVT	FED  CAL
R83EF000	30919AF99G	30919AF99D	R8FEF800	1648933C	834D BE6C	N.AMERICA	ASCENT	2019	2.4L	Turbo	CVT	FED  CAL
R83EF000	30919AF99G	30919AF99E	R8FEF900	1648933C	834D BE6C	N.AMERICA	ASCENT	2019	2.4L	Turbo	CVT	FED  CAL
R83EF000	30919AF99G	30919AF99F	R8FEFA00	1648933C	834D BE6C	N.AMERICA	ASCENT	2019	2.4L	Turbo	CVT	FED  CAL
Q9FEE900	QMBT-0141_30919AH13E	30919AH13A	Q9FEE200	2A8F4837	F8F8 242E	N.AMERICA	ASCENT	2020	2.4L	Turbo	CVT	FED  CAL
Q9FEE900	QMBT-0141_30919AH13E	30919AH13B	Q9FEE600	2A8F4837	F8F8 242E	N.AMERICA	ASCENT	2020	2.4L	Turbo	CVT	FED  CAL
Q9FEE900	QMBT-0141_30919AH13E	30919AH13C	Q9FEE700	2A8F4837	F8F8 242E	N.AMERICA	ASCENT	2020	2.4L	Turbo	CVT	FED  CAL
Q9FEE900	QMBT-0141_30919AH13E	30919AH13D	Q9FEE800	2A8F4837	F8F8 242E	N.AMERICA	ASCENT	2020	2.4L	Turbo	CVT	FED  CAL
Q9FEE900	QMBT-0141_30919AH13E	30919AH13E	Q9FEE900	2A8F4837	F8F8 242E	N.AMERICA	ASCENT	2020	2.4L	Turbo	CVT	FED  CAL
Q9FEE900	QMBT-0141_30919AH13E	30919AH13F	Q9FEEA00	2A8F4837	F8F8 242E	N.AMERICA	ASCENT	2020	2.4L	Turbo	CVT	FED  CAL
Q93EE100	30919AH13H	30919AH13E	Q9FEE900	B3DFD2E3	9BCC C0E8	N.AMERICA	ASCENT	2020	2.4L	Turbo	CVT	FED  CAL
Q93EE100	30919AH13H	30919AH13F	Q9FEEA00	B3DFD2E3	9BCC C0E8	N.AMERICA	ASCENT	2020	2.4L	Turbo	CVT	FED  CAL
Q93EE100	30919AH13H	30919AH13G	Q93EE000	B3DFD2E3	9BCC C0E8	N.AMERICA	ASCENT	2020	2.4L	Turbo	CVT	FED  CAL
Q9FEF900	QMBT-0141_30919AH14E	30919AH14A	Q9FEF200	43D63952	008D 242E	N.AMERICA	ASCENT	2020	2.4L	Turbo	CVT	FED  CAL
Q9FEF900	QMBT-0141_30919AH14E	30919AH14B	Q9FEF600	43D63952	008D 242E	N.AMERICA	ASCENT	2020	2.4L	Turbo	CVT	FED  CAL
Q9FEF900	QMBT-0141_30919AH14E	30919AH14C	Q9FEF700	43D63952	008D 242E	N.AMERICA	ASCENT	2020	2.4L	Turbo	CVT	FED  CAL
Q9FEF900	QMBT-0141_30919AH14E	30919AH14D	Q9FEF800	43D63952	008D 242E	N.AMERICA	ASCENT	2020	2.4L	Turbo	CVT	FED  CAL
Q9FEF900	QMBT-0141_30919AH14E	30919AH14E	Q9FEF900	43D63952	008D 242E	N.AMERICA	ASCENT	2020	2.4L	Turbo	CVT	FED  CAL
Q9FEF900	QMBT-0141_30919AH14E	30919AH14F	Q9FEFA00	43D63952	008D 242E	N.AMERICA	ASCENT	2020	2.4L	Turbo	CVT	FED  CAL
Q93EF100	30919AH14H	30919AH14E	Q9FEF900	B5D0FB3D	4640 C0E8	N.AMERICA	ASCENT	2020	2.4L	Turbo	CVT	FED  CAL
Q93EF100	30919AH14H	30919AH14F	Q9FEFA00	B5D0FB3D	4640 C0E8	N.AMERICA	ASCENT	2020	2.4L	Turbo	CVT	FED  CAL
Q93EF100	30919AH14H	30919AH14G	Q93EF000	B5D0FB3D	4640 C0E8	N.AMERICA	ASCENT	2020	2.4L	Turbo	CVT	FED  CAL
Q93EE100	30919AH13H	30919AH13E	Q9FEE900	B3DFD2E3	9BCC C0E8	N.AMERICA	ASCENT	2021	2.4L	Turbo	CVT	FED  CAL
Q93EE100	30919AH13H	30919AH13F	Q9FEEA00	B3DFD2E3	9BCC C0E8	N.AMERICA	ASCENT	2021	2.4L	Turbo	CVT	FED  CAL
Q93EE100	30919AH13H	30919AH13G	Q93EE000	B3DFD2E3	9BCC C0E8	N.AMERICA	ASCENT	2021	2.4L	Turbo	CVT	FED  CAL
Q93EF100	30919AH14H	30919AH14E	Q9FEF900	B5D0FB3D	4640 C0E8	N.AMERICA	ASCENT	2021	2.4L	Turbo	CVT	FED  CAL
Q93EF100	30919AH14H	30919AH14F	Q9FEFA00	B5D0FB3D	4640 C0E8	N.AMERICA	ASCENT	2021	2.4L	Turbo	CVT	FED  CAL
Q93EF100	30919AH14H	30919AH14G	Q93EF000	B5D0FB3D	4640 C0E8	N.AMERICA	ASCENT	2021	2.4L	Turbo	CVT	FED  CAL
N2FEE700	30919AJ53C	30919AJ53A	N2FEE200	18FF9444	44CE 31CF	N.AMERICA	ASCENT	2022	2.4L	Turbo	CVT	FED  CAL
N2FEE700	30919AJ53C	30919AJ53A	N2FEE400	18FF9444	44CE 31CF	N.AMERICA	ASCENT	2022	2.4L	Turbo	CVT	FED  CAL
N2FEE700	30919AJ53C	30919AJ53B	N2FEE600	18FF9444	44CE 31CF	N.AMERICA	ASCENT	2022	2.4L	Turbo	CVT	FED  CAL
N2FEF700	30919AJ54C	30919AJ54A	N2FEF200	4916A6D5	8DF7 31CF	N.AMERICA	ASCENT	2022	2.4L	Turbo	CVT	FED  CAL
N2FEF700	30919AJ54C	30919AJ54A	N2FEF400	4916A6D5	8DF7 31CF	N.AMERICA	ASCENT	2022	2.4L	Turbo	CVT	FED  CAL
N2FEF700	30919AJ54C	30919AJ54B	N2FEF600	4916A6D5	8DF7 31CF	N.AMERICA	ASCENT	2022	2.4L	Turbo	CVT	FED  CAL
C7FEC740	QMBT-0141_30919AG75C	30919AG75A	C7FEC230	933736B4	53A4 4649	N.AMERICA	Legacy	2020	2.4L	Turbo	CVT	FED  CAL
C7FEC740	QMBT-0141_30919AG75C	30919AG75A	C7FEC240	933736B4	53A4 4649	N.AMERICA	Legacy	2020	2.4L	Turbo	CVT	FED  CAL
C7FEC740	QMBT-0141_30919AG75C	30919AG75A	C7FEC440	933736B4	53A4 4649	N.AMERICA	Legacy	2020	2.4L	Turbo	CVT	FED  CAL
C7FEC740	QMBT-0141_30919AG75C	30919AG75A	C7FEC540	933736B4	53A4 4649	N.AMERICA	Legacy	2020	2.4L	Turbo	CVT	FED  CAL
C7FEC740	QMBT-0141_30919AG75C	30919AG75B	C7FEC640	933736B4	53A4 4649	N.AMERICA	Legacy	2020	2.4L	Turbo	CVT	FED  CAL
C7FEC740	QMBT-0141_30919AG75C	30919AG75C	C7FEC740	933736B4	53A4 4649	N.AMERICA	Legacy	2020	2.4L	Turbo	CVT	FED  CAL
C7FEC740	QMBT-0141_30919AG75C	30919AG75D	C7FEC840	933736B4	53A4 4649	N.AMERICA	Legacy	2020	2.4L	Turbo	CVT	FED  CAL
C7FEC840	30919AG75D	30919AG75C	C7FEC740	F7DE7793	A5E3 6D38	N.AMERICA	Legacy	2020	2.4L	Turbo	CVT	FED  CAL
C7FEC840	30919AG75D	30919AG75C	C7FEC740	F7DE7793	A5E3 6D38	N.AMERICA	Legacy	2020	2.4L	Turbo	CVT	FED  CAL
C7FEC840	30919AG75D	30919AG75C	C7FEC740	F7DE7793	A5E3 6D38	N.AMERICA	Legacy	2021	2.4L	Turbo	CVT	FED  CAL
A9FEC640	30919AJ48B	30919AJ48A	A9FEC240	306A9BDE	5722 CFAB	N.AMERICA	Legacy	2022	2.4L	Turbo	CVT	FED  CAL
A9FEC640	30919AJ48B	30919AJ48A	A9FEC440	306A9BDE	5722 CFAB	N.AMERICA	Legacy	2022	2.4L	Turbo	CVT	FED  CAL
C7FEF740	QMBT-0141_30919AG76C	30919AG76A	C7FEF230	CD3719E3	73F7 4649	N.AMERICA	Outback	2020	2.4L	Turbo	CVT	FED  CAL
C7FEF740	QMBT-0141_30919AG76C	30919AG76A	C7FEF240	CD3719E3	73F7 4649	N.AMERICA	Outback	2020	2.4L	Turbo	CVT	FED  CAL
C7FEF740	QMBT-0141_30919AG76C	30919AG76A	C7FEF440	CD3719E3	73F7 4649	N.AMERICA	Outback	2020	2.4L	Turbo	CVT	FED  CAL
C7FEF740	QMBT-0141_30919AG76C	30919AG76A	C7FEF540	CD3719E3	73F7 4649	N.AMERICA	Outback	2020	2.4L	Turbo	CVT	FED  CAL
C7FEF740	QMBT-0141_30919AG76C	30919AG76B	C7FEF640	CD3719E3	73F7 4649	N.AMERICA	Outback	2020	2.4L	Turbo	CVT	FED  CAL
C7FEF740	QMBT-0141_30919AG76C	30919AG76C	C7FEF740	CD3719E3	73F7 4649	N.AMERICA	Outback	2020	2.4L	Turbo	CVT	FED  CAL
C7FEF740	QMBT-0141_30919AG76C	30919AG76D	C7FEF840	CD3719E3	73F7 4649	N.AMERICA	Outback	2020	2.4L	Turbo	CVT	FED  CAL
C7FEF840	30919AG76D	30919AG76C	C7FEF740	C084BD9F	9A9A 6D38	N.AMERICA	Outback	2020	2.4L	Turbo	CVT	FED  CAL
C7FEF840	30919AG76D	30919AG76C	C7FEF740	C084BD9F	9A9A 6D38	N.AMERICA	Outback	2020	2.4L	Turbo	CVT	FED  CAL
C7FEF840	30919AG76D	30919AG76C	C7FEF740	C084BD9F	9A9A 6D38	N.AMERICA	Outback	2021	2.4L	Turbo	CVT	FED  CAL
A9FEF640	30919AJ49B	30919AJ49A	A9FEF240	D40C8A85	C5AB CFAB	N.AMERICA	Outback	2022	2.4L	Turbo	CVT	FED  CAL
A9FEF640	30919AJ49B	30919AJ49A	A9FEF440	D40C8A85	C5AB CFAB	N.AMERICA	Outback	2022	2.4L	Turbo	CVT	FED  CAL
A98EF730	30919AJ11C	30919AJ11A	A98EF230	11D79226	6A54 CFAB	N.AMERICA	Outback	2022	2.4L	Turbo	CVT	-
A98EF730	30919AJ11C	30919AJ11A	A98EF430	11D79226	6A54 CFAB	N.AMERICA	Outback	2022	2.4L	Turbo	CVT	-
A98EF730	30919AJ11C	30919AJ11B	A98EF630	11D79226	6A54 CFAB	N.AMERICA	Outback	2022	2.4L	Turbo	CVT	-
XE1M500C00G	22765AP11D	22765AP11A	XE1M110C00G	7D36F368	DD99 D0A9	N.AMERICA	Impreza	2020	2.0L	non-Turbo	MT	FED  CAL
XE1M500C00G	22765AP11D	22765AP11B	XE1M300C00G	7D36F368	DD99 D0A9	N.AMERICA	Impreza	2020	2.0L	non-Turbo	MT	FED  CAL
XE1M500C00G	22765AP11D	22765AP11B	XE1M30ZC00G	7D36F368	DD99 D0A9	N.AMERICA	Impreza	2020	2.0L	non-Turbo	MT	FED  CAL
XE1M500C00G	22765AP11D	22765AP11C	XE1M301C00G	7D36F368	DD99 D0A9	N.AMERICA	Impreza	2020	2.0L	non-Turbo	MT	FED  CAL
XE1M500A00G	22765AP12D	22765AP12A	XE1M110A00G	D7A1DB9B	4868 76E4	N.AMERICA	Impreza	2020	2.0L	non-Turbo	MT	FED  CAL
XE1M500A00G	22765AP12D	22765AP12B	XE1M300A00G	D7A1DB9B	4868 76E4	N.AMERICA	Impreza	2020	2.0L	non-Turbo	MT	FED  CAL
XE1M500A00G	22765AP12D	22765AP12B	XE1M30ZA00G	D7A1DB9B	4868 76E4	N.AMERICA	Impreza	2020	2.0L	non-Turbo	MT	FED  CAL
XE1M500A00G	22765AP12D	22765AP12C	XE1M301A00G	D7A1DB9B	4868 76E4	N.AMERICA	Impreza	2020	2.0L	non-Turbo	MT	FED  CAL
XE1M500D00G	22765AP13D	22765AP13A	XE1M110D00G	D2C975EC	9E0F E2C5	N.AMERICA	Impreza	2020	2.0L	non-Turbo	CVT	FED  CAL
XE1M500D00G	22765AP13D	22765AP13B	XE1M300D00G	D2C975EC	9E0F E2C5	N.AMERICA	Impreza	2020	2.0L	non-Turbo	CVT	FED  CAL
XE1M500D00G	22765AP13D	22765AP13C	XE1M400D00G	D2C975EC	9E0F E2C5	N.AMERICA	Impreza	2020	2.0L	non-Turbo	CVT	FED  CAL
XE1M500B00G	22765AP14D	22765AP14A	XE1M110B00G	7B3A4703	5D5F 39C0	N.AMERICA	Impreza	2020	2.0L	non-Turbo	CVT	FED  CAL
XE1M500B00G	22765AP14D	22765AP14B	XE1M300B00G	7B3A4703	5D5F 39C0	N.AMERICA	Impreza	2020	2.0L	non-Turbo	CVT	FED  CAL
XE1M500B00G	22765AP14D	22765AP14C	XE1M400B00G	7B3A4703	5D5F 39C0	N.AMERICA	Impreza	2020	2.0L	non-Turbo	CVT	FED  CAL
XE1M500E00G	22765AN933	22765AN930	XE1M110E00G	FDD0BD32	E98F F978	N.AMERICA	Crosstrek	2020	2.0L	non-Turbo	MT	FED  CAL
XE1M500E00G	22765AN933	22765AN931	XE1M300E00G	FDD0BD32	E98F F978	N.AMERICA	Crosstrek	2020	2.0L	non-Turbo	MT	FED  CAL
XE1M500E00G	22765AN933	22765AN931	XE1M30ZE00G	FDD0BD32	E98F F978	N.AMERICA	Crosstrek	2020	2.0L	non-Turbo	MT	FED  CAL
XE1M500E00G	22765AN933	22765AN932	XE1M301E00G	FDD0BD32	E98F F978	N.AMERICA	Crosstrek	2020	2.0L	non-Turbo	MT	FED  CAL
XE1M500F00G	22765AN952	22765AN950	XE1M200F00G	18F232B0	219D 7F12	N.AMERICA	Crosstrek	2020	2.0L	non-Turbo	CVT	FED  CAL
XE1M500F00G	22765AN952	22765AN950	XE1M201F00G	18F232B0	219D 7F12	N.AMERICA	Crosstrek	2020	2.0L	non-Turbo	CVT	FED  CAL
XE1M500F00G	22765AN952	22765AN951	XE1M300F00G	18F232B0	219D 7F12	N.AMERICA	Crosstrek	2020	2.0L	non-Turbo	CVT	FED  CAL
XE1J402m00G	22765AN20F	22765AN20A	XE1J030m00G	D5BF42DF	C010 FC3A	N.AMERICA	Legacy	2020	2.5L	non-Turbo	CVT	-
XE1J402m00G	22765AN20F	22765AN20A	XE1J03Zm00G	D5BF42DF	C010 FC3A	N.AMERICA	Legacy	2020	2.5L	non-Turbo	CVT	-
XE1J402m00G	22765AN20F	22765AN20A	XE1J100m00G	D5BF42DF	C010 FC3A	N.AMERICA	Legacy	2020	2.5L	non-Turbo	CVT	-
XE1J402m00G	22765AN20F	22765AN20B	XE1J300m00G	D5BF42DF	C010 FC3A	N.AMERICA	Legacy	2020	2.5L	non-Turbo	CVT	-
XE1J402m00G	22765AN20F	22765AN20C	XE1J301m00G	D5BF42DF	C010 FC3A	N.AMERICA	Legacy	2020	2.5L	non-Turbo	CVT	-
XE1J402m00G	22765AN20F	22765AN20D	XE1J400m00G	D5BF42DF	C010 FC3A	N.AMERICA	Legacy	2020	2.5L	non-Turbo	CVT	-
XE1J402m00G	22765AN20F	22765AN20E	XE1J401m00G	D5BF42DF	C010 FC3A	N.AMERICA	Legacy	2020	2.5L	non-Turbo	CVT	-
XE1J402n00G	22765AP54F	22765AP54A	XE1J030n00G	FDEA31B6	9F5E 1CDF	N.AMERICA	Outback	2020	2.5L	non-Turbo	CVT	-
XE1J402n00G	22765AP54F	22765AP54A	XE1J100n00G	FDEA31B6	9F5E 1CDF	N.AMERICA	Outback	2020	2.5L	non-Turbo	CVT	-
XE1J402n00G	22765AP54F	22765AP54B	XE1J300n00G	FDEA31B6	9F5E 1CDF	N.AMERICA	Outback	2020	2.5L	non-Turbo	CVT	-
XE1J402n00G	22765AP54F	22765AP54C	XE1J301n00G	FDEA31B6	9F5E 1CDF	N.AMERICA	Outback	2020	2.5L	non-Turbo	CVT	-
XE1J402n00G	22765AP54F	22765AP54D	XE1J400n00G	FDEA31B6	9F5E 1CDF	N.AMERICA	Outback	2020	2.5L	non-Turbo	CVT	-
XE1J402n00G	22765AP54F	22765AP54E	XE1J401n00G	FDEA31B6	9F5E 1CDF	N.AMERICA	Outback	2020	2.5L	non-Turbo	CVT	-
XE1P502m00G	22765AR18D	22765AR18A	XE1P010m00G	170D8F4E	6D6F B5D9	N.AMERICA	Legacy	2021	2.5L	non-Turbo	CVT	-
XE1P502m00G	22765AR18D	22765AR18B	XE1P500m00G	170D8F4E	6D6F B5D9	N.AMERICA	Legacy	2021	2.5L	non-Turbo	CVT	-
XE1P502m00G	22765AR18D	22765AR18C	XE1P501m00G	170D8F4E	6D6F B5D9	N.AMERICA	Legacy	2021	2.5L	non-Turbo	CVT	-
XE1P502n00G	22765AR19D	22765AR19A	XE1P010n00G	4C372166	7231 B5D9	N.AMERICA	Outback	2021	2.5L	non-Turbo	CVT	-
XE1P502n00G	22765AR19D	22765AR19B	XE1P500n00G	4C372166	7231 B5D9	N.AMERICA	Outback	2021	2.5L	non-Turbo	CVT	-
XE1P502n00G	22765AR19D	22765AR19C	XE1P501n00G	4C372166	7231 B5D9	N.AMERICA	Outback	2021	2.5L	non-Turbo	CVT	-
XE1Q202m00G	22765AS22D	22765AS22A	XE1Q000m00G	69AE7554	2F68 2FF7	N.AMERICA	Legacy	2022	2.5L	non-Turbo	CVT	-
XE1Q202m00G	22765AS22D	22765AS22B	XE1Q200m00G	69AE7554	2F68 2FF7	N.AMERICA	Legacy	2022	2.5L	non-Turbo	CVT	-
XE1Q202m00G	22765AS22D	22765AS22C	XE1Q201m00G	69AE7554	2F68 2FF7	N.AMERICA	Legacy	2022	2.5L	non-Turbo	CVT	-
XE1Q202n00G	22765AS23D	22765AS23A	XE1Q000n00G	F44C7C7E	B23E 2FF7	N.AMERICA	Outback	2022	2.5L	non-Turbo	CVT	-
XE1Q202n00G	22765AS23D	22765AS23B	XE1Q200n00G	F44C7C7E	B23E 2FF7	N.AMERICA	Outback	2022	2.5L	non-Turbo	CVT	-
XE1Q202n00G	22765AS23D	22765AS23C	XE1Q201n00G	F44C7C7E	B23E 2FF7	N.AMERICA	Outback	2022	2.5L	non-Turbo	CVT	-
LG7G500G00G	22765AR993	22765AR990	LG7G100G00G	B11BCE83	B1E7 BEAF	N.AMERICA	Legacy	2022	2.4L	Turbo	CVT	FED  CAL
LG7G500G00G	22765AR993	22765AR991	LG7G300G00G	B11BCE83	B1E7 BEAF	N.AMERICA	Legacy	2022	2.4L	Turbo	CVT	FED  CAL
LG7G500G00G	22765AR993	22765AR992	LG7G400G00G	B11BCE83	B1E7 BEAF	N.AMERICA	Legacy	2022	2.4L	Turbo	CVT	FED  CAL
LG7G500G00G	22765AR993	22765AR990	LG7G100G00G	B11BCE83	B1E7 BEAF	N.AMERICA	Outback	2022	2.4L	Turbo	CVT	FED  CAL
LG7G500G00G	22765AR993	22765AR991	LG7G300G00G	B11BCE83	B1E7 BEAF	N.AMERICA	Outback	2022	2.4L	Turbo	CVT	FED  CAL
LG7G500G00G	22765AR993	22765AR992	LG7G400G00G	B11BCE83	B1E7 BEAF	N.AMERICA	Outback	2022	2.4L	Turbo	CVT	FED  CAL
LG7G500H00G	22765AR253	22765AR250	LG7G000H00G	0B2A5DBD	626F BEAF	N.AMERICA	Outback	2022	2.4L	Turbo	CVT	FED  CAL
LG7G500H00G	22765AR253	22765AR250	LG7G100H00G	0B2A5DBD	626F BEAF	N.AMERICA	Outback	2022	2.4L	Turbo	CVT	FED  CAL
LG7G500H00G	22765AR253	22765AR251	LG7G300H00G	0B2A5DBD	626F BEAF	N.AMERICA	Outback	2022	2.4L	Turbo	CVT	FED  CAL
LG7G500H00G	22765AR253	22765AR252	LG7G400H00G	0B2A5DBD	626F BEAF	N.AMERICA	Outback	2022	2.4L	Turbo	CVT	FED  CAL
XE1P500C00G	22765AP84C	22765AP84A	XE1P100C00G	82CE2831	394A EBF4	N.AMERICA	Impreza	2021	2.0L	non-Turbo	MT	FED  CAL
XE1P500C00G	22765AP84C	22765AP84A	XE1P10ZC00G	82CE2831	394A EBF4	N.AMERICA	Impreza	2021	2.0L	non-Turbo	MT	FED  CAL
XE1P500C00G	22765AP84C	22765AP84B	XE1P101C00G	82CE2831	394A EBF4	N.AMERICA	Impreza	2021	2.0L	non-Turbo	MT	FED  CAL
XE1P500A00G	22765AP85C	22765AP85A	XE1P100A00G	93FBB29A	7BB0 8ADD	N.AMERICA	Impreza	2021	2.0L	non-Turbo	MT	FED  CAL
XE1P500A00G	22765AP85C	22765AP85A	XE1P10ZA00G	93FBB29A	7BB0 8ADD	N.AMERICA	Impreza	2021	2.0L	non-Turbo	MT	FED  CAL
XE1P500A00G	22765AP85C	22765AP85B	XE1P101A00G	93FBB29A	7BB0 8ADD	N.AMERICA	Impreza	2021	2.0L	non-Turbo	MT	FED  CAL
XE1P500D00G	22765AP86C	22765AP86A	XE1P100D00G	A8F10D31	B241 4595	N.AMERICA	Impreza	2021	2.0L	non-Turbo	CVT	FED  CAL
XE1P500D00G	22765AP86C	22765AP86B	XE1P400D00G	A8F10D31	B241 4595	N.AMERICA	Impreza	2021	2.0L	non-Turbo	CVT	FED  CAL
XE1P500B00G	22765AP87C	22765AP87A	XE1P100B00G	BE951B1F	9D1D C485	N.AMERICA	Impreza	2021	2.0L	non-Turbo	CVT	FED  CAL
XE1P500B00G	22765AP87C	22765AP87B	XE1P400B00G	BE951B1F	9D1D C485	N.AMERICA	Impreza	2021	2.0L	non-Turbo	CVT	FED  CAL
XE1P502G00G	22765AP813	22765AP810	XE1P010G00G	D90188D6	DFF0 FE7D	N.AMERICA	Crosstrek	2021	2.5L	non-Turbo	CVT	-
XE1P502G00G	22765AP813	22765AP811	XE1P500G00G	D90188D6	DFF0 FE7D	N.AMERICA	Crosstrek	2021	2.5L	non-Turbo	CVT	-
XE1P502G00G	22765AP813	22765AP812	XE1P501G00G	D90188D6	DFF0 FE7D	N.AMERICA	Crosstrek	2021	2.5L	non-Turbo	CVT	-
XE1R200C00G	22765AS27B	22765AS27A	XE1R010C00G	A06D93F0	FC89 837E	N.AMERICA	Impreza	2022	2.0L	non-Turbo	MT	FED  CAL
XE1R200C00G	22765AS27B	22765AS27A	XE1R011C00G	A06D93F0	FC89 837E	N.AMERICA	Impreza	2022	2.0L	non-Turbo	MT	FED  CAL
XE1R200A00G	22765AS28B	22765AS28A	XE1R010A00G	E7D2B96A	9A62 C43B	N.AMERICA	Impreza	2022	2.0L	non-Turbo	MT	FED  CAL
XE1R200A00G	22765AS28B	22765AS28A	XE1R011A00G	E7D2B96A	9A62 C43B	N.AMERICA	Impreza	2022	2.0L	non-Turbo	MT	FED  CAL
XE1R200D00G	22765AS29B	22765AS29A	XE1R010D00G	2E99EA2B	1A49 25A5	N.AMERICA	Impreza	2022	2.0L	non-Turbo	CVT	FED  CAL
XE1R200D00G	22765AS29B	22765AS29A	XE1R100D00G	2E99EA2B	1A49 25A5	N.AMERICA	Impreza	2022	2.0L	non-Turbo	CVT	FED  CAL
XE1R200B00G	22765AS30B	22765AS30A	XE1R010B00G	5E252BEA	601A 0CF7	N.AMERICA	Impreza	2022	2.0L	non-Turbo	CVT	FED  CAL
XE1R200B00G	22765AS30B	22765AS30A	XE1R100B00G	5E252BEA	601A 0CF7	N.AMERICA	Impreza	2022	2.0L	non-Turbo	CVT	FED  CAL
XE1R200E00G	22765AS311	22765AS310	XE1R010E00G	2B358510	C3EC 6E7A	N.AMERICA	Crosstrek	2022	2.0L	non-Turbo	MT	FED  CAL
XE1R200E00G	22765AS311	22765AS310	XE1R011E00G	2B358510	C3EC 6E7A	N.AMERICA	Crosstrek	2022	2.0L	non-Turbo	MT	FED  CAL
XE1R200F00G	22765AS321	22765AS320	XE1R010F00G	8F4C1AE5	1276 A33C	N.AMERICA	Crosstrek	2022	2.0L	non-Turbo	CVT	FED  CAL
XE1R202G00G	22765AS343	22765AS340	XE1R010G00G	71271247	3ED4 9AC1	N.AMERICA	Crosstrek	2022	2.5L	non-Turbo	CVT	-
XE1R202G00G	22765AS343	22765AS341	XE1R200G00G	71271247	3ED4 9AC1	N.AMERICA	Crosstrek	2022	2.5L	non-Turbo	CVT	-
XE1R202G00G	22765AS343	22765AS342	XE1R201G00G	71271247	3ED4 9AC1	N.AMERICA	Crosstrek	2022	2.5L	non-Turbo	CVT	-
XE1W012G00G	22765AT152	22765AT150	XE1U030G00G	1ECFE976	65A4 13FA	N.AMERICA	Crosstrek	2023	2.5L	non-Turbo	CVT	-
XE1W012G00G	22765AT152	22765AT150	XE1W010G00G	1ECFE976	65A4 13FA	N.AMERICA	Crosstrek	2023	2.5L	non-Turbo	CVT	-
XE1W012G00G	22765AT152	22765AT151	XE1W011G00G	1ECFE976	65A4 13FA	N.AMERICA	Crosstrek	2023	2.5L	non-Turbo	CVT	-
XE1W011E00G	22765AT131	22765AT130	XE1U030E00G	63E869EF	DE70 4438	N.AMERICA	Crosstrek	2023	2.0L	non-Turbo	6MT	-
XE1W011E00G	22765AT131	22765AT130	XE1W010E00G	63E869EF	DE70 4438	N.AMERICA	Crosstrek	2023	2.0L	non-Turbo	6MT	-
XE1W011F00G	22765AT141	22765AT140	XE1U030F00G	D913AEB1	A9EA 4A3E	N.AMERICA	Crosstrek	2023	2.0L	non-Turbo	CVT	-
XE1W011F00G	22765AT141	22765AT140	XE1W010F00G	D913AEB1	A9EA 4A3E	N.AMERICA	Crosstrek	2023	2.0L	non-Turbo	CVT	-
XE1W011C00G	22765AT09B	22765AT09A	XE1U030C00G	401CF814	C2C4 D388	N.AMERICA	Impreza	2023	2.0L	non-Turbo	5MT	-
XE1W011C00G	22765AT09B	22765AT09A	XE1W010C00G	401CF814	C2C4 D388	N.AMERICA	Impreza	2023	2.0L	non-Turbo	5MT	-
XE1W011A00G	22765AT10B	22765AT10A	XE1W010A00G	DEBDA228	3E7F FB59	N.AMERICA	Impreza	2023	2.0L	non-Turbo	5MT	-
XE1W011A00G	22765AT10B	22765AT10A	XE1U030A00G	DEBDA228	3E7F FB59	N.AMERICA	Impreza	2023	2.0L	non-Turbo	5MT	-
XE1W011D00G	22765AT11B	22765AT11A	XE1U030D00G	EC5B6DA7	AE48 F445	N.AMERICA	Impreza	2023	2.0L	non-Turbo	CVT	-
XE1W011D00G	22765AT11B	22765AT11A	XE1W010D00G	EC5B6DA7	AE48 F445	N.AMERICA	Impreza	2023	2.0L	non-Turbo	CVT	-
XE1W011B00G	22765AT12B	22765AT12A	XE1U030B00G	335DF2C2	8DA2 495E	N.AMERICA	Impreza	2023	2.0L	non-Turbo	CVT	-
XE1W011B00G	22765AT12B	22765AT12A	XE1W010B00G	335DF2C2	8DA2 495E	N.AMERICA	Impreza	2023	2.0L	non-Turbo	CVT	-
XE1F900A	22765AL825	22765AL820	XE1F200A	41631B25	BE4C 2F19	N.AMERICA	Forester	2019	2.5L	non-Turbo	CVT	-
XE1F900A	22765AL825	22765AL820	XE1F20ZA	41631B25	BE4C 2F19	N.AMERICA	Forester	2019	2.5L	non-Turbo	CVT	-
XE1F900A	22765AL825	22765AL820	XE1F201A	41631B25	BE4C 2F19	N.AMERICA	Forester	2019	2.5L	non-Turbo	CVT	-
XE1F900A	22765AL825	22765AL820	XE1F20YA	41631B25	BE4C 2F19	N.AMERICA	Forester	2019	2.5L	non-Turbo	CVT	-
XE1F900A	22765AL825	22765AL820	XE1F20XA	41631B25	BE4C 2F19	N.AMERICA	Forester	2019	2.5L	non-Turbo	CVT	-
XE1F900A	22765AL825	22765AL820	XE1F202A	41631B25	BE4C 2F19	N.AMERICA	Forester	2019	2.5L	non-Turbo	CVT	-
XE1F900A	22765AL825	22765AL821	XE1F202A	41631B25	BE4C 2F19	N.AMERICA	Forester	2019	2.5L	non-Turbo	CVT	-
XE1F900A	22765AL825	22765AL822	XE1F500A	41631B25	BE4C 2F19	N.AMERICA	Forester	2019	2.5L	non-Turbo	CVT	-
XE1F900A	22765AL825	22765AL823	XE1F501A	41631B25	BE4C 2F19	N.AMERICA	Forester	2019	2.5L	non-Turbo	CVT	-
XE1F900A	22765AL825	22765AL824	XE1F800A	41631B25	BE4C 2F19	N.AMERICA	Forester	2019	2.5L	non-Turbo	CVT	-
EM2J100E	22765AH771	22765AH770	EM2J000E	A84F4D13	EEFC BCAA	N.AMERICA	Crosstrek Hybrid	2016	2.0L	non-Turbo	CVT	FED  CAL
