source_cid	source_address	target_cid	target_address	source_name	target_name	canonical_name	size	body_sha256	status	match_method
LF9C102P	0x81370	LF9D012H	0x840D4	FUN_00081370	FUN_000840d4	FUN_00081370	58	0027b808ea6a34686391fe3d366ae2f331ea40138086ad82dba38f7515b56484	source_unnamed	unique_full_body_sha256
LF9C102P	0x1D2960	LF9D012H	0x1DE724	FUN_001d2960	FUN_001de724	FUN_001d2960	30	0060010f1b8b5ffb7fc7b2eab7ab3c5cd4faf6af66f4babf0a40b1bf696b9352	source_unnamed	unique_full_body_sha256
LF9C102P	0x1D07B2	LF9D012H	0x1DC576	can_bus_wake_status_read	can_bus_wake_status_read	can_bus_wake_status_read	30	006c9f60d76fd4d77c4561bbba6ea183f0eac13ccbb51a3b712312a8e871f4b0	already_named	unique_full_body_sha256
LF9C102P	0x194E4C	LF9D012H	0x19F81C	FUN_00194e4c	FUN_0019f81c	FUN_00194e4c	76	007cdec5f62a4b68dea9e174c28b61dcdba3f61db998147b4d61d0e56df2f9e8	source_unnamed	unique_full_body_sha256
LF9C102P	0x14B918	LF9D012H	0x1560AC	FUN_0014b918	FUN_001560ac	FUN_0014b918	48	0099691a846386c9b0f79d0f02cbcfbce6126a45a6c504d3c4bd78dc49475e5c	source_unnamed	unique_full_body_sha256
LF9C102P	0x1CFC30	LF9D012H	0x1DB9F4	FUN_001cfc30	FUN_001db9f4	FUN_001cfc30	52	00e560c520a7fd0ee2b9aeed71fe8f3b1b72bc00c351ea8d0b5e1f258a613e26	source_unnamed	unique_full_body_sha256
LF9C102P	0xA94A2	LF9D012H	0xB166E	FUN_000a94a2	FUN_000b166e	FUN_000a94a2	82	0102fc41ae662aedba3650a07382fb6682dbb0a0089e0ed2e47ea127f21025eb	source_unnamed	unique_full_body_sha256
LF9C102P	0x1CEFE2	LF9D012H	0x1DADA6	FUN_001cefe2	FUN_001dada6	FUN_001cefe2	10	01038959dc26c2bec0e76014603eb55c06edbb8fe4916c17e093847017b641aa	source_unnamed	unique_full_body_sha256
LF9C102P	0x17A100	LF9D012H	0x1849B0	FUN_0017a100	FUN_001849b0	FUN_0017a100	74	01300472c02bd31e5500888f12efc9f623c6a5e6e460e6070b7b704e531d85a0	source_unnamed	unique_full_body_sha256
LF9C102P	0x172258	LF9D012H	0x17CA0C	FUN_00172258	FUN_0017ca0c	FUN_00172258	128	014a5e6b8af8538443f31ebbd61e9461fe0ffb9e8c4300653f36159b1fcd65c7	source_unnamed	unique_full_body_sha256
LF9C102P	0xAE4E8	LF9D012H	0xB66F0	FUN_000ae4e8	FUN_000b66f0	FUN_000ae4e8	76	014bbd7f2783e278a2ea91f89e45fc8cf0a72da3343663611bc7cf196c619e9b	source_unnamed	unique_full_body_sha256
LF9C102P	0xF46EC	LF9D012H	0xFE694	FUN_000f46ec	FUN_000fe694	FUN_000f46ec	68	0157a895836efd9df274579d7068846d199268e0d31049c5dd315f197dea4d15	source_unnamed	unique_full_body_sha256
LF9C102P	0xEB3E8	LF9D012H	0xF3CD8	FUN_000eb3e8	FUN_000f3cd8	FUN_000eb3e8	18	01a50ac26a5dd37446a9214fb3a768d433e91967bdf9bfcbbcd38dff437bc62b	source_unnamed	unique_full_body_sha256
LF9C102P	0x6FB0	LF9D012H	0x6FB0	FUN_00006fb0	FUN_00006fb0	FUN_00006fb0	6	01be2c2b63649d33d76af107bfa9ec0ec2b08873b6a00e3e903cc153c8927e1d	source_unnamed	unique_full_body_sha256
LF9C102P	0x1D5CA8	LF9D012H	0x1E1A6C	FUN_001d5ca8	FUN_001e1a6c	FUN_001d5ca8	32	01bea0685570f2cf3e0d0462f7bc9284254140f3c80da6ff5b8f36392af85a58	source_unnamed	unique_full_body_sha256
LF9C102P	0x1D4BE2	LF9D012H	0x1E09A6	FUN_001d4be2	FUN_001e09a6	FUN_001d4be2	88	01ce0c3b7febb620122f4231a532079e70d219004b556ede4940f5a818632654	source_unnamed	unique_full_body_sha256
LF9C102P	0x1E7B1A	LF9D012H	0x1F4BE6	enter_dispatcher_locked	enter_dispatcher_locked	enter_dispatcher_locked	186	01daa3073b182cec2e67aac3c745cbe5021cc88b497cb75be5fadc498698ff40	already_named	unique_full_body_sha256
LF9C102P	0x87862	LF9D012H	0x8A5D2	FUN_00087862	FUN_0008a5d2	FUN_00087862	62	01f40c61ea3135063f489c5a8b742ebd0742ade6af5e85b1a339c4268c0c1934	source_unnamed	unique_full_body_sha256
LF9C102P	0x6C9A8	LF9D012H	0x6ED40	FUN_0006c9a8	FUN_0006ed40	FUN_0006c9a8	40	0209f05213ff4b0e30e4f0ec7b227cb3a5139964ddf8d8afdde9ad6f849d14a2	source_unnamed	unique_full_body_sha256
LF9C102P	0x1CBE16	LF9D012H	0x1D7BDA	cal_table_get_word1_alias	cal_table_get_word1_alias	cal_table_get_word1_alias	10	0246469c44188e6ce5ad4403a7972ff588939c12accd85be3f75f922aee7e0ab	already_named	unique_full_body_sha256
LF9C102P	0x1E43BC	LF9D012H	0x1F134C	FUN_001e43bc	FUN_001f134c	FUN_001e43bc	86	026d20bef05a589b06dd920c632d5ba89894b71c013c49fe3685837da44078df	source_unnamed	unique_full_body_sha256
LF9C102P	0x9DE6A	LF9D012H	0xA7D76	FUN_0009de6a	FUN_000a7d76	FUN_0009de6a	206	027ed1f771e6b772b9012d56d23038fab69612b8cb8ce0b0662c194ff0d7fa99	source_unnamed	unique_full_body_sha256
LF9C102P	0x1CFF2C	LF9D012H	0x1DBCF0	FUN_001cff2c	FUN_001dbcf0	FUN_001cff2c	10	02857cba1cfac5d16ff22e7c6078abb22323da5a426eeb3d78a365c1bf742e65	source_unnamed	unique_full_body_sha256
LF9C102P	0x1194AC	LF9D012H	0x1233D8	FUN_001194ac	FUN_001233d8	FUN_001194ac	110	02e5bfba76a2195947b00584765de3d324a4c0c813fc5969c55b00d21152a1bc	source_unnamed	unique_full_body_sha256
LF9C102P	0x1D8990	LF9D012H	0x1E475C	FUN_001d8990	FUN_001e475c	FUN_001d8990	166	02f23fac2da3defdb61ce73ee764fcac2ccb897664da0bd91c4f31caa45b64c3	source_unnamed	unique_full_body_sha256
LF9C102P	0x1A77EC	LF9D012H	0x1B33C0	interp_1d_axis_s16_data_u8	interp_1d_axis_s16_data_u8	interp_1d_axis_s16_data_u8	124	02ffdc97f741bc25f8593577b663227b693dc1fae7141ad795ee06ef0b9a8b2a	already_named	unique_full_body_sha256
LF9C102P	0x1AB30C	LF9D012H	0x1B6EE0	FUN_001ab30c	FUN_001b6ee0	FUN_001ab30c	262	032bc57216e2d5767c6a5795f6f4c32bc888d99d0274914fe201c148f2deedba	source_unnamed	unique_full_body_sha256
LF9C102P	0x1B315C	LF9D012H	0x1BEDC4	FUN_001b315c	FUN_001bedc4	FUN_001b315c	38	035f5c93fda6b00748109c07b788f4311385b38c906ce8e129ce5e2bf072d53b	source_unnamed	unique_full_body_sha256
LF9C102P	0x98CF8	LF9D012H	0xA2B4C	sa_send_response	sa_send_response	sa_send_response	36	0361f56c4e5a765bec3a30042ff6e99902f8412d0687547237724ab08ec9ac10	already_named	unique_full_body_sha256
LF9C102P	0x181E94	LF9D012H	0x18C744	FUN_00181e94	FUN_0018c744	FUN_00181e94	6	03656f68af4c1f783919bdd2871e5dd1cb94afd8877622851f3aa66fc22933dd	source_unnamed	unique_full_body_sha256
LF9C102P	0x1AAD6C	LF9D012H	0x1B6940	FUN_001aad6c	FUN_001b6940	FUN_001aad6c	350	03687cbe93be1461ccc3cf06287288b7805880d8a7dd9a028e2fac836289b69c	source_unnamed	unique_full_body_sha256
LF9C102P	0xA9694	LF9D012H	0xB1860	FUN_000a9694	FUN_000b1860	FUN_000a9694	20	038818f544148f086b5c9b1dac1390d1268ae0bd6095981c89b9735688638d31	source_unnamed	unique_full_body_sha256
LF9C102P	0x8399C	LF9D012H	0x86700	FUN_0008399c	FUN_00086700	FUN_0008399c	34	03b652d91e881e47157d48fbb664f6f2db141b0ab56965f07e9d559bc0079770	source_unnamed	unique_full_body_sha256
LF9C102P	0x17F370	LF9D012H	0x189C20	FUN_0017f370	FUN_00189c20	FUN_0017f370	88	03baa98ecb42ee3672082a5923068d9f81c8dc15a343fb7aef96fb13f75d9714	source_unnamed	unique_full_body_sha256
LF9C102P	0xDB448	LF9D012H	0xE3D30	FUN_000db448	FUN_000e3d30	FUN_000db448	108	03e0d9a8b96bb774da832abee39c8b26fb81f5a09cbc6f9ff7dd3be9d2e22d20	source_unnamed	unique_full_body_sha256
LF9C102P	0x94CF8	LF9D012H	0x9EB4C	FUN_00094cf8	FUN_0009eb4c	FUN_00094cf8	58	0403c2d5f2d1c998f5c92657197ace7c65fa177739663a700cde045f4183d4f3	source_unnamed	unique_full_body_sha256
LF9C102P	0x1C96B4	LF9D012H	0x1D5368	FUN_001c96b4	FUN_001d5368	FUN_001c96b4	44	0417085ee7682445096a90a09cbb9d5e17f0aa8f3db654fb875d83160ef403cb	source_unnamed	unique_full_body_sha256
LF9C102P	0x9DCF6	LF9D012H	0xA7C02	FUN_0009dcf6	FUN_000a7c02	FUN_0009dcf6	54	0466f59767dd269fb0337c1dfed69eed24622881a17ed85334ebd9043c4b3a3b	source_unnamed	unique_full_body_sha256
LF9C102P	0x1CB2E2	LF9D012H	0x1D70A6	FUN_001cb2e2	FUN_001d70a6	FUN_001cb2e2	18	0471cdc025a446c6a319ca9485e729b1a40c6bec4902aca18cb0488b626a571e	source_unnamed	unique_full_body_sha256
LF9C102P	0x11A14C	LF9D012H	0x124078	FUN_0011a14c	FUN_00124078	FUN_0011a14c	394	049dbf96bf0caa0328fdbc9f9f20d7fd5f2e5795a4391c5e1f023a53d3cecf4f	source_unnamed	unique_full_body_sha256
LF9C102P	0x14723C	LF9D012H	0x15174C	FUN_0014723c	FUN_0015174c	FUN_0014723c	72	04b76f21e3ae0b5606727166cfeda9d8d034fba9b4be51406205f2225b923dec	source_unnamed	unique_full_body_sha256
LF9C102P	0x1D8FD4	LF9D012H	0x1E4DA8	FUN_001d8fd4	FUN_001e4da8	FUN_001d8fd4	100	04c2baeae924c793182f033570cc6e774cd5d292d81ad8db27030877ad78c038	source_unnamed	unique_full_body_sha256
LF9C102P	0x6568	LF9D012H	0x6568	FUN_00006568	FUN_00006568	FUN_00006568	66	04c8d10b5a9caea5d8f1c6de5c2e5cb51752ef33b381e50ae5b10a3c12fec4e8	source_unnamed	unique_full_body_sha256
LF9C102P	0xADA88	LF9D012H	0xB5C90	FUN_000ada88	FUN_000b5c90	FUN_000ada88	50	04dadf2486777e37137d059593fde1e2e03dd53f9e61b25e515c8f77f0750e9c	source_unnamed	unique_full_body_sha256
LF9C102P	0x6488	LF9D012H	0x6488	FUN_00006488	FUN_00006488	FUN_00006488	72	0524a514064fb3d5d4c1d7f345692504ca9a9dab4c9f5f759f0ebd1bcba8c0b1	source_unnamed	unique_full_body_sha256
LF9C102P	0x7FDF8	LF9D012H	0x82958	FUN_0007fdf8	FUN_00082958	FUN_0007fdf8	8	055fb7346fa9db5c73884a5ca72bb2b8db66eb9898fceb1985309ed58cd0cb8f	source_unnamed	unique_full_body_sha256
LF9C102P	0x1E341E	LF9D012H	0x1F03AE	FUN_001e341e	FUN_001f03ae	FUN_001e341e	10	056a659748f608fdfbe156e6ab71b112de835d097cce970726f7e5a5bd6c6840	source_unnamed	unique_full_body_sha256
LF9C102P	0x1FDFA4	LF9D012H	0x27E0AC	FUN_001fdfa4	FUN_0027e0ac	FUN_001fdfa4	100	0593aa73c2c11f4873c6caaf2347a719c9a64692cc1c8ee7329fc1677936c6f9	source_unnamed	unique_full_body_sha256
LF9C102P	0x93EC2	LF9D012H	0x9DD16	FUN_00093ec2	FUN_0009dd16	FUN_00093ec2	26	05c7e84ea380a54464f2811765bfeb292eeb54498d166d95a2c7b5dd7147bcc3	source_unnamed	unique_full_body_sha256
LF9C102P	0x1D7A96	LF9D012H	0x1E385A	FUN_001d7a96	FUN_001e385a	FUN_001d7a96	30	05e8d76da010e591a127757fa0ca1418f3b8727226ee57940bb2ffdbd37d674a	source_unnamed	unique_full_body_sha256
LF9C102P	0xADB3E	LF9D012H	0xB5D46	FUN_000adb3e	FUN_000b5d46	FUN_000adb3e	90	0611c33bdec420c1ba6de05a03642a3d4457d0997227994954227406131ede2d	source_unnamed	unique_full_body_sha256
LF9C102P	0xC9A70	LF9D012H	0xD211C	FUN_000c9a70	FUN_000d211c	FUN_000c9a70	72	0622dfe9452fd92daff99248cacb5fed6bcaab486fa30a08b9b9fc55999f4644	source_unnamed	unique_full_body_sha256
LF9C102P	0xA3CBC	LF9D012H	0xABE88	FUN_000a3cbc	FUN_000abe88	FUN_000a3cbc	88	0623621470612ad02178126c1639d9622077fe6426e059cce46d177fe01e4ad9	source_unnamed	unique_full_body_sha256
LF9C102P	0x83E1C	LF9D012H	0x86B80	FUN_00083e1c	FUN_00086b80	FUN_00083e1c	10	06280fb2c5140d4cb98cebd68c7fb282ab8d4b459fed81aeb79ace3592c2abd7	source_unnamed	unique_full_body_sha256
LF9C102P	0x778B4	LF9D012H	0x7A274	FUN_000778b4	FUN_0007a274	FUN_000778b4	192	0637e3aec3ed50481315cbd30a9821ae9ccbfd5f44381a610a7bd2ac6f0598ce	source_unnamed	unique_full_body_sha256
LF9C102P	0xA7318	LF9D012H	0xAF4E4	FUN_000a7318	FUN_000af4e4	FUN_000a7318	314	064d57b3f8c2c310362dc01c357c034fc001ba9dd0f1c30ab08f7e2c3d4a5a48	source_unnamed	unique_full_body_sha256
LF9C102P	0x86702	LF9D012H	0x89472	FUN_00086702	FUN_00089472	FUN_00086702	152	065bf24038f621801db85cb6fef059c7bdda71b8d3f7c04fd45bb241a4a0db1a	source_unnamed	unique_full_body_sha256
LF9C102P	0x13E1A4	LF9D012H	0x1482F8	FUN_0013e1a4	FUN_001482f8	FUN_0013e1a4	34	06857af0959dc1c48f55e3dab72f26c97fe73e5a3dd5cf0dd21fe30481edf87f	source_unnamed	unique_full_body_sha256
LF9C102P	0xDD2D8	LF9D012H	0xE5BC0	FUN_000dd2d8	FUN_000e5bc0	FUN_000dd2d8	260	06966dcb03dd4b8ec46b79ebc321571b206d5d6db7559d310030e1d841b19f07	source_unnamed	unique_full_body_sha256
LF9C102P	0x1025C4	LF9D012H	0x10C5F0	FUN_001025c4	FUN_0010c5f0	FUN_001025c4	114	069e3a9aaa630b613188dc434e8fb06ec5a661be41331d1fd88399b45a5832c5	source_unnamed	unique_full_body_sha256
LF9C102P	0x1753A0	LF9D012H	0x17FB28	FUN_001753a0	FUN_0017fb28	FUN_001753a0	94	06a7e45447b9254e407dfd83bf252e6205ad46bfda6d998a8a95724456c7dd42	source_unnamed	unique_full_body_sha256
LF9C102P	0x70A12	LF9D012H	0x72DAA	FUN_00070a12	FUN_00072daa	FUN_00070a12	42	06e7504439fd416831d2acd0f084d15488ea366c6e916db626509c597dcc55bd	source_unnamed	unique_full_body_sha256
LF9C102P	0x1E4CC0	LF9D012H	0x1F1C50	FUN_001e4cc0	FUN_001f1c50	FUN_001e4cc0	10	06f3087cc388fe3c1ca4beedb73a22ddc3b5a3b10c734fc76863d9820f2bca26	source_unnamed	unique_full_body_sha256
LF9C102P	0x7E24E	LF9D012H	0x80DAE	FUN_0007e24e	FUN_00080dae	FUN_0007e24e	392	06f74201095dcd3fd3e6a193c2e43758732cdb8d7f5299e657b75e42a979ebae	source_unnamed	unique_full_body_sha256
LF9C102P	0x1D4B8A	LF9D012H	0x1E094E	FUN_001d4b8a	FUN_001e094e	FUN_001d4b8a	88	076bb02df16e9808c693649c9991281589234a2cfaba88f40240070f37d7e5e5	source_unnamed	unique_full_body_sha256
LF9C102P	0x1AC42C	LF9D012H	0x1B8000	interp_2d_ax_u32_u8_data_s_1ac42c	interp_2d_ax_u32_u8_data_s_1b8000	interp_2d_ax_u32_u8_data_s	352	077b8daf1e5d96dd963cbfb45810342e3029a501756582445c7341ee73919422	address_variant	unique_full_body_sha256
LF9C102P	0x1AB61C	LF9D012H	0x1B71F0	FUN_001ab61c	FUN_001b71f0	FUN_001ab61c	262	07aca1f0c408f92e9629cea2a11228c85f858416d06c5c4d06694440de5050ee	source_unnamed	unique_full_body_sha256
LF9C102P	0x72CC	LF9D012H	0x73B0	FUN_000072cc	FUN_000073b0	FUN_000072cc	28	07f6ce47044d8fe7a4f52617abf3b35440d0db4f1734ed2587f0cbfd9cc0c9d7	source_unnamed	unique_full_body_sha256
LF9C102P	0x14BFCC	LF9D012H	0x156760	FUN_0014bfcc	FUN_00156760	FUN_0014bfcc	48	080ac74c3e5cf59332b65dac63fcaf4946e0271899df269b9d49c0bdd90c29b9	source_unnamed	unique_full_body_sha256
LF9C102P	0x71D8	LF9D012H	0x72BC	FUN_000071d8	FUN_000072bc	FUN_000071d8	218	084056e9a481037452e5e6b62daf873ab0fb643ee4f6f85c2243ab9ed9e5ab7d	source_unnamed	unique_full_body_sha256
LF9C102P	0x1D2B3A	LF9D012H	0x1DE8FE	FUN_001d2b3a	FUN_001de8fe	FUN_001d2b3a	6	08573c89185607a751928441395790adb2e30dfd5825effc24ced54856237519	source_unnamed	unique_full_body_sha256
LF9C102P	0x1D1890	LF9D012H	0x1DD654	broadcast_sched_by_period	broadcast_sched_by_period	broadcast_sched_by_period	234	088ecb1d3134b778bc9d10a6007a72392432d467611fb751d35594d2c767e99b	already_named	unique_full_body_sha256
LF9C102P	0x1D5FAC	LF9D012H	0x1E1D70	FUN_001d5fac	FUN_001e1d70	FUN_001d5fac	452	089ae011ea4251f1e6486d0876e4718c3e8cc34542ac4eed4392ab9a63d28fe5	source_unnamed	unique_full_body_sha256
LF9C102P	0x14957C	LF9D012H	0x153D10	FUN_0014957c	FUN_00153d10	FUN_0014957c	70	08f5b5ee2e1ed0f050ffeacea1b1b64e7a88b4101ac7e87706222e045e80cfef	source_unnamed	unique_full_body_sha256
LF9C102P	0x6BC52	LF9D012H	0x6DFEA	FUN_0006bc52	FUN_0006dfea	FUN_0006bc52	142	08f6d32ba25e07ed300baa867b4e04d45e851fd365ba1f0f895960e8c867333f	source_unnamed	unique_full_body_sha256
LF9C102P	0x98D1C	LF9D012H	0xA2B70	FUN_00098d1c	FUN_000a2b70	FUN_00098d1c	8	090206762730ec390b6434d2e1acb5cbefc70a624880e0120d6255dafc9fce48	source_unnamed	unique_full_body_sha256
LF9C102P	0x7FB50	LF9D012H	0x826B0	FUN_0007fb50	FUN_000826b0	FUN_0007fb50	16	0960cee02b7cd1c8045f2d6a2c420db154c3d3be6678a935413107ea44adb9c7	source_unnamed	unique_full_body_sha256
LF9C102P	0x1E4480	LF9D012H	0x1F1410	FUN_001e4480	FUN_001f1410	FUN_001e4480	256	0989c4b6daf4afebf65740f1252c80c53122d6c427e84e9beb4bf97dfae6e6aa	source_unnamed	unique_full_body_sha256
LF9C102P	0x1A8A90	LF9D012H	0x1B4664	FUN_001a8a90	FUN_001b4664	FUN_001a8a90	288	09a303a4f6111ad4d589bc66ca0ddcdd6fb3b9b94b8d5005ef24e8bc5509ab17	source_unnamed	unique_full_body_sha256
LF9C102P	0x1CBD4E	LF9D012H	0x1D7B12	FUN_001cbd4e	FUN_001d7b12	FUN_001cbd4e	6	09ca26a733580ab2ea67a657e2fa8d0206069e3d498fe3057a5e458c16e94d16	source_unnamed	unique_full_body_sha256
LF9C102P	0x1CF108	LF9D012H	0x1DAECC	FUN_001cf108	FUN_001daecc	FUN_001cf108	10	09e139d9f5e0422a861fd9d310ea508ffdda46375e4c70ddf571480b58758f38	source_unnamed	unique_full_body_sha256
LF9C102P	0x1B7418	LF9D012H	0x1C3098	FUN_001b7418	FUN_001c3098	FUN_001b7418	218	09f8f2881409920a9a956342a69da1098d3252b6337fafdb420eb72ebd3cf77e	source_unnamed	unique_full_body_sha256
LF9C102P	0x6FD36	LF9D012H	0x720CE	FUN_0006fd36	FUN_000720ce	FUN_0006fd36	148	0a1795e77527eddd5e36500def92c07b17eba319cb3d911ca6ed5772aa47a61b	source_unnamed	unique_full_body_sha256
LF9C102P	0xA7112	LF9D012H	0xAF2DE	FUN_000a7112	FUN_000af2de	FUN_000a7112	64	0a1ad2443930ceef58ac6e5954978bd4e553273cab1cc28266d63239c1295857	source_unnamed	unique_full_body_sha256
LF9C102P	0x77798	LF9D012H	0x7A158	FUN_00077798	FUN_0007a158	FUN_00077798	188	0a1e3f1d48159371d836496b2090b94a2a163aef3f745f9150850a8e7bc8e443	source_unnamed	unique_full_body_sha256
LF9C102P	0x1CC1DC	LF9D012H	0x1D7FA0	FUN_001cc1dc	FUN_001d7fa0	FUN_001cc1dc	28	0a50c59af73b67e8ba3ff096faf3114281a35036f55b361e972ff7091395971f	source_unnamed	unique_full_body_sha256
LF9C102P	0x12FBC4	LF9D012H	0x139CD8	FUN_0012fbc4	FUN_00139cd8	FUN_0012fbc4	26	0a51ca0158aec855a21debc8d611da3b6a9c75253f68694c6cf5dea6932074f4	source_unnamed	unique_full_body_sha256
LF9C102P	0x9925A	LF9D012H	0xA30AE	FUN_0009925a	FUN_000a30ae	FUN_0009925a	10	0a69eef66d1f3ff4f73974383334600265e0037c5cedc67c5f802a0dacccd42b	source_unnamed	unique_full_body_sha256
LF9C102P	0x879C6	LF9D012H	0x8A736	FUN_000879c6	FUN_0008a736	FUN_000879c6	64	0a91c24430a3c64e13f8020acbdf25e536646b956efeaafce0675ddb7076a511	source_unnamed	unique_full_body_sha256
LF9C102P	0x9E1B2	LF9D012H	0xA80BE	FUN_0009e1b2	FUN_000a80be	FUN_0009e1b2	126	0ab7178502f53292a43f8edf4e8456c902e8272a4170a7a9aaea409d8f1d90f3	source_unnamed	unique_full_body_sha256
LF9C102P	0x1404E0	LF9D012H	0x14A660	FUN_001404e0	FUN_0014a660	FUN_001404e0	66	0ad8f952fb200fd3887cf547e27ebd4a4555f9a628eb47b3f1e5661e040c4623	source_unnamed	unique_full_body_sha256
LF9C102P	0x6AC08	LF9D012H	0x6CFA0	diag_monitor_mature_rec03	diag_monitor_mature_rec03	diag_monitor_mature_rec03	48	0b0468ae451a963c28668d08efd9578ba2ebe014da0ae7d2fea812f6c3f0c70f	already_named	unique_full_body_sha256
LF9C102P	0xA0964	LF9D012H	0xAA88C	FUN_000a0964	FUN_000aa88c	FUN_000a0964	28	0b72d6ee2cbfa288e94018604190df54b6a0eb98ae89085e3fb1e5314e89bb11	source_unnamed	unique_full_body_sha256
LF9C102P	0xE0620	LF9D012H	0xE8F08	FUN_000e0620	FUN_000e8f08	FUN_000e0620	170	0b75eadc1b29564d51c60723bd18d9380b642585e8538e1c4225b4051fa91e32	source_unnamed	unique_full_body_sha256
LF9C102P	0x1A3584	LF9D012H	0x1AEBDC	FUN_001a3584	FUN_001aebdc	FUN_001a3584	74	0b7e76ea56c5ae9315a43ce46da34c011bc71f8980c630b0f77df373b1419f37	source_unnamed	unique_full_body_sha256
LF9C102P	0x83984	LF9D012H	0x866E8	FUN_00083984	FUN_000866e8	FUN_00083984	24	0ba79bbf3005479ea1255709d8fcf1199427a9cf8d6c6507d9035a5ca65d1438	source_unnamed	unique_full_body_sha256
LF9C102P	0x9F64C	LF9D012H	0xA9574	FUN_0009f64c	FUN_000a9574	FUN_0009f64c	194	0bb278b840916423add072de8851a31052e9ad49e4054b7cae4acc94e2711ccf	source_unnamed	unique_full_body_sha256
LF9C102P	0x1CBE30	LF9D012H	0x1D7BF4	thunk_FUN_001cdabe	thunk_FUN_001d9882	thunk_FUN_001cdabe	6	0c566dc5ea4576d7af8efd954b9774a1d33297fac518bf0f02e66b8390272f92	source_unnamed	unique_full_body_sha256
LF9C102P	0x1A0A74	LF9D012H	0x1ABDB4	FUN_001a0a74	FUN_001abdb4	FUN_001a0a74	106	0c5bf70f41fddda91c3eca7afad0ade5e6e10db6cdbb055e893e80e9d7fda98f	source_unnamed	unique_full_body_sha256
LF9C102P	0x1FCE52	LF9D012H	0x27CF5A	FUN_001fce52	FUN_0027cf5a	FUN_001fce52	36	0c825379274e2af95c5512df65cf3315e05d599db0762a44e3636d2ddfd78f37	source_unnamed	unique_full_body_sha256
LF9C102P	0xCD55C	LF9D012H	0xD5BE0	FUN_000cd55c	FUN_000d5be0	FUN_000cd55c	70	0c8479466ea683188fe1dd3ee02450ef5a1180a125364e5c8f3a57beee94f070	source_unnamed	unique_full_body_sha256
LF9C102P	0xDB218	LF9D012H	0xE3B00	FUN_000db218	FUN_000e3b00	FUN_000db218	26	0c8a8623c20c30f7b5ef752e30ccba27cc3941b119013f5b266275059bbf1d4f	source_unnamed	unique_full_body_sha256
LF9C102P	0x81FC0	LF9D012H	0x84D24	FUN_00081fc0	FUN_00084d24	FUN_00081fc0	36	0c8cfe1fcfc29e23fbf68fd40958c592a1b6036d61eb8d26da6294c0bb790db1	source_unnamed	unique_full_body_sha256
LF9C102P	0x18E680	LF9D012H	0x198F2C	FUN_0018e680	FUN_00198f2c	FUN_0018e680	68	0cd1d3291e974877a7209af88449c012d2017a17b4a37a2ec968570e5edc1f2a	source_unnamed	unique_full_body_sha256
LF9C102P	0xC29D0	LF9D012H	0xCAE14	FUN_000c29d0	FUN_000cae14	FUN_000c29d0	222	0d1d2bc8d687d88311c83ef1d550989faf509d3909427c59bf927797d064b4e7	source_unnamed	unique_full_body_sha256
LF9C102P	0x7408	LF9D012H	0x74EC	FUN_00007408	FUN_000074ec	FUN_00007408	86	0d21d999dcfac4ca50b0b5e82600293b986760efddbf9c75f4a9033642f70ff3	source_unnamed	unique_full_body_sha256
LF9C102P	0x6E28	LF9D012H	0x6E28	FUN_00006e28	FUN_00006e28	FUN_00006e28	66	0d680dd42ae23761d0a6374868b7dae5a261276241d6921c250d9a01e801c1ca	source_unnamed	unique_full_body_sha256
LF9C102P	0x81F78	LF9D012H	0x84CDC	FUN_00081f78	FUN_00084cdc	FUN_00081f78	10	0d6fc2c4ed0765d4e9487bf150bfc0bf63137be1c34a13d76850de012a46307a	source_unnamed	unique_full_body_sha256
LF9C102P	0x1D7934	LF9D012H	0x1E36F8	FUN_001d7934	FUN_001e36f8	FUN_001d7934	28	0d70d80c2c46f27af6c05526019fdcf7aaad8e92f6c1293b13bfa6a2768e8827	source_unnamed	unique_full_body_sha256
LF9C102P	0x6C838	LF9D012H	0x6EBD0	FUN_0006c838	FUN_0006ebd0	FUN_0006c838	42	0d897518e63676159e184e0f36f6cfd5b846a626d8f672996266fd94c9061995	source_unnamed	unique_full_body_sha256
LF9C102P	0x1C9534	LF9D012H	0x1D51E8	FUN_001c9534	FUN_001d51e8	FUN_001c9534	30	0dadda29afe26426f9ff7b6878ee38403b2a26f679359eb9803d19e98e20b439	source_unnamed	unique_full_body_sha256
LF9C102P	0x74BC	LF9D012H	0x75A0	FUN_000074bc	FUN_000075a0	FUN_000074bc	112	0db290a5ec180c41ea96b319d9e38530b9cca70a1b55da437f35e438b72e8f88	source_unnamed	unique_full_body_sha256
LF9C102P	0x83D10	LF9D012H	0x86A74	FUN_00083d10	FUN_00086a74	FUN_00083d10	30	0db3da5daf5a21281e4ceec44fb6c1652380cd442aa0aca43dc03fade834155e	source_unnamed	unique_full_body_sha256
LF9C102P	0x6B256	LF9D012H	0x6D5EE	FUN_0006b256	FUN_0006d5ee	FUN_0006b256	58	0dcfadf2eca9bef8334073d52be531a50d9e9753d9d96bb478bcdb2c1231009e	source_unnamed	unique_full_body_sha256
LF9C102P	0x131138	LF9D012H	0x13B24C	FUN_00131138	FUN_0013b24c	FUN_00131138	76	0dd753e2f8a22ebf836372ac78a49bfd641903bf5e45cc6f1f1b1a878cd4b2f1	source_unnamed	unique_full_body_sha256
LF9C102P	0xA338C	LF9D012H	0xAB558	FUN_000a338c	FUN_000ab558	FUN_000a338c	86	0dd91b59535b645cae4bdaeaecc3d26f53d2affc1ee71b91988c1a193cfb5fb7	source_unnamed	unique_full_body_sha256
LF9C102P	0x1225E4	LF9D012H	0x12C558	FUN_001225e4	FUN_0012c558	FUN_001225e4	134	0e5fb728c2f30559c1fba619951cf3959fcef82c83650227d410dbd7177467ed	source_unnamed	unique_full_body_sha256
LF9C102P	0x1A97D4	LF9D012H	0x1B53A8	FUN_001a97d4	FUN_001b53a8	FUN_001a97d4	250	0e7203c81c3a3c0d3cd5334233327c716662b434b46ef3c1aa3520e5c06012ab	source_unnamed	unique_full_body_sha256
LF9C102P	0x12CC3C	LF9D012H	0x136D50	FUN_0012cc3c	FUN_00136d50	FUN_0012cc3c	80	0e756ca864597e64a3c7269696e673d0019719030862647e03fcfc0da1a8e89f	source_unnamed	unique_full_body_sha256
LF9C102P	0x77974	LF9D012H	0x7A334	FUN_00077974	FUN_0007a334	FUN_00077974	192	0e85e9efd8685d00e57518c83029c0e29a469ae4959153b3a2d3baacdef7dfff	source_unnamed	unique_full_body_sha256
LF9C102P	0x1E3E5A	LF9D012H	0x1F0DEA	FUN_001e3e5a	FUN_001f0dea	FUN_001e3e5a	30	0ea285f9fb80f8df1ddd91fbcff198177bde8f8b4ed066d5c0acc25a248f667d	source_unnamed	unique_full_body_sha256
LF9C102P	0xBECA4	LF9D012H	0xC7058	FUN_000beca4	FUN_000c7058	FUN_000beca4	44	0ec1b449e3816b51e44d91151541f68edd8f555a4fdfe5c1bebe7b8499a51908	source_unnamed	unique_full_body_sha256
LF9C102P	0x82FFA	LF9D012H	0x85D5E	FUN_00082ffa	FUN_00085d5e	FUN_00082ffa	10	0ed6c381d6cdfaa2c9b081b73741df5bcb442a5bb93cd89f2415e1b29aea10c3	source_unnamed	unique_full_body_sha256
LF9C102P	0xC1EA8	LF9D012H	0xCA2EC	FUN_000c1ea8	FUN_000ca2ec	FUN_000c1ea8	62	0ee464f979510215fa0114084f722aa58850515c3daf0ffadf7e68208715b41a	source_unnamed	unique_full_body_sha256
LF9C102P	0x1D0172	LF9D012H	0x1DBF36	FUN_001d0172	FUN_001dbf36	FUN_001d0172	48	0eea02746294ba668ef5ae7f4f464eb4d6abd02ee1fb21729590e45225b5188d	source_unnamed	unique_full_body_sha256
LF9C102P	0xA755C	LF9D012H	0xAF728	FUN_000a755c	FUN_000af728	FUN_000a755c	218	0eeaacb38d110e3891d7391c93e08df45ca9eeb8ea24cbe702a107ab3a454da8	source_unnamed	unique_full_body_sha256
LF9C102P	0x188330	LF9D012H	0x192BE0	FUN_00188330	FUN_00192be0	FUN_00188330	38	0efaab4224ea3ed4bd7955db6a59887d9bbf32ed38172dd33241212875c9f929	source_unnamed	unique_full_body_sha256
LF9C102P	0x196374	LF9D012H	0x1A0F34	FUN_00196374	FUN_001a0f34	FUN_00196374	50	0f01fa6d171794e594f2f63105ef561ba37ee6a50aae6e9fef15e972e349b878	source_unnamed	unique_full_body_sha256
LF9C102P	0x19471C	LF9D012H	0x19F0EC	FUN_0019471c	FUN_0019f0ec	FUN_0019471c	106	0f0c6f58c2554f87a9df9b6c809d1b171d9ed6c83aa5b79c2803f2133f0008b8	source_unnamed	unique_full_body_sha256
LF9C102P	0xA82DA	LF9D012H	0xB04A6	FUN_000a82da	FUN_000b04a6	FUN_000a82da	40	0f19a688a978b04b4904979339e20f176db59cbcbc40108ba9916566eaa78077	source_unnamed	unique_full_body_sha256
LF9C102P	0x1F094C	LF9D012H	0x27094C	_main	_main	_main	118	0f23eb6c14110a82bab9353e687a91830ced637ce18326c65d36d8fc3bb90282	already_named	unique_full_body_sha256
LF9C102P	0xADEAC	LF9D012H	0xB60B4	FUN_000adeac	FUN_000b60b4	FUN_000adeac	90	0f48f6961b120b88735d84c0d732b9983be513fc6f218808aad8b61d987f420d	source_unnamed	unique_full_body_sha256
LF9C102P	0x6BD1A	LF9D012H	0x6E0B2	FUN_0006bd1a	FUN_0006e0b2	FUN_0006bd1a	58	0f7fd86595cbabbfb2b7c6f1ae394f35360a26ae666a03569c0fa7418e65c205	source_unnamed	unique_full_body_sha256
LF9C102P	0x1D84CC	LF9D012H	0x1E4290	FUN_001d84cc	FUN_001e4290	FUN_001d84cc	390	0f8d7d20330dd7c179626b911b74bd47753e33994eb8076db9360379f69c0b64	source_unnamed	unique_full_body_sha256
LF9C102P	0xA4DE4	LF9D012H	0xACFB0	FUN_000a4de4	FUN_000acfb0	FUN_000a4de4	56	0fb780867dfadeb451421ceef48dbaa7cb94248b1b147e06400f9d0a17c29ab9	source_unnamed	unique_full_body_sha256
LF9C102P	0x1D61AC	LF9D012H	0x1E1F70	FUN_001d61ac	FUN_001e1f70	FUN_001d61ac	194	100c061c60fd578130a8f6d4ae15aab046ff0496e3029e4f75a6102c17dbff11	source_unnamed	unique_full_body_sha256
LF9C102P	0x1E7C74	LF9D012H	0x1F4D40	check_context_dispatchable	check_context_dispatchable	check_context_dispatchable	24	1031831f792c4f21aaa040dbdcec202980d4beafb10b39d738fcdd3c0e03bf4c	already_named	unique_full_body_sha256
LF9C102P	0x6BC18	LF9D012H	0x6DFB0	FUN_0006bc18	FUN_0006dfb0	FUN_0006bc18	58	1048758416f1a12d0c9d2cf87f18f2aeb9ddf4087808aece4a2d9f3bd66a045a	source_unnamed	unique_full_body_sha256
LF9C102P	0x7644	LF9D012H	0x7728	FUN_00007644	FUN_00007728	FUN_00007644	50	104d3f34ca3d671aac154eb46755a30ac090e7567cfb5f019ab2df07c46fe3cb	source_unnamed	unique_full_body_sha256
LF9C102P	0x93A8A	LF9D012H	0x9D8DE	FUN_00093a8a	FUN_0009d8de	FUN_00093a8a	94	1089e21c836b6b25c979073245f6bdcae2efae17ca75db23f2680fc9fd31ea58	source_unnamed	unique_full_body_sha256
LF9C102P	0x7E5C0	LF9D012H	0x81120	FUN_0007e5c0	FUN_00081120	FUN_0007e5c0	48	10dbfb1bb2fe11e22b25b6927d84c5b6bc5e9a141f26b8b3a9f469a8ea4b9018	source_unnamed	unique_full_body_sha256
LF9C102P	0x74F0C	LF9D012H	0x778CC	FUN_00074f0c	FUN_000778cc	FUN_00074f0c	100	1137204f473c2d70c18c06a831dfb1882f35a3e9653e31667aca8fddf369a6cd	source_unnamed	unique_full_body_sha256
LF9C102P	0xD2DFC	LF9D012H	0xDB554	FUN_000d2dfc	FUN_000db554	FUN_000d2dfc	206	1141cc90d7664b5a4dbb13076dbc59b40e5695738db7f61f8b942e51f338c033	source_unnamed	unique_full_body_sha256
LF9C102P	0x1D04F2	LF9D012H	0x1DC2B6	FUN_001d04f2	FUN_001dc2b6	FUN_001d04f2	262	116259dfbe5eb6cd74408d6d8ffb72a6188548b49e6c7e58fde1645efdcb43e9	source_unnamed	unique_full_body_sha256
LF9C102P	0x9D778	LF9D012H	0xA7684	FUN_0009d778	FUN_000a7684	FUN_0009d778	10	116b1752f33517c9a4101831cfa1269f4bfd983a784d68320f787f2c8e35ae35	source_unnamed	unique_full_body_sha256
LF9C102P	0x6DCBA	LF9D012H	0x70052	FUN_0006dcba	FUN_00070052	FUN_0006dcba	54	11737402dcc04d4c6021315d512bb3e89456b10b4551497165891f89c9edc7f1	source_unnamed	unique_full_body_sha256
LF9C102P	0x1E789C	LF9D012H	0x1F4968	dispatch_next_ready_task	dispatch_next_ready_task	dispatch_next_ready_task	184	1176411b2a52f605c07fc1903ccc458dfa2c0ccdb1d440da74fcefc4bf6d8959	already_named	unique_full_body_sha256
LF9C102P	0x132DD4	LF9D012H	0x13CEE8	FUN_00132dd4	FUN_0013cee8	FUN_00132dd4	118	11930f72796c3d1acfb99f9467a9fd7b68650f5ea12e08a898cd4f4234e79bd0	source_unnamed	unique_full_body_sha256
LF9C102P	0xB9108	LF9D012H	0xC128C	FUN_000b9108	FUN_000c128c	FUN_000b9108	16	11c5f6642b4c9dabcd496b5e239b5cc3d9e4c59e0fd61a92798239ebc0833cf5	source_unnamed	unique_full_body_sha256
LF9C102P	0x76B4	LF9D012H	0x7798	FUN_000076b4	FUN_00007798	FUN_000076b4	10	11d6cb9e0f5117077f96ba369b8e5730cc4e6e094c43879b26586f0a8555cf79	source_unnamed	unique_full_body_sha256
LF9C102P	0x1E37BC	LF9D012H	0x1F074C	FUN_001e37bc	FUN_001f074c	FUN_001e37bc	16	11dfb0134e743f9ad86df5d7756cb999736f4034d8009a7862be7df8a67c484e	source_unnamed	unique_full_body_sha256
LF9C102P	0x1E402C	LF9D012H	0x1F0FBC	FUN_001e402c	FUN_001f0fbc	FUN_001e402c	12	124d280f3258d8d70d84ad8b564379ed253625965d3a2b4eb8ad66037e9ffb5d	source_unnamed	unique_full_body_sha256
LF9C102P	0x1D73BC	LF9D012H	0x1E3180	FUN_001d73bc	FUN_001e3180	FUN_001d73bc	50	1268bf0c0ca1aea5d7a954d127088b3babdd8988e74029c6bd9958f310423a7c	source_unnamed	unique_full_body_sha256
LF9C102P	0x1D5D4C	LF9D012H	0x1E1B10	FUN_001d5d4c	FUN_001e1b10	FUN_001d5d4c	14	127117364f38d8101205155d25d6f8285a5ccba8c62af4580bbac640117d5589	source_unnamed	unique_full_body_sha256
LF9C102P	0x81F8C	LF9D012H	0x84CF0	FUN_00081f8c	FUN_00084cf0	FUN_00081f8c	52	127bdc3220632a62115a4735b491d97447f2cd6a1b5e1d058d6c963a8c5548f3	source_unnamed	unique_full_body_sha256
LF9C102P	0x1AD460	LF9D012H	0x1B9034	FUN_001ad460	FUN_001b9034	FUN_001ad460	338	12a0bde1f4f0d6ac4f5cf762a60112f2c3cd3e8366cf9ff240c3358069aa1a37	source_unnamed	unique_full_body_sha256
LF9C102P	0x1217DC	LF9D012H	0x12B750	FUN_001217dc	FUN_0012b750	FUN_001217dc	16	12c0ab779d2f61a81dd45b9493cfc6177c270307c1334867b2cd8706b9700449	source_unnamed	unique_full_body_sha256
LF9C102P	0x81AE2	LF9D012H	0x84846	FUN_00081ae2	FUN_00084846	FUN_00081ae2	92	12d01a09032d1a1b7df4cea1ac8fb58e668acb33beba81932d41431f74983d00	source_unnamed	unique_full_body_sha256
LF9C102P	0x1FD014	LF9D012H	0x27D11C	FUN_001fd014	FUN_0027d11c	FUN_001fd014	18	12d01d1eb4011cb841242692f5580de14c6d076843536cde30e50d8c7644a53b	source_unnamed	unique_full_body_sha256
LF9C102P	0x1CBEFA	LF9D012H	0x1D7CBE	FUN_001cbefa	FUN_001d7cbe	FUN_001cbefa	6	12e4f620e408070e5b2db7fbaaa8ef69ea58ca4cf932765ad4804337fce20d49	source_unnamed	unique_full_body_sha256
LF9C102P	0x1D27C6	LF9D012H	0x1DE58A	FUN_001d27c6	FUN_001de58a	FUN_001d27c6	6	12e9e6bcfbc6a00e2806b6f095ca75bd770fb5a42df42279a71547d79e5eb2ad	source_unnamed	unique_full_body_sha256
LF9C102P	0x1FEB38	LF9D012H	0x27EC40	state_action_on_code_7_12	state_action_on_code_7_12	state_action_on_code_7_12	54	131fccb1befcb9891f42c5b334b5f2bc1da87d48b249c410ddaff5569813d0d4	already_named	unique_full_body_sha256
LF9C102P	0x1E4040	LF9D012H	0x1F0FD0	FUN_001e4040	FUN_001f0fd0	FUN_001e4040	200	13963088ba1f02cdfc9f3ff5fdcb6e76db7cb4567d521f35accee4d1249b975e	source_unnamed	unique_full_body_sha256
LF9C102P	0x12ED08	LF9D012H	0x138E1C	FUN_0012ed08	FUN_00138e1c	FUN_0012ed08	32	13d332b3a4891feebf033554b8ac821a743e5668b562e0231e83f2e6edede139	source_unnamed	unique_full_body_sha256
LF9C102P	0x6D09E	LF9D012H	0x6F436	FUN_0006d09e	FUN_0006f436	FUN_0006d09e	134	13f5149d1a907197732f8572a6b824acb65a7e9ae8e8f3f84c593ea1abf7795f	source_unnamed	unique_full_body_sha256
LF9C102P	0x98C02	LF9D012H	0xA2A56	sa_send_seed_response	sa_send_seed_response	sa_send_seed_response	8	1402e3e1f34bfdbb5fbd39c0275b1ea976ad01eee95719a852f06994b6494f0f	already_named	unique_full_body_sha256
LF9C102P	0xA2D30	LF9D012H	0xAAEFC	FUN_000a2d30	FUN_000aaefc	FUN_000a2d30	36	14169ce6cad7cc792d7d1f6650ba6a26c9c45d7f37c9b9e28c3ad6a4bf4645cd	source_unnamed	unique_full_body_sha256
LF9C102P	0x1D02DE	LF9D012H	0x1DC0A2	FUN_001d02de	FUN_001dc0a2	FUN_001d02de	10	143ea553516d39d236b8f1a4d7db812fbe2b64e28b76d45552290349262c4747	source_unnamed	unique_full_body_sha256
LF9C102P	0x1D4DBC	LF9D012H	0x1E0B80	pulse_edge_state_tracker	pulse_edge_state_tracker	pulse_edge_state_tracker	192	144f3f580d8388267c2c0625ae78d220ccc1aa0fcc936833fa36adda69d38133	already_named	unique_full_body_sha256
LF9C102P	0x1D3AC4	LF9D012H	0x1DF888	FUN_001d3ac4	FUN_001df888	FUN_001d3ac4	22	145e5cf53a318f2379985f0b17bf5ffb6e62921c7843399c58a55b80d79453aa	source_unnamed	unique_full_body_sha256
LF9C102P	0xDED00	LF9D012H	0xE75E8	FUN_000ded00	FUN_000e75e8	FUN_000ded00	40	14776728e3de6a00f96eed7b0e63c31f76ef013cd1c20073c7a207814e3fa577	source_unnamed	unique_full_body_sha256
LF9C102P	0x98C60	LF9D012H	0xA2AB4	comm_poll_rx_frame	comm_poll_rx_frame	comm_poll_rx_frame	90	147c2532956fedb48e7f2fc30fae23f92cd4df8f5ad73d3b309b3cdacda6cbca	already_named	unique_full_body_sha256
LF9C102P	0xF7D94	LF9D012H	0x101D3C	FUN_000f7d94	FUN_00101d3c	FUN_000f7d94	74	14c97a9edbb55ceb9d6515d7419e0c720f49bab99a77b9d96b065c8e09f74f1a	source_unnamed	unique_full_body_sha256
LF9C102P	0x119BD4	LF9D012H	0x123B00	FUN_00119bd4	FUN_00123b00	FUN_00119bd4	48	14cfd36b108b32d19f97de46ead600150dbf48624e7142c4f56f26e0957f9d96	source_unnamed	unique_full_body_sha256
LF9C102P	0x18DF08	LF9D012H	0x1987B4	FUN_0018df08	FUN_001987b4	FUN_0018df08	32	14d6cf0482911456f3e39ccfd699247d161cbc87af47e453c878c676dd1dd889	source_unnamed	unique_full_body_sha256
LF9C102P	0x6FE4	LF9D012H	0x6FE4	FUN_00006fe4	FUN_00006fe4	FUN_00006fe4	8	1500d13539ec4c9ce127dad7fe22c73a1472a80bb86dae4025ee4df3f641b122	source_unnamed	unique_full_body_sha256
LF9C102P	0x7704	LF9D012H	0x77E8	FUN_00007704	FUN_000077e8	FUN_00007704	100	151d486609f9cb8fbd8349c15c178af80a141ccf53140377885c0452587f3dce	source_unnamed	unique_full_body_sha256
LF9C102P	0x87186	LF9D012H	0x89EF6	FUN_00087186	FUN_00089ef6	FUN_00087186	138	152b61277ba64e5b3a89677d46c696b07233990cb9f23dfeaad6d03d7ad801a2	source_unnamed	unique_full_body_sha256
LF9C102P	0x14BB1C	LF9D012H	0x1562B0	FUN_0014bb1c	FUN_001562b0	FUN_0014bb1c	18	153751988882a04cb55df2324c1fb96f89b40f53e62e230dbd766adc13aaabf3	source_unnamed	unique_full_body_sha256
LF9C102P	0x1D2D78	LF9D012H	0x1DEB3C	slew_rate_limit_u16	slew_rate_limit_u16	slew_rate_limit_u16	62	1542752eefff061fcfe34e57c0024996fa9f03c1e28bdd8337932c2b5ce4eb3d	already_named	unique_full_body_sha256
LF9C102P	0x1C958E	LF9D012H	0x1D5242	FUN_001c958e	FUN_001d5242	FUN_001c958e	184	15572819a007241a8b3d86c63e4b2d16f017ba2ab9390657befdd68fc7eb746e	source_unnamed	unique_full_body_sha256
LF9C102P	0x76BA0	LF9D012H	0x79560	dtc_monitor_eval_c	dtc_monitor_eval_c	dtc_monitor_eval_c	500	156a37d37cf4361038f1fdbb299da12b5438297b59216387fb682cd39e79061d	already_named	unique_full_body_sha256
LF9C102P	0x117FA4	LF9D012H	0x121ED0	FUN_00117fa4	FUN_00121ed0	FUN_00117fa4	140	1571891ade1c0cda9dea4ae30fe834ea7d77816131d1221d049f7328c7d810d1	source_unnamed	unique_full_body_sha256
LF9C102P	0xFDAA0	LF9D012H	0x107ACC	FUN_000fdaa0	FUN_00107acc	FUN_000fdaa0	38	158efded957b74d2bb09c61366e15f1a0a5df5affc0a6818c2a9d6490744b331	source_unnamed	unique_full_body_sha256
LF9C102P	0x9F204	LF9D012H	0xA912C	FUN_0009f204	FUN_000a912c	FUN_0009f204	350	15e819857e9339b5c8e0611c5ba64404ae8f43b36b18113c0e5b855105debe21	source_unnamed	unique_full_body_sha256
LF9C102P	0x8400C	LF9D012H	0x86D70	FUN_0008400c	FUN_00086d70	FUN_0008400c	64	15e88ae925ef623368838240700ef00803f08912b4a1ba56fe1e1cb988fbc871	source_unnamed	unique_full_body_sha256
LF9C102P	0x18ED24	LF9D012H	0x1995A4	FUN_0018ed24	FUN_001995a4	FUN_0018ed24	26	1601d22eb5f4d92ad39cdc995681310eb218c9f77df2f298abe600ddba1c5ca1	source_unnamed	unique_full_body_sha256
LF9C102P	0x8182E	LF9D012H	0x84592	FUN_0008182e	FUN_00084592	FUN_0008182e	38	1609e16e61491113c94570f88b1bd99e89b12d963b29193a5dd4acce75bdd19b	source_unnamed	unique_full_body_sha256
LF9C102P	0x77720	LF9D012H	0x7A0E0	FUN_00077720	FUN_0007a0e0	FUN_00077720	120	160e183b335bd85640c70854df2b9657bb720ace0e83645b0fdfb7a4fdaa48dc	source_unnamed	unique_full_body_sha256
LF9C102P	0x11EE08	LF9D012H	0x128D7C	FUN_0011ee08	FUN_00128d7c	FUN_0011ee08	42	1617ecca12cb3fa5da400d7e4ce10c4cf0fd1fe763aa8ff635104c8e6dcf181d	source_unnamed	unique_full_body_sha256
LF9C102P	0x1D3CC0	LF9D012H	0x1DFA84	FUN_001d3cc0	FUN_001dfa84	FUN_001d3cc0	70	163e24cf14f7af6dc734176c596ffdd7d9581455e3d8651843d6ee8a9393b269	source_unnamed	unique_full_body_sha256
LF9C102P	0x1AC054	LF9D012H	0x1B7C28	interp_2d_ax_u32_u16_data_s_v4	interp_2d_ax_u32_u16_data_s_v4	interp_2d_ax_u32_u16_data_s_v4	336	164284bd50aeed29c53558ef332e4cc3d8398522b1ab8dc56fc6971461b15890	already_named	unique_full_body_sha256
LF9C102P	0x8119A	LF9D012H	0x83EFE	FUN_0008119a	FUN_00083efe	FUN_0008119a	68	164b8dd53969cd371c99cfda91908a9e98ac2c0caf95edc15444fe5359315950	source_unnamed	unique_full_body_sha256
LF9C102P	0x836CE	LF9D012H	0x86432	FUN_000836ce	FUN_00086432	FUN_000836ce	14	165236d6a991051c82fff9786516ef0a5a894159020ad699072b7f1e03cf19a2	source_unnamed	unique_full_body_sha256
LF9C102P	0x6B098	LF9D012H	0x6D430	FUN_0006b098	FUN_0006d430	FUN_0006b098	48	1677c4c01aa7d32f24f37a35ae75142a1bcae22b3149119c11d9f132026e0c7f	source_unnamed	unique_full_body_sha256
LF9C102P	0x1E304C	LF9D012H	0x1EFA54	FUN_001e304c	FUN_001efa54	FUN_001e304c	222	168a38426aad09c84dccdef12a87438e6c501f305569f8f6f89f10402327c818	source_unnamed	unique_full_body_sha256
LF9C102P	0xCB2DC	LF9D012H	0xD3988	FUN_000cb2dc	FUN_000d3988	FUN_000cb2dc	138	16f32066b946709c2f296a68bc1ede0077404b62acfac3724763c82660b0d724	source_unnamed	unique_full_body_sha256
LF9C102P	0x99250	LF9D012H	0xA30A4	FUN_00099250	FUN_000a30a4	FUN_00099250	10	16f43903608e6cfa3e5447c465821f97b8ebfc1cb898ccb2f17a95f322d94ef9	source_unnamed	unique_full_body_sha256
LF9C102P	0x86F5E	LF9D012H	0x89CCE	FUN_00086f5e	FUN_00089cce	FUN_00086f5e	10	170725353feb2c7e947026a86274ae4593fee9761bbffc522beb2c4731a33183	source_unnamed	unique_full_body_sha256
LF9C102P	0x1FECDC	LF9D012H	0x27EDE4	FUN_001fecdc	FUN_0027ede4	FUN_001fecdc	52	1720b91a90f9f2f774fa9a5281f17c54b48fea915d4d3be50003969b37f836b7	source_unnamed	unique_full_body_sha256
LF9C102P	0x196348	LF9D012H	0x1A0F08	FUN_00196348	FUN_001a0f08	FUN_00196348	42	177abf323a4ab01df42c7c897fd2d38bff76877e40f3ee8937f551f9bdfe7436	source_unnamed	unique_full_body_sha256
LF9C102P	0x1D46F0	LF9D012H	0x1E04B4	FUN_001d46f0	FUN_001e04b4	FUN_001d46f0	242	17b6445fb8a23808c36753839ddd7d95beddc6a34863b7d4ef13f3f4615dcad3	source_unnamed	unique_full_body_sha256
LF9C102P	0xAEF46	LF9D012H	0xB714E	FUN_000aef46	FUN_000b714e	FUN_000aef46	6	17c05f38bb463875dd71e6f9b60d844df9a47f3b312fcd07a8d1aa470ac2a441	source_unnamed	unique_full_body_sha256
LF9C102P	0x6B008	LF9D012H	0x6D3A0	FUN_0006b008	FUN_0006d3a0	FUN_0006b008	48	17d9c71a02c9f100da6e0f46c26a7ed8d4a5fc2c707a53d9513ea9004bb58ba6	source_unnamed	unique_full_body_sha256
LF9C102P	0x6E406	LF9D012H	0x7079E	FUN_0006e406	FUN_0007079e	FUN_0006e406	30	181e1061b67acdb42b957617a05c24da4763bf38651be8b43edbdfac871ce7db	source_unnamed	unique_full_body_sha256
LF9C102P	0x6EFB0	LF9D012H	0x71348	FUN_0006efb0	FUN_00071348	FUN_0006efb0	44	1858a7665bafcd0c8c12972defc1bab6ff19e4c9293c565065c0e3fb55c6ba82	source_unnamed	unique_full_body_sha256
LF9C102P	0x119E74	LF9D012H	0x123DA0	FUN_00119e74	FUN_00123da0	FUN_00119e74	12	187c4b8760520660e9655fe8e4af2abfac80f30c8d4948c1d5e77f3101078dcc	source_unnamed	unique_full_body_sha256
LF9C102P	0x123CC8	LF9D012H	0x12DC3C	FUN_00123cc8	FUN_0012dc3c	FUN_00123cc8	126	1884ea6334c43b08b4c570ce7eccf24d99e3c3ca166a3315fb66fccd24d2e6b9	source_unnamed	unique_full_body_sha256
LF9C102P	0x1E4C9E	LF9D012H	0x1F1C2E	FUN_001e4c9e	FUN_001f1c2e	FUN_001e4c9e	12	18a84699baabc8d1b0249bf62149bd867708901f705ba593a8ce96f683cfad71	source_unnamed	unique_full_body_sha256
LF9C102P	0x87C0C	LF9D012H	0x8A97C	FUN_00087c0c	FUN_0008a97c	FUN_00087c0c	54	18bee84548dce7d9e3bc0fd3678547df0e808c95fd514f9ae7aa78eeb95b28fe	source_unnamed	unique_full_body_sha256
LF9C102P	0x12799C	LF9D012H	0x131978	FUN_0012799c	FUN_00131978	FUN_0012799c	32	18ca04e6663ff7637cdc00211d1755a3580a226cf181a90ab948ed9a264c05fc	source_unnamed	unique_full_body_sha256
LF9C102P	0x1A0B34	LF9D012H	0x1ABE74	FUN_001a0b34	FUN_001abe74	FUN_001a0b34	104	18e370483e40470e6ea74747d2177961be375ee4553ccd4e4896c936c767c6f8	source_unnamed	unique_full_body_sha256
LF9C102P	0xA935C	LF9D012H	0xB1528	FUN_000a935c	FUN_000b1528	FUN_000a935c	180	18fc2aa0997ff902c29f61370bbb36bec4728567216908fdd62277a117643270	source_unnamed	unique_full_body_sha256
LF9C102P	0x1A9270	LF9D012H	0x1B4E44	FUN_001a9270	FUN_001b4e44	FUN_001a9270	270	1941c055d593c6940219e24113a1ccfdd1905d733ed65b442a89c8b5f4990baf	source_unnamed	unique_full_body_sha256
LF9C102P	0x1D6724	LF9D012H	0x1E24E8	FUN_001d6724	FUN_001e24e8	FUN_001d6724	100	1950a852871aae4c093d09ce9016ebf4046e88a2735c95596f16e0f3215762b6	source_unnamed	unique_full_body_sha256
LF9C102P	0x6FEC	LF9D012H	0x6FEC	FUN_00006fec	FUN_00006fec	FUN_00006fec	8	19c42ce09faf9b94d0af36e0fb2b5594e2a52813d146a6ac721b7f335b4db520	source_unnamed	unique_full_body_sha256
LF9C102P	0x6E150	LF9D012H	0x704E8	sensor_proc_task_366	sensor_proc_task_366	sensor_proc_task_366	366	19cc21557bd5653958c5ddf4aa8cae94b1865cbf9ed7671522022420687acd8d	already_named	unique_full_body_sha256
LF9C102P	0x863BE	LF9D012H	0x8912E	FUN_000863be	FUN_0008912e	FUN_000863be	34	19cd0f996d8c48b71fc4ac99702411263d3e10e50e502813d32993a2362700c8	source_unnamed	unique_full_body_sha256
LF9C102P	0x1D2498	LF9D012H	0x1DE25C	build_frame_id360_torque	build_frame_id360_torque	build_frame_id360_torque	126	19e4df7b34df73182db40ffd92000663d875d3910c0a9c7817bf40d9db5544fe	already_named	unique_full_body_sha256
LF9C102P	0x1E6544	LF9D012H	0x1F34D4	udiv_reduce_step	udiv_reduce_step	udiv_reduce_step	212	1a2caa6d2f647ebb0d2b4f4c909f15c9859c6abbbaa827ce09712c8f1989870f	already_named	unique_full_body_sha256
LF9C102P	0xDE578	LF9D012H	0xE6E60	FUN_000de578	FUN_000e6e60	FUN_000de578	24	1a4d77c921b20466f6ba2a6e589290bc15e1055972b2046d61213cbbaf66a771	source_unnamed	unique_full_body_sha256
LF9C102P	0x1D75A2	LF9D012H	0x1E3366	FUN_001d75a2	FUN_001e3366	FUN_001d75a2	38	1aa4f2bf5b744efa50cfe7703e01a0082777e7746e0b24e11ec60bbb65aa0ed9	source_unnamed	unique_full_body_sha256
LF9C102P	0x1D6F7C	LF9D012H	0x1E2D40	FUN_001d6f7c	FUN_001e2d40	FUN_001d6f7c	426	1aa9b1bb6e1e2c4a15d32fcf6c30399c577c787e44067dc63788fa7dc7074588	source_unnamed	unique_full_body_sha256
LF9C102P	0x98CC4	LF9D012H	0xA2B18	comm_session_reset	comm_session_reset	comm_session_reset	52	1af42a8db69467e987bcf49877a85660f9f24a052733ee913e0c511e1ed1910e	already_named	unique_full_body_sha256
LF9C102P	0x1CEB26	LF9D012H	0x1DA8EA	FUN_001ceb26	FUN_001da8ea	FUN_001ceb26	44	1b054f86105be4265a5bb7913dcc824ab071314b880d6f215fa99a585fa50e21	source_unnamed	unique_full_body_sha256
LF9C102P	0x13A18C	LF9D012H	0x1442A0	FUN_0013a18c	FUN_001442a0	FUN_0013a18c	28	1b25cbf9b9e9d79217245e0cd7843a07b12e4c2fcecce9ea4fcf957feb50f384	source_unnamed	unique_full_body_sha256
LF9C102P	0x1756D0	LF9D012H	0x17FE58	FUN_001756d0	FUN_0017fe58	FUN_001756d0	6	1b2f86d80b5188340c452180d40a9f10b3560d3d1a112f1de12a8c2936b12e7d	source_unnamed	unique_full_body_sha256
LF9C102P	0x1D0306	LF9D012H	0x1DC0CA	FUN_001d0306	FUN_001dc0ca	FUN_001d0306	10	1b47d672e0ac10d92c0481fd0750ecf64f8a66a88a3c5c6c11fcbe1b3d53d23d	source_unnamed	unique_full_body_sha256
LF9C102P	0x7FBE4	LF9D012H	0x82744	FUN_0007fbe4	FUN_00082744	FUN_0007fbe4	508	1b68da9b15ab7862257663263cbd14028ff191101b7ef5132abab688e381a831	source_unnamed	unique_full_body_sha256
LF9C102P	0x14B028	LF9D012H	0x1557BC	FUN_0014b028	FUN_001557bc	FUN_0014b028	92	1bef714af3f54903ff365772327b54973b27f0160b2eb221f2213c9199cdbcbc	source_unnamed	unique_full_body_sha256
LF9C102P	0x1A7EB4	LF9D012H	0x1B3A88	FUN_001a7eb4	FUN_001b3a88	FUN_001a7eb4	132	1bf7e435ed191d9668ee4a0098f341340e0fefed60050cd330a7b87417399b04	source_unnamed	unique_full_body_sha256
LF9C102P	0x1A1CE4	LF9D012H	0x1AD2D4	FUN_001a1ce4	FUN_001ad2d4	FUN_001a1ce4	40	1c1d25ad70b30993c924f04a560bf23d8d61796d2c2222dbe45866a8d285b387	source_unnamed	unique_full_body_sha256
LF9C102P	0x1D0266	LF9D012H	0x1DC02A	FUN_001d0266	FUN_001dc02a	FUN_001d0266	10	1cd1a727ad89493658faf70f7a4dcef5fcc7df1c82e2505f324236dec89a2640	source_unnamed	unique_full_body_sha256
LF9C102P	0xCB594	LF9D012H	0xD3C40	FUN_000cb594	FUN_000d3c40	FUN_000cb594	38	1cdc3dccba106683270c15ed28724076897f2f6aecca5e2518cdbe4d85952da9	source_unnamed	unique_full_body_sha256
LF9C102P	0x1CBE9C	LF9D012H	0x1D7C60	FUN_001cbe9c	FUN_001d7c60	FUN_001cbe9c	14	1ce245cb1acd0970ce18b5bf08ee4930634f20ffae6a7f90520a6cfde47ccb0a	source_unnamed	unique_full_body_sha256
LF9C102P	0x6A6D0	LF9D012H	0x6CA68	FUN_0006a6d0	FUN_0006ca68	FUN_0006a6d0	86	1d0de51b20b749dc0ce659893296e4b1ee617f6b58cf58edd1ddf17a7ba47b7d	source_unnamed	unique_full_body_sha256
LF9C102P	0x1D6994	LF9D012H	0x1E2758	FUN_001d6994	FUN_001e2758	FUN_001d6994	30	1d11a4665143f01c3cdcecee3c60108b8d2398a0f169bcb1b53d1b702115961c	source_unnamed	unique_full_body_sha256
LF9C102P	0xA7E92	LF9D012H	0xB005E	FUN_000a7e92	FUN_000b005e	FUN_000a7e92	220	1d6ca2005a0cd7d188711446680e36afce80d8e99125a25c4f89c7ce090f907e	source_unnamed	unique_full_body_sha256
LF9C102P	0xB3076	LF9D012H	0xBB27E	bit_mask_test	bit_mask_test	bit_mask_test	8	1d7d511e053522c6a7724266c4ce0249da1167a2314b1d671610e7500ac1477d	already_named	unique_full_body_sha256
LF9C102P	0x93E08	LF9D012H	0x9DC5C	FUN_00093e08	FUN_0009dc5c	FUN_00093e08	90	1d7f59649d43eec1dd3aee79d4c18a152c54697f9e753e02a2a4dbe936542f5e	source_unnamed	unique_full_body_sha256
LF9C102P	0x1CD45A	LF9D012H	0x1D921E	FUN_001cd45a	FUN_001d921e	FUN_001cd45a	78	1d93a003002c71d5281f35603c5e1bfd5d26e3b107885cb833fe9e5423449140	source_unnamed	unique_full_body_sha256
LF9C102P	0x93AE8	LF9D012H	0x9D93C	FUN_00093ae8	FUN_0009d93c	FUN_00093ae8	108	1daa2483e8a8ff8b927394dcd034d15e0b5c4521f116abf86e00fcf737dba5b2	source_unnamed	unique_full_body_sha256
LF9C102P	0x121D24	LF9D012H	0x12BC98	FUN_00121d24	FUN_0012bc98	FUN_00121d24	42	1dc3b53eb0142397ecc1598436114f203d1b1c1d953f7658ba0c4b58ead4673f	source_unnamed	unique_full_body_sha256
LF9C102P	0x14BDD8	LF9D012H	0x15656C	FUN_0014bdd8	FUN_0015656c	FUN_0014bdd8	40	1ddb710fd3c5db8468f1906d745d9ae24b39bcd65fce9afc720124101c81fb40	source_unnamed	unique_full_body_sha256
LF9C102P	0x1CBDC2	LF9D012H	0x1D7B86	thunk_FUN_001cd698	thunk_FUN_001d945c	thunk_FUN_001cd698	6	1e0844e3e35234df866c727fe11f6538e5fd81171caa17c87e04319c515d2f5d	source_unnamed	unique_full_body_sha256
LF9C102P	0x1CEC6A	LF9D012H	0x1DAA2E	FUN_001cec6a	FUN_001daa2e	FUN_001cec6a	10	1e1ad3e5b60c0dc9aaa969bc77a62335ad82c2706061dfcb7ca109b2a4bbd952	source_unnamed	unique_full_body_sha256
LF9C102P	0x1A2A98	LF9D012H	0x1AE0F0	FUN_001a2a98	FUN_001ae0f0	FUN_001a2a98	128	1e260561e3623e4b58420b873556b0b3dc0e13295b1021b6f7fd641e4c0242b7	source_unnamed	unique_full_body_sha256
LF9C102P	0x1D6940	LF9D012H	0x1E2704	FUN_001d6940	FUN_001e2704	FUN_001d6940	6	1ec5822c5c3036024fafde09fc0e84c4fd699f27b462b3460cb8c1984437b3c9	source_unnamed	unique_full_body_sha256
LF9C102P	0x6CD84	LF9D012H	0x6F11C	FUN_0006cd84	FUN_0006f11c	FUN_0006cd84	62	1ecc518af74187288ee52516d6ccc8c996901408084638295f9721992a01c89a	source_unnamed	unique_full_body_sha256
LF9C102P	0x1D5D5A	LF9D012H	0x1E1B1E	FUN_001d5d5a	FUN_001e1b1e	FUN_001d5d5a	8	1ed21c8e0b50d1ff7a5dd2bf614cef2e4c1b7c8dad765dcb4b813d09b24d83fb	source_unnamed	unique_full_body_sha256
LF9C102P	0x81EEC	LF9D012H	0x84C50	FUN_00081eec	FUN_00084c50	FUN_00081eec	140	1ed3994edce63579c7825b1a7c93a586ab48076300c16d472eb6512b63d46d09	source_unnamed	unique_full_body_sha256
LF9C102P	0xAFDD6	LF9D012H	0xB7FDE	FUN_000afdd6	FUN_000b7fde	FUN_000afdd6	36	1efd73c4e42727048c15ab718ccaeee451ecad5a5e39d2ba9eae2317593601b8	source_unnamed	unique_full_body_sha256
LF9C102P	0x1CC1CA	LF9D012H	0x1D7F8E	FUN_001cc1ca	FUN_001d7f8e	FUN_001cc1ca	18	1f40840473efafa134da1bd5db346582312514f7fb66d1caea88a06351128cbc	source_unnamed	unique_full_body_sha256
LF9C102P	0x1BE4C4	LF9D012H	0x1CA154	FUN_001be4c4	FUN_001ca154	FUN_001be4c4	200	1f42ac17e711e5017535eda83c7e1ed8d3dec28799032c7d38471afd7a86e5f7	source_unnamed	unique_full_body_sha256
LF9C102P	0x12CA80	LF9D012H	0x136B94	FUN_0012ca80	FUN_00136b94	FUN_0012ca80	38	1f50b57f602a20c28b5fac3158da6e7ae89d853f55fd0bfe42cd9f428d1db9dd	source_unnamed	unique_full_body_sha256
LF9C102P	0x93DB6	LF9D012H	0x9DC0A	FUN_00093db6	FUN_0009dc0a	FUN_00093db6	78	1f5a47d55d3f1875b61cea3fbc40e22c1c679b18391d1acc810b6bfc689bbbca	source_unnamed	unique_full_body_sha256
LF9C102P	0x7834	LF9D012H	0x7918	FUN_00007834	FUN_00007918	FUN_00007834	66	1f694f4b938bf9533c1d882917a2d92ae874567a80c581f6dcec7d0cbd87aa0d	source_unnamed	unique_full_body_sha256
LF9C102P	0x174D54	LF9D012H	0x17F44C	FUN_00174d54	FUN_0017f44c	FUN_00174d54	28	1f8fd37e56434cb82c8304c27e976e60f528b77f0645ec686a4947e2d507866f	source_unnamed	unique_full_body_sha256
LF9C102P	0x1E3E42	LF9D012H	0x1F0DD2	FUN_001e3e42	FUN_001f0dd2	FUN_001e3e42	24	1fa145f0fa011651c0fcbcfb28a4d27bc89868eb628a392ee6fb79bff6e0d232	source_unnamed	unique_full_body_sha256
LF9C102P	0x1CF14E	LF9D012H	0x1DAF12	FUN_001cf14e	FUN_001daf12	FUN_001cf14e	10	2012451d07b58c1fb9ac34aec97c0abf3215c7a282e9a55b4868a2f34f0c80c1	source_unnamed	unique_full_body_sha256
LF9C102P	0xFD8F0	LF9D012H	0x10791C	FUN_000fd8f0	FUN_0010791c	FUN_000fd8f0	44	202e7e300166e8ddc92b036041400540ce19a2aa4e549aad3d29c2574c08b3c1	source_unnamed	unique_full_body_sha256
LF9C102P	0x8380C	LF9D012H	0x86570	FUN_0008380c	FUN_00086570	FUN_0008380c	158	205bba138a3436f73a70cb25cb40b78cc0c184e31a9ece7df41d92ddc2d46758	source_unnamed	unique_full_body_sha256
LF9C102P	0x6A5A8	LF9D012H	0x6C940	FUN_0006a5a8	FUN_0006c940	FUN_0006a5a8	72	2061a72175bd7ef775a6ad5c929beae68e9e74f058f2ff0705781c3b35a85ed8	source_unnamed	unique_full_body_sha256
LF9C102P	0x14B718	LF9D012H	0x155EAC	FUN_0014b718	FUN_00155eac	FUN_0014b718	48	206747eb4f2d0559638184de09730867025984dc9ba61a54b0e6acb9f65ab545	source_unnamed	unique_full_body_sha256
LF9C102P	0x6FD4	LF9D012H	0x6FD4	FUN_00006fd4	FUN_00006fd4	FUN_00006fd4	14	20b4f5c0773e3b60c77609e3fb6f14f19e03a85bf8e263147d18e5f1672aab62	source_unnamed	unique_full_body_sha256
LF9C102P	0x1D00E6	LF9D012H	0x1DBEAA	FUN_001d00e6	FUN_001dbeaa	FUN_001d00e6	48	20ca3232011f304b66bcfd5b9b86cd31f76ce4e9504bbe0af4bb606736abd570	source_unnamed	unique_full_body_sha256
LF9C102P	0x81D7E	LF9D012H	0x84AE2	FUN_00081d7e	FUN_00084ae2	FUN_00081d7e	156	20dd81c3e7b88c0ed9b7379c771abb1a49d5a059838e1994d1409f0232ff5dce	source_unnamed	unique_full_body_sha256
LF9C102P	0x1C94A2	LF9D012H	0x1D5156	FUN_001c94a2	FUN_001d5156	FUN_001c94a2	46	21357434101a28b7a2a2468ce3625127bfa6e9eaa7b9b9e13e7a269291bd78ac	source_unnamed	unique_full_body_sha256
LF9C102P	0x1E2796	LF9D012H	0x1EEA42	FUN_001e2796	FUN_001eea42	FUN_001e2796	294	2155d7744e9c1c77cb1e90d35d89e1337a7bb2afd80156ea9d5f39dfd6dd0bf7	source_unnamed	unique_full_body_sha256
LF9C102P	0x6CC30	LF9D012H	0x6EFC8	FUN_0006cc30	FUN_0006efc8	FUN_0006cc30	26	2156a9a6b766fda2213f70ae46bd3fda5f27059c588dcb2785c9ffef4d494adf	source_unnamed	unique_full_body_sha256
LF9C102P	0xAABE6	LF9D012H	0xB2DB2	FUN_000aabe6	FUN_000b2db2	FUN_000aabe6	188	21979490588419e67025ab344e8167e1416aebee8e3ffbf854e529946e4a0e20	source_unnamed	unique_full_body_sha256
LF9C102P	0x9F77C	LF9D012H	0xA96A4	FUN_0009f77c	FUN_000a96a4	FUN_0009f77c	24	21a582b1e33dc888b2bcdd4561880fc4217f42ad7efd247971ca89b135b588dd	source_unnamed	unique_full_body_sha256
LF9C102P	0x14A8DC	LF9D012H	0x155070	FUN_0014a8dc	FUN_00155070	FUN_0014a8dc	74	21d2647140c53562a307d759c3d84570b66e09b2c81b0776efa016e4ad0efce3	source_unnamed	unique_full_body_sha256
LF9C102P	0x85A28	LF9D012H	0x88798	FUN_00085a28	FUN_00088798	FUN_00085a28	54	21dad193d5f00c54bffd2db69aec87c463978f926a715862928c87a04224d85e	source_unnamed	unique_full_body_sha256
LF9C102P	0x1D2990	LF9D012H	0x1DE754	FUN_001d2990	FUN_001de754	FUN_001d2990	10	21f3715df0b452a090697ffe3ca43e5822813c20266af54f7ce2086e0d644f12	source_unnamed	unique_full_body_sha256
LF9C102P	0x12636C	LF9D012H	0x130348	FUN_0012636c	FUN_00130348	FUN_0012636c	64	220d1ca1c129ba9f78a766289d2dd3e1b4305e4fe6391b69768e537469d78803	source_unnamed	unique_full_body_sha256
LF9C102P	0x1AC2DC	LF9D012H	0x1B7EB0	FUN_001ac2dc	FUN_001b7eb0	FUN_001ac2dc	336	223d1f4c2f6aee8ff6ae2e3ef3835bb42fdd9a8ef878bc4fcdd50d793f6a0da3	source_unnamed	unique_full_body_sha256
LF9C102P	0x175218	LF9D012H	0x17F9A0	FUN_00175218	FUN_0017f9a0	FUN_00175218	96	223e1b8ed986abfa2937199ca5e86b44d1bdf528e095f7ee770c1283b57a88b4	source_unnamed	unique_full_body_sha256
LF9C102P	0xB8CEE	LF9D012H	0xC0E72	FUN_000b8cee	FUN_000c0e72	FUN_000b8cee	30	22528abb7ef261b15dbc3c7c9ca35a372a986d0deee93f4cc7ffede0af8e9ebb	source_unnamed	unique_full_body_sha256
LF9C102P	0x11D724	LF9D012H	0x127694	mode_select_from_bitfield	mode_select_from_bitfield	mode_select_from_bitfield	86	225ad3cd7e90cbc6492a57cae77dd3113505eec379229abca769e8c7e04ca6c6	already_named	unique_full_body_sha256
LF9C102P	0x95AE8	LF9D012H	0x9F93C	FUN_00095ae8	FUN_0009f93c	FUN_00095ae8	26	22643f1c67b4120c78816548418266ac54e4f6c9664d1d3484d2d8f725f5c92e	source_unnamed	unique_full_body_sha256
LF9C102P	0x83346	LF9D012H	0x860AA	sensor_read_scale_wordidx	sensor_read_scale_wordidx	sensor_read_scale_wordidx	6	22a118d72f4a6e886f87c083358881a9ade5019c0a9bab25f78115cbd0c6653b	already_named	unique_full_body_sha256
LF9C102P	0x14C06C	LF9D012H	0x156800	FUN_0014c06c	FUN_00156800	FUN_0014c06c	40	22b07b6be56f353f5a72a9c7f6b2316676f7f2fb3a42e3d03f980e697c5a8cfa	source_unnamed	unique_full_body_sha256
LF9C102P	0x1D5D7A	LF9D012H	0x1E1B3E	FUN_001d5d7a	FUN_001e1b3e	FUN_001d5d7a	224	22b565a60aaff062e658ac5254e12b27103ddda6a5d8f1cc1446a493c0411e2c	source_unnamed	unique_full_body_sha256
LF9C102P	0x1D78D8	LF9D012H	0x1E369C	FUN_001d78d8	FUN_001e369c	FUN_001d78d8	10	2305cafb4e98825997fcd8ee4c62f2b7a26fb49d7fb0ec2b63b8f9aace04d739	source_unnamed	unique_full_body_sha256
LF9C102P	0x1FEB78	LF9D012H	0x27EC80	state_action_on_code_6_a_f	state_action_on_code_6_a_f	state_action_on_code_6_a_f	58	2330ab9c5953bb169bc74eb2a7724a6ee15f8f4bda4f1d7262cf0cb340ad91ed	already_named	unique_full_body_sha256
LF9C102P	0x1E3E20	LF9D012H	0x1F0DB0	FUN_001e3e20	FUN_001f0db0	FUN_001e3e20	34	235b494fc8b866980f3a82ae044ab4215bd95b9131111988b67126a59b1f646f	source_unnamed	unique_full_body_sha256
LF9C102P	0x178644	LF9D012H	0x182E84	monitor_debounce_counter_update	monitor_debounce_counter_update	monitor_debounce_counter_update	158	2373bf48a1ebd89f0710f73c7364e43929daaaf43d7ee814a565660a529ab4c5	already_named	unique_full_body_sha256
LF9C102P	0x1CC990	LF9D012H	0x1D8754	FUN_001cc990	FUN_001d8754	FUN_001cc990	216	23c043d6bc488b3ef49c649c02668ed221d9818e1c8a2e43cece7b8d6f87709d	source_unnamed	unique_full_body_sha256
LF9C102P	0x1E3432	LF9D012H	0x1F03C2	FUN_001e3432	FUN_001f03c2	FUN_001e3432	10	23c6907f5b24873b1417fd0579f52ffb2faa601d268b901d39d88af657887aa8	source_unnamed	unique_full_body_sha256
LF9C102P	0x11928C	LF9D012H	0x1231B8	FUN_0011928c	FUN_001231b8	FUN_0011928c	192	240dc48312dbae2c2442b179c03c083914c417c2a45c69703612610e139fb90a	source_unnamed	unique_full_body_sha256
LF9C102P	0x1E46D0	LF9D012H	0x1F1660	FUN_001e46d0	FUN_001f1660	FUN_001e46d0	10	2412f70877521cdcf600d023e11c2841d5a33a10b4cc910fafa2ac91c0f9a42f	source_unnamed	unique_full_body_sha256
LF9C102P	0x81C3E	LF9D012H	0x849A2	FUN_00081c3e	FUN_000849a2	FUN_00081c3e	112	24397f92e836b4846e1795d673dac08504a961193a09e5f434e6ab29835e11aa	source_unnamed	unique_full_body_sha256
LF9C102P	0x1CEB0C	LF9D012H	0x1DA8D0	FUN_001ceb0c	FUN_001da8d0	FUN_001ceb0c	10	243d61c9d254f73b1ec406cfb76efa1cfe0d70477e2f94cd1b60503024cf14de	source_unnamed	unique_full_body_sha256
LF9C102P	0x1D73F4	LF9D012H	0x1E31B8	FUN_001d73f4	FUN_001e31b8	FUN_001d73f4	10	243fdfb72b33168dd8e06baf19c24576de9f7c22d44f7c6e8368dfb5152ae8d6	source_unnamed	unique_full_body_sha256
LF9C102P	0x1FDE3C	LF9D012H	0x27DF44	FUN_001fde3c	FUN_0027df44	FUN_001fde3c	176	244a567acedcc6c6942664d78989989f8db8260e03cf93a4d15986316eb7af72	source_unnamed	unique_full_body_sha256
LF9C102P	0xA34C2	LF9D012H	0xAB68E	FUN_000a34c2	FUN_000ab68e	FUN_000a34c2	86	24582bb2935a7996d1b21a6120abfe0997291436e8b723e9c46d4d402e7087d1	source_unnamed	unique_full_body_sha256
LF9C102P	0x85D58	LF9D012H	0x88AC8	FUN_00085d58	FUN_00088ac8	FUN_00085d58	44	24bafbe2575daac7e23d61a409e8990827fd3ea28813a0a14004b1c3750ed952	source_unnamed	unique_full_body_sha256
LF9C102P	0x9E0E0	LF9D012H	0xA7FEC	FUN_0009e0e0	FUN_000a7fec	FUN_0009e0e0	138	24ddad51f38c5deeb0dbe68e7bff67d41d09ba44d7ba670e2803f08fc0bb57a3	source_unnamed	unique_full_body_sha256
LF9C102P	0x94DE0	LF9D012H	0x9EC34	FUN_00094de0	FUN_0009ec34	FUN_00094de0	110	24f09d92d6a002a7fd4b0b90457418d3690e4deabb86c1e8c3d98fe1ed165608	source_unnamed	unique_full_body_sha256
LF9C102P	0x994F0	LF9D012H	0xA3344	FUN_000994f0	FUN_000a3344	FUN_000994f0	8	2508a760166705811e99c7d4c85b861035ac1bccd4860eb6e9ab717b30ec824f	source_unnamed	unique_full_body_sha256
LF9C102P	0xAB3F4	LF9D012H	0xB35C0	FUN_000ab3f4	FUN_000b35c0	FUN_000ab3f4	106	254f9adc95c701dc43e38312856987aa9391386101bc3570883955202017f294	source_unnamed	unique_full_body_sha256
LF9C102P	0x12ECA8	LF9D012H	0x138DBC	FUN_0012eca8	FUN_00138dbc	FUN_0012eca8	86	2557fa4d48f230e6f6aa07186460e11a4c8919f909613b766ad029bb2d3e34b5	source_unnamed	unique_full_body_sha256
LF9C102P	0xA399A	LF9D012H	0xABB66	FUN_000a399a	FUN_000abb66	FUN_000a399a	68	2559c2acd3a8281f3ab46b357f0b29c0bf56e0cd437428674e0a705332fdfe83	source_unnamed	unique_full_body_sha256
LF9C102P	0x87C58	LF9D012H	0x8A9C8	FUN_00087c58	FUN_0008a9c8	FUN_00087c58	14	25661d7f3c6e8f5ceecc16d9a066871c11321478ae2fbbe3a359a7632c202e7b	source_unnamed	unique_full_body_sha256
LF9C102P	0xCD3A4	LF9D012H	0xD5A28	FUN_000cd3a4	FUN_000d5a28	FUN_000cd3a4	54	258b1dd4db11e6dd60619209b8d7dc1f5eac26e4748a11b37dab79d4a0b20f35	source_unnamed	unique_full_body_sha256
LF9C102P	0x1D06DC	LF9D012H	0x1DC4A0	FUN_001d06dc	FUN_001dc4a0	FUN_001d06dc	64	2599160b551916fadc2d79a67f5c2ef14af75e0c5ca9d4e5f14dcbcbfb957230	source_unnamed	unique_full_body_sha256
LF9C102P	0x6C8E0	LF9D012H	0x6EC78	FUN_0006c8e0	FUN_0006ec78	FUN_0006c8e0	40	25bb01f5fa6fa6bded1aaf3f3312bef0440b37e4d9222efad63755402f5f4772	source_unnamed	unique_full_body_sha256
LF9C102P	0x87558	LF9D012H	0x8A2C8	FUN_00087558	FUN_0008a2c8	FUN_00087558	146	25db30b800d0372ea578ffbab475fd53f502bb7f9daf00aabb20c0df4ad334f6	source_unnamed	unique_full_body_sha256
LF9C102P	0x122310	LF9D012H	0x12C284	FUN_00122310	FUN_0012c284	FUN_00122310	116	25e8d3aeea3fb5e6b1a3e63dffb0870f7eafc30973009e3be6dd0dc85779a3f7	source_unnamed	unique_full_body_sha256
LF9C102P	0x1C96E0	LF9D012H	0x1D5394	FUN_001c96e0	FUN_001d5394	FUN_001c96e0	54	25ecb28fe2880f4c9d536b7329fa8c6834572a6daf029ab208eb3939c68ed5fb	source_unnamed	unique_full_body_sha256
LF9C102P	0x94944	LF9D012H	0x9E798	FUN_00094944	FUN_0009e798	FUN_00094944	348	25f53e960847642da90f604d5cae236645d4d0057eba421755996b1356f601ff	source_unnamed	unique_full_body_sha256
LF9C102P	0x1E7AF4	LF9D012H	0x1F4BC0	call_cb_with_lockbit_8000	call_cb_with_lockbit_8000	call_cb_with_lockbit_8000	38	2633ca36aa8998106780b63aa2ffbfdb2af8bec021e9d2526e9907d3b48f6cc6	already_named	unique_full_body_sha256
LF9C102P	0x1D7E10	LF9D012H	0x1E3BD4	FUN_001d7e10	FUN_001e3bd4	FUN_001d7e10	120	26658dbfa6ba78d5c5211cbf484ce28b856b50dd6ab8141996c97bb2b04dcf6b	source_unnamed	unique_full_body_sha256
LF9C102P	0x6EFDC	LF9D012H	0x71374	FUN_0006efdc	FUN_00071374	FUN_0006efdc	10	26741228a4605e619724c82957de0f334f725e06a73d6f5ecf4d27750115363c	source_unnamed	unique_full_body_sha256
LF9C102P	0xB22C8	LF9D012H	0xBA4D0	soft_float_int_xor	soft_float_int_xor	soft_float_int_xor	16	268fea6081de91ce1d40c965d88cc35bd7f13b4358789a3cde67b07b7837c9d7	already_named	unique_full_body_sha256
LF9C102P	0x1A87C0	LF9D012H	0x1B4394	FUN_001a87c0	FUN_001b4394	FUN_001a87c0	146	26938b9df9f0980104aed63fc925d5e38ea66699647b08f788b087e1816efb4e	source_unnamed	unique_full_body_sha256
LF9C102P	0xA9454	LF9D012H	0xB1620	FUN_000a9454	FUN_000b1620	FUN_000a9454	78	26a7fcbf6e83dabf3ec4b521f87967e3103b85f57cbf52f3c77ef0857164385c	source_unnamed	unique_full_body_sha256
LF9C102P	0x14A92C	LF9D012H	0x1550C0	FUN_0014a92c	FUN_001550c0	FUN_0014a92c	74	26b99232af10ade7c860054a8c8e5f8fcc41cdc22b1efaa72991c35879978fb5	source_unnamed	unique_full_body_sha256
LF9C102P	0x1CBEC6	LF9D012H	0x1D7C8A	FUN_001cbec6	FUN_001d7c8a	FUN_001cbec6	8	26c82fe01c85c16b47ac3eb20f93228155dcacbf46146104a61d3ecb91f8a84a	source_unnamed	unique_full_body_sha256
LF9C102P	0x81222	LF9D012H	0x83F86	FUN_00081222	FUN_00083f86	FUN_00081222	96	26d54b5a412979eb4e12b1880814e2572a85bf905bec12dbdb29850c4c8841f3	source_unnamed	unique_full_body_sha256
LF9C102P	0xA01D2	LF9D012H	0xAA0FA	FUN_000a01d2	FUN_000aa0fa	FUN_000a01d2	18	2741c0e6c9d98b417932d802d1d99f49520fd1a71b94258a7da53f61b3680b6b	source_unnamed	unique_full_body_sha256
LF9C102P	0x1E8594	LF9D012H	0x1F5660	FUN_001e8594	FUN_001f5660	FUN_001e8594	4	274e095396a1210a97a83b7b7deb7cb6e4dc80bd53af878321cc4d05b52e5425	source_unnamed	unique_full_body_sha256
LF9C102P	0x1CAAD4	LF9D012H	0x1D6898	FUN_001caad4	FUN_001d6898	FUN_001caad4	288	2753da25532a695fd50a18655720b0b16abcc376f0618dbb8c01249498b15576	source_unnamed	unique_full_body_sha256
LF9C102P	0x1FED18	LF9D012H	0x27EE20	pwm_disable_channel_a	pwm_disable_channel_a	pwm_disable_channel_a	56	2758017d5dc0684d63eebff10999994eacdb2152d2baac09c9e6064f4abb4c07	already_named	unique_full_body_sha256
LF9C102P	0x1E012E	LF9D012H	0x1EBF16	FUN_001e012e	FUN_001ebf16	FUN_001e012e	12	276505fca38568b460506505ac83635d3cbe7955643effd9eda5b9b4f80e07a6	source_unnamed	unique_full_body_sha256
LF9C102P	0x1326E0	LF9D012H	0x13C7F4	FUN_001326e0	FUN_0013c7f4	FUN_001326e0	34	27685fcf25ddf7fce456e2a9db97ecfcafa81975ae2c524d255886fc28514fbb	source_unnamed	unique_full_body_sha256
LF9C102P	0x124B2C	LF9D012H	0x12EAE0	FUN_00124b2c	FUN_0012eae0	FUN_00124b2c	26	27cde0c2ed6978dfc2053e01753bf779d3d3ac4b776a240ea76502ce77ef2a93	source_unnamed	unique_full_body_sha256
LF9C102P	0x9D8D8	LF9D012H	0xA77E4	FUN_0009d8d8	FUN_000a77e4	FUN_0009d8d8	16	27d4b68a472f13e1b34eec1d081c96ae23111f74cfe0a0f5cb3ec0074b8e5728	source_unnamed	unique_full_body_sha256
LF9C102P	0xC0BE4	LF9D012H	0xC9028	fault_flag_latch_3cond	fault_flag_latch_3cond	fault_flag_latch_3cond	68	2803347fbe651d5405e26d9f57f4cd5992d98f56587cf04b153a788b7383ddf5	already_named	unique_full_body_sha256
LF9C102P	0x1C1110	LF9D012H	0x1CCDA0	FUN_001c1110	FUN_001ccda0	FUN_001c1110	10	281ee175f381d0b0cb2f987185e49ee1cc5b9b701fd1aaba1d4f4c9d613eab3a	source_unnamed	unique_full_body_sha256
LF9C102P	0x1CECB0	LF9D012H	0x1DAA74	FUN_001cecb0	FUN_001daa74	FUN_001cecb0	10	283c3d22c9c6564c64af0276d77d8c9276e645db4c925a95cfe12edb6e03f285	source_unnamed	unique_full_body_sha256
LF9C102P	0x7574	LF9D012H	0x7658	FUN_00007574	FUN_00007658	FUN_00007574	82	2868562e76d1ee18b9be5df98a5f90859eecea521ea33b0d5ca5ddd5dfbaa275	source_unnamed	unique_full_body_sha256
LF9C102P	0x14C4BC	LF9D012H	0x156C50	FUN_0014c4bc	FUN_00156c50	FUN_0014c4bc	32	2869f06d7c7d6a616c632b23b86d86bf29c5125e174914c2d368db6abacc02f8	source_unnamed	unique_full_body_sha256
LF9C102P	0x1D7A6C	LF9D012H	0x1E3830	FUN_001d7a6c	FUN_001e3830	FUN_001d7a6c	42	286b8e664ec1d99a841605a2bca03466ae4dfd9413c092eb928c3af9d300000e	source_unnamed	unique_full_body_sha256
LF9C102P	0x11EF34	LF9D012H	0x128EA8	FUN_0011ef34	FUN_00128ea8	FUN_0011ef34	16	2872e0007b2359bd26efb2e9b80e97701db99b0603524808c897afc03ebf9fb2	source_unnamed	unique_full_body_sha256
LF9C102P	0x124A84	LF9D012H	0x12EA38	FUN_00124a84	FUN_0012ea38	FUN_00124a84	158	2897ff103f253d9579ac8f6e930403c43fcb4f1e3870bfec86f61901e4f1ab7f	source_unnamed	unique_full_body_sha256
LF9C102P	0x1E8598	LF9D012H	0x1F5664	FUN_001e8598	FUN_001f5664	FUN_001e8598	90	289b15932cb97248b6583d760374ef14e6b79b5a11c9a08dd4f8454c83f3ad3b	source_unnamed	unique_full_body_sha256
LF9C102P	0x1D4B2C	LF9D012H	0x1E08F0	FUN_001d4b2c	FUN_001e08f0	FUN_001d4b2c	6	28a4133bc18fccf73c53f260a005c0fc48fa22328bcef5209ed3863e796710d3	source_unnamed	unique_full_body_sha256
LF9C102P	0x838AA	LF9D012H	0x8660E	FUN_000838aa	FUN_0008660e	FUN_000838aa	218	28acac59ba2834a6f71618b5cbe620ebd77633cc2bde4f7a07843618edb7a768	source_unnamed	unique_full_body_sha256
LF9C102P	0x86E4A	LF9D012H	0x89BBA	FUN_00086e4a	FUN_00089bba	FUN_00086e4a	276	28d7ff70834f23e90c48c77c49d054989e26dd3316f36410dd9c9dda05188ba1	source_unnamed	unique_full_body_sha256
LF9C102P	0x84158	LF9D012H	0x86EBC	FUN_00084158	FUN_00086ebc	FUN_00084158	146	29545b70bdea7bd15145b6b14a6a58d5fbdaa5a4f1d98b0e66882cc4b77a1dee	source_unnamed	unique_full_body_sha256
LF9C102P	0x87758	LF9D012H	0x8A4C8	FUN_00087758	FUN_0008a4c8	FUN_00087758	32	2963df5bddd3c41caa36ca848b80644ecfc381bff03b97b94a4425be73379b34	source_unnamed	unique_full_body_sha256
LF9C102P	0x97DF2	LF9D012H	0xA1C46	FUN_00097df2	FUN_000a1c46	FUN_00097df2	200	2966342eda05f1c372e082720c0e6bcbdac889b101b36dfa2a69d0137fbe51ad	source_unnamed	unique_full_body_sha256
LF9C102P	0x1A85CC	LF9D012H	0x1B41A0	FUN_001a85cc	FUN_001b41a0	FUN_001a85cc	122	297d20804de9f5b18474cd00fd587e17c828d0ad8001b2ab2b802ae431de4539	source_unnamed	unique_full_body_sha256
LF9C102P	0x1E34B2	LF9D012H	0x1F0442	FUN_001e34b2	FUN_001f0442	FUN_001e34b2	6	298894784db559aafa6f9f17f8b4a0b8547ab08d2bd56fa046e2d5b21e417bd6	source_unnamed	unique_full_body_sha256
LF9C102P	0x1919CC	LF9D012H	0x19C2B8	FUN_001919cc	FUN_0019c2b8	FUN_001919cc	352	2999426054ca908861b086d42632832fab5678701f47a14c1e5f284258733a7c	source_unnamed	unique_full_body_sha256
LF9C102P	0xB0D8C	LF9D012H	0xB8F94	FUN_000b0d8c	FUN_000b8f94	FUN_000b0d8c	138	299dc32f8580859a671992b3baf69cd6f705ab53c10bd209d20385298a23fbc2	source_unnamed	unique_full_body_sha256
LF9C102P	0x1298AC	LF9D012H	0x1338CC	FUN_001298ac	FUN_001338cc	FUN_001298ac	24	29a5a5b10322fe6442ed1274e21af8b4502183453ae11ecc3a3de3c60e349b4c	source_unnamed	unique_full_body_sha256
LF9C102P	0x1D4AB2	LF9D012H	0x1E0876	FUN_001d4ab2	FUN_001e0876	FUN_001d4ab2	36	29ac2b68482c511bafcdc8d5b685cc5c95a651f3d7ac7e519d4c09a169c78625	source_unnamed	unique_full_body_sha256
LF9C102P	0x174140	LF9D012H	0x17E99C	FUN_00174140	FUN_0017e99c	FUN_00174140	70	29b881e9404e5bbc329c5ec6d0ad01e8845cb1f661d877c1113bf0787fe6d76c	source_unnamed	unique_full_body_sha256
LF9C102P	0x1D2700	LF9D012H	0x1DE4C4	FUN_001d2700	FUN_001de4c4	FUN_001d2700	30	29d294ee585303227d6a99380ed1df94e8def443110306e48b16ccd1cbe53778	source_unnamed	unique_full_body_sha256
LF9C102P	0x81BA8	LF9D012H	0x8490C	FUN_00081ba8	FUN_0008490c	FUN_00081ba8	150	29d5e0fbede2c5888e0aef2c1fbe3df8e4d9f6ef588579f64d26fe9be0eb6e39	source_unnamed	unique_full_body_sha256
LF9C102P	0x1CEDF8	LF9D012H	0x1DABBC	FUN_001cedf8	FUN_001dabbc	FUN_001cedf8	44	29f9e7a2c3c921c13d56c96b7a9ebe9e059494a590018c1abb985bc141496069	source_unnamed	unique_full_body_sha256
LF9C102P	0x132704	LF9D012H	0x13C818	FUN_00132704	FUN_0013c818	FUN_00132704	508	2a0214bc79224b6c6613a1d0bdb0095ca42d5c2444f436b74f4171ecf8143bc4	source_unnamed	unique_full_body_sha256
LF9C102P	0x1D2B20	LF9D012H	0x1DE8E4	FUN_001d2b20	FUN_001de8e4	FUN_001d2b20	6	2a0342887886dfb6d630bbda7fa27d80c4ec5565db2f63576b32472b5a0bea84	source_unnamed	unique_full_body_sha256
LF9C102P	0x127B38	LF9D012H	0x131B14	FUN_00127b38	FUN_00131b14	FUN_00127b38	14	2a298990ff78be8ba7fa5aa2c634032f5fcb10b894ca40c7ce8babf429a7d0a0	source_unnamed	unique_full_body_sha256
LF9C102P	0x1CBD8E	LF9D012H	0x1D7B52	thunk_FUN_001ce560	thunk_FUN_001da324	thunk_FUN_001ce560	6	2a4a678d1cd03926b7e0201b95f851b5ee2138c3ee5b7edef08dce7442b439ea	source_unnamed	unique_full_body_sha256
LF9C102P	0x86A2E	LF9D012H	0x8979E	FUN_00086a2e	FUN_0008979e	FUN_00086a2e	14	2a73a93dd1b0f2a8d86a3def03500ed6a01ac33bc03ca3ee140d10e3ca639135	source_unnamed	unique_full_body_sha256
LF9C102P	0xC0BC8	LF9D012H	0xC900C	flag_mirror_bit2	flag_mirror_bit2	flag_mirror_bit2	14	2ae69c20a413c75a07753d54a648fd7f78b4d44b3ba08b706e7f2b8b76b0d391	already_named	unique_full_body_sha256
LF9C102P	0xC1308	LF9D012H	0xC974C	FUN_000c1308	FUN_000c974c	FUN_000c1308	26	2aeedc5d7ae2a750c84c3665894d592e4ffb4b5df809eb0f242f769fabfc6c4f	source_unnamed	unique_full_body_sha256
LF9C102P	0xA8302	LF9D012H	0xB04CE	FUN_000a8302	FUN_000b04ce	FUN_000a8302	180	2b1faf08e7ea9e4ee328644dd2f3c930875069c368d3fe0bfd0a145ce0842aa9	source_unnamed	unique_full_body_sha256
LF9C102P	0xAF7BA	LF9D012H	0xB79C2	FUN_000af7ba	FUN_000b79c2	FUN_000af7ba	156	2b329106d0bda9b5eaf3ee10ae4a0c73f995c7dce04fff7e5850b1c24268b92d	source_unnamed	unique_full_body_sha256
LF9C102P	0x6400	LF9D012H	0x6400	FUN_00006400	FUN_00006400	FUN_00006400	10	2b92a693fd0e10d52b5c5ef32cd918c47e1f05e1b0477b248c840b91da2182a5	source_unnamed	unique_full_body_sha256
LF9C102P	0x116008	LF9D012H	0x11FF34	FUN_00116008	FUN_0011ff34	FUN_00116008	36	2bab964d0093820e19ec9d8e01585d719a06d85133b5c4e1e6d5a51160eef0a8	source_unnamed	unique_full_body_sha256
LF9C102P	0x6E72E	LF9D012H	0x70AC6	FUN_0006e72e	FUN_00070ac6	FUN_0006e72e	116	2bac1a9419779b7eccfc16f28f368d774f4d683e778fdd897606439a3bee03df	source_unnamed	unique_full_body_sha256
LF9C102P	0xC61A0	LF9D012H	0xCE7CC	FUN_000c61a0	FUN_000ce7cc	FUN_000c61a0	4	2bafc6ec7b6fc99d516f1b9c3db8f80efa51ea6e2ff72908c1580eaed2ee11e8	source_unnamed	unique_full_body_sha256
LF9C102P	0xA0C2A	LF9D012H	0xAAB52	FUN_000a0c2a	FUN_000aab52	FUN_000a0c2a	100	2bd48baf2682f8dcad69ff1ab81706c3224d05ccb044d83db7a6a3a1d3c1acd0	source_unnamed	unique_full_body_sha256
LF9C102P	0x1E77DA	LF9D012H	0x1F48A6	FUN_001e77da	FUN_001f48a6	FUN_001e77da	6	2bd7d5cf5bf40435258db17b3ae000299c3e90dcd61afb6a6e89c36bc62b3c6b	source_unnamed	unique_full_body_sha256
LF9C102P	0x7878	LF9D012H	0x795C	FUN_00007878	FUN_0000795c	FUN_00007878	66	2bf67326da708f50e16655fd74aa4fe593e6b60405fb6a45f06c3e909cb648e4	source_unnamed	unique_full_body_sha256
LF9C102P	0x12B228	LF9D012H	0x1352DC	FUN_0012b228	FUN_001352dc	FUN_0012b228	102	2c05afa85f3414aeeb47f979c6d8ddaf8538ba8285854bbe67930f6adaef7e07	source_unnamed	unique_full_body_sha256
LF9C102P	0xCBFAC	LF9D012H	0xD4658	FUN_000cbfac	FUN_000d4658	FUN_000cbfac	8	2c29a01d4deea076e4e2c5b25134e4aea260beeeb37870418c9ee907f69642d9	source_unnamed	unique_full_body_sha256
LF9C102P	0x1CAE80	LF9D012H	0x1D6C44	thunk_FUN_001cafdc	thunk_FUN_001d6da0	thunk_FUN_001cafdc	6	2c3adca77a8dc8b170cfb825ca63b4b64a9049513a63c16343e5064f1f6c870c	source_unnamed	unique_full_body_sha256
LF9C102P	0x86664	LF9D012H	0x893D4	FUN_00086664	FUN_000893d4	FUN_00086664	80	2c861b1a17a461b7a43b3f2f21b37e1457e16ed59d45c87c63eb6641f9a81842	source_unnamed	unique_full_body_sha256
LF9C102P	0xA8428	LF9D012H	0xB05F4	FUN_000a8428	FUN_000b05f4	FUN_000a8428	382	2c9cd0294d12b8c183cb6c98b8beabd53db9ee78c7b8a90a657ddd6272e51c64	source_unnamed	unique_full_body_sha256
LF9C102P	0xFC344	LF9D012H	0x106370	FUN_000fc344	FUN_00106370	FUN_000fc344	28	2cb8ac61e9b4fa679fc3663a5d9a764a27703ef3a865d59ad744f1ab738c5265	source_unnamed	unique_full_body_sha256
LF9C102P	0x12011C	LF9D012H	0x12A090	FUN_0012011c	FUN_0012a090	FUN_0012011c	288	2cc135c71c022f2c5132ff1796286a4956ff79c9c14c5e625bf626ecf2824277	source_unnamed	unique_full_body_sha256
LF9C102P	0xA4DA4	LF9D012H	0xACF70	FUN_000a4da4	FUN_000acf70	FUN_000a4da4	64	2ced9bd2a402ba5a394ea6e7768b68d6496a355bbe05ac6cd5ac91a16a7382b1	source_unnamed	unique_full_body_sha256
LF9C102P	0x1D8094	LF9D012H	0x1E3E58	FUN_001d8094	FUN_001e3e58	FUN_001d8094	256	2d19ba1eefb8a7459431ce7e4e37fa774c18658a8505f401dd5a5d4e655247c8	source_unnamed	unique_full_body_sha256
LF9C102P	0x1D482C	LF9D012H	0x1E05F0	FUN_001d482c	FUN_001e05f0	FUN_001d482c	258	2d5e73db03c5bb210ab50139370d116e413319cd7bc2a3f4bcf0acc7a5997d3f	source_unnamed	unique_full_body_sha256
LF9C102P	0x1D2BE8	LF9D012H	0x1DE9AC	FUN_001d2be8	FUN_001de9ac	FUN_001d2be8	6	2d68c2ad9aa6038f14de753edc02e0d84c73f9846931f0f7d69f6e052002f16a	source_unnamed	unique_full_body_sha256
LF9C102P	0x1FE620	LF9D012H	0x27E728	FUN_001fe620	FUN_0027e728	FUN_001fe620	114	2da3453f6aa4f716099f73a2e820e0f79b1f4fa92a122996c60737a6bde543d9	source_unnamed	unique_full_body_sha256
LF9C102P	0x1D82D2	LF9D012H	0x1E4096	FUN_001d82d2	FUN_001e4096	FUN_001d82d2	66	2da5d0d79052434709789aeecd787102fa15e60b3a11c3a2a0746487a92ff44a	source_unnamed	unique_full_body_sha256
LF9C102P	0x12976C	LF9D012H	0x13378C	FUN_0012976c	FUN_0013378c	FUN_0012976c	44	2db00f9e4d35cc6e84d9de299f28e6ee41d99476fed876670a75eac04a83f3d4	source_unnamed	unique_full_body_sha256
LF9C102P	0xF48BC	LF9D012H	0xFE864	FUN_000f48bc	FUN_000fe864	FUN_000f48bc	30	2dd7e05823c45a4b3711c3a3bf851c9b2645bf814ac0bbefbfe94ef41fec8a2e	source_unnamed	unique_full_body_sha256
LF9C102P	0x87942	LF9D012H	0x8A6B2	FUN_00087942	FUN_0008a6b2	FUN_00087942	132	2df2f026eb3d7004a71d156ac9aeeb7c0ba6e3d1033a1bc06acdbfd59d9f8d0f	source_unnamed	unique_full_body_sha256
LF9C102P	0xA0B78	LF9D012H	0xAAAA0	FUN_000a0b78	FUN_000aaaa0	FUN_000a0b78	100	2e1a8aa0a4d2bdc7c186a3b1fa3619673566162182d93457927f7d5abe2a037b	source_unnamed	unique_full_body_sha256
LF9C102P	0x1D281C	LF9D012H	0x1DE5E0	FUN_001d281c	FUN_001de5e0	FUN_001d281c	6	2e3b83a44b64ea556f7dc7f5536a472026aa0b608bf24dc05ebf35babb8e7b4b	source_unnamed	unique_full_body_sha256
LF9C102P	0x1145A8	LF9D012H	0x11E4D4	FUN_001145a8	FUN_0011e4d4	FUN_001145a8	84	2e83056647e89aac98834759d91d03406ba6c2313dc3b2c99ccca6ab308bb824	source_unnamed	unique_full_body_sha256
LF9C102P	0xCA8E4	LF9D012H	0xD2F90	FUN_000ca8e4	FUN_000d2f90	FUN_000ca8e4	80	2ea9ccfb7829a535e39c24a2dee186934f9d8f45e8af765010db4e28d57ae0fc	source_unnamed	unique_full_body_sha256
LF9C102P	0x1FD470	LF9D012H	0x27D578	FUN_001fd470	FUN_0027d578	FUN_001fd470	6	2eedc09d32cb89c0db765081fa3f3528d2f71ea76066b0f00c1ea3073c3cbb1d	source_unnamed	unique_full_body_sha256
LF9C102P	0x82FD6	LF9D012H	0x85D3A	FUN_00082fd6	FUN_00085d3a	FUN_00082fd6	36	2ef28f783ee13d57d1b1b5100728e40da4b43ed529fae8cdb3165a2cb4a1a224	source_unnamed	unique_full_body_sha256
LF9C102P	0x1C9570	LF9D012H	0x1D5224	FUN_001c9570	FUN_001d5224	FUN_001c9570	30	2ef55d37898a3ec2034b9bcb64de93d7421c34a47f1f6e0d744cfc65a9806240	source_unnamed	unique_full_body_sha256
LF9C102P	0x1D27D2	LF9D012H	0x1DE596	FUN_001d27d2	FUN_001de596	FUN_001d27d2	6	2f57c84850f27da2fe1c75ecda6884cd0ff47d22e19e8e37bd3815bdbb948b11	source_unnamed	unique_full_body_sha256
LF9C102P	0xAB058	LF9D012H	0xB3224	FUN_000ab058	FUN_000b3224	FUN_000ab058	194	2f5ef572ecc025e6cd4404d6b3e5aadbf1c9c16fdf53bc3bd2993eac2a305f5d	source_unnamed	unique_full_body_sha256
LF9C102P	0x1D3E00	LF9D012H	0x1DFBC4	FUN_001d3e00	FUN_001dfbc4	FUN_001d3e00	88	2f885b340d0af7bbe00276fdcf7929c38bb09dffa83749a87fb901402a9daff3	source_unnamed	unique_full_body_sha256
LF9C102P	0x1A9A18	LF9D012H	0x1B55EC	FUN_001a9a18	FUN_001b55ec	FUN_001a9a18	344	2fb28c1bc7b79233c53acca5555d21c8b4b3ac019e397579d4b673ddd2d3b9b6	source_unnamed	unique_full_body_sha256
LF9C102P	0x1CB2F6	LF9D012H	0x1D70BA	FUN_001cb2f6	FUN_001d70ba	FUN_001cb2f6	18	2febf69703035a8b704a544f6d8bdd1595f7f3748b8e86e0b50811062cd7162f	source_unnamed	unique_full_body_sha256
LF9C102P	0x1FD424	LF9D012H	0x27D52C	FUN_001fd424	FUN_0027d52c	FUN_001fd424	6	30001804a391ebf9fc98d13c83594df5419193661d78c39eb8bd624eb6c637cd	source_unnamed	unique_full_body_sha256
LF9C102P	0x1D3DE0	LF9D012H	0x1DFBA4	FUN_001d3de0	FUN_001dfba4	FUN_001d3de0	22	30344398948e03c16ba65fa9ddb0219c738ee746e0bc4aa5a43a160a53e1972b	source_unnamed	unique_full_body_sha256
LF9C102P	0x1D78CE	LF9D012H	0x1E3692	FUN_001d78ce	FUN_001e3692	FUN_001d78ce	10	3061ffdedece0cd90f2969b94006a693d049d83d96af74323793e357b4b899cc	source_unnamed	unique_full_body_sha256
LF9C102P	0x1E7010	LF9D012H	0x1F40DC	u64_greater_than	u64_greater_than	u64_greater_than	30	307c7c0338d34e9e86881e217c58774406ac5ff7ede62f1428b5ff90a9bdfd47	already_named	unique_full_body_sha256
LF9C102P	0x6B94	LF9D012H	0x6B94	FUN_00006b94	FUN_00006b94	FUN_00006b94	78	30a77dc18700ddd875e67e613c34684878e95485a78c18bfc421ea64749ab3e0	source_unnamed	unique_full_body_sha256
LF9C102P	0x1E7D38	LF9D012H	0x1F4E04	FUN_001e7d38	FUN_001f4e04	FUN_001e7d38	52	30c0c381a38a9ed62a13531c336c12e8406f44298be9497c57da76c1c686bb7e	source_unnamed	unique_full_body_sha256
LF9C102P	0x1E3414	LF9D012H	0x1F03A4	FUN_001e3414	FUN_001f03a4	FUN_001e3414	10	30cd4227e477e8e56e32519863ab487587b6771875ce69837edaa64a48252d3e	source_unnamed	unique_full_body_sha256
LF9C102P	0x1D5570	LF9D012H	0x1E1334	FUN_001d5570	FUN_001e1334	FUN_001d5570	162	30dfa719583f8305b2abab06bf43e244e0522e3faa1e8f311493b4528cf24e6b	source_unnamed	unique_full_body_sha256
LF9C102P	0x1CD0D0	LF9D012H	0x1D8E94	FUN_001cd0d0	FUN_001d8e94	FUN_001cd0d0	162	30e874b1b214b006ce3d3ca17001b06342747d15c2cc272bb04c57671eccd079	source_unnamed	unique_full_body_sha256
LF9C102P	0x1A063C	LF9D012H	0x1AB97C	FUN_001a063c	FUN_001ab97c	FUN_001a063c	94	312ab225a7abd83ddfe7bd77e1665c2a6f37564207b21442034a90f5c86f6f2d	source_unnamed	unique_full_body_sha256
LF9C102P	0xABB4C	LF9D012H	0xB3D20	FUN_000abb4c	FUN_000b3d20	FUN_000abb4c	22	312b7c81d31d35ab20cdcc96bdf2e89c74d8edecca350794fa45b59afcdd7032	source_unnamed	unique_full_body_sha256
LF9C102P	0x1E4862	LF9D012H	0x1F17F2	FUN_001e4862	FUN_001f17f2	FUN_001e4862	24	312e5c2ccff736e1c7430dbfca8ab66baf643227081ee833ae058735c224da25	source_unnamed	unique_full_body_sha256
LF9C102P	0x8300E	LF9D012H	0x85D72	FUN_0008300e	FUN_00085d72	FUN_0008300e	96	31350fb3020f6d1b787d317e86fde2de497d12b168724cbfae3724979b072016	source_unnamed	unique_full_body_sha256
LF9C102P	0x9462A	LF9D012H	0x9E47E	FUN_0009462a	FUN_0009e47e	FUN_0009462a	174	314f188816aab05a3c1a6a037492e4cc5f2e340dd873d0fd2bc1f57a6e0f5629	source_unnamed	unique_full_body_sha256
LF9C102P	0x94AAE	LF9D012H	0x9E902	FUN_00094aae	FUN_0009e902	FUN_00094aae	176	315c35ffdf4f9f9953a5fcee40648c03fed4d18e6cec83da95915c25cbff96be	source_unnamed	unique_full_body_sha256
LF9C102P	0x1E4124	LF9D012H	0x1F10B4	FUN_001e4124	FUN_001f10b4	FUN_001e4124	64	316f21780bca70dced92ec0752334cbe606ed0c761d479f9bdde4ddae93eaa82	source_unnamed	unique_full_body_sha256
LF9C102P	0x1CBEAA	LF9D012H	0x1D7C6E	FUN_001cbeaa	FUN_001d7c6e	FUN_001cbeaa	10	3172f64fce8428f511e05a0ac812f38124b5d22fe7569125346984b95232b7b5	source_unnamed	unique_full_body_sha256
LF9C102P	0xB64D8	LF9D012H	0xBE65C	FUN_000b64d8	FUN_000be65c	FUN_000b64d8	486	31929ef3244837535bcccf955988395f48d15e2dc69cb91c2be3978667531682	source_unnamed	unique_full_body_sha256
LF9C102P	0x1C9E10	LF9D012H	0x1D5C08	serial_wait_tx_ready_mode6	serial_wait_tx_ready_mode6	serial_wait_tx_ready_mode6	58	3199209d68237f5abc285060cdf55cf153c06998cbb1ba9b5f90c85998380e60	already_named	unique_full_body_sha256
LF9C102P	0x17F2F4	LF9D012H	0x189BA4	FUN_0017f2f4	FUN_00189ba4	FUN_0017f2f4	116	31ab32d3b8107ca325f993321091af093419c62897ee6011e980acf0ce5dbd44	source_unnamed	unique_full_body_sha256
LF9C102P	0xDF35C	LF9D012H	0xE7C44	FUN_000df35c	FUN_000e7c44	FUN_000df35c	130	31c036a233f62fa2493e23ed50b6af2127bbecf70f12fdb91214ebaa74911c59	source_unnamed	unique_full_body_sha256
LF9C102P	0x189734	LF9D012H	0x193FE4	FUN_00189734	FUN_00193fe4	FUN_00189734	32	32096b2056fdcd112d095bbb5d96d5d6f78c1d7dd19e0fb7808221d221496159	source_unnamed	unique_full_body_sha256
LF9C102P	0x1E28E0	LF9D012H	0x1EEB8C	FUN_001e28e0	FUN_001eeb8c	FUN_001e28e0	270	3257c8416bd0ebf380b9c252efb55b43ebcb9e0317f6e146127615e116f28068	source_unnamed	unique_full_body_sha256
LF9C102P	0x1E37D2	LF9D012H	0x1F0762	FUN_001e37d2	FUN_001f0762	FUN_001e37d2	16	327e6969f30aa455d04ebe8218e7b9dc7a9c3d55e86119d144ee8073baffe4b8	source_unnamed	unique_full_body_sha256
LF9C102P	0x1CED60	LF9D012H	0x1DAB24	FUN_001ced60	FUN_001dab24	FUN_001ced60	44	32928d4de76fcd5f54e5dda431d299b89a46e135a802b1f805c6d2a503dda8c7	source_unnamed	unique_full_body_sha256
LF9C102P	0x1E8046	LF9D012H	0x1F5112	FUN_001e8046	FUN_001f5112	FUN_001e8046	48	32c2b1a777a3330ffda95fbc58afee7c661bb5dbe4d808552857aa48bb5fc9e8	source_unnamed	unique_full_body_sha256
LF9C102P	0x1ABC54	LF9D012H	0x1B7828	FUN_001abc54	FUN_001b7828	FUN_001abc54	344	32d73d326bf74673c13b3193bdbdc63e3d173b6b1edd326cb8219139a2ab1e86	source_unnamed	unique_full_body_sha256
LF9C102P	0x97C1E	LF9D012H	0xA1A72	FUN_00097c1e	FUN_000a1a72	FUN_00097c1e	12	32ea330d9b3250c2feef25f2ac1565c0a3b9ef06e472b8209c55dd5a737b68d0	source_unnamed	unique_full_body_sha256
LF9C102P	0x1E520A	LF9D012H	0x1F219A	FUN_001e520a	FUN_001f219a	FUN_001e520a	80	330c619e46cdc535b8210230f2cf96850f914b20c1f2f920581695a96dbad4db	source_unnamed	unique_full_body_sha256
LF9C102P	0xCDC18	LF9D012H	0xD6220	FUN_000cdc18	FUN_000d6220	FUN_000cdc18	76	3311a2383d3508f9eaa794d3f645cf89812bd1fe20cac34a090154773651bbe2	source_unnamed	unique_full_body_sha256
LF9C102P	0x1CECD4	LF9D012H	0x1DAA98	FUN_001cecd4	FUN_001daa98	FUN_001cecd4	44	33357ebfc5b0038d1becf496e983f901877dcde65985c9427dddd7e992bc5a85	source_unnamed	unique_full_body_sha256
LF9C102P	0x1ADDF0	LF9D012H	0x1B99C4	FUN_001addf0	FUN_001b99c4	FUN_001addf0	56	33528c1a7d09607977a23ec35f84581cbce9f10b828b3883c5bb753245a2802b	source_unnamed	unique_full_body_sha256
LF9C102P	0x864FC	LF9D012H	0x8926C	FUN_000864fc	FUN_0008926c	FUN_000864fc	34	335992175e7f0dee9ef4eaa73fa83350ee27d20d06f74642c2402c498ec04255	source_unnamed	unique_full_body_sha256
LF9C102P	0x1CBD78	LF9D012H	0x1D7B3C	FUN_001cbd78	FUN_001d7b3c	FUN_001cbd78	12	3365926b44f9f629715489773a2702467965dc49e714bf5a2d0dee1617c2d545	source_unnamed	unique_full_body_sha256
LF9C102P	0xB2678	LF9D012H	0xBA880	FUN_000b2678	FUN_000ba880	FUN_000b2678	18	3387dbca1b32ebb0c3e38e7e4f4a160ad22b58744e9bffb7f18ad7b6659c3c15	source_unnamed	unique_full_body_sha256
LF9C102P	0x1D0270	LF9D012H	0x1DC034	FUN_001d0270	FUN_001dc034	FUN_001d0270	10	33af4df05e504e5cf9ff4e5ada04da185f308948e76e0a74004766a0af91c8ef	source_unnamed	unique_full_body_sha256
LF9C102P	0x1046B8	LF9D012H	0x10E6EC	FUN_001046b8	FUN_0010e6ec	FUN_001046b8	50	33bcb3ef1c32fda45246514db9b93c285b700cf761b1b12da5718b64908c22a0	source_unnamed	unique_full_body_sha256
LF9C102P	0x1D3D74	LF9D012H	0x1DFB38	FUN_001d3d74	FUN_001dfb38	FUN_001d3d74	80	33ee9694290b633ab92222e4cc482cc7b6da6a9e82b185f5274758a2b48c9aea	source_unnamed	unique_full_body_sha256
LF9C102P	0x8353C	LF9D012H	0x862A0	FUN_0008353c	FUN_000862a0	FUN_0008353c	196	342484c836312db83984fac945a384c19b6fdced17c39c4e3e74965c2009bf26	source_unnamed	unique_full_body_sha256
LF9C102P	0x149444	LF9D012H	0x153BD8	FUN_00149444	FUN_00153bd8	FUN_00149444	70	34364bd1e26499bc23d13337ebcbeb0a1f37e5ab7dc740a92782c88298947bd6	source_unnamed	unique_full_body_sha256
LF9C102P	0x9DE0E	LF9D012H	0xA7D1A	FUN_0009de0e	FUN_000a7d1a	FUN_0009de0e	92	3443048990b0c67587ded796b0ba5fd6d278b3728cf61c8c790acdc370bae8dc	source_unnamed	unique_full_body_sha256
LF9C102P	0x1244CC	LF9D012H	0x12E440	FUN_001244cc	FUN_0012e440	FUN_001244cc	70	34721e98134b2fcdd5c522525938831c691334662d4e6e7a5b27ef06bf4b3713	source_unnamed	unique_full_body_sha256
LF9C102P	0x1D69B2	LF9D012H	0x1E2776	FUN_001d69b2	FUN_001e2776	FUN_001d69b2	38	3499c6e4bb59aaf79f02d9e99f27006f2ee41bbccd02f749360e3135f53c979e	source_unnamed	unique_full_body_sha256
LF9C102P	0x1ABF0C	LF9D012H	0x1B7AE0	interp_2d_ax_u32_u16_data_s_v3	interp_2d_ax_u32_u16_data_s_v3	interp_2d_ax_u32_u16_data_s_v3	328	34d4d3d3f73f31de1f4c660d8c1da0425153ffc78e0dd0ed89bc212c3ebe3634	already_named	unique_full_body_sha256
LF9C102P	0x1CBE84	LF9D012H	0x1D7C48	FUN_001cbe84	FUN_001d7c48	FUN_001cbe84	10	34de96c36ed7d1bc128ae5837b4b7f3dbc4fae7d2dc568b9c822a71f1425e746	source_unnamed	unique_full_body_sha256
LF9C102P	0xC5DF4	LF9D012H	0xCE420	FUN_000c5df4	FUN_000ce420	FUN_000c5df4	28	350a3e47aeb29ff5d57ba761690f0c5f8622448fa6ad369aa541072858f4e153	source_unnamed	unique_full_body_sha256
LF9C102P	0x6B358	LF9D012H	0x6D6F0	FUN_0006b358	FUN_0006d6f0	FUN_0006b358	58	3541e4fdf059e6acce1ead4d17fa580eda3dc93f07355b532b1c4f1b62f1f85b	source_unnamed	unique_full_body_sha256
LF9C102P	0x6FF4	LF9D012H	0x6FF4	FUN_00006ff4	FUN_00006ff4	FUN_00006ff4	14	35445880ca8393bce639fbb414ebcf9baca7757099e6974029f3d7bfd0b7b58d	source_unnamed	unique_full_body_sha256
LF9C102P	0xB1B00	LF9D012H	0xB9D08	FUN_000b1b00	FUN_000b9d08	FUN_000b1b00	2624	3547f4c6a6a763e6d0b280e619a9969c06cd031caa31ea52f7462a6459876f76	source_unnamed	unique_full_body_sha256
LF9C102P	0x87B12	LF9D012H	0x8A882	FUN_00087b12	FUN_0008a882	FUN_00087b12	8	355f993536b9ba77fa00f637508cd83549e281346e6c60db2d0888757972a630	source_unnamed	unique_full_body_sha256
LF9C102P	0x1D05F8	LF9D012H	0x1DC3BC	FUN_001d05f8	FUN_001dc3bc	FUN_001d05f8	96	358ae2211c15b8571ad2bd9d878b31cb666adf6629e5badf79e44d26d4c7a087	source_unnamed	unique_full_body_sha256
LF9C102P	0x19733C	LF9D012H	0x1A1EFC	FUN_0019733c	FUN_001a1efc	FUN_0019733c	3202	35b34f3be73728ade0950519bf392445cb6f562f69be71a02b72ec708bf05dca	source_unnamed	unique_full_body_sha256
LF9C102P	0x1D032E	LF9D012H	0x1DC0F2	FUN_001d032e	FUN_001dc0f2	FUN_001d032e	10	35d7f516ca9253eb9c13cff29a64f3e42a7860ed703152eba402d74027077450	source_unnamed	unique_full_body_sha256
LF9C102P	0x157114	LF9D012H	0x1618A8	FUN_00157114	FUN_001618a8	FUN_00157114	108	35e292e3b5b52d2d4694c12abecb1f839f39d22be41b71a50578bd02eff71aab	source_unnamed	unique_full_body_sha256
LF9C102P	0xAA064	LF9D012H	0xB2230	FUN_000aa064	FUN_000b2230	FUN_000aa064	234	35f0ee23af4736fd5c83bf91565b03cd678f070909017229e4d8e7d7c9b30f44	source_unnamed	unique_full_body_sha256
LF9C102P	0x1245E4	LF9D012H	0x12E558	FUN_001245e4	FUN_0012e558	FUN_001245e4	64	3606959293083dbf26d458f2a42c9ad3d99bee2d29b8ff9f0699d8b663de9ed6	source_unnamed	unique_full_body_sha256
LF9C102P	0x6AFAC	LF9D012H	0x6D344	FUN_0006afac	FUN_0006d344	FUN_0006afac	46	3610e64324338700d71d766bf0ffcb775443c4e3ef2acbe4e61fea325bcc1935	source_unnamed	unique_full_body_sha256
LF9C102P	0x1A96B0	LF9D012H	0x1B5284	interp_2d_ax_s16_u16_data_u	interp_2d_ax_s16_u16_data_u	interp_2d_ax_s16_u16_data_u	290	36266245db8b1863b60895469acffd9af8095cd28ee204753f649b4539741a25	already_named	unique_full_body_sha256
LF9C102P	0x70664	LF9D012H	0x729FC	FUN_00070664	FUN_000729fc	FUN_00070664	258	3653061d15ba3b752bce22277c1971d287902fed5cfe95acc9a110ee57d87240	source_unnamed	unique_full_body_sha256
LF9C102P	0x1CFBFC	LF9D012H	0x1DB9C0	FUN_001cfbfc	FUN_001db9c0	FUN_001cfbfc	52	365af5aa63e9e886a6ccca2db9c731c5ae34ca348331796e5271364158be6973	source_unnamed	unique_full_body_sha256
LF9C102P	0xA7C34	LF9D012H	0xAFE00	FUN_000a7c34	FUN_000afe00	FUN_000a7c34	154	367a400ac878d999b3537a83819f6ef2d94fa24388bd8fc2920799bc3d5c51eb	source_unnamed	unique_full_body_sha256
LF9C102P	0x6CA48	LF9D012H	0x6EDE0	FUN_0006ca48	FUN_0006ede0	FUN_0006ca48	40	36890c07f58b55e17e5d7ad3590e83ee54cce37a5fcc30d89d2b8b57c664f154	source_unnamed	unique_full_body_sha256
LF9C102P	0x994F8	LF9D012H	0xA334C	FUN_000994f8	FUN_000a334c	FUN_000994f8	8	36c3ab31a3e8c45e7a9f51b9fd1443df0dd2a59a9db580a4162b275df807b882	source_unnamed	unique_full_body_sha256
LF9C102P	0x87778	LF9D012H	0x8A4E8	FUN_00087778	FUN_0008a4e8	FUN_00087778	10	36cf610088799bc90a42917789f22f1e98a8365c0580dde1044fe9d78ab5c4d4	source_unnamed	unique_full_body_sha256
LF9C102P	0x1CDABE	LF9D012H	0x1D9882	FUN_001cdabe	FUN_001d9882	FUN_001cdabe	6	36f881c47df3ef1394898f45bc764ab86a6f3cabae7fc7e7ed24e6d6a53e8e69	source_unnamed	unique_full_body_sha256
LF9C102P	0xDBB44	LF9D012H	0xE442C	FUN_000dbb44	FUN_000e442c	FUN_000dbb44	94	371fb9385d08d4ffd6d030c25886f9588b7d9a8dc1b9ede435703f34491357d7	source_unnamed	unique_full_body_sha256
LF9C102P	0x1B0780	LF9D012H	0x1BC3E8	FUN_001b0780	FUN_001bc3e8	FUN_001b0780	60	373c2ffa39128387c527cfdc080ab623af0a2aec647f24d7eb5b115764ae600c	source_unnamed	unique_full_body_sha256
LF9C102P	0x1C6F24	LF9D012H	0x1D2BD8	FUN_001c6f24	FUN_001d2bd8	FUN_001c6f24	24	37485257e2d70cb1ce08bdc61cc535cbda28a3f0f5551fccd96885785acd867e	source_unnamed	unique_full_body_sha256
LF9C102P	0x129744	LF9D012H	0x133764	FUN_00129744	FUN_00133764	FUN_00129744	38	37560b0677a7fbff75163242b1710f34547e8622eeab5e44f534e3d1c517bab6	source_unnamed	unique_full_body_sha256
LF9C102P	0x149D30	LF9D012H	0x1544C4	FUN_00149d30	FUN_001544c4	FUN_00149d30	60	37622f6afb7c2b457862750499220d7c2ebeca6daf914202c685809e5960f98f	source_unnamed	unique_full_body_sha256
LF9C102P	0x1E6BA8	LF9D012H	0x1F3C74	FUN_001e6ba8	FUN_001f3c74	FUN_001e6ba8	286	378a2f761bd2f39af115ebd685576e57eaa5564387bf11ed9f59ad3822106240	source_unnamed	unique_full_body_sha256
LF9C102P	0xBEB2A	LF9D012H	0xC6EDE	b6_word_decrypt_sbox	b6_word_decrypt_sbox	b6_word_decrypt_sbox	254	379b1d33b20975d4243f091ced71d85d5440a9bed0718fa718c2aa907cffeb62	already_named	unique_full_body_sha256
LF9C102P	0x1CEBDE	LF9D012H	0x1DA9A2	FUN_001cebde	FUN_001da9a2	FUN_001cebde	10	379fba5e058ab3a5d850418f413983571f3884e584f32bfeed546694d9db70b3	source_unnamed	unique_full_body_sha256
LF9C102P	0x6C282	LF9D012H	0x6E61A	FUN_0006c282	FUN_0006e61a	FUN_0006c282	148	37a4ffda304d9665d6e1360d5315814c17f08f80e64d020310e40112dd8580a2	source_unnamed	unique_full_body_sha256
LF9C102P	0x126EDC	LF9D012H	0x130EB8	FUN_00126edc	FUN_00130eb8	FUN_00126edc	26	383091e1d5f7a7677df9765b5aa5e9820d5b712e28ec5491e1efdfffe2327ba0	source_unnamed	unique_full_body_sha256
LF9C102P	0x1CAC48	LF9D012H	0x1D6A0C	sig_set_fwd_1d	sig_set_fwd_1d	sig_set_fwd_1d	6	3848d54f5507524982f66deb778fefa81c3260929b6a234240b8857a3e787884	already_named	unique_full_body_sha256
LF9C102P	0x7464	LF9D012H	0x7548	FUN_00007464	FUN_00007548	FUN_00007464	84	388f491294dd6c4139546c8ec46c4ba53f1b1594463e6ced11f8aacf2b90a400	source_unnamed	unique_full_body_sha256
LF9C102P	0x1CBDD8	LF9D012H	0x1D7B9C	cal_table_get_word1	cal_table_get_word1	cal_table_get_word1	10	38a7b0c6474e54ba642a4f3ea85563966257031242bcecbf4877e4ba94ae2856	already_named	unique_full_body_sha256
LF9C102P	0x112F08	LF9D012H	0x11CE34	FUN_00112f08	FUN_0011ce34	FUN_00112f08	114	38a9cfc9dfb9f04c76cdfe034edb9a8dd2bf107cb1def9d96577b81474bb3b93	source_unnamed	unique_full_body_sha256
LF9C102P	0x1E337A	LF9D012H	0x1F030A	FUN_001e337a	FUN_001f030a	FUN_001e337a	6	38ac123bda00a8168d0947e07fad391344393883d95753ca6bef43893e5dab09	source_unnamed	unique_full_body_sha256
LF9C102P	0x8646E	LF9D012H	0x891DE	FUN_0008646e	FUN_000891de	FUN_0008646e	34	38acdb382dbbfaf0ea9a8547199990ff948dc823bffa5529081ad1fef58bf7f2	source_unnamed	unique_full_body_sha256
LF9C102P	0x836DC	LF9D012H	0x86440	FUN_000836dc	FUN_00086440	FUN_000836dc	80	38d2b241470fc62a7f4a2b0fdc88d12cd9adbf5048aa374cf00ab132493c8a58	source_unnamed	unique_full_body_sha256
LF9C102P	0xC0CB4	LF9D012H	0xC90F8	FUN_000c0cb4	FUN_000c90f8	FUN_000c0cb4	76	38f205a7326b2caa3492151b516515c1a4b5d69666e414c24b97be3432dd42ce	source_unnamed	unique_full_body_sha256
LF9C102P	0x1E336E	LF9D012H	0x1F02FE	FUN_001e336e	FUN_001f02fe	FUN_001e336e	6	38f33ab06cc9bba6a51f7c6d0c7b1dc254ce1859da218c022c1dd6985e18c39c	source_unnamed	unique_full_body_sha256
LF9C102P	0x1941B0	LF9D012H	0x19EB80	FUN_001941b0	FUN_0019eb80	FUN_001941b0	118	38fa328a4ca98c6393e6b97d00f4286f8cebb099d65bf871f82af58b00d44767	source_unnamed	unique_full_body_sha256
LF9C102P	0x145170	LF9D012H	0x14F2F0	FUN_00145170	FUN_0014f2f0	FUN_00145170	48	3919e2b8d9cac26bd774a5dd845ec8389a770a4f26910b4578fb3df0946c4269	source_unnamed	unique_full_body_sha256
LF9C102P	0x83BDE	LF9D012H	0x86942	FUN_00083bde	FUN_00086942	FUN_00083bde	160	392a9e48de6b63889f895125837c7c1dd34e5415595aaa011f75bcb76d5f7edc	source_unnamed	unique_full_body_sha256
LF9C102P	0x1CFA88	LF9D012H	0x1DB84C	FUN_001cfa88	FUN_001db84c	FUN_001cfa88	44	39437019597fc7d881601c6f978c93923e349f04126d8088f37021e684a2ef0e	source_unnamed	unique_full_body_sha256
LF9C102P	0x17A150	LF9D012H	0x184A00	FUN_0017a150	FUN_00184a00	FUN_0017a150	70	39564edb70db918b964b5adc3bd7bb2106f63c1593e2ba7d372d8b1dc6042013	source_unnamed	unique_full_body_sha256
LF9C102P	0x83636	LF9D012H	0x8639A	FUN_00083636	FUN_0008639a	FUN_00083636	152	3966cc16be94c026bda6380c213e7da34565bd5ad49fa5e9c2209f3dc80769e3	source_unnamed	unique_full_body_sha256
LF9C102P	0x1B0BB8	LF9D012H	0x1BC820	FUN_001b0bb8	FUN_001bc820	FUN_001b0bb8	60	396a434fa2929bfd5cae6c47d6ea950837f238252aec4730017ec7f3fb3327d7	source_unnamed	unique_full_body_sha256
LF9C102P	0x1C9EFA	LF9D012H	0x1D5CC8	FUN_001c9efa	FUN_001d5cc8	FUN_001c9efa	16	397c7163a97369e471b3a11e524e5c2f34febbd65da010e1745e63766c7669a7	source_unnamed	unique_full_body_sha256
LF9C102P	0x132420	LF9D012H	0x13C534	FUN_00132420	FUN_0013c534	FUN_00132420	68	39d4fde720ed7c8c39c445ffbcf637224e387521693e9c4d3433c824fafd9df6	source_unnamed	unique_full_body_sha256
LF9C102P	0x1E46C6	LF9D012H	0x1F1656	FUN_001e46c6	FUN_001f1656	FUN_001e46c6	10	3a1068aafb4a1385cdd940e293aa36a49e342b9f210ead29153408db53ddeb81	source_unnamed	unique_full_body_sha256
LF9C102P	0x1D5928	LF9D012H	0x1E16EC	FUN_001d5928	FUN_001e16ec	FUN_001d5928	158	3a6e500472b6efb98a29401793c072c98aee5d7fd3b84c4622a99e0909413c0f	source_unnamed	unique_full_body_sha256
LF9C102P	0xAC952	LF9D012H	0xB4B26	FUN_000ac952	FUN_000b4b26	FUN_000ac952	34	3a7b668548107b901bd2a7a6a0a01d9aecdc6f01c3718327f1190d83241aa085	source_unnamed	unique_full_body_sha256
LF9C102P	0x1FECA4	LF9D012H	0x27EDAC	FUN_001feca4	FUN_0027edac	FUN_001feca4	46	3a858dfe31426df8e206293493b179fc2250a8bb3af64a5f39c387fdce10bb2d	source_unnamed	unique_full_body_sha256
LF9C102P	0x184E28	LF9D012H	0x18F6D8	FUN_00184e28	FUN_0018f6d8	FUN_00184e28	188	3a8fb32fca4484adf4ca15248fca4855da4411a64d92f07c479bce23d1a4dcae	source_unnamed	unique_full_body_sha256
LF9C102P	0xA7C18	LF9D012H	0xAFDE4	FUN_000a7c18	FUN_000afde4	FUN_000a7c18	28	3a8fe891dde9a9f2363b9d67b9fff78c346a0b5734c4b79fd05872f4e350f5d0	source_unnamed	unique_full_body_sha256
LF9C102P	0x1CEF2E	LF9D012H	0x1DACF2	FUN_001cef2e	FUN_001dacf2	FUN_001cef2e	44	3a938cf3c6b4e085c20e0d01c3991ba3a72056825cd9ece1c17312e49c7b039c	source_unnamed	unique_full_body_sha256
LF9C102P	0x7099C	LF9D012H	0x72D34	FUN_0007099c	FUN_00072d34	FUN_0007099c	36	3a96405f23efbc92c867ca403ad4eb99969bb01c54e16b9b725614af1ded229c	source_unnamed	unique_full_body_sha256
LF9C102P	0x9A8BC	LF9D012H	0xA4718	FUN_0009a8bc	FUN_000a4718	FUN_0009a8bc	338	3aa4ff1ec6b188d31706a782b6feb73855e97f5070b4f330b77cefb1ae31e68e	source_unnamed	unique_full_body_sha256
LF9C102P	0x12FA3C	LF9D012H	0x139B50	FUN_0012fa3c	FUN_00139b50	FUN_0012fa3c	22	3abd7cb065c7f9eecb8c5ed7130dd742712f76fd99cc255035decbd36e61335d	source_unnamed	unique_full_body_sha256
LF9C102P	0x77664	LF9D012H	0x7A024	FUN_00077664	FUN_0007a024	FUN_00077664	188	3ad70c484e87ad5887dab481f459250d19d401f09a77bfc9f32deb8fc4083a59	source_unnamed	unique_full_body_sha256
LF9C102P	0x1D02B6	LF9D012H	0x1DC07A	FUN_001d02b6	FUN_001dc07a	FUN_001d02b6	10	3afff1c18deef5ff5ea2cc4a9382b831c867b5bc425d88c7ba6ca7cba3968d90	source_unnamed	unique_full_body_sha256
LF9C102P	0xB1E88	LF9D012H	0xBA090	FUN_000b1e88	FUN_000ba090	FUN_000b1e88	86	3b078a97851794edda0cf31e7ed2492e8754915678b1e42609b58e091ba71c35	source_unnamed	unique_full_body_sha256
LF9C102P	0xC67FC	LF9D012H	0xCEE28	FUN_000c67fc	FUN_000cee28	FUN_000c67fc	22	3b3e8f6468b05df20c6f235ffc9c940d4d3e2c288b2fdb36a6de5d8322463d46	source_unnamed	unique_full_body_sha256
LF9C102P	0x175374	LF9D012H	0x17FAFC	FUN_00175374	FUN_0017fafc	FUN_00175374	44	3b49036a3961a628cecd9a4f5a11940e688dd056e8054a0784a304879d8472bd	source_unnamed	unique_full_body_sha256
LF9C102P	0x6B31E	LF9D012H	0x6D6B6	FUN_0006b31e	FUN_0006d6b6	FUN_0006b31e	58	3b4d411d9784779ec7814ecb4f8a288501447eb6464d681a281cc3ce0af44635	source_unnamed	unique_full_body_sha256
LF9C102P	0x1CEB6C	LF9D012H	0x1DA930	FUN_001ceb6c	FUN_001da930	FUN_001ceb6c	44	3b728f9850a0f9a4e049b0bb416cf9e2ecae73d64e9b0e02e8342a812153940c	source_unnamed	unique_full_body_sha256
LF9C102P	0x1A3658	LF9D012H	0x1AECB0	FUN_001a3658	FUN_001aecb0	FUN_001a3658	38	3b94504836ee9394af1cb96e4f905e57a8ad11635b69f23e065d3701d5afc19b	source_unnamed	unique_full_body_sha256
LF9C102P	0x1AA154	LF9D012H	0x1B5D28	FUN_001aa154	FUN_001b5d28	FUN_001aa154	346	3b9b92924ffa9fefa12889465680f8ced590fc1849520aec787ecb2bc5f929cb	source_unnamed	unique_full_body_sha256
LF9C102P	0x174D1C	LF9D012H	0x17F414	FUN_00174d1c	FUN_0017f414	FUN_00174d1c	18	3ba2af2205a8373c3829874947c0fd7c4978887ced08e244b042838eed9537d7	source_unnamed	unique_full_body_sha256
LF9C102P	0x878DC	LF9D012H	0x8A64C	FUN_000878dc	FUN_0008a64c	FUN_000878dc	92	3baedb4feb4cd8b19c5c7d82cbe0a30ee13765fe6ad55a5bd5f8d4f8becbdd08	source_unnamed	unique_full_body_sha256
LF9C102P	0xCD770	LF9D012H	0xD5DF4	FUN_000cd770	FUN_000d5df4	FUN_000cd770	86	3bbceb85ed62d0b4078531d35d1c11998a2a0112db727a506bbe5441027a5387	source_unnamed	unique_full_body_sha256
LF9C102P	0xB8D94	LF9D012H	0xC0F18	FUN_000b8d94	FUN_000c0f18	FUN_000b8d94	138	3bbf5c673e437eac2804a4bb3d3e347e29ff582813ea0b5f90804f95f587b9d8	source_unnamed	unique_full_body_sha256
LF9C102P	0x17971C	LF9D012H	0x183F5C	FUN_0017971c	FUN_00183f5c	FUN_0017971c	202	3bee97a6189b3b99f3da8c692f7f5776f82c03a10a8630f4a6e11aa4568c4047	source_unnamed	unique_full_body_sha256
LF9C102P	0x1FED54	LF9D012H	0x27EE5C	FUN_001fed54	FUN_0027ee5c	FUN_001fed54	128	3c20bc3ac0739ef11af05f4ddd49b83d8562f647fa211f2e59fa3375b2958c78	source_unnamed	unique_full_body_sha256
LF9C102P	0x1C15A0	LF9D012H	0x1CD23C	FUN_001c15a0	FUN_001cd23c	FUN_001c15a0	78	3c715fda0235ce011ab872a8f42670c78ba22bafba9028c8b359165846bd5c56	source_unnamed	unique_full_body_sha256
LF9C102P	0x99210	LF9D012H	0xA3064	FUN_00099210	FUN_000a3064	FUN_00099210	12	3c804a7598960fdb79ab7a88ea4e6104d57514fc816890d0a49d30839fcbd31c	source_unnamed	unique_full_body_sha256
LF9C102P	0x17E870	LF9D012H	0x189120	FUN_0017e870	FUN_00189120	FUN_0017e870	22	3c829d4948b7a9b9b00f91afe72a3e6236b41093466e495dbeff4e163b30d916	source_unnamed	unique_full_body_sha256
LF9C102P	0x12185C	LF9D012H	0x12B7D0	FUN_0012185c	FUN_0012b7d0	FUN_0012185c	58	3c86dd88b4484c31bf8c10530d2066773ccd278f7d1a3f2bdc106e93d0cb08d3	source_unnamed	unique_full_body_sha256
LF9C102P	0x1E7AAC	LF9D012H	0x1F4B78	call_cb_with_lockbit_20000	call_cb_with_lockbit_20000	call_cb_with_lockbit_20000	36	3c8ff59690c872c23e9523876570a49740dff88f0c95fa85da68f2798d53e696	already_named	unique_full_body_sha256
LF9C102P	0x866F8	LF9D012H	0x89468	FUN_000866f8	FUN_00089468	FUN_000866f8	10	3ceb26bcf8df2073f4ffe7e2edb9e34e625381016782416033d91e0683d3cf82	source_unnamed	unique_full_body_sha256
LF9C102P	0xA710E	LF9D012H	0xAF2DA	thunk_FUN_000a7c18	thunk_FUN_000afde4	thunk_FUN_000a7c18	4	3d373990a57b5dc935ee48e85735cd737f9730283de26237136df5728adb08c8	source_unnamed	unique_full_body_sha256
LF9C102P	0x1D2EB4	LF9D012H	0x1DEC78	clamp_sensor_or_default	clamp_sensor_or_default	clamp_sensor_or_default	74	3defea97d66d1960b7f71525808ef8882fde57afe66d1e11be090e8b9cd17709	already_named	unique_full_body_sha256
LF9C102P	0x6D94	LF9D012H	0x6D94	FUN_00006d94	FUN_00006d94	FUN_00006d94	38	3e3d56cbf587507b5d4967e49a21ab595871142721bcf76ecd8590a870258691	source_unnamed	unique_full_body_sha256
LF9C102P	0x1CAD50	LF9D012H	0x1D6B14	can_op_rc_translate	can_op_rc_translate	can_op_rc_translate	20	3e5679ea801c14ca2eb63ab5b8821a120ef103063942e2321411072b7be94181	already_named	unique_full_body_sha256
LF9C102P	0xBF2E4	LF9D012H	0xC7698	comm_msg_template_init	comm_msg_template_init	comm_msg_template_init	544	3eb828df9d38a0723e142ff785d27c393e620668d907f12bb47dade62f1bd8f9	already_named	unique_full_body_sha256
LF9C102P	0xAB11A	LF9D012H	0xB32E6	FUN_000ab11a	FUN_000b32e6	FUN_000ab11a	194	3ed0ee43025e0e87b9227d583435a877ae8cc9e05051282997b7f7bad3ab6e6a	source_unnamed	unique_full_body_sha256
LF9C102P	0xA01E4	LF9D012H	0xAA10C	FUN_000a01e4	FUN_000aa10c	FUN_000a01e4	46	3eddd829f38ef9dce1d3c8428f8574cf8c176c7cf83b5b6c87eaf6ac52de3f6e	source_unnamed	unique_full_body_sha256
LF9C102P	0x1A09B4	LF9D012H	0x1ABCF4	FUN_001a09b4	FUN_001abcf4	FUN_001a09b4	106	3efa8598a19b0379740c3b32bb53077b179e0efc010ba7d6650d113b467da190	source_unnamed	unique_full_body_sha256
LF9C102P	0x1FE6C8	LF9D012H	0x27E7D0	FUN_001fe6c8	FUN_0027e7d0	FUN_001fe6c8	162	3f4c39a8e291088cf5d861b7a74aed234c8bd41e8605f1fa0b5687dfad2ad588	source_unnamed	unique_full_body_sha256
LF9C102P	0x1CFF5A	LF9D012H	0x1DBD1E	can_bus_wake_status_read	can_bus_wake_status_read	can_bus_wake_status_read	6	3f6d66ca10d7a1b020bef118e4f092f36945145f6eff883b0941e37f59683629	already_named	unique_full_body_sha256
LF9C102P	0xCD620	LF9D012H	0xD5CA4	FUN_000cd620	FUN_000d5ca4	FUN_000cd620	126	3f94f17d3d429902ba65c1661e04fb5b949190bdd82e12d9ae99a8097be46717	source_unnamed	unique_full_body_sha256
LF9C102P	0x1FEDD8	LF9D012H	0x27EEE0	pwm_disable_channel_b	pwm_disable_channel_b	pwm_disable_channel_b	56	3fd6ba4f23dae36c8c8349a50a5de95189062f0e73a330d28c36f4978760525e	already_named	unique_full_body_sha256
LF9C102P	0x6E04	LF9D012H	0x6E04	FUN_00006e04	FUN_00006e04	FUN_00006e04	34	3fec450553a65c81e86b2b7ea028ab3be47d1a5df8036190840465dfa1e82a73	source_unnamed	unique_full_body_sha256
LF9C102P	0x1C11A4	LF9D012H	0x1CCE34	FUN_001c11a4	FUN_001cce34	FUN_001c11a4	10	4009423836995f5d4effbe869320696bf4482b6384e1dd596c9e30acf05e6cfc	source_unnamed	unique_full_body_sha256
LF9C102P	0x6B21E	LF9D012H	0x6D5B6	FUN_0006b21e	FUN_0006d5b6	FUN_0006b21e	56	400ceeb224e39cfd59002a476195798e6026ff3c05ee6482cb2b35558493cf75	source_unnamed	unique_full_body_sha256
LF9C102P	0x18180C	LF9D012H	0x18C0BC	FUN_0018180c	FUN_0018c0bc	FUN_0018180c	60	405d0242b99064fc2cac428c3005e5d7a9a53392e1c86ae7cbbb2686ada3c35d	source_unnamed	unique_full_body_sha256
LF9C102P	0xD3594	LF9D012H	0xDBCEC	FUN_000d3594	FUN_000dbcec	FUN_000d3594	22	4072d88510bcbf71e6f69f1fe20d3257436cda631da620ba433662783b40d0e0	source_unnamed	unique_full_body_sha256
LF9C102P	0x1D286A	LF9D012H	0x1DE62E	FUN_001d286a	FUN_001de62e	FUN_001d286a	6	408cfb862862d55c8358f8a0de3e1f22636c3a4c7e3f0c67039d242e7d53434d	source_unnamed	unique_full_body_sha256
LF9C102P	0x6C720	LF9D012H	0x6EAB8	FUN_0006c720	FUN_0006eab8	FUN_0006c720	40	409ed87c4cf2336cf21b874b2de7b08e4d944383366c0241e81964def975c749	source_unnamed	unique_full_body_sha256
LF9C102P	0xAB622	LF9D012H	0xB37EE	FUN_000ab622	FUN_000b37ee	FUN_000ab622	168	40b621929bfe66a57b17dccf480588d896be509ea3f7f92a9711865c77ef5585	source_unnamed	unique_full_body_sha256
LF9C102P	0x1AAECC	LF9D012H	0x1B6AA0	interp_2d_ax_u8_u8_data_u_v2	interp_2d_ax_u8_u8_data_u_v2	interp_2d_ax_u8_u8_data_u_v2	280	40c0f798e1a504bb5d0adb0dc817fed26041e51c7dfc37d1866a4cff2cfeaf46	already_named	unique_full_body_sha256
LF9C102P	0x6C770	LF9D012H	0x6EB08	FUN_0006c770	FUN_0006eb08	FUN_0006c770	40	40fda888aebd1d93b75f9fdf76d499bc5fcb265560a5ad8952a1c54057aa6774	source_unnamed	unique_full_body_sha256
LF9C102P	0x1D15DA	LF9D012H	0x1DD39E	build_frame_7bit_fields	build_frame_7bit_fields	build_frame_7bit_fields	86	41201db9099b56371ad04a3d0f48449c6269082f866c4802a5e338d15788d730	already_named	unique_full_body_sha256
LF9C102P	0x127510	LF9D012H	0x1314EC	FUN_00127510	FUN_001314ec	FUN_00127510	42	4122e0ced5fdd32a918387dd8dbc9ab1791c9922f5c4f52f71f854ae34b7060a	source_unnamed	unique_full_body_sha256
LF9C102P	0x1C012C	LF9D012H	0x1CBDBC	FUN_001c012c	FUN_001cbdbc	FUN_001c012c	90	4125aff1ed34c28a4ec867fec995141423912eca6c9921e7205f70888dd0388b	source_unnamed	unique_full_body_sha256
LF9C102P	0x1400D8	LF9D012H	0x14A258	FUN_001400d8	FUN_0014a258	FUN_001400d8	78	413cef56c9757083787e13ee1b9c03ac44a439b1edc58fcd6a0d4efbc4cec0ac	source_unnamed	unique_full_body_sha256
LF9C102P	0x1BD728	LF9D012H	0x1C93B8	FUN_001bd728	FUN_001c93b8	FUN_001bd728	54	4140a5a0bb775e8b65e24c48dbba01cc41f81fc2f3a806e706c264bac9fc27c9	source_unnamed	unique_full_body_sha256
LF9C102P	0xAF91E	LF9D012H	0xB7B26	FUN_000af91e	FUN_000b7b26	FUN_000af91e	70	4156039f8ddf02badf5ad0047857427568c8f1dd294db4711c927ae0cf3feee2	source_unnamed	unique_full_body_sha256
LF9C102P	0x1CC27C	LF9D012H	0x1D8040	thunk_FUN_001d761a	thunk_FUN_001e33de	thunk_FUN_001d761a	6	41aeca4baa7c4a981977854781580b4013ff6817c888f6462b4a932644f67610	source_unnamed	unique_full_body_sha256
LF9C102P	0x1BE424	LF9D012H	0x1CA0B4	FUN_001be424	FUN_001ca0b4	FUN_001be424	78	41cf0608c30b3fe227ac5e635819d72a82104e57bdf840e0b0fe8f065e60e308	source_unnamed	unique_full_body_sha256
LF9C102P	0x1C7200	LF9D012H	0x1D2EB4	FUN_001c7200	FUN_001d2eb4	FUN_001c7200	12	41db5943c873ecd170aefd67555ebf6829146483dab6d43ae66d0f37cbb1a757	source_unnamed	unique_full_body_sha256
LF9C102P	0xAAF16	LF9D012H	0xB30E2	FUN_000aaf16	FUN_000b30e2	FUN_000aaf16	194	41ecaf5f4439ea8db8a1ab99946b1dcb8013fe8d53df9d8ef380224ad2ab6c93	source_unnamed	unique_full_body_sha256
LF9C102P	0x1E3950	LF9D012H	0x1F08E0	FUN_001e3950	FUN_001f08e0	FUN_001e3950	48	41f8685c73801d8f792a24f0f121f63efb098947e46bd7023eaf4f0ff5c70bdf	source_unnamed	unique_full_body_sha256
LF9C102P	0x87824	LF9D012H	0x8A594	FUN_00087824	FUN_0008a594	FUN_00087824	62	420199549bc4936797574a723536844b3c28491920015db6a94f31906c07cb32	source_unnamed	unique_full_body_sha256
LF9C102P	0x1CBDA8	LF9D012H	0x1D7B6C	FUN_001cbda8	FUN_001d7b6c	FUN_001cbda8	10	421b67bcb00acf3e81e58c16f7cb644303d9e14d3381f95fa7131d9d1e902a1d	source_unnamed	unique_full_body_sha256
LF9C102P	0x145C9C	LF9D012H	0x14FE30	FUN_00145c9c	FUN_0014fe30	FUN_00145c9c	28	42303385c0cd9ddfb53537d186cd0155de084dab511d3628e70d08d4ab0e9b52	source_unnamed	unique_full_body_sha256
LF9C102P	0x1788D0	LF9D012H	0x183110	FUN_001788d0	FUN_00183110	FUN_001788d0	62	4239a2db7208860faa4cf8e8647250b6e8a719780ee3ebdcd68e725d6b3ebe52	source_unnamed	unique_full_body_sha256
LF9C102P	0x82396	LF9D012H	0x850FA	FUN_00082396	FUN_000850fa	FUN_00082396	32	427526e3bdc031ab751b9cd0d8bb3b7d7cdb913aa5aac47d905254b34a233dec	source_unnamed	unique_full_body_sha256
LF9C102P	0x8781C	LF9D012H	0x8A58C	FUN_0008781c	FUN_0008a58c	FUN_0008781c	8	42acac8bdac767e8a2866cf96d1674e02591c7195b06d9f5ea5417b50bdf6d77	source_unnamed	unique_full_body_sha256
LF9C102P	0x1D8EEA	LF9D012H	0x1E4CBE	FUN_001d8eea	FUN_001e4cbe	FUN_001d8eea	96	42ae70da2c002a110ade3a2dac14602d7d38779197d27b7d03e45e1e53d1614c	source_unnamed	unique_full_body_sha256
LF9C102P	0x1E46F4	LF9D012H	0x1F1684	FUN_001e46f4	FUN_001f1684	FUN_001e46f4	6	42d437d4d3bb8807b6d8790f1fa380958a9b550583070add1bdd56aab9670f8e	source_unnamed	unique_full_body_sha256
LF9C102P	0x1D626E	LF9D012H	0x1E2032	FUN_001d626e	FUN_001e2032	FUN_001d626e	218	43042f2b5fec39d5c37ecf8ea5196d4b747625fea43ebb19ea3c3f3502705a6a	source_unnamed	unique_full_body_sha256
LF9C102P	0x99540	LF9D012H	0xA3394	FUN_00099540	FUN_000a3394	FUN_00099540	106	4309aae7d77d6377551d8f188114ef9d13601795751ff21e70189d924e0f6b0a	source_unnamed	unique_full_body_sha256
LF9C102P	0x1D5D3A	LF9D012H	0x1E1AFE	FUN_001d5d3a	FUN_001e1afe	FUN_001d5d3a	8	430b5683a3304dc502009e9fd0cb0e8804b6fd5e4e3b7f77c9eef6e0d55833db	source_unnamed	unique_full_body_sha256
LF9C102P	0x6E578	LF9D012H	0x70910	FUN_0006e578	FUN_00070910	FUN_0006e578	96	43165c6cae049a4cb5f96a4a02264304822c17b188dc3fbead31d27f9cd58145	source_unnamed	unique_full_body_sha256
LF9C102P	0x183B00	LF9D012H	0x18E3B0	FUN_00183b00	FUN_0018e3b0	FUN_00183b00	26	432c1c2ab3e35b2869c3d61d3938b67d91af0613817c83897d9942b723ab1721	source_unnamed	unique_full_body_sha256
LF9C102P	0x1217EC	LF9D012H	0x12B760	FUN_001217ec	FUN_0012b760	FUN_001217ec	24	4344cb2e8d24cc64733d7dd452d377d5d691d10e7f3e79a66383d13e834c2037	source_unnamed	unique_full_body_sha256
LF9C102P	0x1E3B94	LF9D012H	0x1F0B24	FUN_001e3b94	FUN_001f0b24	FUN_001e3b94	158	4367e847c692d548b161472ae21ee27a9d93da89f02a741f54e18ecce4c3fba2	source_unnamed	unique_full_body_sha256
LF9C102P	0x1E4FC0	LF9D012H	0x1F1F50	FUN_001e4fc0	FUN_001f1f50	FUN_001e4fc0	82	43749d2619794567b61c56fc1137d74be521655bcc50a9a20ab56c8da78e65c9	source_unnamed	unique_full_body_sha256
LF9C102P	0x6FFB6	LF9D012H	0x7234E	FUN_0006ffb6	FUN_0007234e	FUN_0006ffb6	14	438ce4d7c90e2b4cce61d44fff84756d315357e478280a50a140f98409435ca9	source_unnamed	unique_full_body_sha256
LF9C102P	0x1A3954	LF9D012H	0x1AEFD0	FUN_001a3954	FUN_001aefd0	FUN_001a3954	46	4392c45e9d68c3bcb9287f7ee1e593f2dcfbaa136d9dc1e970920cb5f910f32a	source_unnamed	unique_full_body_sha256
LF9C102P	0xA91CA	LF9D012H	0xB1396	FUN_000a91ca	FUN_000b1396	FUN_000a91ca	48	439aead454a234a14de76f538dde8620d6fc35a644f046e3514f0f148accefef	source_unnamed	unique_full_body_sha256
LF9C102P	0x102AC4	LF9D012H	0x10CAF0	FUN_00102ac4	FUN_0010caf0	FUN_00102ac4	106	43a584ab644e9388e196254f2872662ee09afd8d7af928ad403570fbd81cff6e	source_unnamed	unique_full_body_sha256
LF9C102P	0xC94C8	LF9D012H	0xD1B60	FUN_000c94c8	FUN_000d1b60	FUN_000c94c8	78	43b57359ae969862fc6aed3928f2f73f712d09157002b7134dbd4253cdbc1636	source_unnamed	unique_full_body_sha256
LF9C102P	0x124518	LF9D012H	0x12E48C	FUN_00124518	FUN_0012e48c	FUN_00124518	70	43c4312ee46dd431b7623d469bc88f8a4fa68403178dad72926a82cc0ef33589	source_unnamed	unique_full_body_sha256
LF9C102P	0x1D0026	LF9D012H	0x1DBDEA	FUN_001d0026	FUN_001dbdea	FUN_001d0026	44	44243f986238fd6f4ced419c90a7d6db564d770d5130bd86df7b8a3b2dd91d8c	source_unnamed	unique_full_body_sha256
LF9C102P	0x17B674	LF9D012H	0x185F24	FUN_0017b674	FUN_00185f24	FUN_0017b674	34	442c138875efad235ff215dabdeaf226599824eb1f4a4234ffb7f9b106810395	source_unnamed	unique_full_body_sha256
LF9C102P	0x993F2	LF9D012H	0xA3246	FUN_000993f2	FUN_000a3246	FUN_000993f2	82	443717f2a7204a2c426d20bc1bdd86c6bccc47dde6ebaf58dc3a9a5798222a90	source_unnamed	unique_full_body_sha256
LF9C102P	0x1C10E0	LF9D012H	0x1CCD70	FUN_001c10e0	FUN_001ccd70	FUN_001c10e0	10	443ae41d18c57e577b932a1e8b8efbc1b583bdd7a928c5444261e932ddff01d3	source_unnamed	unique_full_body_sha256
LF9C102P	0x109694	LF9D012H	0x1136A4	FUN_00109694	FUN_001136a4	FUN_00109694	32	4442507d8e6fc3e43a763e63160ee256619f885b57e6c445f6e6c6678c8a10b7	source_unnamed	unique_full_body_sha256
LF9C102P	0x1C1198	LF9D012H	0x1CCE28	FUN_001c1198	FUN_001cce28	FUN_001c1198	10	4450d9306ffc55f830232521964f65fa356a657847dbe6a72f780cf957c3fe3a	source_unnamed	unique_full_body_sha256
LF9C102P	0x6B0C8	LF9D012H	0x6D460	FUN_0006b0c8	FUN_0006d460	FUN_0006b0c8	48	44908496c7452c938d2a02ee7752558764fc199479b82cac38eadbb004070918	source_unnamed	unique_full_body_sha256
LF9C102P	0x1D2812	LF9D012H	0x1DE5D6	FUN_001d2812	FUN_001de5d6	FUN_001d2812	10	44974b4654b960d91cc40dd4cf586545451424d6601568ba201795caf36e2a14	source_unnamed	unique_full_body_sha256
LF9C102P	0x1804B4	LF9D012H	0x18AD64	FUN_001804b4	FUN_0018ad64	FUN_001804b4	74	44b6e92af88b406f1d6f99624f76371565100ce107dce3aa6c1cb04df4e9a44b	source_unnamed	unique_full_body_sha256
LF9C102P	0x1D2B1A	LF9D012H	0x1DE8DE	FUN_001d2b1a	FUN_001de8de	FUN_001d2b1a	6	4503d111f5e96684e3f0aa7d39c3d77aecbfd579a96fffbb1fcb3919ae01312a	source_unnamed	unique_full_body_sha256
LF9C102P	0x9CC3E	LF9D012H	0xA6B4A	FUN_0009cc3e	FUN_000a6b4a	FUN_0009cc3e	138	45495924ebee9bf4ca01992a36bba6d61b92cd8bad8d6b60bc22d5d766a34a93	source_unnamed	unique_full_body_sha256
LF9C102P	0xBEC28	LF9D012H	0xC6FDC	buffer_compare_mismatch	buffer_compare_mismatch	buffer_compare_mismatch	36	458604f0f2e40eebf0a1efb57d68d69bdc0955e2d4b4d098311a75337ab82b5d	already_named	unique_full_body_sha256
LF9C102P	0x118CF8	LF9D012H	0x122C24	FUN_00118cf8	FUN_00122c24	FUN_00118cf8	8	45a8045e12010d9b4df6ce4e89775f1eaf7f9270a5eb44459f471899e9453742	source_unnamed	unique_full_body_sha256
LF9C102P	0x6B4AE	LF9D012H	0x6D846	FUN_0006b4ae	FUN_0006d846	FUN_0006b4ae	58	45acb7a05465fe50062e26aa365eda7c7bbbf510d187ff9eefb2ec0ee84e719b	source_unnamed	unique_full_body_sha256
LF9C102P	0xBEC88	LF9D012H	0xC703C	FUN_000bec88	FUN_000c703c	FUN_000bec88	28	45cbca7e3483a7b7d47aa4d2fd8160ca06f6118f9aedc0e09fb557e03ad9b64f	source_unnamed	unique_full_body_sha256
LF9C102P	0xADD7C	LF9D012H	0xB5F84	FUN_000add7c	FUN_000b5f84	FUN_000add7c	212	45dbb66c868adf5ec21ad80b4592d60aba724aec48ad89ed4ccbb81e0eebc76f	source_unnamed	unique_full_body_sha256
LF9C102P	0x87A06	LF9D012H	0x8A776	FUN_00087a06	FUN_0008a776	FUN_00087a06	8	45fefe911661421ad228280b2746664825cfe116088c5bcae15ce9b794c5549f	source_unnamed	unique_full_body_sha256
LF9C102P	0x85B06	LF9D012H	0x88876	FUN_00085b06	FUN_00088876	FUN_00085b06	38	46076be1db79448889dce673a451174e1c6270c2b0bd5dbeba23253d14988aa0	source_unnamed	unique_full_body_sha256
LF9C102P	0x1E3DB8	LF9D012H	0x1F0D48	FUN_001e3db8	FUN_001f0d48	FUN_001e3db8	40	460c656316cc2bc1de35d72ce1184ea3a9934c919e5f9dd05d2a0090a04e7d0c	source_unnamed	unique_full_body_sha256
LF9C102P	0x1E7CE8	LF9D012H	0x1F4DB4	FUN_001e7ce8	FUN_001f4db4	FUN_001e7ce8	38	460eafb8579aa753b5eb0dc31cf53184f5c01e8ea7bc0fde0833631a72c538ee	source_unnamed	unique_full_body_sha256
LF9C102P	0x6CC86	LF9D012H	0x6F01E	FUN_0006cc86	FUN_0006f01e	FUN_0006cc86	22	461ab1165b3dc55d48bb91c9991b179c7a710e7abfe9091988f6d512feb6225c	source_unnamed	unique_full_body_sha256
LF9C102P	0x7004	LF9D012H	0x7004	FUN_00007004	FUN_00007004	FUN_00007004	12	464b0db81c1046fa658ac76761016362f9e17693c6b0eb2c0c3a8efac03645c8	source_unnamed	unique_full_body_sha256
LF9C102P	0x1946B8	LF9D012H	0x19F088	FUN_001946b8	FUN_0019f088	FUN_001946b8	94	464fdba67bd39e1ee4141b1d872d15e2de55207705942e6d249bef93fff5ffb5	source_unnamed	unique_full_body_sha256
LF9C102P	0x1D28D6	LF9D012H	0x1DE69A	FUN_001d28d6	FUN_001de69a	FUN_001d28d6	6	465849ed2ef71ba7ed06e94f3172f0d9d87390b52495632c54db4c189a15dd79	source_unnamed	unique_full_body_sha256
LF9C102P	0x1A19E8	LF9D012H	0x1ACFD8	FUN_001a19e8	FUN_001acfd8	FUN_001a19e8	44	468412e0eca75d38476df6c6d280d2c0e28662956d7f8d41083f480d0f57bac5	source_unnamed	unique_full_body_sha256
LF9C102P	0x877F4	LF9D012H	0x8A564	FUN_000877f4	FUN_0008a564	FUN_000877f4	40	4699d2d5a16d8b69c89db97bd6b35806c6b6926afbb812682b93ae6913aa7cb2	source_unnamed	unique_full_body_sha256
LF9C102P	0x1CB8D8	LF9D012H	0x1D769C	FUN_001cb8d8	FUN_001d769c	FUN_001cb8d8	120	46cf080dfe0f39b8f5f5f02db450e121d57b7343e17a0ffe81470763da45fdb8	source_unnamed	unique_full_body_sha256
LF9C102P	0x1A1C10	LF9D012H	0x1AD200	FUN_001a1c10	FUN_001ad200	FUN_001a1c10	46	46d42f28265983a710a6f3e07f3d64a7e681c5a1986119f66fc845305c9e8f81	source_unnamed	unique_full_body_sha256
LF9C102P	0x1CB188	LF9D012H	0x1D6F4C	FUN_001cb188	FUN_001d6f4c	FUN_001cb188	14	4701354b3b9996c575be2cc811ce1fb3d79a4ade03a9dd96a3af73fcdd2a22ce	source_unnamed	unique_full_body_sha256
LF9C102P	0x1CED8C	LF9D012H	0x1DAB50	FUN_001ced8c	FUN_001dab50	FUN_001ced8c	10	4743a4cdc854bdae8882a3350d1fe386a46782ff75a1d2615e4fc435c839c2b1	source_unnamed	unique_full_body_sha256
LF9C102P	0x823B6	LF9D012H	0x8511A	FUN_000823b6	FUN_0008511a	FUN_000823b6	36	475fa43e57f22555d3507968b68ab3de092c963514b7d789d7c137928e3086ac	source_unnamed	unique_full_body_sha256
LF9C102P	0xFD548	LF9D012H	0x107574	FUN_000fd548	FUN_00107574	FUN_000fd548	92	47729743ed5e2595f881864a439753b3bc6626249242a1bfc9973eff56c96885	source_unnamed	unique_full_body_sha256
LF9C102P	0x1D01A2	LF9D012H	0x1DBF66	FUN_001d01a2	FUN_001dbf66	FUN_001d01a2	44	47769a61be4a054e307ccf72d9e1e1e50697dce618cbb994f76ca026864e92f6	source_unnamed	unique_full_body_sha256
LF9C102P	0x126F5C	LF9D012H	0x130F38	FUN_00126f5c	FUN_00130f38	FUN_00126f5c	16	477f9e83c4e74beaafd470e35b8a08a39bf4223730048175b6efa9956efc50a6	source_unnamed	unique_full_body_sha256
LF9C102P	0x87294	LF9D012H	0x8A004	FUN_00087294	FUN_0008a004	FUN_00087294	110	47c2f0ecf32eba64bfe349104cc1f00188093d11889a83f985b468828e6f6fa1	source_unnamed	unique_full_body_sha256
LF9C102P	0x1E3380	LF9D012H	0x1F0310	FUN_001e3380	FUN_001f0310	FUN_001e3380	6	47d35af49c5cd14a97b2a69f946fe60171c747c98ea3c8b3ed5753f27883f8a8	source_unnamed	unique_full_body_sha256
LF9C102P	0x17F1E8	LF9D012H	0x189A98	FUN_0017f1e8	FUN_00189a98	FUN_0017f1e8	100	47eaac60a2dc8d774feb3a02ed8a292a393cf784bd8110edc32a449d253bd5c4	source_unnamed	unique_full_body_sha256
LF9C102P	0x1E7FC6	LF9D012H	0x1F5092	FUN_001e7fc6	FUN_001f5092	FUN_001e7fc6	128	47fd21a8778f910e4c0d01c9e08a338c328f35f26579de9298c77f8d1713484e	source_unnamed	unique_full_body_sha256
LF9C102P	0x1AC6E0	LF9D012H	0x1B82B4	FUN_001ac6e0	FUN_001b82b4	FUN_001ac6e0	346	47fea5a8d8a509d87e57581045b0975ee2e9813454d352350a5c532871a1d519	source_unnamed	unique_full_body_sha256
LF9C102P	0x1CCC3E	LF9D012H	0x1D8A02	FUN_001ccc3e	FUN_001d8a02	FUN_001ccc3e	42	4832afbf460cfcbca3f47b8c6ad6b021da0b8ef57cee2ba9e2401221f09ac929	source_unnamed	unique_full_body_sha256
LF9C102P	0x1A1BE4	LF9D012H	0x1AD1D4	FUN_001a1be4	FUN_001ad1d4	FUN_001a1be4	38	48762ea87b8e2aac5b45fa7c90b5e174c86aa087c5340ff3b0b74188a0271abd	source_unnamed	unique_full_body_sha256
LF9C102P	0x1A55AC	LF9D012H	0x1B0C28	FUN_001a55ac	FUN_001b0c28	FUN_001a55ac	44	48a87acbfae0b03f812411d2d84a3b16c8cd2f0a89821b6151d51f3802e2c2a3	source_unnamed	unique_full_body_sha256
LF9C102P	0x1E36A2	LF9D012H	0x1F0632	FUN_001e36a2	FUN_001f0632	FUN_001e36a2	70	48b00a85a8e24e6c6f1a670debffca950c473cfe5a22c5c858aa62e3a3ca2b6a	source_unnamed	unique_full_body_sha256
LF9C102P	0x1E41D0	LF9D012H	0x1F1160	FUN_001e41d0	FUN_001f1160	FUN_001e41d0	344	48b29e083408b6a2573041f4cf930bd8b5f9f65c39c71aca14a63913329cacdd	source_unnamed	unique_full_body_sha256
LF9C102P	0x83EAE	LF9D012H	0x86C12	FUN_00083eae	FUN_00086c12	FUN_00083eae	58	48c0ed7513c2ee02cfc8abb7705ec867ab1d63da4b144ecef0e5431e03b0c796	source_unnamed	unique_full_body_sha256
LF9C102P	0x1FEABC	LF9D012H	0x27EBC4	FUN_001feabc	FUN_0027ebc4	FUN_001feabc	36	48ce3ab5f079beb74bd90c5bd74fbb138da117679bcb78535923b37da3ab2456	source_unnamed	unique_full_body_sha256
LF9C102P	0x16D0CC	LF9D012H	0x177880	FUN_0016d0cc	FUN_00177880	FUN_0016d0cc	50	48ef06bfe33b3454e1bc195339ac9c3a9db43c9a5ea24dba427fb0b1bd5b2001	source_unnamed	unique_full_body_sha256
LF9C102P	0xA322C	LF9D012H	0xAB3F8	FUN_000a322c	FUN_000ab3f8	FUN_000a322c	62	491f4d8703d00756d0c77c1e332df4510832bdf05df365f57c7ae5279fe7d13e	source_unnamed	unique_full_body_sha256
LF9C102P	0x1066A0	LF9D012H	0x1106DC	FUN_001066a0	FUN_001106dc	FUN_001066a0	64	493e9dbd591f47fef0d220f21b57bd8c314ceb898ea0011d1986ebc0538657be	source_unnamed	unique_full_body_sha256
LF9C102P	0x1D8D8A	LF9D012H	0x1E4B5C	FUN_001d8d8a	FUN_001e4b5c	FUN_001d8d8a	26	4944d17b8cdd7c8d3b861b3de1cf58a3e68c23c82c47d2ae8e530fa7f5e19414	source_unnamed	unique_full_body_sha256
LF9C102P	0x6AEC	LF9D012H	0x6AEC	FUN_00006aec	FUN_00006aec	FUN_00006aec	80	495c808fdb6a9db2752ab9160618b29178aced1f8202795ce473935669ad62f6	source_unnamed	unique_full_body_sha256
LF9C102P	0x94EC0	LF9D012H	0x9ED14	FUN_00094ec0	FUN_0009ed14	FUN_00094ec0	80	49631267412f464a519f64fc0c415e0d0d0147314c58f7258e9494ddc771cc36	source_unnamed	unique_full_body_sha256
LF9C102P	0x1CCAF2	LF9D012H	0x1D88B6	FUN_001ccaf2	FUN_001d88b6	FUN_001ccaf2	28	4968fdfa76843a58e5d85f82d94433ab92d5aa4cd1a01cdc3d6e7256f54db45f	source_unnamed	unique_full_body_sha256
LF9C102P	0x6AFDA	LF9D012H	0x6D372	FUN_0006afda	FUN_0006d372	FUN_0006afda	46	497b73b2fb6273c02c8dd1b82fed53f0bff53f6079f141942f40901655de0590	source_unnamed	unique_full_body_sha256
LF9C102P	0x1224CC	LF9D012H	0x12C440	FUN_001224cc	FUN_0012c440	FUN_001224cc	134	499816739913164541e43ecfef14a3bd497e526ad592b0017695fd85c640f96d	source_unnamed	unique_full_body_sha256
LF9C102P	0x1CEAC0	LF9D012H	0x1DA884	FUN_001ceac0	FUN_001da884	FUN_001ceac0	6	49a62d24a01a075c0a074041c44d593a35b859839a47639a292d29ecaef24f1f	source_unnamed	unique_full_body_sha256
LF9C102P	0x85A5E	LF9D012H	0x887CE	FUN_00085a5e	FUN_000887ce	FUN_00085a5e	168	49b16814a29aee92253315a7d33e4b9659b007d512a257bf77553b6398f614c2	source_unnamed	unique_full_body_sha256
LF9C102P	0xADE50	LF9D012H	0xB6058	FUN_000ade50	FUN_000b6058	FUN_000ade50	92	49c0e96001cce8012bf3b37d756700eaa55914191be6551796b2c81731f46f76	source_unnamed	unique_full_body_sha256
LF9C102P	0x11F6D0	LF9D012H	0x129644	FUN_0011f6d0	FUN_00129644	FUN_0011f6d0	54	4a68297c23058d89fed186545e5cbbbf634f12cc2c8f5df17fe7396bc2fad342	source_unnamed	unique_full_body_sha256
LF9C102P	0x9E064	LF9D012H	0xA7F70	FUN_0009e064	FUN_000a7f70	FUN_0009e064	92	4a6c7bf6dd39dfa3934d0c481b29bc5f21f80499cbf4860de5bbaedeed22f37d	source_unnamed	unique_full_body_sha256
LF9C102P	0xAF856	LF9D012H	0xB7A5E	FUN_000af856	FUN_000b7a5e	FUN_000af856	16	4a8a3cd552f901e5919632617a0e01317368df8012c99cb1a84b899ae52ec38b	source_unnamed	unique_full_body_sha256
LF9C102P	0x766B0	LF9D012H	0x79070	dtc_monitor_eval_a	dtc_monitor_eval_a	dtc_monitor_eval_a	542	4a9af2a1c1b1737b7d125df34b02797c431c8c81d2cea9b10320273a5849f0a9	already_named	unique_full_body_sha256
LF9C102P	0x983E8	LF9D012H	0xA223C	sa_level_key_handler_b	sa_level_key_handler_b	sa_level_key_handler_b	132	4ad3e71ddc4ffa737bc48e8f06539ee0ef863b1b85b32a5f38d4df07a616285a	already_named	unique_full_body_sha256
LF9C102P	0x16CFFC	LF9D012H	0x1777B0	FUN_0016cffc	FUN_001777b0	FUN_0016cffc	50	4ae5e638e4765d030eb888e141707e89133c7ab639d10a33da9dbb90602b81b9	source_unnamed	unique_full_body_sha256
LF9C102P	0x87AE0	LF9D012H	0x8A850	FUN_00087ae0	FUN_0008a850	FUN_00087ae0	50	4b06762ff957829ced529b854c6fc4769830444ca6da1ceba60602f639a8adb6	source_unnamed	unique_full_body_sha256
LF9C102P	0x1CED1A	LF9D012H	0x1DAADE	FUN_001ced1a	FUN_001daade	FUN_001ced1a	44	4b0dfa34d04ea98c07215c30e51d7f07b5773269885d730f715dc108f66f3838	source_unnamed	unique_full_body_sha256
LF9C102P	0xE315C	LF9D012H	0xEBA44	FUN_000e315c	FUN_000eba44	FUN_000e315c	16	4b37f98f0931e476c6bddc2d7ad035813be54b356026e8e4ab99034008238c35	source_unnamed	unique_full_body_sha256
LF9C102P	0x9C920	LF9D012H	0xA682C	FUN_0009c920	FUN_000a682c	FUN_0009c920	360	4b39fe6aa6b13aa869a8460a49513415526fa915c107cc034dda79ab56f63086	source_unnamed	unique_full_body_sha256
LF9C102P	0x8193C	LF9D012H	0x846A0	FUN_0008193c	FUN_000846a0	FUN_0008193c	72	4b512532db3263c1ae6bebd996682320707c7172eeabf75d19c252ce78e3fab0	source_unnamed	unique_full_body_sha256
LF9C102P	0x1CEF5A	LF9D012H	0x1DAD1E	FUN_001cef5a	FUN_001dad1e	FUN_001cef5a	10	4b516567d2f73fce40f5fd329ad036ef9a17ad0fff199986cd21e2bf6d70e6d1	source_unnamed	unique_full_body_sha256
LF9C102P	0xD3508	LF9D012H	0xDBC60	FUN_000d3508	FUN_000dbc60	FUN_000d3508	76	4b5b3d62d7bcf6c0b624db7d552d9934b317f32fe5547df27f8ddc5cf85c82ae	source_unnamed	unique_full_body_sha256
LF9C102P	0x1FE428	LF9D012H	0x27E530	FUN_001fe428	FUN_0027e530	FUN_001fe428	120	4b5df0444cc9d62f12ea6a24e6f0c4a7d1f689b878a4ba3a6b0b50c0210558a3	source_unnamed	unique_full_body_sha256
LF9C102P	0x1A7774	LF9D012H	0x1B3348	interp_1d_axis_s8_data_u8	interp_1d_axis_s8_data_u8	interp_1d_axis_s8_data_u8	120	4b8114345487b5054472c2afc4cecb6f74ecc5586c61a281d7382e27e7108b48	already_named	unique_full_body_sha256
LF9C102P	0x14A260	LF9D012H	0x1549F4	FUN_0014a260	FUN_001549f4	FUN_0014a260	164	4b96801792f530a2f1012bef14d92c12762003b95516b9531cfb6d05a0b6641b	source_unnamed	unique_full_body_sha256
LF9C102P	0x995C8	LF9D012H	0xA341C	sa_key_schedule_rotate	sa_key_schedule_rotate	sa_key_schedule_rotate	72	4baa1291101a81585d61f918d2763299fb889ed255e2c51e06b9316e30f564cc	already_named	unique_full_body_sha256
LF9C102P	0xA0384	LF9D012H	0xAA2AC	FUN_000a0384	FUN_000aa2ac	FUN_000a0384	38	4be8b0904427402a682b39bf8c71b3ea55c56ec9e6fea4fd953574b84bffae42	source_unnamed	unique_full_body_sha256
LF9C102P	0x1D3964	LF9D012H	0x1DF728	FUN_001d3964	FUN_001df728	FUN_001d3964	22	4c14d6446c510feecccf5e71e82a09612282fde49550fea4a8fd4a8ca2586d90	source_unnamed	unique_full_body_sha256
LF9C102P	0x1CBEEE	LF9D012H	0x1D7CB2	FUN_001cbeee	FUN_001d7cb2	FUN_001cbeee	6	4c2fe4f79377a69593debe410319af1bbcef9fbffa58b3527c053733f5545a0c	source_unnamed	unique_full_body_sha256
LF9C102P	0x1270EC	LF9D012H	0x1310C8	FUN_001270ec	FUN_001310c8	FUN_001270ec	32	4c3f8900262d3e515806f7a1d8f5656e3e4838c14b18a8d2fcd6166eebf8f7f9	source_unnamed	unique_full_body_sha256
LF9C102P	0x1D5BD6	LF9D012H	0x1E199A	FUN_001d5bd6	FUN_001e199a	FUN_001d5bd6	6	4c3ffce2d243ac8ebfd15c5739b76a00a435291e69d6ac4df0282cd57883ac83	source_unnamed	unique_full_body_sha256
LF9C102P	0x1E6E14	LF9D012H	0x1F3EE0	udiv64_normalize_dispatch	udiv64_normalize_dispatch	udiv64_normalize_dispatch	248	4c41313aab5c710c4cc29b1c2640ef0db95d5c2d9b5e28d84442cb84b25dfabb	already_named	unique_full_body_sha256
LF9C102P	0x99290	LF9D012H	0xA30E4	FUN_00099290	FUN_000a30e4	FUN_00099290	32	4c4bfed02ed1b0fb03f356c0a2ff9aedc1b687ed73f4dc5addedb3fd18ecc32c	source_unnamed	unique_full_body_sha256
LF9C102P	0x85EFA	LF9D012H	0x88C6A	FUN_00085efa	FUN_00088c6a	FUN_00085efa	78	4cbf3d731c11891f241f128ba7168a8c427c3ecaed8bc1458619909c51aa5170	source_unnamed	unique_full_body_sha256
LF9C102P	0xFCC94	LF9D012H	0x106CC0	FUN_000fcc94	FUN_00106cc0	FUN_000fcc94	108	4cc4396b4c718782c8bc08b5549e7ca942acd26cee5e54ec663740ded6d40d71	source_unnamed	unique_full_body_sha256
LF9C102P	0x6ACF4	LF9D012H	0x6D08C	FUN_0006acf4	FUN_0006d08c	FUN_0006acf4	48	4cc80c49aaae427822d27eebc4c136f8c63497e9dd227ea48da92e71bfd5a62f	source_unnamed	unique_full_body_sha256
LF9C102P	0x81A92	LF9D012H	0x847F6	FUN_00081a92	FUN_000847f6	FUN_00081a92	80	4ce145a218edd256f026f42990f017e4ee76fd54d6689f5917554c63e2b969b0	source_unnamed	unique_full_body_sha256
LF9C102P	0x1AA80C	LF9D012H	0x1B63E0	FUN_001aa80c	FUN_001b63e0	FUN_001aa80c	350	4ceba9477cfb3b485401bd5c0635a9c087a3abdbe7956ab8a20a6b96682e197e	source_unnamed	unique_full_body_sha256
LF9C102P	0x6B5BA	LF9D012H	0x6D952	FUN_0006b5ba	FUN_0006d952	FUN_0006b5ba	160	4d5265e9be7abf039788fb74f3590c55ed0e6132918304d40604e57cc05061e0	source_unnamed	unique_full_body_sha256
LF9C102P	0x11F770	LF9D012H	0x1296E4	FUN_0011f770	FUN_001296e4	FUN_0011f770	110	4d548de97fdcbadede207b88962b0a074dc66c0052b35a25c27c05df39e5f742	source_unnamed	unique_full_body_sha256
LF9C102P	0x1E82F0	LF9D012H	0x1F53BC	FUN_001e82f0	FUN_001f53bc	FUN_001e82f0	28	4dcd07b11d6d253bd64d3ee6cc31c258a3dad69045b8669e2c2c0ba065d780db	source_unnamed	unique_full_body_sha256
LF9C102P	0x1FE2B4	LF9D012H	0x27E3BC	FUN_001fe2b4	FUN_0027e3bc	FUN_001fe2b4	192	4dcd111445837f450bae7c5519bf5b9813a3a36944f332c599eb0a57798ddf1c	source_unnamed	unique_full_body_sha256
LF9C102P	0x190EEC	LF9D012H	0x19B7D8	FUN_00190eec	FUN_0019b7d8	FUN_00190eec	64	4dd11bda6f8b97f1d3ac10f93d6967bcd9213b885288d67aa3e27fe2154993f6	source_unnamed	unique_full_body_sha256
LF9C102P	0x1D6934	LF9D012H	0x1E26F8	thunk_FUN_001d75c8	thunk_FUN_001e338c	thunk_FUN_001d75c8	6	4dd50cb29653da926723cbfafa2a9d6d12a690827ad44f4105e2852377f45d4c	source_unnamed	unique_full_body_sha256
LF9C102P	0x93EA2	LF9D012H	0x9DCF6	FUN_00093ea2	FUN_0009dcf6	FUN_00093ea2	32	4de87e39a7d8b05bb24ffcd52273b24743b969ca3ea8d92b90f2c8b3f0af517a	source_unnamed	unique_full_body_sha256
LF9C102P	0x1C9552	LF9D012H	0x1D5206	FUN_001c9552	FUN_001d5206	FUN_001c9552	30	4de9d25155826a9666ea60f630f366e21acf1fd74bbf1768c282059044f3108c	source_unnamed	unique_full_body_sha256
LF9C102P	0x1D4AD6	LF9D012H	0x1E089A	FUN_001d4ad6	FUN_001e089a	FUN_001d4ad6	36	4e3668abb87d699bd96e628dba7c64fed7478cec38847f3da38b3a9ef57572d3	source_unnamed	unique_full_body_sha256
LF9C102P	0x168ACC	LF9D012H	0x173274	FUN_00168acc	FUN_00173274	FUN_00168acc	54	4e5381f4ca0b7b16b16e34d91f11c9711e744a3e03214d3c28073abede2b5c7a	source_unnamed	unique_full_body_sha256
LF9C102P	0xA0BDC	LF9D012H	0xAAB04	FUN_000a0bdc	FUN_000aab04	FUN_000a0bdc	78	4ea753876b2cc57dec3c921a8ff129cc3cfb9c19bd061348efa847b44cb05f72	source_unnamed	unique_full_body_sha256
LF9C102P	0x1A98D8	LF9D012H	0x1B54AC	FUN_001a98d8	FUN_001b54ac	FUN_001a98d8	318	4ed35044f6a7ca459982b80c3165c8c793b6144007a12056edce0bf29eab231f	source_unnamed	unique_full_body_sha256
LF9C102P	0xA768C	LF9D012H	0xAF858	FUN_000a768c	FUN_000af858	FUN_000a768c	280	4ed8915041fa34a9d05e6cb46d1b10eef41f985cff386657c40162195845149a	source_unnamed	unique_full_body_sha256
LF9C102P	0x87B94	LF9D012H	0x8A904	FUN_00087b94	FUN_0008a904	FUN_00087b94	54	4ef527d0f211259fd44c7c8eb98b502a2e1f409b6eb0eaf273efdedacfa76821	source_unnamed	unique_full_body_sha256
LF9C102P	0x98CBA	LF9D012H	0xA2B0E	comm_clear_tx_status	comm_clear_tx_status	comm_clear_tx_status	10	4f44e4cfdbd1186c18172fefeda75bef82cb94858e8ddb1c3bedaf966584a410	already_named	unique_full_body_sha256
LF9C102P	0x1CBE20	LF9D012H	0x1D7BE4	cal_table_get_byte	cal_table_get_byte	cal_table_get_byte	8	4f53da13e181619685542d69048c4246d1b130c83f0c1c2ba428e34878bd9366	already_named	unique_full_body_sha256
LF9C102P	0xA0DDC	LF9D012H	0xAAD04	FUN_000a0ddc	FUN_000aad04	FUN_000a0ddc	74	4f5650de2735c30d07db58be8cb9b79adafb896f9ba4daf9252ec1887e5d613c	source_unnamed	unique_full_body_sha256
LF9C102P	0x1AF5D8	LF9D012H	0x1BB240	FUN_001af5d8	FUN_001bb240	FUN_001af5d8	56	4f7ec2baeb6ce338c6e64a8f3ba73415e1629a560b3af6703956df0d089615e8	source_unnamed	unique_full_body_sha256
LF9C102P	0x145388	LF9D012H	0x14F508	FUN_00145388	FUN_0014f508	FUN_00145388	178	4f7fde6279e69b51e747384045c5fb6c63fc64ef7cae79e3f63367b9fe285835	source_unnamed	unique_full_body_sha256
LF9C102P	0x1E7800	LF9D012H	0x1F48CC	kernel_exit_and_dispatch	kernel_exit_and_dispatch	kernel_exit_and_dispatch	128	4f846727ed6174dc5795b407878deeadc3706b2a5e1d9a6164d940f38326e015	already_named	unique_full_body_sha256
LF9C102P	0x192E88	LF9D012H	0x19D774	FUN_00192e88	FUN_0019d774	FUN_00192e88	36	4f9b8fd6f1ca519de04031c8d4d0b52d98d14fd72b8e92e643ee0c2bfe9762a5	source_unnamed	unique_full_body_sha256
LF9C102P	0x1A7E18	LF9D012H	0x1B39EC	interp_1d_axis_u32_data_u32_via_helper	interp_1d_axis_u32_data_u32_via_helper	interp_1d_axis_u32_data_u32_via_helper	142	4fa2db22057712bd8e0b8b75e8134868d7e3d6da2fa38f9f3b26b69c5f45ba1c	already_named	unique_full_body_sha256
LF9C102P	0x6C798	LF9D012H	0x6EB30	FUN_0006c798	FUN_0006eb30	FUN_0006c798	40	4fbb799a3b57b924af4e009b6426b4f6cfefde21418599d6cd1820098f3f83e3	source_unnamed	unique_full_body_sha256
LF9C102P	0x111000	LF9D012H	0x11AF1C	FUN_00111000	FUN_0011af1c	FUN_00111000	84	4fbce132397cd1478bdc69ac18b8f8a513c3761b3d4dca4d751537fa912d6dbe	source_unnamed	unique_full_body_sha256
LF9C102P	0x1E06E0	LF9D012H	0x1EC4C8	FUN_001e06e0	FUN_001ec4c8	FUN_001e06e0	162	4fbfdca72e66fa7786f0206f2af0bfc92f0e5030421659b83383e7019076e8d2	source_unnamed	unique_full_body_sha256
LF9C102P	0x6BF3E	LF9D012H	0x6E2D6	FUN_0006bf3e	FUN_0006e2d6	FUN_0006bf3e	58	4fc5451509c476a58131bec2395f730588479f4a9c28ab68d1a915d5f2845024	source_unnamed	unique_full_body_sha256
LF9C102P	0x12344C	LF9D012H	0x12D3C0	FUN_0012344c	FUN_0012d3c0	FUN_0012344c	20	4fcf10474e7777ac1a4a9322da2dcf17bab89d94fd4b49177617aa766e038fda	source_unnamed	unique_full_body_sha256
LF9C102P	0x10975C	LF9D012H	0x11376C	FUN_0010975c	FUN_0011376c	FUN_0010975c	50	501651f2a95273240013a7c492204f4bd2b1a846f1849ab013eced7e63f8e635	source_unnamed	unique_full_body_sha256
LF9C102P	0x6DC4	LF9D012H	0x6DC4	FUN_00006dc4	FUN_00006dc4	FUN_00006dc4	24	501839f13763247ec1cc805778459949924bf36fe3cc70b599af621c41022e91	source_unnamed	unique_full_body_sha256
LF9C102P	0x1A2D94	LF9D012H	0x1AE3EC	FUN_001a2d94	FUN_001ae3ec	FUN_001a2d94	756	5033c0eca6e19577bf553b91d5cce7b7d38fcf63b3cfdeddcf84a4d59a6a2a84	source_unnamed	unique_full_body_sha256
LF9C102P	0x85B2C	LF9D012H	0x8889C	FUN_00085b2c	FUN_0008889c	FUN_00085b2c	8	505db739230b6614e6b8f23b2fef0c75d0649068489bb3bb5bb74930388f789f	source_unnamed	unique_full_body_sha256
LF9C102P	0x1D3C7A	LF9D012H	0x1DFA3E	FUN_001d3c7a	FUN_001dfa3e	FUN_001d3c7a	70	506f4698867001748880c31ac5fab8a05ab247b500e8f6cab055bf112edd0757	source_unnamed	unique_full_body_sha256
LF9C102P	0x1A10C0	LF9D012H	0x1AC400	FUN_001a10c0	FUN_001ac400	FUN_001a10c0	60	50786bd3ec9abb6b5b5e00aa2157576c5fedd2035d503c402e9353802a5c236c	source_unnamed	unique_full_body_sha256
LF9C102P	0xA0A80	LF9D012H	0xAA9A8	FUN_000a0a80	FUN_000aa9a8	FUN_000a0a80	100	509d12719df38d380d1b475f0f81d288725794e0e2ed72a59f8cfff9c3298855	source_unnamed	unique_full_body_sha256
LF9C102P	0x123D6C	LF9D012H	0x12DCE0	FUN_00123d6c	FUN_0012dce0	FUN_00123d6c	94	50ae9dce71b65d5179a82c4c2972c5a87aed05252d1b419b94508b4d970381d1	source_unnamed	unique_full_body_sha256
LF9C102P	0x1A81CC	LF9D012H	0x1B3DA0	interp_1d_axis_s16_data_s16	interp_1d_axis_s16_data_s16	interp_1d_axis_s16_data_s16	124	50b6ea08e4e0cc1a17796ab3c90d2e44db076fab6484d736bc9127291808d52c	already_named	unique_full_body_sha256
LF9C102P	0x1FCD2C	LF9D012H	0x27CE34	FUN_001fcd2c	FUN_0027ce34	FUN_001fcd2c	40	510c8d6b718c6d677f20b2992011c2a46903a2f7c57f600eb4c822e08d593f8c	source_unnamed	unique_full_body_sha256
LF9C102P	0x1ABDAC	LF9D012H	0x1B7980	interp_2d_ax_u32_u8_data_s	interp_2d_ax_u32_u8_data_s	interp_2d_ax_u32_u8_data_s	352	5122ab159ccdb0acffa4926a53d18e3dd5a732467b6c7b59ee3f3aac53b96b8b	already_named	unique_full_body_sha256
LF9C102P	0x1CB35A	LF9D012H	0x1D711E	FUN_001cb35a	FUN_001d711e	FUN_001cb35a	10	5147faa8edd3689729cbafbe0598aa2b6b709b91b23c42d380e47ac73ad26871	source_unnamed	unique_full_body_sha256
LF9C102P	0x1D7950	LF9D012H	0x1E3714	FUN_001d7950	FUN_001e3714	FUN_001d7950	42	514d8a2d6a8e12685a4c2408bdb304c2081f1a7f3c5830c94d5c3a96c7f61072	source_unnamed	unique_full_body_sha256
LF9C102P	0x1D75C8	LF9D012H	0x1E338C	FUN_001d75c8	FUN_001e338c	FUN_001d75c8	28	514f1a6ee68e44468cd5e23c1ae6ad41d8fff1bdd4509ac00c7ad8ed8ed4fa62	source_unnamed	unique_full_body_sha256
LF9C102P	0x1D4D3A	LF9D012H	0x1E0AFE	FUN_001d4d3a	FUN_001e0afe	FUN_001d4d3a	6	51723fe9b89f0d2d1ebecb9bf12f57c7ad123e3c6dfdd7db830835466bc08c09	source_unnamed	unique_full_body_sha256
LF9C102P	0x1D2654	LF9D012H	0x1DE418	hcan0_halt	hcan0_halt	hcan0_halt	18	51869e3b1acbaa6f8e53745e06139a48b7de3aecbba9ed7cbafac1ca6e9cdc7a	already_named	unique_full_body_sha256
LF9C102P	0x93B92	LF9D012H	0x9D9E6	FUN_00093b92	FUN_0009d9e6	FUN_00093b92	168	51ad4d2d789b70aa1822fcd7fd3553189d2a41a5c8542801cb9de6dbf4959bce	source_unnamed	unique_full_body_sha256
LF9C102P	0x9F7F0	LF9D012H	0xA9718	FUN_0009f7f0	FUN_000a9718	FUN_0009f7f0	268	51d369d3fa01f35970a10e5077ba2c20333cf2b5e92accf358d949cdcba49bee	source_unnamed	unique_full_body_sha256
LF9C102P	0x9F740	LF9D012H	0xA9668	FUN_0009f740	FUN_000a9668	FUN_0009f740	60	5203fd941e3b5e7d9513229b8b86674cb6609e539ebb6be8e2726dbe3dd172b8	source_unnamed	unique_full_body_sha256
LF9C102P	0xB907E	LF9D012H	0xC1202	FUN_000b907e	FUN_000c1202	FUN_000b907e	18	5206f31268bf3796330581510121d3b98093b6668f35e52a80096db61938d30f	source_unnamed	unique_full_body_sha256
LF9C102P	0x6C980	LF9D012H	0x6ED18	FUN_0006c980	FUN_0006ed18	FUN_0006c980	40	520809b12baaa32144e5c0efe1590ea2cf9db053c03e9dc811f57846a9e4bb4e	source_unnamed	unique_full_body_sha256
LF9C102P	0x9EFDE	LF9D012H	0xA8F06	FUN_0009efde	FUN_000a8f06	FUN_0009efde	222	521fed7351bfcb86ce74bf7743a8eb7debd22371356ede6de2541bb64734d076	source_unnamed	unique_full_body_sha256
LF9C102P	0x86C1E	LF9D012H	0x8998E	FUN_00086c1e	FUN_0008998e	FUN_00086c1e	32	523c147275f1f4b7895745159c7f8b167ed95fc6e7ee69237767bc95b7272477	source_unnamed	unique_full_body_sha256
LF9C102P	0x87C04	LF9D012H	0x8A974	FUN_00087c04	FUN_0008a974	FUN_00087c04	8	52492e208893d927618035d1fe80689383239a906bb49d9c6981cb5b719930d6	source_unnamed	unique_full_body_sha256
LF9C102P	0xA2FE6	LF9D012H	0xAB1B2	FUN_000a2fe6	FUN_000ab1b2	FUN_000a2fe6	114	524d10e37cacde77b641a9c63c855015befc59d9f436bd8c296f2331c66af630	source_unnamed	unique_full_body_sha256
LF9C102P	0x1A8BB0	LF9D012H	0x1B4784	FUN_001a8bb0	FUN_001b4784	FUN_001a8bb0	276	526b46d88510ffc8d4922e57e215c82665a41aca5c65ef7b4379c29c1d189d37	source_unnamed	unique_full_body_sha256
LF9C102P	0x1AA000	LF9D012H	0x1B5BD4	interp_2d_ax_u32_u16_data_s	interp_2d_ax_u32_u16_data_s	interp_2d_ax_u32_u16_data_s	340	529b640b716d6d86671d65b730a1cbcb55cb0cde0ea52fe3cf8fc148b047127c	already_named	unique_full_body_sha256
LF9C102P	0x1A5868	LF9D012H	0x1B0EE4	FUN_001a5868	FUN_001b0ee4	FUN_001a5868	98	52a71a3a8bc2691944da537660877059297c9d583a8c2241426b596a300fe51a	source_unnamed	unique_full_body_sha256
LF9C102P	0x1C1324	LF9D012H	0x1CCFB4	FUN_001c1324	FUN_001ccfb4	FUN_001c1324	122	52b6f0e053b53d1897e9df2ec862b9b865bd20392f1ebb35156218c559d755a3	source_unnamed	unique_full_body_sha256
LF9C102P	0x17F548	LF9D012H	0x189DF8	FUN_0017f548	FUN_00189df8	FUN_0017f548	14	52dc69acbfc3e92c35005f8d851c505bf8466b150e681010fc9336cbaf5cb0f9	source_unnamed	unique_full_body_sha256
LF9C102P	0xADFCC	LF9D012H	0xB61D4	FUN_000adfcc	FUN_000b61d4	FUN_000adfcc	324	52f015e5faa74b942698144fac0530025751e79dee117cda6699098df5c18684	source_unnamed	unique_full_body_sha256
LF9C102P	0xDDA3C	LF9D012H	0xE6324	FUN_000dda3c	FUN_000e6324	FUN_000dda3c	264	52f4edf0e1d4f69698d7b10374c318346546e8dce2009626ce74351e61b4b2d3	source_unnamed	unique_full_body_sha256
LF9C102P	0x18835C	LF9D012H	0x192C0C	FUN_0018835c	FUN_00192c0c	FUN_0018835c	248	533e2af9a3b8c7afee8fbf8bd9fb703fa244cd29ac092bfb9bf0a9f6d3e91048	source_unnamed	unique_full_body_sha256
LF9C102P	0xA780E	LF9D012H	0xAF9DA	FUN_000a780e	FUN_000af9da	FUN_000a780e	42	538291108c90dec44cb9c49751a1ab9abbf964a71dd87ca393b3c14557023b84	source_unnamed	unique_full_body_sha256
LF9C102P	0x1E22B2	LF9D012H	0x1E4550	thunk_FUN_001cc268	thunk_FUN_001e15ac	thunk_FUN_001cc268	6	539859d9df267bf18fbd84455587fba8c3285c348b9e63481be182c26f376544	source_unnamed	unique_full_body_sha256
LF9C102P	0x11F4B8	LF9D012H	0x12942C	FUN_0011f4b8	FUN_0012942c	FUN_0011f4b8	46	53bd7cdaadf72533e5967abc5187c0268d0dc3fd82c4e5049b61ccdfe0e4cbc0	source_unnamed	unique_full_body_sha256
LF9C102P	0x1CC2F6	LF9D012H	0x1D80BA	FUN_001cc2f6	FUN_001d80ba	FUN_001cc2f6	62	53dd90ffc4063bf2fa747ded4f12b25f434a3d187a71d3dbe61c597e9d82560a	source_unnamed	unique_full_body_sha256
LF9C102P	0x1CAC9A	LF9D012H	0x1D6A5E	hcan_stat_bit10_read	hcan_stat_bit10_read	hcan_stat_bit10_read	10	543a0a29f80f636b4cfbabee844435ce3e89f7296cb7468dc366aa6c34ec360d	already_named	unique_full_body_sha256
LF9C102P	0x6B9C8	LF9D012H	0x6DD60	FUN_0006b9c8	FUN_0006dd60	FUN_0006b9c8	150	544a195bdfdd6c2582957e86368b2f4e60ba468542361426e2bc3ef2367cdd85	source_unnamed	unique_full_body_sha256
LF9C102P	0x6E424	LF9D012H	0x707BC	FUN_0006e424	FUN_000707bc	FUN_0006e424	130	544e5747f3290c64c39a74e69f92691b6e5e6f9149eff5989e096c770174217a	source_unnamed	unique_full_body_sha256
LF9C102P	0x178C3C	LF9D012H	0x18347C	FUN_00178c3c	FUN_0018347c	FUN_00178c3c	48	54503d2d5356990168c3d078caf81f982590bb6d4f8b5ad320278e4fd74f0782	source_unnamed	unique_full_body_sha256
LF9C102P	0x1ABA1C	LF9D012H	0x1B75F0	FUN_001aba1c	FUN_001b75f0	FUN_001aba1c	306	545e0d03be045ba18159c98f009b3d2f13298e82a21d0a34c8a280fb343dc925	source_unnamed	unique_full_body_sha256
LF9C102P	0x1C6F60	LF9D012H	0x1D2C14	FUN_001c6f60	FUN_001d2c14	FUN_001c6f60	44	548d5b88cf41e349ad282a8842240da1f26648e6035035f8f27f71e35c869f79	source_unnamed	unique_full_body_sha256
LF9C102P	0x184F68	LF9D012H	0x18F818	FUN_00184f68	FUN_0018f818	FUN_00184f68	82	54bfbc91cb433a5e75ea0917afed78f53e4159e62f934de6874d1467a1675c59	source_unnamed	unique_full_body_sha256
LF9C102P	0x865FC	LF9D012H	0x8936C	FUN_000865fc	FUN_0008936c	FUN_000865fc	10	54ce2f499158d7e611a4f79e662800023448f1071f975ab2236a3d107c01324f	source_unnamed	unique_full_body_sha256
LF9C102P	0x70410	LF9D012H	0x727A8	FUN_00070410	FUN_000727a8	FUN_00070410	20	54d02bce276112b57d8fbd619480135f16c9b98fa5b21ec15e3a896ad587bca1	source_unnamed	unique_full_body_sha256
LF9C102P	0xC1920	LF9D012H	0xC9D64	saturating_shl1_u16	saturating_shl1_u16	saturating_shl1_u16	24	54d2747ca5638100a8180e29775668ba140c2dd5f34fd8a286a098044053933f	already_named	unique_full_body_sha256
LF9C102P	0x1E525A	LF9D012H	0x1F21EA	FUN_001e525a	FUN_001f21ea	FUN_001e525a	68	54fd4f65f369be74ec50a2dfa1aef7e642b65d987156bbbc20bcc1073cbace99	source_unnamed	unique_full_body_sha256
LF9C102P	0x1D0298	LF9D012H	0x1DC05C	FUN_001d0298	FUN_001dc05c	FUN_001d0298	10	553cf4c2d798205fa2d7810572fbd6afd61fdd70ae7ff56c1a3ab27c9e63722f	source_unnamed	unique_full_body_sha256
LF9C102P	0x93E04	LF9D012H	0x9DC58	thunk_FUN_00093f48	thunk_FUN_0009dd9c	thunk_FUN_00093f48	4	55683b7887fbf6cc6c3f80919a7fbab30c1e4c1d10ee642fff53cb6021060dd1	source_unnamed	unique_full_body_sha256
LF9C102P	0x1CAFFA	LF9D012H	0x1D6DBE	FUN_001caffa	FUN_001d6dbe	FUN_001caffa	8	55937b7f97d01cd562da9342dc1f4efb41985c0b2c3efa6006571f770eb7a7e5	source_unnamed	unique_full_body_sha256
LF9C102P	0x175864	LF9D012H	0x17FFEC	FUN_00175864	FUN_0017ffec	FUN_00175864	60	559d4699ed0e0a1ef560180218015217ad846dce55c5045fa5caa5a355084bbd	source_unnamed	unique_full_body_sha256
LF9C102P	0x1D5D18	LF9D012H	0x1E1ADC	FUN_001d5d18	FUN_001e1adc	FUN_001d5d18	10	55a5eaa63dda771126ad54cff09590e6c229f140cce7053a5819ababb0ff6100	source_unnamed	unique_full_body_sha256
LF9C102P	0x1D179C	LF9D012H	0x1DD560	build_frame_descriptor_ctrl	build_frame_descriptor_ctrl	build_frame_descriptor_ctrl	172	55aa8cc0cb9f7060609ad7da1439d2e5a31b04391a8686a8c57d2714eafc7f3d	already_named	unique_full_body_sha256
LF9C102P	0x6E4A6	LF9D012H	0x7083E	FUN_0006e4a6	FUN_0007083e	FUN_0006e4a6	210	55b38cd889c03cc72540fd6eae28ee057464c04f997cefeaabdd17348b4a54af	source_unnamed	unique_full_body_sha256
LF9C102P	0x873D8	LF9D012H	0x8A148	FUN_000873d8	FUN_0008a148	FUN_000873d8	160	55b827556a3e4ed91abe9fa3a92f889f94619badfcb8efa3ec19a75092fd7fd3	source_unnamed	unique_full_body_sha256
LF9C102P	0xDF1F8	LF9D012H	0xE7AE0	FUN_000df1f8	FUN_000e7ae0	FUN_000df1f8	30	55c2477bf4d4eb210a5b22bd1b1335f733b4d1fd066105b0a12f16d46cc84b9b	source_unnamed	unique_full_body_sha256
LF9C102P	0x118D30	LF9D012H	0x122C5C	FUN_00118d30	FUN_00122c5c	FUN_00118d30	36	55c722321c30efa081fc12094a5b931fd678ff798da989815ff626eff29ec07f	source_unnamed	unique_full_body_sha256
LF9C102P	0x1238B8	LF9D012H	0x12D82C	FUN_001238b8	FUN_0012d82c	FUN_001238b8	52	55f0244c7b5cf4fbf172b6beae8183908632318ed8e72d7500d9a99ed12afbf3	source_unnamed	unique_full_body_sha256
LF9C102P	0xAB1DC	LF9D012H	0xB33A8	FUN_000ab1dc	FUN_000b33a8	FUN_000ab1dc	52	55feb71782cffcd7fa054d2619ed8d65483744d9e172514f937cead63bb7ab62	source_unnamed	unique_full_body_sha256
LF9C102P	0x1BE364	LF9D012H	0x1C9FF4	FUN_001be364	FUN_001c9ff4	FUN_001be364	130	5616d8b87915946817a869ab602d145c769494e0dd2f81b4a5a4eff2a6329b9f	source_unnamed	unique_full_body_sha256
LF9C102P	0x755BA	LF9D012H	0x77F7A	FUN_000755ba	FUN_00077f7a	FUN_000755ba	10	5637e7aac49b0256ca0fb960f3d0949455463edea367d2daf4451c730a4a2c87	source_unnamed	unique_full_body_sha256
LF9C102P	0x1C9E4A	LF9D012H	0x1D5C42	serial_wait_tx_ready_mode4	serial_wait_tx_ready_mode4	serial_wait_tx_ready_mode4	52	5683d5bfdefa37ac362c3010e180c6b7fe305b5ee02595c11568317cebdc1020	already_named	unique_full_body_sha256
LF9C102P	0x177450	LF9D012H	0x181C50	FUN_00177450	FUN_00181c50	FUN_00177450	52	56d2bcde55a6838603da5ff8b70f4f33c17c5917fda3c4fe51f2188b1ec36264	source_unnamed	unique_full_body_sha256
LF9C102P	0xD75F4	LF9D012H	0xDFD64	FUN_000d75f4	FUN_000dfd64	FUN_000d75f4	160	56df29c3cae9c555144a2c8a283cae476d94e0942d85bb6c1a97f1148b5b3f40	source_unnamed	unique_full_body_sha256
LF9C102P	0xFD8D0	LF9D012H	0x1078FC	FUN_000fd8d0	FUN_001078fc	FUN_000fd8d0	30	56f42420c670eaf202bb1c25805cf1c35e20d20c0e3cd3ee6a07a5c5af2b08d5	source_unnamed	unique_full_body_sha256
LF9C102P	0x1AB204	LF9D012H	0x1B6DD8	interp_2d_ax_u16_u32_data_u	interp_2d_ax_u16_u32_data_u	interp_2d_ax_u16_u32_data_u	262	5707b62a7916024415566a8e2e5b60f11654bb8af0f2c15a67642ee8aada4918	already_named	unique_full_body_sha256
LF9C102P	0x875EA	LF9D012H	0x8A35A	FUN_000875ea	FUN_0008a35a	FUN_000875ea	356	570b95baab760968b7d484da09c3b5d491460a773058ec4f474affac595d0e52	source_unnamed	unique_full_body_sha256
LF9C102P	0x1E6924	LF9D012H	0x1F38B4	FUN_001e6924	FUN_001f38b4	FUN_001e6924	260	571e3de5440833dc2ca9ea72ac7b4f6983bf695c0a7de04953f6d8e7d5772f60	source_unnamed	unique_full_body_sha256
LF9C102P	0x70846	LF9D012H	0x72BDE	FUN_00070846	FUN_00072bde	FUN_00070846	158	5723a859c906f2e626dd274ceba19ad5a99412084fba2138c4452b53536420e4	source_unnamed	unique_full_body_sha256
LF9C102P	0x1AC83C	LF9D012H	0x1B8410	FUN_001ac83c	FUN_001b8410	FUN_001ac83c	316	5728e5bc6949972f42954cdd0a8bbc8b465f7de7db94e3beb136c68e2537a7c5	source_unnamed	unique_full_body_sha256
LF9C102P	0x87302	LF9D012H	0x8A072	FUN_00087302	FUN_0008a072	FUN_00087302	174	572fac2ec1b64fb00fc9b241977b6c21fd275240df6b46f583dec054d1e1b4de	source_unnamed	unique_full_body_sha256
LF9C102P	0x1D0142	LF9D012H	0x1DBF06	FUN_001d0142	FUN_001dbf06	FUN_001d0142	48	5746ab11fe7153233838565350bb1f0e26872cfa75591202f0ec1606f4fd7edf	source_unnamed	unique_full_body_sha256
LF9C102P	0x1D3A18	LF9D012H	0x1DF7DC	FUN_001d3a18	FUN_001df7dc	FUN_001d3a18	14	575a1007c74b4dd900ff98f1bb73a5541edfa2ac4700c5bc51bb60cb6eb74ea4	source_unnamed	unique_full_body_sha256
LF9C102P	0x1BE290	LF9D012H	0x1C9F20	FUN_001be290	FUN_001c9f20	FUN_001be290	66	5764fd209581a32c02bf42dbebd2f9e192d3be160e26af7226270d8732d147e4	source_unnamed	unique_full_body_sha256
LF9C102P	0x1CECCA	LF9D012H	0x1DAA8E	FUN_001cecca	FUN_001daa8e	FUN_001cecca	10	5769ef54cf58b74b3f25791211123a0b81d17426e759ceffae637c44846a7a8e	source_unnamed	unique_full_body_sha256
LF9C102P	0xAFFCC	LF9D012H	0xB81D4	FUN_000affcc	FUN_000b81d4	FUN_000affcc	282	577a3a0c7d15b87436428d6f172974dcdb3cc34432faf197cad6f00445ebec64	source_unnamed	unique_full_body_sha256
LF9C102P	0xA6018	LF9D012H	0xAE1E4	FUN_000a6018	FUN_000ae1e4	FUN_000a6018	208	577b6438b1f22cddbf4b1309e75ee310dff15b300143621a96ff5b7e99b9ab58	source_unnamed	unique_full_body_sha256
LF9C102P	0x98D74	LF9D012H	0xA2BC8	sa_read_request	sa_read_request	sa_read_request	120	5785c91d3ceb54fe5065b853ddc101584432cb282d7a5d117f594ae53c411e98	already_named	unique_full_body_sha256
LF9C102P	0x1CD656	LF9D012H	0x1D941A	FUN_001cd656	FUN_001d941a	FUN_001cd656	66	5786b3d117ef1f414214ae3d61eb746956769628c9fc4977e7c9c1ea456c5a99	source_unnamed	unique_full_body_sha256
LF9C102P	0x1E1C58	LF9D012H	0x1EDD88	FUN_001e1c58	FUN_001edd88	FUN_001e1c58	28	578882114bc81054351de57c4946141d3d8797a355f531fc6d42362f3ec09942	source_unnamed	unique_full_body_sha256
LF9C102P	0x1A7A18	LF9D012H	0x1B35EC	interp_1d_hires_u32axis_via_helper	interp_1d_hires_u32axis_via_helper	interp_1d_hires_u32axis_via_helper	154	57afc5b7006894639292ead28a8ef2e645cf6ec1554b068b350c32c34aee08a5	already_named	unique_full_body_sha256
LF9C102P	0x6E6C	LF9D012H	0x6E6C	FUN_00006e6c	FUN_00006e6c	FUN_00006e6c	56	57e83036c4847b3f285dd5d05eabe0340448f80ce7d224eb0a56e1b508e28e59	source_unnamed	unique_full_body_sha256
LF9C102P	0x6BEA6	LF9D012H	0x6E23E	FUN_0006bea6	FUN_0006e23e	FUN_0006bea6	152	57f00c7161e0af8cfc234cd03e137190627e6c9b78fbe7e004d2fe90975358ef	source_unnamed	unique_full_body_sha256
LF9C102P	0x194E9C	LF9D012H	0x19F86C	FUN_00194e9c	FUN_0019f86c	FUN_00194e9c	76	581118a4fb87024942025cbb412a8eac4eb27fd706ed2e288e1c8732f36a9203	source_unnamed	unique_full_body_sha256
LF9C102P	0x139930	LF9D012H	0x143A44	FUN_00139930	FUN_00143a44	FUN_00139930	42	581e68b76dc666e7f0be0e3c068c6ce62a24a988ee8fa9f14396ff1b8952550f	source_unnamed	unique_full_body_sha256
LF9C102P	0x9DAD8	LF9D012H	0xA79E4	FUN_0009dad8	FUN_000a79e4	FUN_0009dad8	18	581eb7b54859941fb913976b44725239cb64d9a43ff7a7882921e8326e12b546	source_unnamed	unique_full_body_sha256
LF9C102P	0x1493E0	LF9D012H	0x153B74	FUN_001493e0	FUN_00153b74	FUN_001493e0	90	581fea5ca5d86f6dcfd14c4a68fbd6223d669a7c496b3f7920e64b6bb133605d	source_unnamed	unique_full_body_sha256
LF9C102P	0x1C0A08	LF9D012H	0x1CC698	FUN_001c0a08	FUN_001cc698	FUN_001c0a08	26	582dcf45cbf7b1e1672ee3e1a0f06cb221a0e197c13a9348e221eaccb28a5be2	source_unnamed	unique_full_body_sha256
LF9C102P	0x1276D4	LF9D012H	0x1316B0	FUN_001276d4	FUN_001316b0	FUN_001276d4	14	583224725ff6e9f4f300870e375faf87867891f3296cc9b3f803785a1733f5a5	source_unnamed	unique_full_body_sha256
LF9C102P	0x1CB95C	LF9D012H	0x1D7720	FUN_001cb95c	FUN_001d7720	FUN_001cb95c	130	583a9f5239ab0bc7f148aadda9541db940ff5e0d5b23e580e037757b918cda5a	source_unnamed	unique_full_body_sha256
LF9C102P	0x1E8218	LF9D012H	0x1F52E4	FUN_001e8218	FUN_001f52e4	FUN_001e8218	154	585ef5583466372bd78807f58214337e88c55355b0ae2478603aab3bf73fc42e	source_unnamed	unique_full_body_sha256
LF9C102P	0x7FB0C	LF9D012H	0x8266C	FUN_0007fb0c	FUN_0008266c	FUN_0007fb0c	32	5867941972fc2059d20af36ba7346746c4edd56f2c035a0ab95c82d0cb70318e	source_unnamed	unique_full_body_sha256
LF9C102P	0xBF176	LF9D012H	0xC752A	FUN_000bf176	FUN_000c752a	FUN_000bf176	28	5867b07bc6d5f313012c6638908a39136b45b446cacbb18dcba1ec1b35206462	source_unnamed	unique_full_body_sha256
LF9C102P	0x85DBC	LF9D012H	0x88B2C	FUN_00085dbc	FUN_00088b2c	FUN_00085dbc	296	58741c06e727638aab95a0e34d2cfc55b32c1e845e67fca7cd103827b10a645c	source_unnamed	unique_full_body_sha256
LF9C102P	0x1D00B6	LF9D012H	0x1DBE7A	FUN_001d00b6	FUN_001dbe7a	FUN_001d00b6	48	58a7b2566cf76b7cafa0ca104750baefd1abc1832b418c70c83017d736cb6be2	source_unnamed	unique_full_body_sha256
LF9C102P	0x1E34DC	LF9D012H	0x1F046C	thunk_FUN_001e36a2	thunk_FUN_001f0632	thunk_FUN_001e36a2	6	58f0ef6ef18cd22622589d3fc52e3a280a0c9e3c4a9ee6f262c323a49505438a	source_unnamed	unique_full_body_sha256
LF9C102P	0x127A5C	LF9D012H	0x131A38	FUN_00127a5c	FUN_00131a38	FUN_00127a5c	32	58fa5c48448f84e8130c97adc2b5c521606a3992f51fcbe4f8eb3ff0748e8a78	source_unnamed	unique_full_body_sha256
LF9C102P	0xA7B84	LF9D012H	0xAFD50	FUN_000a7b84	FUN_000afd50	FUN_000a7b84	120	5921b692fd1ec5f4928047e22577309e7859263a7b585a6ea29b488aabd0241e	source_unnamed	unique_full_body_sha256
LF9C102P	0x1D79BE	LF9D012H	0x1E3782	FUN_001d79be	FUN_001e3782	FUN_001d79be	82	594fe41c9c5121d0a1c1b4f2ca68a670bd3cdc2bbef9a6d5d1a14b6e4f1f0b38	source_unnamed	unique_full_body_sha256
LF9C102P	0x86FEC	LF9D012H	0x89D5C	FUN_00086fec	FUN_00089d5c	FUN_00086fec	170	596d6c8be76f90f12d4dc61aef21a9851440a59569e3f2cd504793507006315d	source_unnamed	unique_full_body_sha256
LF9C102P	0x1FE374	LF9D012H	0x27E47C	FUN_001fe374	FUN_0027e47c	FUN_001fe374	18	59bb212663d98b95f061f36c39be4a16779edec2d2efda3875c9202ec695c720	source_unnamed	unique_full_body_sha256
LF9C102P	0x1756D8	LF9D012H	0x17FE60	FUN_001756d8	FUN_0017fe60	FUN_001756d8	20	59d986cfb7785d8a028c075c69b2fff4362d7e2b112f3aedf513b4c73b686bea	source_unnamed	unique_full_body_sha256
LF9C102P	0x17FE70	LF9D012H	0x18A720	FUN_0017fe70	FUN_0018a720	FUN_0017fe70	138	59dcff763cb6647519b49d1feecf0bf520091ebf46457dca6a150ed048487886	source_unnamed	unique_full_body_sha256
LF9C102P	0x1D5090	LF9D012H	0x1E0E54	timer_capture_read_all	timer_capture_read_all	timer_capture_read_all	492	59f821d114c631cc1811c1d78b48969626f048eaf4152e6194a48d0441136dd5	already_named	unique_full_body_sha256
LF9C102P	0x1CAFBE	LF9D012H	0x1D6D82	FUN_001cafbe	FUN_001d6d82	FUN_001cafbe	30	5a053876c56c72dd763623f800d7bf6c190e428072b34483ed6496af8b0375ef	source_unnamed	unique_full_body_sha256
LF9C102P	0x1D254C	LF9D012H	0x1DE310	hcan0_controller_init	hcan0_controller_init	hcan0_controller_init	220	5a2ecdb890610bd8c8b8e1d8e5e8d7d3fb5fc6d0d1799c1ed9d5669120e227dd	already_named	unique_full_body_sha256
LF9C102P	0x1D59E0	LF9D012H	0x1E17A4	FUN_001d59e0	FUN_001e17a4	FUN_001d59e0	54	5a5f23b016a69e6ded15f62ce6b349ba4ad317d0de06567e6efdd02bcc809700	source_unnamed	unique_full_body_sha256
LF9C102P	0x1E768C	LF9D012H	0x1F4758	FUN_001e768c	FUN_001f4758	FUN_001e768c	328	5a8e0654814629dfe5ad603afc5384c8d92a57af47a6b0f60c135b06d9f30ad9	source_unnamed	unique_full_body_sha256
LF9C102P	0x1ACBBC	LF9D012H	0x1B8790	FUN_001acbbc	FUN_001b8790	FUN_001acbbc	276	5a9219b391e099ca93a51d43dd6597f68410155b81ffda3d83253bb5d52f5a40	source_unnamed	unique_full_body_sha256
LF9C102P	0xA5532	LF9D012H	0xAD6FE	FUN_000a5532	FUN_000ad6fe	FUN_000a5532	62	5ab30b30adb559cac13613fde7c1438c84ca468200a70e209d8437a5b3d954ba	source_unnamed	unique_full_body_sha256
LF9C102P	0xAEF56	LF9D012H	0xB715E	FUN_000aef56	FUN_000b715e	FUN_000aef56	140	5ae5a8530f5dc1586530e421c8ea995cfeaaa5c6f0830353ec87842ea355491f	source_unnamed	unique_full_body_sha256
LF9C102P	0x1DDE20	LF9D012H	0x1E9C08	FUN_001dde20	FUN_001e9c08	FUN_001dde20	154	5af5d63f5bf766906133b1ec8a46f5c5753c9ed2c6b999403eacf32f66802a5c	source_unnamed	unique_full_body_sha256
LF9C102P	0x1CAC20	LF9D012H	0x1D69E4	sig_set_fwd_2a	sig_set_fwd_2a	sig_set_fwd_2a	8	5b1cab0f40ec93e6fd11d5a49f4adc55106c4b91e509a3f269a2f15ea65d9d3e	already_named	unique_full_body_sha256
LF9C102P	0x1E3D0C	LF9D012H	0x1F0C9C	FUN_001e3d0c	FUN_001f0c9c	FUN_001e3d0c	10	5b2c8ef72c1d134120454e74832be20315a264473c13cd3efd545a8c9910aa1a	source_unnamed	unique_full_body_sha256
LF9C102P	0x98C0A	LF9D012H	0xA2A5E	comm_service_step	comm_service_step	comm_service_step	86	5b56676dd362dd2329aac61d0a77f27b8379bde13e59f35085a21d522436bbcb	already_named	unique_full_body_sha256
LF9C102P	0x76D8	LF9D012H	0x77BC	FUN_000076d8	FUN_000077bc	FUN_000076d8	12	5b85a1a141d2fa63d40d9c3b4272321bda6f76fe8599a09b2f150ca49269a193	source_unnamed	unique_full_body_sha256
LF9C102P	0x13B894	LF9D012H	0x1459A8	FUN_0013b894	FUN_001459a8	FUN_0013b894	54	5b884b61339cdea9c6e4cc60bacd1584e4b16f968e38058957be59b1e7d1a515	source_unnamed	unique_full_body_sha256
LF9C102P	0x1D4F6C	LF9D012H	0x1E0D30	timer_channel_init	timer_channel_init	timer_channel_init	120	5bac97c8c374522c06af4c816c5e2b7ffe004df0565309509b557238429a2c4a	already_named	unique_full_body_sha256
LF9C102P	0x16CB00	LF9D012H	0x1772B4	FUN_0016cb00	FUN_001772b4	FUN_0016cb00	12	5bb449f233e226507082157366ec7aa86508056c0bbaa3a9c4a47ed73f3ee8a1	source_unnamed	unique_full_body_sha256
LF9C102P	0x1CEFB0	LF9D012H	0x1DAD74	FUN_001cefb0	FUN_001dad74	FUN_001cefb0	6	5bcd0ca88eca60e44d43ce196a2a64bd7c1db9aa939427af2e46e2105e5325b8	source_unnamed	unique_full_body_sha256
LF9C102P	0x99DBA	LF9D012H	0xA3C0E	FUN_00099dba	FUN_000a3c0e	FUN_00099dba	92	5bd52459e189d3f6e7f5c1829d0b919d9ed349246465153b04316311b3fa466e	source_unnamed	unique_full_body_sha256
LF9C102P	0x6C9D0	LF9D012H	0x6ED68	FUN_0006c9d0	FUN_0006ed68	FUN_0006c9d0	40	5c0afc53f604b9eec557f19e852361bd8cef040641180b66d6d12abf1c013406	source_unnamed	unique_full_body_sha256
LF9C102P	0x1CFCFC	LF9D012H	0x1DBAC0	FUN_001cfcfc	FUN_001dbac0	FUN_001cfcfc	52	5c7c5c92c04d4b008258696db574590d3d6cef02d71a788e33df72061c981b23	source_unnamed	unique_full_body_sha256
LF9C102P	0x120984	LF9D012H	0x12A8F8	FUN_00120984	FUN_0012a8f8	FUN_00120984	170	5c7dd38940a94e441672513ad56d53d5ba0486b2d3ed3bd58b0ad124d8d11df6	source_unnamed	unique_full_body_sha256
LF9C102P	0x1D02C0	LF9D012H	0x1DC084	FUN_001d02c0	FUN_001dc084	FUN_001d02c0	10	5c92a6323de31d70f28da23226250a9526c70378ed5603b8e4434f1f0c5f161b	source_unnamed	unique_full_body_sha256
LF9C102P	0x110718	LF9D012H	0x11A634	FUN_00110718	FUN_0011a634	FUN_00110718	72	5c99232a0c4d2851f957548eccfe72cc83b6d3da2eeb62b639348348aee21e4b	source_unnamed	unique_full_body_sha256
LF9C102P	0x1A17A8	LF9D012H	0x1ACD98	FUN_001a17a8	FUN_001acd98	FUN_001a17a8	112	5ca518629e4d14cc7d40d44cf8577f63d94b027030fc8dd9fa0a93fa42d50eed	source_unnamed	unique_full_body_sha256
LF9C102P	0x95B02	LF9D012H	0x9F956	FUN_00095b02	FUN_0009f956	FUN_00095b02	30	5caa6b3846600da2cccd539cb4aea831191cbc0ead20471d31ec256d9f5973e3	source_unnamed	unique_full_body_sha256
LF9C102P	0x13B074	LF9D012H	0x145188	FUN_0013b074	FUN_00145188	FUN_0013b074	384	5d0815d6099c257fffed1752d25ff1291ee11442744fd971c2acefc21a84ffa3	source_unnamed	unique_full_body_sha256
LF9C102P	0x1238F0	LF9D012H	0x12D864	FUN_001238f0	FUN_0012d864	FUN_001238f0	20	5d189d3061a0ce3a349827748822b017fdaed6a209c5aa2f531f3774ef57cdfb	source_unnamed	unique_full_body_sha256
LF9C102P	0x122558	LF9D012H	0x12C4CC	FUN_00122558	FUN_0012c4cc	FUN_00122558	134	5d49840f4ce74d4ca9d14f179b8d55744178ecbc92659f936c383a0077cc951c	source_unnamed	unique_full_body_sha256
LF9C102P	0x1D0338	LF9D012H	0x1DC0FC	FUN_001d0338	FUN_001dc0fc	FUN_001d0338	10	5d59dc0539d5e68a47584b5870c82ff37ad7fbf7f7f3301ef8b7b3b72a24bbed	source_unnamed	unique_full_body_sha256
LF9C102P	0x6BD8E	LF9D012H	0x6E126	FUN_0006bd8e	FUN_0006e126	FUN_0006bd8e	134	5d5af070f07d62367e625e9e7095e7a2f63a3acadf4ffc658b016c381efc1660	source_unnamed	unique_full_body_sha256
LF9C102P	0xBF152	LF9D012H	0xC7506	FUN_000bf152	FUN_000c7506	FUN_000bf152	36	5d6baf3d025397bf00ad2bc06508d840c284418c1327592025b74b9a734f08ca	source_unnamed	unique_full_body_sha256
LF9C102P	0x1CAC90	LF9D012H	0x1D6A54	hcan_stat_bit8_read	hcan_stat_bit8_read	hcan_stat_bit8_read	10	5d6c254d19bff9285c368ca291960e061cf3d7011b43c22f9fa92f3ddee1950d	already_named	unique_full_body_sha256
LF9C102P	0x1E6A3C	LF9D012H	0x1F3B08	FUN_001e6a3c	FUN_001f3b08	FUN_001e6a3c	92	5d6e0895373366a9c23f001b45eb371e932e56b1693f6d967b1f13c253bab356	source_unnamed	unique_full_body_sha256
LF9C102P	0x1E0662	LF9D012H	0x1EC44A	FUN_001e0662	FUN_001ec44a	FUN_001e0662	126	5d97d13d32299fb23c31dc1675b1b061649db0293fd21667fdf56a8dc0570ad4	source_unnamed	unique_full_body_sha256
LF9C102P	0xDD72C	LF9D012H	0xE6014	FUN_000dd72c	FUN_000e6014	FUN_000dd72c	264	5d9a0b6d727ae38a21a640b6fe06d4d90605460aa648892d26fe284bc308b925	source_unnamed	unique_full_body_sha256
LF9C102P	0x1FEB02	LF9D012H	0x27EC0A	FUN_001feb02	FUN_0027ec0a	FUN_001feb02	16	5da18081222aed98f974eca5db9f1ff89e4bf8577c08b44dbd3680338e2e13f2	source_unnamed	unique_full_body_sha256
LF9C102P	0x1CF158	LF9D012H	0x1DAF1C	FUN_001cf158	FUN_001daf1c	FUN_001cf158	44	5db2733124323850dd5263fcbe4cb786cce961c5f2616e8e6dbf55966e21899d	source_unnamed	unique_full_body_sha256
LF9C102P	0x9D57C	LF9D012H	0xA7488	FUN_0009d57c	FUN_000a7488	FUN_0009d57c	14	5df1e39768b22e0d4fb9851840f6787ca6fba99dcd1ca80b2c54d2cc9d1d1549	source_unnamed	unique_full_body_sha256
LF9C102P	0x950BA	LF9D012H	0x9EF0E	FUN_000950ba	FUN_0009ef0e	FUN_000950ba	70	5e32d625715e10356a48d9637ada942e33ac0349cff214be6affadb7cdbf5a4b	source_unnamed	unique_full_body_sha256
LF9C102P	0xE2BB0	LF9D012H	0xEB498	FUN_000e2bb0	FUN_000eb498	FUN_000e2bb0	30	5e399291210964c60273d5d12b88cfb36a26e4a3235a3d95491fd6d70f624b96	source_unnamed	unique_full_body_sha256
LF9C102P	0x1D78B0	LF9D012H	0x1E3674	FUN_001d78b0	FUN_001e3674	FUN_001d78b0	10	5e420df0013c8a63a78132da4535d469442602063c9c3fbe632e8a34b962df14	source_unnamed	unique_full_body_sha256
LF9C102P	0x6F860	LF9D012H	0x71BF8	FUN_0006f860	FUN_00071bf8	FUN_0006f860	128	5e87eba83bf9e562b6c5db3e4616ec98491c40005083bde3c5c64d81a5ef21d7	source_unnamed	unique_full_body_sha256
LF9C102P	0xAA2F8	LF9D012H	0xB24C4	FUN_000aa2f8	FUN_000b24c4	FUN_000aa2f8	16	5e9181c91c360f71f57239aa0605c6514525d20bd1826ddef6dab464769db97f	source_unnamed	unique_full_body_sha256
LF9C102P	0x1D5E76	LF9D012H	0x1E1C3A	FUN_001d5e76	FUN_001e1c3a	FUN_001d5e76	8	5eb80a9e860f0b456e1db60ada03d22448fb9d0ecfc908121d76d3b0d66cb22a	source_unnamed	unique_full_body_sha256
LF9C102P	0x1FD42A	LF9D012H	0x27D532	FUN_001fd42a	FUN_0027d532	FUN_001fd42a	6	5ec01c57288ed49324a950ea1e40ca76eb395994baec3780b9128c8e3854532e	source_unnamed	unique_full_body_sha256
LF9C102P	0xAE2EE	LF9D012H	0xB64F6	FUN_000ae2ee	FUN_000b64f6	FUN_000ae2ee	424	5ec57cb9a33a371eb6ed86a7df2e05b73c7d167a1a0f90f2b749f0a22f2de774	source_unnamed	unique_full_body_sha256
LF9C102P	0x17549C	LF9D012H	0x17FC24	FUN_0017549c	FUN_0017fc24	FUN_0017549c	16	5edbf964cca8b1f9a2b63a2d383de9994bc24bf7f9891dcc8e5a071b491e7700	source_unnamed	unique_full_body_sha256
LF9C102P	0x1CD510	LF9D012H	0x1D92D4	FUN_001cd510	FUN_001d92d4	FUN_001cd510	18	5f03f1d5cc8330acf1bb33d841239bc69c306b1c4d98ea189eb74c5fbf369045	source_unnamed	unique_full_body_sha256
LF9C102P	0x1D78C4	LF9D012H	0x1E3688	FUN_001d78c4	FUN_001e3688	FUN_001d78c4	10	5f15732b4d8a5b96cbea2922c6ba23780ed102417172fb3a1765b6037b3d66ee	source_unnamed	unique_full_body_sha256
LF9C102P	0xB0AF6	LF9D012H	0xB8CFE	FUN_000b0af6	FUN_000b8cfe	FUN_000b0af6	70	5f3b74b10a08940343bd82f5a293daefbdd07af873e47f0d8800069a41160d1a	source_unnamed	unique_full_body_sha256
LF9C102P	0x70F4	LF9D012H	0x70F4	FUN_000070f4	FUN_000070f4	FUN_000070f4	216	5f54208f26b5356876f5df454608b8292302aa4a3bb46d9533ed699c9784d466	source_unnamed	unique_full_body_sha256
LF9C102P	0x140220	LF9D012H	0x14A3A0	FUN_00140220	FUN_0014a3a0	FUN_00140220	78	5f7916cae1f9499230e58d1b5f858103e9e2be698d47896c81f0b68718cb4eb8	source_unnamed	unique_full_body_sha256
LF9C102P	0x1E2B80	LF9D012H	0x1EEE84	FUN_001e2b80	FUN_001eee84	FUN_001e2b80	36	5f8ef3905dea549110be7c0cacbcdea3f5138ca98d84c098dcb0ade0bb90d058	source_unnamed	unique_full_body_sha256
LF9C102P	0x6B392	LF9D012H	0x6D72A	FUN_0006b392	FUN_0006d72a	FUN_0006b392	58	5f9d4a6991698749c4d71f992232ac774689b7d57ed2821e3600032611fe7275	source_unnamed	unique_full_body_sha256
LF9C102P	0x1D2822	LF9D012H	0x1DE5E6	FUN_001d2822	FUN_001de5e6	FUN_001d2822	6	5fa1c92f7b6031f19f4f9d42e941b5216d9b180797b44c0323833f381451ee32	source_unnamed	unique_full_body_sha256
LF9C102P	0x123B4C	LF9D012H	0x12DAC0	FUN_00123b4c	FUN_0012dac0	FUN_00123b4c	24	5fb816e9d668b9dc580d82888534995a8665cc413cada16ced9528d81dfe4c08	source_unnamed	unique_full_body_sha256
LF9C102P	0x1D1CE8	LF9D012H	0x1DDAAC	FUN_001d1ce8	FUN_001ddaac	FUN_001d1ce8	208	5fbcdead34fe68873c9526ad17e15ce3cd779c65238181cb71ce2471d12ea927	source_unnamed	unique_full_body_sha256
LF9C102P	0x1D02D4	LF9D012H	0x1DC098	FUN_001d02d4	FUN_001dc098	FUN_001d02d4	10	605372fb0a66f3b0f8442844c945bd80dd4e81e2c030f64882d16606391b34e3	source_unnamed	unique_full_body_sha256
LF9C102P	0x14D664	LF9D012H	0x157DF8	FUN_0014d664	FUN_00157df8	FUN_0014d664	38	6073bca0efc4e2b3486fda01ab9b23d9aacd561ced6b503514513b50878b0705	source_unnamed	unique_full_body_sha256
LF9C102P	0x14AB20	LF9D012H	0x1552B4	FUN_0014ab20	FUN_001552b4	FUN_0014ab20	58	607f26b2d45a4f3dab07082a8439c6cdfd66ea89ff664004707d425273029aa8	source_unnamed	unique_full_body_sha256
LF9C102P	0x1AE864	LF9D012H	0x1BA498	FUN_001ae864	FUN_001ba498	FUN_001ae864	54	6084b5543e5317d68d67fd7fbade69dc72cbc4cab2aca767d67aa58aa34fb7ad	source_unnamed	unique_full_body_sha256
LF9C102P	0x1CBF1A	LF9D012H	0x1D7CDE	FUN_001cbf1a	FUN_001d7cde	FUN_001cbf1a	6	60adc480c59c1d8df38a426058ed69e3063a5f44eb43f4fc10a184ef2bb4351a	source_unnamed	unique_full_body_sha256
LF9C102P	0x1A8354	LF9D012H	0x1B3F28	interp_1d_desc_axis_u16_data_u8	interp_1d_desc_axis_u16_data_u8	interp_1d_desc_axis_u16_data_u8	98	60bedf2aa7c5a26a8e3580915a5edd2b94f789149e1dd924f25f694baa6f4b25	already_named	unique_full_body_sha256
LF9C102P	0x1E3A90	LF9D012H	0x1F0A20	FUN_001e3a90	FUN_001f0a20	FUN_001e3a90	10	60dd26b548c1465e1ed52c84d2fddcad223284dd7b04ea8e49a3127758677fdf	source_unnamed	unique_full_body_sha256
LF9C102P	0x1FEC1C	LF9D012H	0x27ED24	FUN_001fec1c	FUN_0027ed24	FUN_001fec1c	62	60e3c6cf3702e26edf8ba082f62e5da6ca51897bb64742a3e0786a0fcaf057a7	source_unnamed	unique_full_body_sha256
LF9C102P	0x82378	LF9D012H	0x850DC	FUN_00082378	FUN_000850dc	FUN_00082378	30	60e45383b18a50b69f486eeb4be4350ae11b57e0dc84aefbd8f09a6ea5ff8058	source_unnamed	unique_full_body_sha256
LF9C102P	0x1E2BD6	LF9D012H	0x1EEEDA	FUN_001e2bd6	FUN_001eeeda	FUN_001e2bd6	30	60f40b58dd044169f5eca7bf7f92a501cc1db4bc6543932c161ebeefabad282a	source_unnamed	unique_full_body_sha256
LF9C102P	0x184810	LF9D012H	0x18F0C0	FUN_00184810	FUN_0018f0c0	FUN_00184810	26	6106fe4d8444f68ecbffb4612238ca382a09ff531ed01d176749bd66aab2a10c	source_unnamed	unique_full_body_sha256
LF9C102P	0x83D2E	LF9D012H	0x86A92	FUN_00083d2e	FUN_00086a92	FUN_00083d2e	80	6139d01b4560318f28c28e47bc3d4dcca32c7109199750df1d97d2e3da72b3b0	source_unnamed	unique_full_body_sha256
LF9C102P	0x1CAD18	LF9D012H	0x1D6ADC	can_write_rc_wrap	can_write_rc_wrap	can_write_rc_wrap	24	61675a5c8b8c6b1a6d36f3be42ffae76a36e7644e8d67007b71fde388f8e3fc5	already_named	unique_full_body_sha256
LF9C102P	0x1E487A	LF9D012H	0x1F180A	FUN_001e487a	FUN_001f180a	FUN_001e487a	50	616abafdbc1aa10671cf0c081be860ab0fdaef5eeb21d7ba6820fe0498bc8b5a	source_unnamed	unique_full_body_sha256
LF9C102P	0xC056C	LF9D012H	0xC8920	flag_mirror_update_2way	flag_mirror_update_2way	flag_mirror_update_2way	22	6180199f5f0b83359e4cd99c633149c46f2f07b41fd3e75b2c107d427d771c10	already_named	unique_full_body_sha256
LF9C102P	0x1D2BEE	LF9D012H	0x1DE9B2	FUN_001d2bee	FUN_001de9b2	FUN_001d2bee	8	61e7b956bb3835657d4e64b223603c86f88f4728705edffcd51c9143e97a3d09	source_unnamed	unique_full_body_sha256
LF9C102P	0x1D280C	LF9D012H	0x1DE5D0	FUN_001d280c	FUN_001de5d0	FUN_001d280c	6	6228264d74e16040612ab32b122b471564127c9210e567e8e8adbd638ed49c3a	source_unnamed	unique_full_body_sha256
LF9C102P	0x145050	LF9D012H	0x14F1D0	FUN_00145050	FUN_0014f1d0	FUN_00145050	36	622d94d0615f32009bf614295502883d18810a4249c971657f892161723dfc60	source_unnamed	unique_full_body_sha256
LF9C102P	0x6EFE6	LF9D012H	0x7137E	FUN_0006efe6	FUN_0007137e	FUN_0006efe6	282	6243f4e9f45c48ddab637a223b92d65c58b4fc658688004883e39726bbf2449d	source_unnamed	unique_full_body_sha256
LF9C102P	0x1C0190	LF9D012H	0x1CBE20	FUN_001c0190	FUN_001cbe20	FUN_001c0190	90	62605e4c726ef82821f859a4d94b8269739d9a7155a2f9e8c75e1785fb485e85	source_unnamed	unique_full_body_sha256
LF9C102P	0x7FACA	LF9D012H	0x8262A	FUN_0007faca	FUN_0008262a	FUN_0007faca	68	626682a940d73477929254294afaebca6dfc73e8b83ea329297bbca144e43f12	source_unnamed	unique_full_body_sha256
LF9C102P	0x1E7C8C	LF9D012H	0x1F4D58	check_wait_allowed	check_wait_allowed	check_wait_allowed	24	6294c092a010f1d769c3b5bebdabcee8e987b7afea46947193c76bbd352aa280	already_named	unique_full_body_sha256
LF9C102P	0xB293C	LF9D012H	0xBAB44	FUN_000b293c	FUN_000bab44	FUN_000b293c	170	629ba48ca434d2a4d00a3064ad5c7e4753bab32e6d4770a314cc0548e459fa5c	source_unnamed	unique_full_body_sha256
LF9C102P	0x6B4E8	LF9D012H	0x6D880	FUN_0006b4e8	FUN_0006d880	FUN_0006b4e8	152	62debae641ca3c150c4c5c114d4456ee98feedd322e91cf6d15bf1a7dc646572	source_unnamed	unique_full_body_sha256
LF9C102P	0x1E4CD2	LF9D012H	0x1F1C62	FUN_001e4cd2	FUN_001f1c62	FUN_001e4cd2	26	62e6734adf0af6a705efc288062dff4f0605509514c953a481ed08e621cd294d	source_unnamed	unique_full_body_sha256
LF9C102P	0x1FD430	LF9D012H	0x27D538	FUN_001fd430	FUN_0027d538	FUN_001fd430	6	62ed5561922cf04471225fd9dd583c7cd9924ec9347a9b582f0805ad58e45d50	source_unnamed	unique_full_body_sha256
LF9C102P	0x7310	LF9D012H	0x73F4	FUN_00007310	FUN_000073f4	FUN_00007310	38	630255e4a10da2cb51a2ac7ec8b0a7787d0a9792f95efb660652a4ca97703055	source_unnamed	unique_full_body_sha256
LF9C102P	0x12A418	LF9D012H	0x1344CC	FUN_0012a418	FUN_001344cc	FUN_0012a418	64	6354e148dbf721cb74074b912499ed9264a8c060e0a13fb69ef8b32193da0284	source_unnamed	unique_full_body_sha256
LF9C102P	0x1D1F32	LF9D012H	0x1DDCF6	frame_gear_block_zero	frame_gear_block_zero	frame_gear_block_zero	72	6369821b7c7be2d78cd11a599dd46d6eb7ab635eb82295b75a3aee98311b03a3	already_named	unique_full_body_sha256
LF9C102P	0x1DD298	LF9D012H	0x1E9080	FUN_001dd298	FUN_001e9080	FUN_001dd298	110	638b3b6905f7920efc142299ead8f9111c61087c457101cc78d71c922c0c2ddc	source_unnamed	unique_full_body_sha256
LF9C102P	0x1C10C8	LF9D012H	0x1CCD58	FUN_001c10c8	FUN_001ccd58	FUN_001c10c8	10	63b4380c582f921437247ce4a3236a65f55bf45d9fcfe751122f569ed05360c8	source_unnamed	unique_full_body_sha256
LF9C102P	0x13E35C	LF9D012H	0x1484B0	FUN_0013e35c	FUN_001484b0	FUN_0013e35c	44	63b6aab74cf7f6a1b3c7009674c3628209adba2ea862fb834b6fd4c390f9ce58	source_unnamed	unique_full_body_sha256
LF9C102P	0x1CFA5C	LF9D012H	0x1DB820	FUN_001cfa5c	FUN_001db820	FUN_001cfa5c	44	63f34354b698840f37a60428851c345f69b3f409e824a1e0f19375b7c395f595	source_unnamed	unique_full_body_sha256
LF9C102P	0x1D03C8	LF9D012H	0x1DC18C	FUN_001d03c8	FUN_001dc18c	FUN_001d03c8	44	6472d27c0a0ecf71e14a8f30d5b8f152ce08999e56819949aa011c426f0b580f	source_unnamed	unique_full_body_sha256
LF9C102P	0x18DF28	LF9D012H	0x1987D4	FUN_0018df28	FUN_001987d4	FUN_0018df28	46	648f692f0661de67f57f93eeaff6d5d8ed8320b9d12309e5e8cb8f7faf481c23	source_unnamed	unique_full_body_sha256
LF9C102P	0x86ABC	LF9D012H	0x8982C	FUN_00086abc	FUN_0008982c	FUN_00086abc	354	64b5a90e3898d960ca3710e9a492a92a4d3c7faab2c46ba7828ded0d50400dcb	source_unnamed	unique_full_body_sha256
LF9C102P	0x6CC9C	LF9D012H	0x6F034	FUN_0006cc9c	FUN_0006f034	FUN_0006cc9c	58	64c23834af964da3e5a93600a74121510ed620cb6f7e126185abf0e4013194f8	source_unnamed	unique_full_body_sha256
LF9C102P	0x11EEE8	LF9D012H	0x128E5C	FUN_0011eee8	FUN_00128e5c	FUN_0011eee8	32	64f1377c5aa619db7643b2dc8f658228a474d8e12c2398eac34008d7dbd80609	source_unnamed	unique_full_body_sha256
LF9C102P	0x1E33EC	LF9D012H	0x1F037C	FUN_001e33ec	FUN_001f037c	FUN_001e33ec	10	6531eab80e5aedf2002498f5fab623840db2ebfb47e86e02211b4f03e62e202f	source_unnamed	unique_full_body_sha256
LF9C102P	0x1D79A4	LF9D012H	0x1E3768	FUN_001d79a4	FUN_001e3768	FUN_001d79a4	26	6532002d2279b907413f2674df922cd227deaef5ffa9c6a25c4aad9a20abf8fb	source_unnamed	unique_full_body_sha256
LF9C102P	0xCD3E0	LF9D012H	0xD5A64	FUN_000cd3e0	FUN_000d5a64	FUN_000cd3e0	26	6535495161c2d72255843f3e85121a06d4e7f9c55fb50958af13585c4b47e0b8	source_unnamed	unique_full_body_sha256
LF9C102P	0x14C46C	LF9D012H	0x156C00	FUN_0014c46c	FUN_00156c00	FUN_0014c46c	80	655146de51c676e711b299b94a4fb6dac94c6c8faf34205620b7ce04c2c72b75	source_unnamed	unique_full_body_sha256
LF9C102P	0xA3344	LF9D012H	0xAB510	saturating_signed_mul	saturating_signed_mul	saturating_signed_mul	52	6555130a973eb84932bd96670228a4df85ce99cc081efe62b9ca5fb5658c6b0b	already_named	unique_full_body_sha256
LF9C102P	0x1D2760	LF9D012H	0x1DE524	FUN_001d2760	FUN_001de524	FUN_001d2760	8	6555dfb4c3f1d2cc4bb04fe160b5678c9e585e842fe4bc2e93ebb663fba2fbc5	source_unnamed	unique_full_body_sha256
LF9C102P	0x1ACA9C	LF9D012H	0x1B8670	interp_2d_ax_u16_u8_data_u_v5	interp_2d_ax_u16_u8_data_u_v5	interp_2d_ax_u16_u8_data_u_v5	288	658f3a0e680dcff320f190071e30aed50208a09a9a1cc5165d8720cb59a0787a	already_named	unique_full_body_sha256
LF9C102P	0x127784	LF9D012H	0x131760	FUN_00127784	FUN_00131760	FUN_00127784	16	65f700fa7b95423ed86e78572d28f1808d7f71876671b5ca5cfc6c325183b176	source_unnamed	unique_full_body_sha256
LF9C102P	0x87BCA	LF9D012H	0x8A93A	FUN_00087bca	FUN_0008a93a	FUN_00087bca	8	65f822df3ba64aef21b917f4b433d5da36d32331adc76e2761dcc08ee0036879	source_unnamed	unique_full_body_sha256
LF9C102P	0x1E6318	LF9D012H	0x1F32A8	umul_32x32_to_64	umul_32x32_to_64	umul_32x32_to_64	98	65fe803d261dab1955d4021646af63b07f92f1796c7aed2461ed8382d7a21837	already_named	unique_full_body_sha256
LF9C102P	0x1FE22C	LF9D012H	0x27E334	FUN_001fe22c	FUN_0027e334	FUN_001fe22c	104	6615839cc81f5d9bcf7b6970e516326404f49fbd920afbe2a3a805288fab7120	source_unnamed	unique_full_body_sha256
LF9C102P	0x72E8	LF9D012H	0x73CC	FUN_000072e8	FUN_000073cc	FUN_000072e8	26	6645ef2e61d2359b87314540f34677aa05ccf09de9ee0d80bc4a523f7c9bfb3e	source_unnamed	unique_full_body_sha256
LF9C102P	0x1E4A48	LF9D012H	0x1F19D8	FUN_001e4a48	FUN_001f19d8	FUN_001e4a48	138	664eb11786fc1d9bbfe374053bd82761935b7d4cf2e8ea1408c5f9daf78c527e	source_unnamed	unique_full_body_sha256
LF9C102P	0xAC390	LF9D012H	0xB4564	FUN_000ac390	FUN_000b4564	FUN_000ac390	90	668211b93e87f2efe34b682fb13b6c1d8b5c30599551276a78933c20e26d7f02	source_unnamed	unique_full_body_sha256
LF9C102P	0x17F1A4	LF9D012H	0x189A54	FUN_0017f1a4	FUN_00189a54	FUN_0017f1a4	32	669126694667e1774118ce49dd40ed0d90af32c2c63c5c2ecb5845f4a8a285cc	source_unnamed	unique_full_body_sha256
LF9C102P	0x1CBDEC	LF9D012H	0x1D7BB0	cal_table_get_word3	cal_table_get_word3	cal_table_get_word3	10	66917733222e83fdc5826c000bd5298f2ff0a8b2d7d4314cda7bac759a4cb7b8	already_named	unique_full_body_sha256
LF9C102P	0x97B14	LF9D012H	0xA1968	FUN_00097b14	FUN_000a1968	FUN_00097b14	14	66cbc1cfa35955ca49fc8f335580a13eec7f1f5798ac6d5ccb941031129e22f2	source_unnamed	unique_full_body_sha256
LF9C102P	0x85990	LF9D012H	0x88700	FUN_00085990	FUN_00088700	FUN_00085990	54	66d8c2f6336d5d9ac799f59f8cfe4c3b90367f1cac11e7b49b0a76af17e4b0dc	source_unnamed	unique_full_body_sha256
LF9C102P	0x1FE1FC	LF9D012H	0x27E304	FUN_001fe1fc	FUN_0027e304	FUN_001fe1fc	40	6707011455198772da383d5a370bc0ecbabcd92af3553eff5ec3dfa81deb268b	source_unnamed	unique_full_body_sha256
LF9C102P	0x123A80	LF9D012H	0x12D9F4	FUN_00123a80	FUN_0012d9f4	FUN_00123a80	22	67ab07164d687dc13352a6b7e70ba4ab54b587a2704af133954841dfaa77ccb6	source_unnamed	unique_full_body_sha256
LF9C102P	0x1D56B0	LF9D012H	0x1E1474	FUN_001d56b0	FUN_001e1474	FUN_001d56b0	156	67c3c184364f8cddc33472c43fc00362ead62ffa9fe45fbd7f3cf7743d8ce118	source_unnamed	unique_full_body_sha256
LF9C102P	0x6CDFC	LF9D012H	0x6F194	FUN_0006cdfc	FUN_0006f194	FUN_0006cdfc	258	67efff82e6c3523394f651b496635f70ea79ea2a2176d80cfb7d6e1c5cec0b40	source_unnamed	unique_full_body_sha256
LF9C102P	0x1E6D24	LF9D012H	0x1F3DF0	FUN_001e6d24	FUN_001f3df0	FUN_001e6d24	104	67f9efdc72f07be4a05ae373e30653c46bde94a5fe74b2e3ae3ae5345558845e	source_unnamed	unique_full_body_sha256
LF9C102P	0x1E6B4C	LF9D012H	0x1F3C18	FUN_001e6b4c	FUN_001f3c18	FUN_001e6b4c	68	6821df1e68627099aab3fd33b558b1ff7967be4a6cf2b052257c9af82fdc81eb	source_unnamed	unique_full_body_sha256
LF9C102P	0x9DC60	LF9D012H	0xA7B6C	FUN_0009dc60	FUN_000a7b6c	FUN_0009dc60	66	68490a0abf141bc842f789e388bc5564e9a033dfb91efc6adc01c57542acecd7	source_unnamed	unique_full_body_sha256
LF9C102P	0x1D2B2E	LF9D012H	0x1DE8F2	FUN_001d2b2e	FUN_001de8f2	FUN_001d2b2e	6	686bd4d55fcad052ae0147fd55818a8b6a9758f7e098529f666aab9d89c98b21	source_unnamed	unique_full_body_sha256
LF9C102P	0xAEB90	LF9D012H	0xB6D98	FUN_000aeb90	FUN_000b6d98	FUN_000aeb90	116	68df751819621fe7374c94c60605611cc2c481375094e5e0ebd88796ddf014b1	source_unnamed	unique_full_body_sha256
LF9C102P	0x1B3E3C	LF9D012H	0x1BFAA4	FUN_001b3e3c	FUN_001bfaa4	FUN_001b3e3c	100	68f414950130776d200f08c8b8781e7a383f4e279d3372d0e463fe84593aaf03	source_unnamed	unique_full_body_sha256
LF9C102P	0x12D428	LF9D012H	0x13753C	FUN_0012d428	FUN_0013753c	FUN_0012d428	34	692bffaa15a31cf22f6d68c2ebb7e4d647c4b08dfe1139d71939d1d140d90c28	source_unnamed	unique_full_body_sha256
LF9C102P	0x126E1C	LF9D012H	0x130DF8	FUN_00126e1c	FUN_00130df8	FUN_00126e1c	124	693cb5d3506eba29cd446b58c166a9c7f7bd78cd72d5100662f708f9d26c9746	source_unnamed	unique_full_body_sha256
LF9C102P	0x1D5D6A	LF9D012H	0x1E1B2E	FUN_001d5d6a	FUN_001e1b2e	FUN_001d5d6a	16	6945d062775c7313ca8c77e53174aa724217117a3111fd4b756ad6e8c17c500c	source_unnamed	unique_full_body_sha256
LF9C102P	0x123CA8	LF9D012H	0x12DC1C	FUN_00123ca8	FUN_0012dc1c	FUN_00123ca8	24	69ab3f16d7f460a168bd2d736ceebfcd496b8b79d900500cf775420df36716ee	source_unnamed	unique_full_body_sha256
LF9C102P	0x13E2B4	LF9D012H	0x148408	FUN_0013e2b4	FUN_00148408	FUN_0013e2b4	14	69b8af72593c0dd37d3279e5a71811c2b474b9532c88fa7c413e1fb4b24d9f96	source_unnamed	unique_full_body_sha256
LF9C102P	0x1D7908	LF9D012H	0x1E36CC	FUN_001d7908	FUN_001e36cc	FUN_001d7908	44	69bf5e277854bca8a453d33c071b058668414a8689befe230df00f1cada36a2a	source_unnamed	unique_full_body_sha256
LF9C102P	0xB35C0	LF9D012H	0xBB7C8	FUN_000b35c0	FUN_000bb7c8	FUN_000b35c0	146	69c605426b276248c404e24414d543e75ee15aace7c08ef188b8c2cd5eb44b0e	source_unnamed	unique_full_body_sha256
LF9C102P	0x1495C8	LF9D012H	0x153D5C	FUN_001495c8	FUN_00153d5c	FUN_001495c8	70	69c7df5d0367b8d12992cae994cc08df2365a7d3955bc520408d20b5ad75104b	source_unnamed	unique_full_body_sha256
LF9C102P	0x1479D0	LF9D012H	0x151EE0	FUN_001479d0	FUN_00151ee0	FUN_001479d0	46	69cb17744feb33e927e97130a20305cf677adcfe71eb83e474f632d6e477b3ca	source_unnamed	unique_full_body_sha256
LF9C102P	0x1A2D58	LF9D012H	0x1AE3B0	FUN_001a2d58	FUN_001ae3b0	FUN_001a2d58	26	69e6181be0cab4a27f72462d65690b1f03d6823e75ad6882c9648d01615e468d	source_unnamed	unique_full_body_sha256
LF9C102P	0x127A80	LF9D012H	0x131A5C	FUN_00127a80	FUN_00131a5c	FUN_00127a80	50	6a0bd40ebdb920dc5c2a2adc580ac5447c430db6a6b507c3b78c95f158db9b94	source_unnamed	unique_full_body_sha256
LF9C102P	0x6B40	LF9D012H	0x6B40	FUN_00006b40	FUN_00006b40	FUN_00006b40	80	6a0df24d4dbc5436ee52fd975d881602f27106a6d2691f9edb98af75b43d330a	source_unnamed	unique_full_body_sha256
LF9C102P	0xA6932	LF9D012H	0xAEAFE	FUN_000a6932	FUN_000aeafe	FUN_000a6932	16	6a45de6daa1d02d830a8e078eb00b7f76d0b65647ee4f3db0aea7ce1ce5dc4fa	source_unnamed	unique_full_body_sha256
LF9C102P	0x9D3FC	LF9D012H	0xA7308	FUN_0009d3fc	FUN_000a7308	FUN_0009d3fc	384	6a508239723791496a28730e330c358d5ff0ddf99f2cfa74c70461247135639a	source_unnamed	unique_full_body_sha256
LF9C102P	0x1CAFEC	LF9D012H	0x1D6DB0	FUN_001cafec	FUN_001d6db0	FUN_001cafec	14	6a546bd44bd55022288be695a7b11b455fb63f4781a8c528982df802f09ea126	source_unnamed	unique_full_body_sha256
LF9C102P	0x16E614	LF9D012H	0x178DC8	FUN_0016e614	FUN_00178dc8	FUN_0016e614	16	6a607f7fb7ae37aae2632f2e9c94654c957e89687a850b8cd0faa10290a71f16	source_unnamed	unique_full_body_sha256
LF9C102P	0x8158C	LF9D012H	0x842F0	FUN_0008158c	FUN_000842f0	FUN_0008158c	636	6a7b3ec0f7ad6393d210c5306c065673e7679367869dbe81060fca36827e1587	source_unnamed	unique_full_body_sha256
LF9C102P	0x9F58C	LF9D012H	0xA94B4	FUN_0009f58c	FUN_000a94b4	FUN_0009f58c	44	6aad1330d2f6d314c8cdc1fc7b7c71cbc33dd369a3121b615a3b7c92a33572df	source_unnamed	unique_full_body_sha256
LF9C102P	0xC28A8	LF9D012H	0xCACEC	FUN_000c28a8	FUN_000cacec	FUN_000c28a8	290	6aada68d605be405418140f355e2a85d97331279a4f65a8519e053f74f26e782	source_unnamed	unique_full_body_sha256
LF9C102P	0x7E702	LF9D012H	0x81262	FUN_0007e702	FUN_00081262	FUN_0007e702	258	6ae6c0c1d84b242ee70e2edd4bad7bbd5807f5153ed89fc62f853f3af709d175	source_unnamed	unique_full_body_sha256
LF9C102P	0x1E380C	LF9D012H	0x1F079C	FUN_001e380c	FUN_001f079c	FUN_001e380c	32	6af5a8085769cdc8623511bc2d79a051b6d31b3753671ff9ff195ad472e7d696	source_unnamed	unique_full_body_sha256
LF9C102P	0x149DB0	LF9D012H	0x154544	FUN_00149db0	FUN_00154544	FUN_00149db0	54	6b07a441d7b6e34815a3b77117e5b55f90fc35090afa1cf36f62e76f6af3574a	source_unnamed	unique_full_body_sha256
LF9C102P	0x82E64	LF9D012H	0x85BC8	FUN_00082e64	FUN_00085bc8	FUN_00082e64	18	6b0c3e7aae4b2e1b384ef9cb0a27191d511d89b4c3af8c2e847c31533d7746d5	source_unnamed	unique_full_body_sha256
LF9C102P	0x114698	LF9D012H	0x11E5C4	FUN_00114698	FUN_0011e5c4	FUN_00114698	60	6b47569d392784daebc06e3aa4d13a514083f09f19b0673bb45ab70a16734535	source_unnamed	unique_full_body_sha256
LF9C102P	0x6CDC2	LF9D012H	0x6F15A	FUN_0006cdc2	FUN_0006f15a	FUN_0006cdc2	58	6b5100f3f1fe9005615cf4cbf9cf0cfef7ad71b293e88837cb070cf3e9e48f93	source_unnamed	unique_full_body_sha256
LF9C102P	0x117870	LF9D012H	0x12179C	FUN_00117870	FUN_0012179c	FUN_00117870	84	6b60b353522da101f8725cddc2f1f88fdee2e67eea21939c4113b8dd7497489a	source_unnamed	unique_full_body_sha256
LF9C102P	0x708E4	LF9D012H	0x72C7C	FUN_000708e4	FUN_00072c7c	FUN_000708e4	14	6b82f8f0dd32bbd8975e057060cc295b3b6e257a2b804ac284156ea42ef5f699	source_unnamed	unique_full_body_sha256
LF9C102P	0xA090C	LF9D012H	0xAA834	FUN_000a090c	FUN_000aa834	FUN_000a090c	88	6b88c0634b61c7f99b59dd86df7573cf3039c3f5d8e8f46869954e09ee4859ba	source_unnamed	unique_full_body_sha256
LF9C102P	0xA9A9C	LF9D012H	0xB1C68	FUN_000a9a9c	FUN_000b1c68	FUN_000a9a9c	448	6b8aff4b1337c7742883c4ccb2a5dadb2a982c9b15233cb7d3a85c055970c007	source_unnamed	unique_full_body_sha256
LF9C102P	0x93B54	LF9D012H	0x9D9A8	FUN_00093b54	FUN_0009d9a8	FUN_00093b54	62	6b8e4060e0b4774e01a799e1da458cd9304e282fb92f6925fb87085b43f75455	source_unnamed	unique_full_body_sha256
LF9C102P	0xB3652	LF9D012H	0xBB85A	FUN_000b3652	FUN_000bb85a	FUN_000b3652	266	6ba351b66bb42e7fe90d891b8826cf38aa8d0c3bf9033e1cedf3e56d65cce169	source_unnamed	unique_full_body_sha256
LF9C102P	0x1E470C	LF9D012H	0x1F169C	FUN_001e470c	FUN_001f169c	FUN_001e470c	6	6bab17cbe584a44bc369e6706f21222051fe37015235498d999ae1ca524cb6b6	source_unnamed	unique_full_body_sha256
LF9C102P	0x1E4AD2	LF9D012H	0x1F1A62	FUN_001e4ad2	FUN_001f1a62	FUN_001e4ad2	116	6bac3abe8d32d1de1e5a66cef7d4d653d3f2dd908bb4e7830c139dde095fd9f6	source_unnamed	unique_full_body_sha256
LF9C102P	0x117D98	LF9D012H	0x121CC4	FUN_00117d98	FUN_00121cc4	FUN_00117d98	50	6bac8bbd65b69665252c2265444db35a78e30825de88139c5212897be33bc62f	source_unnamed	unique_full_body_sha256
LF9C102P	0x1D797A	LF9D012H	0x1E373E	FUN_001d797a	FUN_001e373e	FUN_001d797a	42	6bd81cae183be4d45c61d8cf4cb08f083a6dbd99f07f0962eb55fdcefed4feff	source_unnamed	unique_full_body_sha256
LF9C102P	0x1D025C	LF9D012H	0x1DC020	FUN_001d025c	FUN_001dc020	FUN_001d025c	10	6be56eef0658bab32089639f89b189f36cfc8e2a7204171db5ffe634fec018ce	source_unnamed	unique_full_body_sha256
LF9C102P	0x1E7CA4	LF9D012H	0x1F4D70	check_priority_valid	check_priority_valid	check_priority_valid	36	6bf009a31da4e15517621e2e8e3014d839d31d395f3892c41281f7e0f1bfc091	already_named	unique_full_body_sha256
LF9C102P	0x1D7B7A	LF9D012H	0x1E393E	FUN_001d7b7a	FUN_001e393e	FUN_001d7b7a	122	6c203a74e2d38d548fa6d7121110fa864f431231677964e8e788fda2b5936619	source_unnamed	unique_full_body_sha256
LF9C102P	0x6434	LF9D012H	0x6434	FUN_00006434	FUN_00006434	FUN_00006434	36	6c24c689f23a0dd58da23f906f6fea0ec489e5928691c5aa701b607ee72138af	source_unnamed	unique_full_body_sha256
LF9C102P	0x1CB2D4	LF9D012H	0x1D7098	FUN_001cb2d4	FUN_001d7098	FUN_001cb2d4	12	6c341db9567739dccb12628fc790c7ca7486124d0d9582ff90fce44e60baccea	source_unnamed	unique_full_body_sha256
LF9C102P	0xD8584	LF9D012H	0xE0CF4	FUN_000d8584	FUN_000e0cf4	FUN_000d8584	28	6c365db58568c17d242ba5935bbffcb3a5f688e8b4b7729086f4691c19a11cc1	source_unnamed	unique_full_body_sha256
LF9C102P	0x1D2940	LF9D012H	0x1DE704	FUN_001d2940	FUN_001de704	FUN_001d2940	10	6c9aba1b2491d449e68d2585ec3d1b8c929b56ba89241b4305fcb5a4efd44ee3	source_unnamed	unique_full_body_sha256
LF9C102P	0x1CF870	LF9D012H	0x1DB634	FUN_001cf870	FUN_001db634	FUN_001cf870	282	6cb74a50def401f4c841b760490e15c9c9f8ea6c58932acc90a00b4ad39aa0a8	source_unnamed	unique_full_body_sha256
LF9C102P	0x1D78BA	LF9D012H	0x1E367E	FUN_001d78ba	FUN_001e367e	FUN_001d78ba	10	6cd53786c885ab8e86aca55f190ead2c3b7780dc2014921857e75150eac09e6f	source_unnamed	unique_full_body_sha256
LF9C102P	0x1FE692	LF9D012H	0x27E79A	FUN_001fe692	FUN_0027e79a	FUN_001fe692	18	6cd57702ca49f69df4535de5579f598fffbf9469ad2609d365bf53c3e9b017a5	source_unnamed	unique_full_body_sha256
LF9C102P	0xFC324	LF9D012H	0x106350	FUN_000fc324	FUN_00106350	FUN_000fc324	30	6ce2fab7c531b48ad668b98c31ff8d857e2b9cd65bbddc62bbfeb3e128b7dbc5	source_unnamed	unique_full_body_sha256
LF9C102P	0x1D7690	LF9D012H	0x1E3454	FUN_001d7690	FUN_001e3454	FUN_001d7690	6	6cf5b6f50a69e29011d61551f56be9b87b76efb7af8fe4d4e44e8a4dbc1e6295	source_unnamed	unique_full_body_sha256
LF9C102P	0x1FD370	LF9D012H	0x27D478	FUN_001fd370	FUN_0027d478	FUN_001fd370	36	6d0cd38057ea114771b9ed2b0dc8c05d2f929f048d4c45d0e59db02fcffffcff	source_unnamed	unique_full_body_sha256
LF9C102P	0x1CF052	LF9D012H	0x1DAE16	FUN_001cf052	FUN_001dae16	FUN_001cf052	12	6d1ca5278902734680a5a7c5064402ee9bd5299e293199e7925fb5c81974cfeb	source_unnamed	unique_full_body_sha256
LF9C102P	0x83CB8	LF9D012H	0x86A1C	FUN_00083cb8	FUN_00086a1c	FUN_00083cb8	24	6d2599b489d5026da3dd89dfe8c728ba3bb20bf4a7cca75c374c9a296e8e0d97	source_unnamed	unique_full_body_sha256
LF9C102P	0x93E62	LF9D012H	0x9DCB6	FUN_00093e62	FUN_0009dcb6	FUN_00093e62	32	6d2cf4828e7372971986bca32d8ad670593ec67596333fd0891b6c0ca39b8ac1	source_unnamed	unique_full_body_sha256
LF9C102P	0x6AD24	LF9D012H	0x6D0BC	FUN_0006ad24	FUN_0006d0bc	FUN_0006ad24	48	6d4a537a45bdda0efd5a4077f9522634da0aa18e5343fb751a14848911f2e2c9	source_unnamed	unique_full_body_sha256
LF9C102P	0x1FCDD4	LF9D012H	0x27CEDC	FUN_001fcdd4	FUN_0027cedc	FUN_001fcdd4	126	6d5e2cbf6daf94e0ab51b521cf2ae6ce7221ec362f11c461e0bc0e700411111e	source_unnamed	unique_full_body_sha256
LF9C102P	0x1A6168	LF9D012H	0x1B1C8C	FUN_001a6168	FUN_001b1c8c	FUN_001a6168	52	6d9ac28e9ba870e9df882dd91f6a0088bcb2689879fcb0ad98c9512a898f6ebd	source_unnamed	unique_full_body_sha256
LF9C102P	0x1FEE14	LF9D012H	0x27EF1C	FUN_001fee14	FUN_0027ef1c	FUN_001fee14	128	6da7f177612cc2e196c048a3481bfcc7881a6d888f3c70e3c50a1c62ebe764f2	source_unnamed	unique_full_body_sha256
LF9C102P	0x83B26	LF9D012H	0x8688A	FUN_00083b26	FUN_0008688a	FUN_00083b26	62	6dcc0618ff64706cf9b01656bdd412011ac9cb50bcdec280f1f27a850ad05450	source_unnamed	unique_full_body_sha256
LF9C102P	0x94F10	LF9D012H	0x9ED64	FUN_00094f10	FUN_0009ed64	FUN_00094f10	426	6dd98ae16b6f800c0f513f7a651e8810f26ec1032da9eb25466f276afb8015fe	source_unnamed	unique_full_body_sha256
LF9C102P	0x1CDAC4	LF9D012H	0x1D9888	FUN_001cdac4	FUN_001d9888	FUN_001cdac4	32	6e75a4057c70e647ac456a9974f3bf1f6162193adf5edf1cc63e657e8a31d731	source_unnamed	unique_full_body_sha256
LF9C102P	0x8632C	LF9D012H	0x8909C	FUN_0008632c	FUN_0008909c	FUN_0008632c	146	6e78abd4ccc876ea8516e3da689360d4562716fcb70bb6585652d346be4e371e	source_unnamed	unique_full_body_sha256
LF9C102P	0x8619C	LF9D012H	0x88F0C	FUN_0008619c	FUN_00088f0c	FUN_0008619c	98	6e7cc206553f186fd0164c8096913c7dbf11d5baa3151d7df732bd487f3bf740	source_unnamed	unique_full_body_sha256
LF9C102P	0xB9090	LF9D012H	0xC1214	FUN_000b9090	FUN_000c1214	FUN_000b9090	120	6e91071e104f5bfb589d0cf0d8a2d36ce8c76cc8763456e9e449e6d6548046e3	source_unnamed	unique_full_body_sha256
LF9C102P	0x1CBEBE	LF9D012H	0x1D7C82	FUN_001cbebe	FUN_001d7c82	FUN_001cbebe	8	6e975991c8aff15d72361b94573c31be5efb19d90586a1d34d40bc55d9ea610a	source_unnamed	unique_full_body_sha256
LF9C102P	0xA2BE8	LF9D012H	0xAADB4	thunk_FUN_000a7e92	thunk_FUN_000b005e	thunk_FUN_000a7e92	6	6ead8676472f33a4bd491a6b09c08ea2542514006b2dc52e791037a94a5a27a1	source_unnamed	unique_full_body_sha256
LF9C102P	0xD95D0	LF9D012H	0xE1D40	FUN_000d95d0	FUN_000e1d40	FUN_000d95d0	52	6ec74ed2299afc831a95cf0d5cfba5e5bd5fa64e3473a89cf058c16eaea9f1e2	source_unnamed	unique_full_body_sha256
LF9C102P	0x1D031A	LF9D012H	0x1DC0DE	FUN_001d031a	FUN_001dc0de	FUN_001d031a	10	6ed41d75349a8d11d1516e1fd1f267d212445de248f7027451f27f59fb19952f	source_unnamed	unique_full_body_sha256
LF9C102P	0x1A9028	LF9D012H	0x1B4BFC	FUN_001a9028	FUN_001b4bfc	FUN_001a9028	308	6ef24803a6ae9d85d12e1064684e9f79375c83f68638d8707bf00034e074c91b	source_unnamed	unique_full_body_sha256
LF9C102P	0x1C9C1C	LF9D012H	0x1D58D0	FUN_001c9c1c	FUN_001d58d0	FUN_001c9c1c	10	6ef31409e362576a61985c13061615f78b3d6fc764fd6e242dc7436cd57f9812	source_unnamed	unique_full_body_sha256
LF9C102P	0x1CEFB6	LF9D012H	0x1DAD7A	FUN_001cefb6	FUN_001dad7a	FUN_001cefb6	44	6ef7380e7beb6d49591220d0e78ba26a67e2804446fcdd636aa3635bb8b77fdb	source_unnamed	unique_full_body_sha256
LF9C102P	0x1D2BF6	LF9D012H	0x1DE9BA	FUN_001d2bf6	FUN_001de9ba	FUN_001d2bf6	6	6f15eba8b9ca1c070c18f4cfe30e3a3de938e1a3fc89ba0dd6c653442dbcfe7e	source_unnamed	unique_full_body_sha256
LF9C102P	0x1E6FF0	LF9D012H	0x1F40BC	u64_less_than	u64_less_than	u64_less_than	30	6f226c2b52e312a948c4c3b0735f82dbabc3e93748c3ee30a3f755eb5429e40f	already_named	unique_full_body_sha256
LF9C102P	0x1E661C	LF9D012H	0x1F35AC	udiv_multiword_helper	udiv_multiword_helper	udiv_multiword_helper	144	6f72cba33c39227f48025b826183787e3be0fd019ff860e1435fd1de4168946f	already_named	unique_full_body_sha256
LF9C102P	0x18BB74	LF9D012H	0x196428	FUN_0018bb74	FUN_00196428	FUN_0018bb74	96	6f73007c5e4cca41f7a3bd0adf0c0b582be09e064296c09457efe6ad67649ab0	source_unnamed	unique_full_body_sha256
LF9C102P	0x1A3BD8	LF9D012H	0x1AF254	FUN_001a3bd8	FUN_001af254	FUN_001a3bd8	188	6f8fb0a4c0d247910aa3f397e2e8baaf50242a8c0296e0e4f0e814435de62162	source_unnamed	unique_full_body_sha256
LF9C102P	0xA67AC	LF9D012H	0xAE978	FUN_000a67ac	FUN_000ae978	FUN_000a67ac	98	6facccfb17cf4140c50eff4a2b575379dc4d85434bbd89c74cf5e85108584982	source_unnamed	unique_full_body_sha256
LF9C102P	0x1FE850	LF9D012H	0x27E958	FUN_001fe850	FUN_0027e958	FUN_001fe850	56	6fc885e08324208ceb9548e973c20fee9fa7143dc2bd78ca99a6f3178aa5968a	source_unnamed	unique_full_body_sha256
LF9C102P	0x11E984	LF9D012H	0x1288F8	FUN_0011e984	FUN_001288f8	FUN_0011e984	68	6feef67444177e86e96583b7e04c9384ea67535c325e1c2de0bdbdab9d42cbf9	source_unnamed	unique_full_body_sha256
LF9C102P	0x1CEBF8	LF9D012H	0x1DA9BC	FUN_001cebf8	FUN_001da9bc	FUN_001cebf8	44	704c325255f713bc906cd3542d59146b2d1af8af6799aab47f75918fe0d589a2	source_unnamed	unique_full_body_sha256
LF9C102P	0x1D2B0E	LF9D012H	0x1DE8D2	FUN_001d2b0e	FUN_001de8d2	FUN_001d2b0e	6	7053fdd01447e3456986ed3c87168b3d344e53f6f68cc2358cd223e9689942a3	source_unnamed	unique_full_body_sha256
LF9C102P	0x1CB0F0	LF9D012H	0x1D6EB4	FUN_001cb0f0	FUN_001d6eb4	FUN_001cb0f0	100	7063667099498011fae6939c27d027fd97bc0059dff5b81b66a937740a5bc9cd	source_unnamed	unique_full_body_sha256
LF9C102P	0x1D4B26	LF9D012H	0x1E08EA	FUN_001d4b26	FUN_001e08ea	FUN_001d4b26	6	70a078b3ec9a6862d82d34e086eb8c04a30da3a11d4eda4b82277fe5bf8dd20d	source_unnamed	unique_full_body_sha256
LF9C102P	0xBF1B6	LF9D012H	0xC756A	parity_bits_compute	parity_bits_compute	parity_bits_compute	90	70a34cd13d2bca0f6c299eaf254dc370439c140ab475b8a66882c7bbff73d5bb	already_named	unique_full_body_sha256
LF9C102P	0x1CB1A4	LF9D012H	0x1D6F68	FUN_001cb1a4	FUN_001d6f68	FUN_001cb1a4	20	70a557b3c79d3cde851901484ba11597889266f351d8a9fb20546a35b43736e4	source_unnamed	unique_full_body_sha256
LF9C102P	0x1D2BFC	LF9D012H	0x1DE9C0	FUN_001d2bfc	FUN_001de9c0	FUN_001d2bfc	6	70a6c491d7e1b9a39b865311899c7ecbf47b3f69c45593f0051a3e7c1f3c488c	source_unnamed	unique_full_body_sha256
LF9C102P	0x1D32A2	LF9D012H	0x1DF066	adc_sample_and_convert	adc_sample_and_convert	adc_sample_and_convert	248	70b541546f4b717c396e3cee3ea5b9e156e2e744297b22fa89ea0957ec216688	already_named	unique_full_body_sha256
LF9C102P	0x7EFA4	LF9D012H	0x81B04	FUN_0007efa4	FUN_00081b04	FUN_0007efa4	80	71189cf5dffce8e4ffacd87f729b879354544db66fde4ba059da8a3605ed581a	source_unnamed	unique_full_body_sha256
LF9C102P	0x145778	LF9D012H	0x14F8F8	FUN_00145778	FUN_0014f8f8	FUN_00145778	74	7132ea4c74664fd4add9e03030e72b5ad4da29bec982d40d981e15e96332786f	source_unnamed	unique_full_body_sha256
LF9C102P	0x6BAF2	LF9D012H	0x6DE8A	FUN_0006baf2	FUN_0006de8a	FUN_0006baf2	140	71414b1b41a35223eedc128699863a2d0683d060299b90db655cb5052d1aa8b6	source_unnamed	unique_full_body_sha256
LF9C102P	0xDD41C	LF9D012H	0xE5D04	FUN_000dd41c	FUN_000e5d04	FUN_000dd41c	264	7142d89e3be2a9b3f9a8f2e15b28a056b818a65829ff574ee95885a4c2cc5f71	source_unnamed	unique_full_body_sha256
LF9C102P	0x1FE4E0	LF9D012H	0x27E5E8	FUN_001fe4e0	FUN_0027e5e8	FUN_001fe4e0	172	7153c233a81b2521517ce2336649b037d67e75c633a0483dfe243d5e07466b11	source_unnamed	unique_full_body_sha256
LF9C102P	0x74F70	LF9D012H	0x77930	FUN_00074f70	FUN_00077930	FUN_00074f70	208	7156e963f0a0e918398c53c5181ee72bdf10cbe1e1516d98590b01f830944320	source_unnamed	unique_full_body_sha256
LF9C102P	0x1D2B08	LF9D012H	0x1DE8CC	FUN_001d2b08	FUN_001de8cc	FUN_001d2b08	6	7164a74fbe51f6b0256bea32a418a03d5280586d065240ef116c794beb134a0f	source_unnamed	unique_full_body_sha256
LF9C102P	0x1219F4	LF9D012H	0x12B968	FUN_001219f4	FUN_0012b968	FUN_001219f4	30	716b047533dcd31fddcc6cd72be035718d7164e0600609c327974f38e6279c02	source_unnamed	unique_full_body_sha256
LF9C102P	0x99C34	LF9D012H	0xA3A88	FUN_00099c34	FUN_000a3a88	FUN_00099c34	42	717ca8a16a047d56359bf03c8e30794df8b8583facef6975a17d68c9049fa278	source_unnamed	unique_full_body_sha256
LF9C102P	0x1D75E8	LF9D012H	0x1E33AC	FUN_001d75e8	FUN_001e33ac	FUN_001d75e8	50	7182584854a4f275134733180a76a747e95f1a92e8854c6adf2c3b2ada59e17c	source_unnamed	unique_full_body_sha256
LF9C102P	0x175844	LF9D012H	0x17FFCC	FUN_00175844	FUN_0017ffcc	FUN_00175844	30	719ea5c87ac2cc7a5d94b8eac1b4b6cb12b00032d41353cd5c0a06c6ff713b4d	source_unnamed	unique_full_body_sha256
LF9C102P	0x1E809C	LF9D012H	0x1F5168	FUN_001e809c	FUN_001f5168	FUN_001e809c	184	71a3cf4a63d35e96f07e83537c9a637521fc4dc10fff55069ba9ab2f4e885578	source_unnamed	unique_full_body_sha256
LF9C102P	0xA798A	LF9D012H	0xAFB56	FUN_000a798a	FUN_000afb56	FUN_000a798a	320	71a85b6fb5d5b596d6e47037a35625bef9013eb8ec3bef61f88b805599e70d3a	source_unnamed	unique_full_body_sha256
LF9C102P	0x1A282C	LF9D012H	0x1ADE84	FUN_001a282c	FUN_001ade84	FUN_001a282c	54	71d4f0d9b5e96a02b679ed59f954dc628bbd64b6da68c8d737cb5ccdb37f8b0d	source_unnamed	unique_full_body_sha256
LF9C102P	0x1BFD6C	LF9D012H	0x1CB9FC	FUN_001bfd6c	FUN_001cb9fc	FUN_001bfd6c	138	72085fa953e40bead6f4e46da727674b12055e78f032da77e96a6ee4c2454391	source_unnamed	unique_full_body_sha256
LF9C102P	0x1CAF6C	LF9D012H	0x1D6D30	FUN_001caf6c	FUN_001d6d30	FUN_001caf6c	34	721cc4c15f01b9e315cce8bab490600c4bc7830581208f9c29a7b634ac310f00	source_unnamed	unique_full_body_sha256
LF9C102P	0x1BFA74	LF9D012H	0x1CB704	FUN_001bfa74	FUN_001cb704	FUN_001bfa74	26	723ae5d3ca5b921d9d4e39ec3129668e38721cd4e179bab7c7b923d7a89816a8	source_unnamed	unique_full_body_sha256
LF9C102P	0x126F98	LF9D012H	0x130F74	FUN_00126f98	FUN_00130f74	FUN_00126f98	32	723e7e9a384147c6723aa0fd24c2d80beba8e0c24f7230031190fcfaac5e6a72	source_unnamed	unique_full_body_sha256
LF9C102P	0x1E2BB0	LF9D012H	0x1EEEB4	FUN_001e2bb0	FUN_001eeeb4	FUN_001e2bb0	38	725c3c9683576dde62c5eee6e9c2f34e6aec3cf120187edb7c92738a34c5387c	source_unnamed	unique_full_body_sha256
LF9C102P	0x1D5E7E	LF9D012H	0x1E1C42	FUN_001d5e7e	FUN_001e1c42	FUN_001d5e7e	10	727c5a3edbe3fec0aac613ee01e799f4afd1b093f083d03c2381b7defed15ad5	source_unnamed	unique_full_body_sha256
LF9C102P	0x1895F0	LF9D012H	0x193EA0	FUN_001895f0	FUN_00193ea0	FUN_001895f0	40	7280e63f7ed200108d2d3fac87dc8f5f14ebed9d14700afefaa1d11a741fc9c6	source_unnamed	unique_full_body_sha256
LF9C102P	0x6CC18	LF9D012H	0x6EFB0	lookup_short_from_index_table	lookup_short_from_index_table	lookup_short_from_index_table	24	72ce500aeea4ed34ef03d0c42c58dc495681931bd57a883c6231e1458ac3a33b	already_named	unique_full_body_sha256
LF9C102P	0x1D0806	LF9D012H	0x1DC5CA	can_driver_restart_seq	can_driver_restart_seq	can_driver_restart_seq	72	72df81bd233e2ca2bc87f970e15ec7016e13b375256990dd24c6548b72a0a7a2	already_named	unique_full_body_sha256
LF9C102P	0x641C	LF9D012H	0x641C	FUN_0000641c	FUN_0000641c	FUN_0000641c	22	72fdf978e797cde760d7958dfee3a30e7afe6f259d6f77044a1d5222fc04d2fd	source_unnamed	unique_full_body_sha256
LF9C102P	0x13EFA8	LF9D012H	0x1490FC	FUN_0013efa8	FUN_001490fc	FUN_0013efa8	36	730d6ca1af185887366b01b3708f49cc020c9412b1af8eacfdbce0f6a4398036	source_unnamed	unique_full_body_sha256
LF9C102P	0x1D6A14	LF9D012H	0x1E27D8	FUN_001d6a14	FUN_001e27d8	FUN_001d6a14	572	731abf67ce938b0cc5b0db0bb36d3f6c10ebb9955cb971517cb92e43e48c2b68	source_unnamed	unique_full_body_sha256
LF9C102P	0x8306E	LF9D012H	0x85DD2	FUN_0008306e	FUN_00085dd2	FUN_0008306e	320	731b2af0bfe040ae81810e97258346c512b87ecbd04d7e8cc05e2ea4d4fdb9fa	source_unnamed	unique_full_body_sha256
LF9C102P	0x99D60	LF9D012H	0xA3BB4	FUN_00099d60	FUN_000a3bb4	FUN_00099d60	8	732176a9b0d8c47ca134b4c8576e0c46dd4da8ebc4f2e19bd4de34f1a4c47df1	source_unnamed	unique_full_body_sha256
LF9C102P	0xB1AE0	LF9D012H	0xB9CE8	FUN_000b1ae0	FUN_000b9ce8	FUN_000b1ae0	24	73336bac324877d46cfafed59fa877aa6ef829b933f3fd05f2efbe92661d9928	source_unnamed	unique_full_body_sha256
LF9C102P	0x12A934	LF9D012H	0x1349E8	FUN_0012a934	FUN_001349e8	FUN_0012a934	76	735c9f71e87035b410f2340d90c77c2a8513bb902fc4b497b14321038d7fd9e0	source_unnamed	unique_full_body_sha256
LF9C102P	0x7EFF4	LF9D012H	0x81B54	FUN_0007eff4	FUN_00081b54	FUN_0007eff4	80	7370da8a823255792384a029f75b6e62c945e09e74de84d5f92b30e7ba5447be	source_unnamed	unique_full_body_sha256
LF9C102P	0x1E34AC	LF9D012H	0x1F043C	FUN_001e34ac	FUN_001f043c	FUN_001e34ac	6	73821f6697bdeb36f210aceb3e5dd29df8c82753157c4bea508da257fe458161	source_unnamed	unique_full_body_sha256
LF9C102P	0x9FEFE	LF9D012H	0xA9E26	FUN_0009fefe	FUN_000a9e26	FUN_0009fefe	244	738facef9d6100d032046bf587d983b562b2f697caf28ff25930f5933d497e92	source_unnamed	unique_full_body_sha256
LF9C102P	0x1D2904	LF9D012H	0x1DE6C8	FUN_001d2904	FUN_001de6c8	FUN_001d2904	12	739b963e3b3007d950686c6b41cd691bf71ded4df80dfae5475dd87634229287	source_unnamed	unique_full_body_sha256
LF9C102P	0x6BE6C	LF9D012H	0x6E204	FUN_0006be6c	FUN_0006e204	FUN_0006be6c	58	73a84a455e613727f07e9990a00634dc72f46399004db9117638af2954172579	source_unnamed	unique_full_body_sha256
LF9C102P	0x1D5E5A	LF9D012H	0x1E1C1E	FUN_001d5e5a	FUN_001e1c1e	FUN_001d5e5a	10	73befd1c502aad49722cbad398b1835773841934305dfe9dec6a9bf53d4e117c	source_unnamed	unique_full_body_sha256
LF9C102P	0x186FEC	LF9D012H	0x19189C	FUN_00186fec	FUN_0019189c	FUN_00186fec	30	73d6274715dd0fb425f87593fc8c91edb0a9a972a4d552782fafda831ba5ed1f	source_unnamed	unique_full_body_sha256
LF9C102P	0xA04D8	LF9D012H	0xAA400	FUN_000a04d8	FUN_000aa400	FUN_000a04d8	8	73da30ade65b333c65d6257c6b419a6071bf1dbd3464f2cad694c04703c4c811	source_unnamed	unique_full_body_sha256
LF9C102P	0x1D0A44	LF9D012H	0x1DC808	build_frame_status_b	build_frame_status_b	build_frame_status_b	358	7406ec5dfcf9bcf2e6c7d273920efa76ffc33c8b31350b271316b469f2f36f7d	already_named	unique_full_body_sha256
LF9C102P	0x12F5D4	LF9D012H	0x1396E8	FUN_0012f5d4	FUN_001396e8	FUN_0012f5d4	32	74072705d3250eed65a9989ac5dd69b495f7684d9dd2fa7932b3ce671430ba54	source_unnamed	unique_full_body_sha256
LF9C102P	0x126764	LF9D012H	0x130740	FUN_00126764	FUN_00130740	FUN_00126764	76	740c8cd97b3c17becd5ac6ea00d62711dd153d82fc66e8a9092752a805e8d45f	source_unnamed	unique_full_body_sha256
LF9C102P	0x1CD6C8	LF9D012H	0x1D948C	thunk_FUN_001cd0d0	thunk_FUN_001d8e94	thunk_FUN_001cd0d0	4	740e59771cea1d672d3c4992ecefe98a5b084d0a8139fec15e3c86e8a94e00f6	source_unnamed	unique_full_body_sha256
LF9C102P	0x86628	LF9D012H	0x89398	FUN_00086628	FUN_00089398	FUN_00086628	10	7419318d3499737c6e68a818a4b35f37dfeb86c9cf24ac07dc3e5985a80f27ec	source_unnamed	unique_full_body_sha256
LF9C102P	0x1D3BDC	LF9D012H	0x1DF9A0	FUN_001d3bdc	FUN_001df9a0	FUN_001d3bdc	70	743437a9632728d530f1860115dd51fe049b7d7dd3ca76197f3f44f4bf858d68	source_unnamed	unique_full_body_sha256
LF9C102P	0x9D834	LF9D012H	0xA7740	FUN_0009d834	FUN_000a7740	FUN_0009d834	70	745f339e262fd74db0f64b84318946130417abfdee36bba5cffdfa5b613c7635	source_unnamed	unique_full_body_sha256
LF9C102P	0x1297E4	LF9D012H	0x133804	FUN_001297e4	FUN_00133804	FUN_001297e4	52	747c935b686da35e6944d1d258ece06907eee2bbea45a8d343fb6d6b254935f2	source_unnamed	unique_full_body_sha256
LF9C102P	0xA9100	LF9D012H	0xB12CC	FUN_000a9100	FUN_000b12cc	FUN_000a9100	66	747e5cdbc3f75673aa85e12e6f693a5c79243b8106895fc66cd9cfae6fb58bf7	source_unnamed	unique_full_body_sha256
LF9C102P	0x943EE	LF9D012H	0x9E242	FUN_000943ee	FUN_0009e242	FUN_000943ee	176	74a55edba1f7fe67a286a43b2f38289db4bdbb9cf84e9ca135239eab915e2a37	source_unnamed	unique_full_body_sha256
LF9C102P	0xDB1B0	LF9D012H	0xE3A98	FUN_000db1b0	FUN_000e3a98	FUN_000db1b0	24	74c310b4845142eed41a075298e01f8de7ef14946683e42b6a67214729e95ef0	source_unnamed	unique_full_body_sha256
LF9C102P	0x1A7D74	LF9D012H	0x1B3948	interp_1d_axis_u16_data_u32_via_helper	interp_1d_axis_u16_data_u32_via_helper	interp_1d_axis_u16_data_u32_via_helper	152	74d0c76f4abcc11c2a4b38b2876b1c5f78f2f3030bb9734e5090db1fe1e74dd9	already_named	unique_full_body_sha256
LF9C102P	0x1D7AB4	LF9D012H	0x1E3878	FUN_001d7ab4	FUN_001e3878	FUN_001d7ab4	18	75537ae8d37b1261a8c8bedd700536e79ab6ce10da98ff83d4a035df8429b87e	source_unnamed	unique_full_body_sha256
LF9C102P	0x7E6B6	LF9D012H	0x81216	FUN_0007e6b6	FUN_00081216	FUN_0007e6b6	76	756ffd899d989f6c73356a466b00087da183e1b20968b14768f000d872e0d200	source_unnamed	unique_full_body_sha256
LF9C102P	0x9E0C0	LF9D012H	0xA7FCC	FUN_0009e0c0	FUN_000a7fcc	FUN_0009e0c0	32	75b9d3af55ddd3f14c26ae1ee7f8e3fe952f764e406f53e192de6e9747ae7fc8	source_unnamed	unique_full_body_sha256
LF9C102P	0xB194C	LF9D012H	0xB9B54	FUN_000b194c	FUN_000b9b54	FUN_000b194c	92	75df9754171ea1ea9434a887ba62e6d855f6540bde1e541128b05c293b29341b	source_unnamed	unique_full_body_sha256
LF9C102P	0x75522	LF9D012H	0x77EE2	FUN_00075522	FUN_00077ee2	FUN_00075522	60	767eb49a173f3293bc40e213cb34b3b15a2faf8f29460a3e4e7df6e5aa280ba1	source_unnamed	unique_full_body_sha256
LF9C102P	0x1E3A14	LF9D012H	0x1F09A4	FUN_001e3a14	FUN_001f09a4	FUN_001e3a14	58	76891477a651160ca100f1b680fb848ccfd89d1f6cb923935b75f1d297502539	source_unnamed	unique_full_body_sha256
LF9C102P	0xA02F2	LF9D012H	0xAA21A	FUN_000a02f2	FUN_000aa21a	FUN_000a02f2	104	768ce6363b4309ace5650da31f29979776bb88a065bce6663705fdd233b8f0fb	source_unnamed	unique_full_body_sha256
LF9C102P	0x126754	LF9D012H	0x130730	FUN_00126754	FUN_00130730	FUN_00126754	16	769469e5a30347b5f777781c854dd704b0cfe83c829099d938bf032c620cb752	source_unnamed	unique_full_body_sha256
LF9C102P	0x1D01FA	LF9D012H	0x1DBFBE	FUN_001d01fa	FUN_001dbfbe	FUN_001d01fa	10	76964ee770af61f4dbb91908a8a001d649ddba7f71d36a8d1a4cf33317a2b0a3	source_unnamed	unique_full_body_sha256
LF9C102P	0x1FDA7C	LF9D012H	0x27DB84	FUN_001fda7c	FUN_0027db84	FUN_001fda7c	214	76aa1b26f50aaf8147a333779d12f4c028b82937ff436d7df64ce235fd6e3b23	source_unnamed	unique_full_body_sha256
LF9C102P	0x1CEAE0	LF9D012H	0x1DA8A4	FUN_001ceae0	FUN_001da8a4	FUN_001ceae0	44	76e48f4295ad815ec1b5986c359d3e43f238a4ac95717a2ba9e1211b59442e17	source_unnamed	unique_full_body_sha256
LF9C102P	0x19075C	LF9D012H	0x19B048	FUN_0019075c	FUN_0019b048	FUN_0019075c	286	76fccecd92fbf787b7799a9a2568c0590546aacd9c6807ee7a75c4db9e94de1e	source_unnamed	unique_full_body_sha256
LF9C102P	0x995AA	LF9D012H	0xA33FE	sa_bit_test	sa_bit_test	sa_bit_test	30	775fdc4e9cfdf68f4799767152390a030dcfa6d85c6ddd2b76e0e97eca62a60c	already_named	unique_full_body_sha256
LF9C102P	0x1C9484	LF9D012H	0x1D5138	FUN_001c9484	FUN_001d5138	FUN_001c9484	30	7780ac8375d851694b105ae1ea6381844e6396e42d2ac96fc90ee914e2bcc7aa	source_unnamed	unique_full_body_sha256
LF9C102P	0xDB1FC	LF9D012H	0xE3AE4	FUN_000db1fc	FUN_000e3ae4	FUN_000db1fc	24	7782c82425114c469586f7420d70200d01c6ab991294e5e58aff561f842caeba	source_unnamed	unique_full_body_sha256
LF9C102P	0x1CEC24	LF9D012H	0x1DA9E8	FUN_001cec24	FUN_001da9e8	FUN_001cec24	10	77eb837ed09e05891f028e58e13dedb26287544e85a2abd6544db8e580052a91	source_unnamed	unique_full_body_sha256
LF9C102P	0x6BD54	LF9D012H	0x6E0EC	FUN_0006bd54	FUN_0006e0ec	FUN_0006bd54	58	784b344d3c1506af3dde56091696cb7731a8910847d8f98918277b7e602ca5c4	source_unnamed	unique_full_body_sha256
LF9C102P	0x1C111C	LF9D012H	0x1CCDAC	FUN_001c111c	FUN_001ccdac	FUN_001c111c	10	785054838c091be63d52fad55ac5eb45e2aa5994f07b64fed2801a3b43603fe3	source_unnamed	unique_full_body_sha256
LF9C102P	0x86606	LF9D012H	0x89376	FUN_00086606	FUN_00089376	FUN_00086606	34	7871e4979413e5ff8c84fc75c191ac9d338ae5b521b2874064c91c43767350a3	source_unnamed	unique_full_body_sha256
LF9C102P	0xC0BD6	LF9D012H	0xC901A	flag_mirror_bit7to3	flag_mirror_bit7to3	flag_mirror_bit7to3	14	78822ed0b0f729abcf293a8a2430debb34b235d5e4931ece93c58ade118a2c2f	already_named	unique_full_body_sha256
LF9C102P	0x1CB262	LF9D012H	0x1D7026	FUN_001cb262	FUN_001d7026	FUN_001cb262	62	78f2f3e1aec1f0085a65e8c0b9e7d95c81d66727a7df5f916938f3a5841c20f4	source_unnamed	unique_full_body_sha256
LF9C102P	0x1CD7F2	LF9D012H	0x1D95B6	FUN_001cd7f2	FUN_001d95b6	FUN_001cd7f2	10	790a24bb9e6a095e2705349324ffab358882ba7ca30102212f6c16296f838624	source_unnamed	unique_full_body_sha256
LF9C102P	0xA4F68	LF9D012H	0xAD134	FUN_000a4f68	FUN_000ad134	FUN_000a4f68	120	7924bf0cb329b1e983fc7934c4ff8453e5145306ce34cbba4c7cea45238ac350	source_unnamed	unique_full_body_sha256
LF9C102P	0x1A8744	LF9D012H	0x1B4318	FUN_001a8744	FUN_001b4318	FUN_001a8744	124	794c184a5a767aea17e74264a83ea1bce66d1dc2c5aa9874e3270d55e0642a5e	source_unnamed	unique_full_body_sha256
LF9C102P	0x1FD9C8	LF9D012H	0x27DAD0	FUN_001fd9c8	FUN_0027dad0	FUN_001fd9c8	26	79b20fd69b73b8a498192a9e37470184307ae69f35ddbe1a37ee76c51c6ef92d	source_unnamed	unique_full_body_sha256
LF9C102P	0x14BE00	LF9D012H	0x156594	FUN_0014be00	FUN_00156594	FUN_0014be00	74	79b7eed974734939867f8e6cdc1ae3df6053e84b273f5f78682558c4d5f598da	source_unnamed	unique_full_body_sha256
LF9C102P	0x1CAD3C	LF9D012H	0x1D6B00	can_op_rc_neq1	can_op_rc_neq1	can_op_rc_neq1	20	79c53c969136c1f5b02c3a0f7f7e8e916e2e0581088907aadeab853771758264	already_named	unique_full_body_sha256
LF9C102P	0x128154	LF9D012H	0x132120	FUN_00128154	FUN_00132120	FUN_00128154	22	79dd4079748e51c38cf2f247241f7c1ab48ec298c1ff1be931d78b97e18fb9c1	source_unnamed	unique_full_body_sha256
LF9C102P	0xAFFA2	LF9D012H	0xB81AA	FUN_000affa2	FUN_000b81aa	FUN_000affa2	42	79f5eaa7840347b8ea916aedb14d76e415fe55a85bc247407e6a6a0166b42023	source_unnamed	unique_full_body_sha256
LF9C102P	0x122024	LF9D012H	0x12BF98	FUN_00122024	FUN_0012bf98	FUN_00122024	34	79f9cb056c841510420a8234c0f69384f7916005f1f1bd80eead2892bd62ebb6	source_unnamed	unique_full_body_sha256
LF9C102P	0x1BFA08	LF9D012H	0x1CB698	FUN_001bfa08	FUN_001cb698	FUN_001bfa08	104	79fd13418d5469d9753634e7765c907eb48ede863759f19c19cf5b1be238c380	source_unnamed	unique_full_body_sha256
LF9C102P	0x87938	LF9D012H	0x8A6A8	FUN_00087938	FUN_0008a6a8	FUN_00087938	10	7a0fd3c61fb8db54db1dec779de237b75b2b71b60e6c28316d123e8abbdcdb8d	source_unnamed	unique_full_body_sha256
LF9C102P	0x10507C	LF9D012H	0x10F0BC	FUN_0010507c	FUN_0010f0bc	FUN_0010507c	40	7a1321cc78efc3bac334b40766084bc4b02e26bcdb1a2b6af9cf364247ae4308	source_unnamed	unique_full_body_sha256
LF9C102P	0x194098	LF9D012H	0x19EA68	FUN_00194098	FUN_0019ea68	FUN_00194098	52	7a1ed587d5a0c8929b8c813839f79a5b510d6fc760c6c4e40da1f0ee085d2eed	source_unnamed	unique_full_body_sha256
LF9C102P	0x1E29EE	LF9D012H	0x1EEC9A	FUN_001e29ee	FUN_001eec9a	FUN_001e29ee	44	7a25331eca8bb42abd8704002ed458c42644a932fc3cd8948d998f872641eff3	source_unnamed	unique_full_body_sha256
LF9C102P	0x82336	LF9D012H	0x8509A	FUN_00082336	FUN_0008509a	FUN_00082336	66	7a379ab99c9b61a772d58899a12f53bebc62cea7ea36aac3572febe477266bd2	source_unnamed	unique_full_body_sha256
LF9C102P	0xA92A4	LF9D012H	0xB1470	FUN_000a92a4	FUN_000b1470	FUN_000a92a4	184	7a762a4d88325c7cf8aeb94c2fb1797ebb2040d61690d9b57ec9974f3c508780	source_unnamed	unique_full_body_sha256
LF9C102P	0x1CBBD8	LF9D012H	0x1D799C	FUN_001cbbd8	FUN_001d799c	FUN_001cbbd8	314	7a7e0c33fd72ce0b64e7bf6afb78e531001b2f3c1c6c320438e79bb17f45dd00	source_unnamed	unique_full_body_sha256
LF9C102P	0x83004	LF9D012H	0x85D68	FUN_00083004	FUN_00085d68	FUN_00083004	10	7ab3022c350b227f323c685db4cd71194ddb03ba5d8671528d9369c365e84f55	source_unnamed	unique_full_body_sha256
LF9C102P	0x12070C	LF9D012H	0x12A680	FUN_0012070c	FUN_0012a680	FUN_0012070c	14	7ad46891a05fa9538ce5fb0130fd6afc1317f3e4823b4c45a174abe17d5543dc	source_unnamed	unique_full_body_sha256
LF9C102P	0x17E7C8	LF9D012H	0x189078	FUN_0017e7c8	FUN_00189078	FUN_0017e7c8	64	7ae8d9e1249eae502c587717b4be996d59aa61cddc99c851c7c7f24993d86370	source_unnamed	unique_full_body_sha256
LF9C102P	0xD3F64	LF9D012H	0xDC6BC	FUN_000d3f64	FUN_000dc6bc	FUN_000d3f64	336	7af3d2d994ee0edb57fb68538fe5c4643b75c8c74b7ccedd8546cc6a6cbc3317	source_unnamed	unique_full_body_sha256
LF9C102P	0x1091A4	LF9D012H	0x1131B4	FUN_001091a4	FUN_001131b4	FUN_001091a4	22	7afa2851403986f02d78b7d3762921c9e3581073a43290591f813b75258ddad1	source_unnamed	unique_full_body_sha256
LF9C102P	0xE4D88	LF9D012H	0xED670	FUN_000e4d88	FUN_000ed670	FUN_000e4d88	64	7b00cc43fdbb3a176ca30390ec9d55e07d107d28a8e87358f9e920d89c5eff05	source_unnamed	unique_full_body_sha256
LF9C102P	0xAA8A0	LF9D012H	0xB2A6C	FUN_000aa8a0	FUN_000b2a6c	FUN_000aa8a0	304	7b296234e1b5699bcde283149b10f0dc6f7098a68729d35f713395b5e1447cbf	source_unnamed	unique_full_body_sha256
LF9C102P	0x1D02CA	LF9D012H	0x1DC08E	FUN_001d02ca	FUN_001dc08e	FUN_001d02ca	10	7b3d85164ea6d9f60b49c69b47d997cb0a6f2193de55493d99896f86beff9bc6	source_unnamed	unique_full_body_sha256
LF9C102P	0x1D3020	LF9D012H	0x1DEDE4	adc_sensor_scale_group	adc_sensor_scale_group	adc_sensor_scale_group	220	7b79d559962ccd6b61b68e41bf8b92c9958d3531567b6146e85451188acab3f0	already_named	unique_full_body_sha256
LF9C102P	0xC176C	LF9D012H	0xC9BB0	FUN_000c176c	FUN_000c9bb0	FUN_000c176c	50	7b89236aa9091e8923bead3210da82298263e9ab1d72a3870af4bb31190ffb85	source_unnamed	unique_full_body_sha256
LF9C102P	0x6A726	LF9D012H	0x6CABE	FUN_0006a726	FUN_0006cabe	FUN_0006a726	90	7b982dbd56721db5cded06bb675411983a3b2361a38e4636805c265b4ea8db91	source_unnamed	unique_full_body_sha256
LF9C102P	0x1E37AA	LF9D012H	0x1F073A	FUN_001e37aa	FUN_001f073a	FUN_001e37aa	6	7bbe8c4edc24467632c5fc9814e13ab027ab9e67bde55e2f4d4629a4a85c9001	source_unnamed	unique_full_body_sha256
LF9C102P	0x1E48FC	LF9D012H	0x1F188C	FUN_001e48fc	FUN_001f188c	FUN_001e48fc	22	7be57e7b6605c8fb2c73016e184849524244119e021fc92aa5c511a134f8a43b	source_unnamed	unique_full_body_sha256
LF9C102P	0x1CB848	LF9D012H	0x1D760C	FUN_001cb848	FUN_001d760c	FUN_001cb848	114	7be93b2254c8b312db77770fcfe6348debad9f59abdc5f5b5eb9f1524e15dd94	source_unnamed	unique_full_body_sha256
LF9C102P	0x17F7B8	LF9D012H	0x18A068	FUN_0017f7b8	FUN_0018a068	FUN_0017f7b8	142	7bf8f8f63114237d4c8fd9c0d5c8e28f514d27c7c26e72108ca450a389a1a9ea	source_unnamed	unique_full_body_sha256
LF9C102P	0xE2F3C	LF9D012H	0xEB824	FUN_000e2f3c	FUN_000eb824	FUN_000e2f3c	26	7c2cd2beee7addf317bd9222fe309396013c51df8450aa04620a2242a4616f07	source_unnamed	unique_full_body_sha256
LF9C102P	0x1D16C4	LF9D012H	0x1DD488	FUN_001d16c4	FUN_001dd488	FUN_001d16c4	148	7c2f23ede6376b52860f5258381834263858f46c81986861b307d2c5da96960c	source_unnamed	unique_full_body_sha256
LF9C102P	0x1CF05E	LF9D012H	0x1DAE22	FUN_001cf05e	FUN_001dae22	FUN_001cf05e	12	7c373c55ac042c68f572fbb2c990fe6367e819062240b3787bb98e0f100e7cd0	source_unnamed	unique_full_body_sha256
LF9C102P	0x1A2404	LF9D012H	0x1ADA5C	FUN_001a2404	FUN_001ada5c	FUN_001a2404	38	7c4af0b39f342a95bb4103816ff7ee46a6819c04d1fafba87d16087d91f8db5b	source_unnamed	unique_full_body_sha256
LF9C102P	0xD57DC	LF9D012H	0xDDF34	FUN_000d57dc	FUN_000ddf34	FUN_000d57dc	236	7cdbbba9209f1cbee2c9c99f25e4a7ed39d79c50b70830a90ff73f84f68d19b9	source_unnamed	unique_full_body_sha256
LF9C102P	0x1FD3A4	LF9D012H	0x27D4AC	FUN_001fd3a4	FUN_0027d4ac	FUN_001fd3a4	58	7ce85c211ff0a1b83cc5536442945c28f4fc4061b60f8c0362eabbd936b67d70	source_unnamed	unique_full_body_sha256
LF9C102P	0x9DC40	LF9D012H	0xA7B4C	FUN_0009dc40	FUN_000a7b4c	FUN_0009dc40	32	7cf4d0f7d7d42ab56b8ea03cfc2f3380cc9ea09cdc4a36789185233a44fa6d2d	source_unnamed	unique_full_body_sha256
LF9C102P	0x1CACAE	LF9D012H	0x1D6A72	FUN_001cacae	FUN_001d6a72	FUN_001cacae	10	7d0763108d36bc9f563f4da5f2eb539b0832cc8b7edd8baa54bb638e93425c60	source_unnamed	unique_full_body_sha256
LF9C102P	0x97A20	LF9D012H	0xA1874	FUN_00097a20	FUN_000a1874	FUN_00097a20	244	7d13786e1ef9445260b39f9cfda4529bf7fdea21a0d70cb33da248644b55c983	source_unnamed	unique_full_body_sha256
LF9C102P	0x1E3DE0	LF9D012H	0x1F0D70	FUN_001e3de0	FUN_001f0d70	FUN_001e3de0	64	7d38cbe270fa296bc2a35f597183171ab520886bdf7d986f69be16e24998cfea	source_unnamed	unique_full_body_sha256
LF9C102P	0x127414	LF9D012H	0x1313F0	FUN_00127414	FUN_001313f0	FUN_00127414	48	7d47d7c4849b20f1c708562fdd3fe24c19d55136f89033384cc671c40f384a4d	source_unnamed	unique_full_body_sha256
LF9C102P	0x86168	LF9D012H	0x88ED8	FUN_00086168	FUN_00088ed8	FUN_00086168	52	7d4ff2f280684060088a881185f41dd476bd850ecc68141d087623f9fb5b953c	source_unnamed	unique_full_body_sha256
LF9C102P	0xA95A8	LF9D012H	0xB1774	FUN_000a95a8	FUN_000b1774	FUN_000a95a8	236	7d6c73d2a3e490f5bedf7946874d5e427583327b71623692255589a291a75012	source_unnamed	unique_full_body_sha256
LF9C102P	0x1CF1B4	LF9D012H	0x1DAF78	FUN_001cf1b4	FUN_001daf78	FUN_001cf1b4	38	7d984eba5cb2d0c413ee1b30de5062bc6bcdd9dda79771fd13e0991d27a07a69	source_unnamed	unique_full_body_sha256
LF9C102P	0x1A1144	LF9D012H	0x1AC63C	FUN_001a1144	FUN_001ac63c	FUN_001a1144	76	7dc2efda0e1148d11a71fe4d678752bd2a7c7fa3377e5b59e9aed2134e7aba40	source_unnamed	unique_full_body_sha256
LF9C102P	0x7304	LF9D012H	0x73E8	FUN_00007304	FUN_000073e8	FUN_00007304	12	7dee71def97b557e970a9b63996564cbfdf01eb3a62371ac24eed179d65f6754	source_unnamed	unique_full_body_sha256
LF9C102P	0x7FDE0	LF9D012H	0x82940	FUN_0007fde0	FUN_00082940	FUN_0007fde0	24	7e06f7ba6e87fd93452c9b97d505722b56176dc4fc4de0f7a08fc7313c8fe604	source_unnamed	unique_full_body_sha256
LF9C102P	0x1FE190	LF9D012H	0x27E298	FUN_001fe190	FUN_0027e298	FUN_001fe190	76	7e1087030f3dbe65707ae0001eb9b5799fee5d8d9afc0870ebdd134fc85aa084	source_unnamed	unique_full_body_sha256
LF9C102P	0x14480C	LF9D012H	0x14E98C	FUN_0014480c	FUN_0014e98c	FUN_0014480c	32	7e124018b99352cd907b52a3c93c91c13f95458750220cec1567b073e536365f	source_unnamed	unique_full_body_sha256
LF9C102P	0x1E37CC	LF9D012H	0x1F075C	FUN_001e37cc	FUN_001f075c	FUN_001e37cc	6	7e1ff1dd43303c0753d2505d5e1d1bb7731ab7ae5971f4cd67d0934e8818481c	source_unnamed	unique_full_body_sha256
LF9C102P	0xAA896	LF9D012H	0xB2A62	FUN_000aa896	FUN_000b2a62	FUN_000aa896	10	7e4e68d45767eefab5437fa05722d8693520f36bb6ebbebc0bd9ad32a99da016	source_unnamed	unique_full_body_sha256
LF9C102P	0x1708E0	LF9D012H	0x17B094	FUN_001708e0	FUN_0017b094	FUN_001708e0	86	7e55d968a403f55806809dd2d35eeb439068ea8196ee85be86bcd2ce7361f9a6	source_unnamed	unique_full_body_sha256
LF9C102P	0x9E16A	LF9D012H	0xA8076	FUN_0009e16a	FUN_000a8076	FUN_0009e16a	72	7e95948eb43588e77e3d882e8f897f66fdd5276c91142bf8a517cfcbc5bcfacc	source_unnamed	unique_full_body_sha256
LF9C102P	0x1E7998	LF9D012H	0x1F4A64	udiv64_by_u16	udiv64_by_u16	udiv64_by_u16	172	7e98c98d0246a74b396e978073691a16af0cdb69a34ca118e9426034343f83c5	already_named	unique_full_body_sha256
LF9C102P	0x184BD0	LF9D012H	0x18F480	FUN_00184bd0	FUN_0018f480	FUN_00184bd0	50	7f0f75be64910a8089fe10884fbc0506fa09db0f49800b52094fb8c6929d7b1e	source_unnamed	unique_full_body_sha256
LF9C102P	0x10AC24	LF9D012H	0x114C34	FUN_0010ac24	FUN_00114c34	FUN_0010ac24	50	7f47055f7ef397b71032961010f79052b393764f30eb354ce5eae132e76eb912	source_unnamed	unique_full_body_sha256
LF9C102P	0x123A98	LF9D012H	0x12DA0C	FUN_00123a98	FUN_0012da0c	FUN_00123a98	54	7f5dfb004ec3485cd31f97238bf21e0f01c2318e8bce53108f571eec8dfa5867	source_unnamed	unique_full_body_sha256
LF9C102P	0xDAD0C	LF9D012H	0xE35F4	FUN_000dad0c	FUN_000e35f4	FUN_000dad0c	194	7f81d08db89b93d265c89f0ba54df2bb252aebd1f6fbd20683277745dedfea20	source_unnamed	unique_full_body_sha256
LF9C102P	0x1D4EF4	LF9D012H	0x1E0CB8	timer_compare_field_config	timer_compare_field_config	timer_compare_field_config	110	7f8671ffe1be86ac3718fc2937ebd945307c9320af0aa39163246a7b3759d5b2	already_named	unique_full_body_sha256
LF9C102P	0x1E378C	LF9D012H	0x1F071C	FUN_001e378c	FUN_001f071c	FUN_001e378c	6	7fad7e0d1296a737df8ab456fcc1293eec0b4cd93887a18c08f74f960b14656e	source_unnamed	unique_full_body_sha256
LF9C102P	0xE14E0	LF9D012H	0xE9DC8	FUN_000e14e0	FUN_000e9dc8	FUN_000e14e0	90	7fb2195b6117881685578a4d4d86ec890e6a4f4b99443ed1d4b7cf1b4e58e212	source_unnamed	unique_full_body_sha256
LF9C102P	0x1CF03A	LF9D012H	0x1DADFE	FUN_001cf03a	FUN_001dadfe	FUN_001cf03a	12	7fca17776f256a9108c086adcae195c3f51dd09b84f032d9aed6b81f7446a728	source_unnamed	unique_full_body_sha256
LF9C102P	0x9846C	LF9D012H	0xA22C0	sa_seed_send_handler	sa_seed_send_handler	sa_seed_send_handler	224	7fcaf0f19ef9f68c8887ea050eb1a8e705cfa2f84d8514dad35cbfce39021d97	already_named	unique_full_body_sha256
LF9C102P	0x87502	LF9D012H	0x8A272	FUN_00087502	FUN_0008a272	FUN_00087502	10	7fde94c75c26fbd9a03eee1f5538f47a95016dc535b49fdbfde9726edfdd2341	source_unnamed	unique_full_body_sha256
LF9C102P	0x1CBDCE	LF9D012H	0x1D7B92	cal_table_get_word0	cal_table_get_word0	cal_table_get_word0	10	7fe350b04f26dfa26f00d2a85d75e8aba4d2a77106b3f881f9f5b069cd3d41c1	already_named	unique_full_body_sha256
LF9C102P	0x1ACEF8	LF9D012H	0x1B8ACC	FUN_001acef8	FUN_001b8acc	FUN_001acef8	272	7fe5c6e4f3b29cc7038a07cad566a25fea205d80ec7d3a461a721aaa63774852	source_unnamed	unique_full_body_sha256
LF9C102P	0x1CC282	LF9D012H	0x1D8046	FUN_001cc282	FUN_001d8046	FUN_001cc282	58	7fe68b2303a2962e4a85a4abf6a1d5dec8ed57a5ad431fc96f9b26daa7f03962	source_unnamed	unique_full_body_sha256
LF9C102P	0x8331A	LF9D012H	0x8607E	FUN_0008331a	FUN_0008607e	FUN_0008331a	44	8036ce2fdae702297646576c4f46431ee9eb1b4d28e2f4a34db789b0545e43fc	source_unnamed	unique_full_body_sha256
LF9C102P	0x1D2C0A	LF9D012H	0x1DE9CE	FUN_001d2c0a	FUN_001de9ce	FUN_001d2c0a	6	805c36b869848849a099d43d3037bfb2edab0f8c4fa77fb76b3dbdd53884941b	source_unnamed	unique_full_body_sha256
LF9C102P	0x6C242	LF9D012H	0x6E5DA	FUN_0006c242	FUN_0006e5da	FUN_0006c242	64	805d0d5fe071b2de211f838cb516f6a588fbd703d1249ff4c1ec3d57eed52b10	source_unnamed	unique_full_body_sha256
LF9C102P	0x108BE8	LF9D012H	0x112BF8	FUN_00108be8	FUN_00112bf8	FUN_00108be8	60	806434c1fe4f4b6b6922457324520424da025b4cc5ff98f17c41df0580e5ad74	source_unnamed	unique_full_body_sha256
LF9C102P	0x81FE4	LF9D012H	0x84D48	FUN_00081fe4	FUN_00084d48	FUN_00081fe4	216	8064d0aef0bfdaa8aaadfa5dc67857dd97365bfdfcf890f3c55c495bd80ac552	source_unnamed	unique_full_body_sha256
LF9C102P	0xA32DC	LF9D012H	0xAB4A8	FUN_000a32dc	FUN_000ab4a8	FUN_000a32dc	62	80679393696130faf48e617142089aa36f339bf549465471b4916a60d3db21c5	source_unnamed	unique_full_body_sha256
LF9C102P	0x1C9EEE	LF9D012H	0x1D5CBC	serial_ctrl_clear_bit6	serial_ctrl_clear_bit6	serial_ctrl_clear_bit6	12	80697a204d3b1a147b498e482c5afddecfb01ced7cc9a47f2977ae5afd30310b	already_named	unique_full_body_sha256
LF9C102P	0x1A8424	LF9D012H	0x1B3FF8	interp_1d_desc_axis_u8_data_u16	interp_1d_desc_axis_u8_data_u16	interp_1d_desc_axis_u8_data_u16	100	80b07e979b381c171838c8eae37cb20e4458a458a9b9f8e22f089d9c27e56ea4	already_named	unique_full_body_sha256
LF9C102P	0x17E77C	LF9D012H	0x18902C	FUN_0017e77c	FUN_0018902c	FUN_0017e77c	72	80b3203e53d53c1d1347b636216150ecd7e34df5e7caba4859a4bc0582c52968	source_unnamed	unique_full_body_sha256
LF9C102P	0x14B1A4	LF9D012H	0x155938	FUN_0014b1a4	FUN_00155938	FUN_0014b1a4	42	80daa8658083d8df4a87aaa2900f62cb39762c3a3db25cdf630e87669fcaca1e	source_unnamed	unique_full_body_sha256
LF9C102P	0x1CFF54	LF9D012H	0x1DBD18	FUN_001cff54	FUN_001dbd18	FUN_001cff54	6	80f1158c871d4684c7b2246f1af149d1863a45e43b6981a72ed53e713d55464b	source_unnamed	unique_full_body_sha256
LF9C102P	0x1751B0	LF9D012H	0x17F938	FUN_001751b0	FUN_0017f938	FUN_001751b0	14	811de0f85a285f7fcec2c3542577a5e42e0e5a438dd5322125110a6559179735	source_unnamed	unique_full_body_sha256
LF9C102P	0x1D52A0	LF9D012H	0x1E1064	FUN_001d52a0	FUN_001e1064	FUN_001d52a0	548	81a0734a9de38993c9088f107e7774aabeb003cfe0368b494f7ee8f905d61cce	source_unnamed	unique_full_body_sha256
LF9C102P	0xB0B94	LF9D012H	0xB8D9C	FUN_000b0b94	FUN_000b8d9c	FUN_000b0b94	62	81c356a1d20110a5bf071f28fa4999e44413ef16b4e6e41b6b78da1baba329af	source_unnamed	unique_full_body_sha256
LF9C102P	0x82D34	LF9D012H	0x85A98	FUN_00082d34	FUN_00085a98	FUN_00082d34	304	81e8741c4380d8b3eaec53e6208d9836c9269e3fc7dfdc694ad1c9cc2ce57960	source_unnamed	unique_full_body_sha256
LF9C102P	0x87B50	LF9D012H	0x8A8C0	FUN_00087b50	FUN_0008a8c0	FUN_00087b50	8	82049e96e4916c842e450246730c2ba267132f209b282fe0fd5fac5fc5ca0a0f	source_unnamed	unique_full_body_sha256
LF9C102P	0x1C10EC	LF9D012H	0x1CCD7C	FUN_001c10ec	FUN_001ccd7c	FUN_001c10ec	10	8214d7de2001dc4be2193aa5bddbf35872e0ab08daab186cf648880310fe0783	source_unnamed	unique_full_body_sha256
LF9C102P	0x840B8	LF9D012H	0x86E1C	FUN_000840b8	FUN_00086e1c	FUN_000840b8	160	8258086f8dd2e73b9b23349326ce6d4dcc60344cd16a99e31c781994ebd2516e	source_unnamed	unique_full_body_sha256
LF9C102P	0x1E3A6C	LF9D012H	0x1F09FC	FUN_001e3a6c	FUN_001f09fc	FUN_001e3a6c	16	826153bbb2a12a1ee4c7d2638bd7dea97d411aa75864cc775bc4a16b5da2032f	source_unnamed	unique_full_body_sha256
LF9C102P	0x1D69E0	LF9D012H	0x1E27A4	thunk_FUN_001d6a14	thunk_FUN_001e27d8	thunk_FUN_001d6a14	4	8274e51aaa31e0702c23eb6a4266e64f177ab9ee9ac205f3b3a41fcd903e6c5e	source_unnamed	unique_full_body_sha256
LF9C102P	0x1C70F8	LF9D012H	0x1D2DAC	FUN_001c70f8	FUN_001d2dac	FUN_001c70f8	190	8279ac0a8f7db08e72b289732d5796d3af7dcab10b51e52fac451a33187fc49c	source_unnamed	unique_full_body_sha256
LF9C102P	0x1395B8	LF9D012H	0x1436CC	FUN_001395b8	FUN_001436cc	FUN_001395b8	46	827a07226f0bbc845bc5dad5ac9ad71570c4275770413b98850b4f623a20c133	source_unnamed	unique_full_body_sha256
LF9C102P	0x99D8E	LF9D012H	0xA3BE2	FUN_00099d8e	FUN_000a3be2	FUN_00099d8e	44	8297f0dfa5390f70a9a81d3a8e608cedee2fc7c787af6fd6b8b66ee15ff852c5	source_unnamed	unique_full_body_sha256
LF9C102P	0xA465E	LF9D012H	0xAC82A	FUN_000a465e	FUN_000ac82a	FUN_000a465e	546	82996a3dd7a11c6ba32ec586896c16621f7e84493ffe5c464e2e752e417b71f9	source_unnamed	unique_full_body_sha256
LF9C102P	0x1CEE3E	LF9D012H	0x1DAC02	FUN_001cee3e	FUN_001dac02	FUN_001cee3e	44	82a2bb3b66e62869771f343400160241f54816c963dd4f6df2cc8d7bd0866833	source_unnamed	unique_full_body_sha256
LF9C102P	0x1E4108	LF9D012H	0x1F1098	FUN_001e4108	FUN_001f1098	FUN_001e4108	28	82b98d0176189c7bf87a6f914d3d6bc4fa9b703e7da7e3b7788dca625272d8dd	source_unnamed	unique_full_body_sha256
LF9C102P	0xA7930	LF9D012H	0xAFAFC	FUN_000a7930	FUN_000afafc	FUN_000a7930	90	82c24a356c40f7fd824a4b7a622c84086adcd7278ad12028f680c63f200b8d9b	source_unnamed	unique_full_body_sha256
LF9C102P	0x9EF46	LF9D012H	0xA8E6E	FUN_0009ef46	FUN_000a8e6e	FUN_0009ef46	152	82dd83a782148490789e33e239f652cb80b16eb5e6b8beda0541ba4475022a0a	source_unnamed	unique_full_body_sha256
LF9C102P	0xA3058	LF9D012H	0xAB224	FUN_000a3058	FUN_000ab224	FUN_000a3058	86	82e2669990276d31876802260d07f50e0ae8901d35e885d96a6f6aec87a2c918	source_unnamed	unique_full_body_sha256
LF9C102P	0x1D8194	LF9D012H	0x1E3F58	FUN_001d8194	FUN_001e3f58	FUN_001d8194	124	82fd6d2c475cf3f34577dd33d4cdc18982f1b825822fceda81d88afd0d749839	source_unnamed	unique_full_body_sha256
LF9C102P	0x87210	LF9D012H	0x89F80	FUN_00087210	FUN_00089f80	FUN_00087210	10	830e07a8ed2e15248a6d3bb05c91b637889e9b262d3c09c0ff4293cbc1193992	source_unnamed	unique_full_body_sha256
LF9C102P	0x668C	LF9D012H	0x668C	FUN_0000668c	FUN_0000668c	FUN_0000668c	226	83159f11ab4a63f77d33b45303b9e2f6f718ecfe0b9e455bd85e5fe47c606623	source_unnamed	unique_full_body_sha256
LF9C102P	0x9DF38	LF9D012H	0xA7E44	FUN_0009df38	FUN_000a7e44	FUN_0009df38	60	8317b125c81414b73e21614b87f171696347396b26b588bfe24f36ef849e1718	source_unnamed	unique_full_body_sha256
LF9C102P	0x6B988	LF9D012H	0x6DD20	FUN_0006b988	FUN_0006dd20	FUN_0006b988	64	8362ac2a26527979cb2931c1a1f4da1610160e307e739bdcb9fc0ac9f16e80f6	source_unnamed	unique_full_body_sha256
LF9C102P	0x1FDBC4	LF9D012H	0x27DCCC	FUN_001fdbc4	FUN_0027dccc	FUN_001fdbc4	540	838629b596a8669da2f271db90bf423a30e9b6dff6be6190e9ae1261dfc84856	source_unnamed	unique_full_body_sha256
LF9C102P	0x1D54EC	LF9D012H	0x1E12B0	FUN_001d54ec	FUN_001e12b0	FUN_001d54ec	112	83ab9f05c4ec36e735a0badc827e22ccd70d0bd4a0b788a2a54c9269d9a4c9e3	source_unnamed	unique_full_body_sha256
LF9C102P	0xC61A4	LF9D012H	0xCE7D0	FUN_000c61a4	FUN_000ce7d0	FUN_000c61a4	96	83b09614e73182c6995e2f0112f00fbbbcf2989348efc2df356bf04d644ba9e1	source_unnamed	unique_full_body_sha256
LF9C102P	0x12D400	LF9D012H	0x137514	FUN_0012d400	FUN_00137514	FUN_0012d400	36	83c51f210a5999bb389df8ef6a628bae99fee9d7ad7b2cd8a69029fe708de097	source_unnamed	unique_full_body_sha256
LF9C102P	0x1D02A2	LF9D012H	0x1DC066	FUN_001d02a2	FUN_001dc066	FUN_001d02a2	10	83f16ba31825750d7a5ba9999f6bc014c300af6bd9334c0b2f4753cd3a67cc46	source_unnamed	unique_full_body_sha256
LF9C102P	0x1CBE8E	LF9D012H	0x1D7C52	FUN_001cbe8e	FUN_001d7c52	FUN_001cbe8e	14	83f217a325903523ea52e34917c7c3dd1e63116ab91f36f1023306717da2f6c7	source_unnamed	unique_full_body_sha256
LF9C102P	0x9854C	LF9D012H	0xA23A0	sa_seed_generate_from_nonce	sa_seed_generate_from_nonce	sa_seed_generate_from_nonce	92	84289bf39562d4978aba628be269f909d75e0c38c3d07fd091866cbf1b0c9a18	already_named	unique_full_body_sha256
LF9C102P	0x1802BC	LF9D012H	0x18AB6C	FUN_001802bc	FUN_0018ab6c	FUN_001802bc	146	84516615c29e71f9e4fe2382e254f1e986ae1870c22388214b3ba34b53fcd871	source_unnamed	unique_full_body_sha256
LF9C102P	0xB2EA4	LF9D012H	0xBB0AC	FUN_000b2ea4	FUN_000bb0ac	FUN_000b2ea4	120	845176ba073133fd4ab5c63f432c9bbeb5ea049e078f13c9c383ed6a62fefe86	source_unnamed	unique_full_body_sha256
LF9C102P	0x175A10	LF9D012H	0x180198	FUN_00175a10	FUN_00180198	FUN_00175a10	16	8487e3618bfab91b9d765881c7c94661d4afffe3407a805844db4b16de01d140	source_unnamed	unique_full_body_sha256
LF9C102P	0x1DAA7C	LF9D012H	0x1E6850	FUN_001daa7c	FUN_001e6850	FUN_001daa7c	132	84f6341b21a8e5234acf777a4fe11ad4da5ef334aad69281d7ddb1e0c6aaf4c3	source_unnamed	unique_full_body_sha256
LF9C102P	0x6D038	LF9D012H	0x6F3D0	FUN_0006d038	FUN_0006f3d0	FUN_0006d038	18	855502c236d4accae819404482a841b7596c569c3ae0413a7cb7acd4fd05e35a	source_unnamed	unique_full_body_sha256
LF9C102P	0x1A8EE4	LF9D012H	0x1B4AB8	FUN_001a8ee4	FUN_001b4ab8	FUN_001a8ee4	322	855a0d800cf5c86cf8a495b8cbbdecbdb3db60d0abcd9c9f9fd2a0c060fb0ec9	source_unnamed	unique_full_body_sha256
LF9C102P	0xA8782	LF9D012H	0xB094E	FUN_000a8782	FUN_000b094e	FUN_000a8782	330	857a0db05b7f6cdb1c8c278bde0b1d155157e24ccdc7ba3bc7db9323b9b0093e	source_unnamed	unique_full_body_sha256
LF9C102P	0x1D754E	LF9D012H	0x1E3312	FUN_001d754e	FUN_001e3312	FUN_001d754e	82	8580ab19d01b78dcbb566bc3a02377d44f15ff57f0a8ae44cd5a46bd6dbf4779	source_unnamed	unique_full_body_sha256
LF9C102P	0x1CBD48	LF9D012H	0x1D7B0C	FUN_001cbd48	FUN_001d7b0c	FUN_001cbd48	6	85810bd09ed6579ba7a488213cc5e0da91daf1f552498e25d16ffe73c87b97a2	source_unnamed	unique_full_body_sha256
LF9C102P	0x1D084E	LF9D012H	0x1DC612	broadcast_state_machine	broadcast_state_machine	broadcast_state_machine	292	85ab556d49f46913bf75827c2bea39474a724b60bd1895f098bbb964a39945d8	already_named	unique_full_body_sha256
LF9C102P	0x12BC70	LF9D012H	0x135D74	FUN_0012bc70	FUN_00135d74	FUN_0012bc70	114	85b51c1be90acd34aa7f7c01b041bde807c3e353e12abb967a0576bd647c6414	source_unnamed	unique_full_body_sha256
LF9C102P	0x1C6F90	LF9D012H	0x1D2C44	FUN_001c6f90	FUN_001d2c44	FUN_001c6f90	8	85b69af109bbbddabdd342efe82b50c4815d45b00868cc5c957251f4764e801c	source_unnamed	unique_full_body_sha256
LF9C102P	0xA0980	LF9D012H	0xAA8A8	FUN_000a0980	FUN_000aa8a8	FUN_000a0980	78	85c453e030e991731dbaee5b22dbea2bbe5f5a80b064bacec9392d38ca5dd8fd	source_unnamed	unique_full_body_sha256
LF9C102P	0xAB210	LF9D012H	0xB33DC	FUN_000ab210	FUN_000b33dc	FUN_000ab210	106	85d6680b6c16e01d0d6d7a89165ac992a670a8f8556a0f859c9e968b5ccc0659	source_unnamed	unique_full_body_sha256
LF9C102P	0x118034	LF9D012H	0x121F60	FUN_00118034	FUN_00121f60	FUN_00118034	436	85d9fb5e2b35e2509d9284f4fc4f113bd0810b76e38d52867700931bf99f5f1e	source_unnamed	unique_full_body_sha256
LF9C102P	0x127864	LF9D012H	0x131840	FUN_00127864	FUN_00131840	FUN_00127864	8	85e6eb65d4572492335aa3fc7c55cd0424144ed6ae654bb5755b3de926dc67ed	source_unnamed	unique_full_body_sha256
LF9C102P	0x1E36E8	LF9D012H	0x1F0678	FUN_001e36e8	FUN_001f0678	FUN_001e36e8	60	860e7b5d5ef93849b461cfc254bc31679bb8d3dcd7d15484c748647d47bf1f8d	source_unnamed	unique_full_body_sha256
LF9C102P	0x1BFFCC	LF9D012H	0x1CBC5C	FUN_001bffcc	FUN_001cbc5c	FUN_001bffcc	90	8615ea9706cb295746331798bbca4d8326f8039535ec8cecd7c077629bbed5e2	source_unnamed	unique_full_body_sha256
LF9C102P	0x7584A	LF9D012H	0x7820A	FUN_0007584a	FUN_0007820a	FUN_0007584a	168	86805252f41882dac1c96f9c2655eabd9ea92f9d39667dcfc6c98649ae63963d	source_unnamed	unique_full_body_sha256
LF9C102P	0x1D5E64	LF9D012H	0x1E1C28	FUN_001d5e64	FUN_001e1c28	FUN_001d5e64	10	8687d76ab7695e160c044c61c76a8cbf7c343bc224af2be508f0d41980ffa3b4	source_unnamed	unique_full_body_sha256
LF9C102P	0x754E6	LF9D012H	0x77EA6	FUN_000754e6	FUN_00077ea6	FUN_000754e6	60	869faa8c26579b8ba1f2d168ff1cbc155065c53e7a0f5a272b472466b80263ff	source_unnamed	unique_full_body_sha256
LF9C102P	0x198E00	LF9D012H	0x1A39C8	FUN_00198e00	FUN_001a39c8	FUN_00198e00	82	86afd3bf38a72e74f9a4334dcce6c049d4b46894dd52ad2c218c9fb75b71bfb7	source_unnamed	unique_full_body_sha256
LF9C102P	0x1CFD30	LF9D012H	0x1DBAF4	FUN_001cfd30	FUN_001dbaf4	FUN_001cfd30	52	86b8e7181b0242d734af3319fe29496d433b91d35d42c497c46f6ab967305c25	source_unnamed	unique_full_body_sha256
LF9C102P	0x1CBD84	LF9D012H	0x1D7B48	FUN_001cbd84	FUN_001d7b48	FUN_001cbd84	10	86d1393101ba2bc02fad2b138bff15b52cc81ccfe2af00916b252d0e7fc6c70e	source_unnamed	unique_full_body_sha256
LF9C102P	0xFF194	LF9D012H	0x1091C0	FUN_000ff194	FUN_001091c0	FUN_000ff194	152	86ec0679c785473855d8b67605d218a1ab98f0c9d5371ac57170a6d99312b0bc	source_unnamed	unique_full_body_sha256
LF9C102P	0x7678	LF9D012H	0x775C	FUN_00007678	FUN_0000775c	FUN_00007678	58	86fd22eea6e66b464595aeacf9e26ab80fadfcaa5ae683cd88181bf16bfb39ea	source_unnamed	unique_full_body_sha256
LF9C102P	0x8610C	LF9D012H	0x88E7C	FUN_0008610c	FUN_00088e7c	FUN_0008610c	92	8739decccba9b32b3361575068ed0050d4df39a8cdc1e54fe8bccb4808163392	source_unnamed	unique_full_body_sha256
LF9C102P	0x1A121C	LF9D012H	0x1AC80C	FUN_001a121c	FUN_001ac80c	FUN_001a121c	104	8755beb40ce92216b994ab14d9af8e60b41327af578909dea97cf59b79f3476f	source_unnamed	unique_full_body_sha256
LF9C102P	0x6AD84	LF9D012H	0x6D11C	FUN_0006ad84	FUN_0006d11c	FUN_0006ad84	48	87b656d70b9b506de7fac78eedc35f8a912347994c6544eb714c2db0e493ddab	source_unnamed	unique_full_body_sha256
LF9C102P	0x197FC0	LF9D012H	0x1A2B80	FUN_00197fc0	FUN_001a2b80	FUN_00197fc0	112	87c1e647b261e170c6a60521dd3cba274e9ab7c14f7274a71ca9f8446c5f7149	source_unnamed	unique_full_body_sha256
LF9C102P	0xDB238	LF9D012H	0xE3B20	FUN_000db238	FUN_000e3b20	FUN_000db238	60	87f65dbcb4b7844815a359418da42916311314bd089726a97625288200afc92f	source_unnamed	unique_full_body_sha256
LF9C102P	0x1E0C48	LF9D012H	0x1ECD78	FUN_001e0c48	FUN_001ecd78	FUN_001e0c48	554	87f739def1f881f01dae86bbbdf27470191796d2b9b8c903d6e15134e474ffdd	source_unnamed	unique_full_body_sha256
LF9C102P	0x1CFB38	LF9D012H	0x1DB8FC	FUN_001cfb38	FUN_001db8fc	FUN_001cfb38	44	87ff71635de75b088d33d5f2538e401883b5f60ceebdabd88e6e3a43e2c83325	source_unnamed	unique_full_body_sha256
LF9C102P	0xA99B6	LF9D012H	0xB1B82	FUN_000a99b6	FUN_000b1b82	FUN_000a99b6	100	8805e111e3ceaa4a2d0028c251733b2a17bee12308debe1cf19dd97dabdbc91b	source_unnamed	unique_full_body_sha256
LF9C102P	0xB6EBC	LF9D012H	0xBF040	FUN_000b6ebc	FUN_000bf040	FUN_000b6ebc	206	880f0f75494e5303feea1c346175c177ad493f530d068ac12adbece443da4efb	source_unnamed	unique_full_body_sha256
LF9C102P	0x1278E0	LF9D012H	0x1318BC	FUN_001278e0	FUN_001318bc	FUN_001278e0	26	8814fc7c281dd73abfd6c89340ea79447b0a278306f108baef53fa3887844314	source_unnamed	unique_full_body_sha256
LF9C102P	0x1D2840	LF9D012H	0x1DE604	FUN_001d2840	FUN_001de604	FUN_001d2840	8	882ff5b44963fa4350ceacae3b5ae1440423b7575d2223232b3a5ec6a2cb08a4	source_unnamed	unique_full_body_sha256
LF9C102P	0x17F24C	LF9D012H	0x189AFC	FUN_0017f24c	FUN_00189afc	FUN_0017f24c	22	8837ba7f818f3a1a64c6b4129ae758a70d8731fd0e5473d62524ec82e3927275	source_unnamed	unique_full_body_sha256
LF9C102P	0x12F958	LF9D012H	0x139A6C	FUN_0012f958	FUN_00139a6c	FUN_0012f958	88	883c808b406ca119db99807f77101d5012ca27adf12551f7d5b33ed8993141f4	source_unnamed	unique_full_body_sha256
LF9C102P	0x102AAC	LF9D012H	0x10CAD8	FUN_00102aac	FUN_0010cad8	FUN_00102aac	22	8840e8256129031a7b2f97d473c61c4e1d885ce04a5d198702fd42ef03907709	source_unnamed	unique_full_body_sha256
LF9C102P	0x6FFC4	LF9D012H	0x7235C	FUN_0006ffc4	FUN_0007235c	FUN_0006ffc4	10	8845a3c57881c814cff85493e25d10d11d37a4900cb3b6848e96821c0792136c	source_unnamed	unique_full_body_sha256
LF9C102P	0x1AD230	LF9D012H	0x1B8E04	interp_2d_ax_u16_u16_desc_data_u	interp_2d_ax_u16_u16_desc_data_u	interp_2d_ax_u16_u16_desc_data_u	268	88490aa7f76388aa96676a08e6808ef6a9fa8d2c8c43d33e5da7760e4c00d50c	already_named	unique_full_body_sha256
LF9C102P	0x1D034C	LF9D012H	0x1DC110	FUN_001d034c	FUN_001dc110	FUN_001d034c	10	885a85f12b22cf19701a8c36745f43420150aaf01f976c78cab0373d8844bdd5	source_unnamed	unique_full_body_sha256
LF9C102P	0x6FE16	LF9D012H	0x721AE	FUN_0006fe16	FUN_000721ae	FUN_0006fe16	52	8882e87b631ee977731a229ab551736bcf65d5f2f20436072eb59f9768e2d3e7	source_unnamed	unique_full_body_sha256
LF9C102P	0x6A74	LF9D012H	0x6A74	FUN_00006a74	FUN_00006a74	FUN_00006a74	118	8883b1c8b9d2b3add9e38c1465f889d6421650719df201d72b47e606f5dcfa71	source_unnamed	unique_full_body_sha256
LF9C102P	0x1D4A88	LF9D012H	0x1E084C	FUN_001d4a88	FUN_001e084c	FUN_001d4a88	42	8894afa3b28215dceebeac1fc9a9bc865f75b9603b8e36c861797d2c66e3f687	source_unnamed	unique_full_body_sha256
LF9C102P	0x1D4C3A	LF9D012H	0x1E09FE	FUN_001d4c3a	FUN_001e09fe	FUN_001d4c3a	88	88bbcb97ac1ba08df2ded3315e8cac27bda22b67b6c529f123aa0ada790ac3e2	source_unnamed	unique_full_body_sha256
LF9C102P	0x12F5F8	LF9D012H	0x13970C	FUN_0012f5f8	FUN_0013970c	FUN_0012f5f8	32	89068fff54f54fb182ebd94ebac3acceddbf7f246997774991e076a9cc309725	source_unnamed	unique_full_body_sha256
LF9C102P	0x859C6	LF9D012H	0x88736	FUN_000859c6	FUN_00088736	FUN_000859c6	24	89189ce9b391625712175771417da9f0a2c6f89b02744a02a87bd7cb81c915b8	source_unnamed	unique_full_body_sha256
LF9C102P	0x93E82	LF9D012H	0x9DCD6	FUN_00093e82	FUN_0009dcd6	FUN_00093e82	32	895cfb7735c4bf9b447ab8d4f04b43f8a1b2110879323ab8deb447101d58312a	source_unnamed	unique_full_body_sha256
LF9C102P	0x1CFFBE	LF9D012H	0x1DBD82	FUN_001cffbe	FUN_001dbd82	FUN_001cffbe	60	895e71b6c1fafc16abb7249c80166b117246acb755c96ada02eb26f13f84d126	source_unnamed	unique_full_body_sha256
LF9C102P	0x1E7F20	LF9D012H	0x1F4FEC	FUN_001e7f20	FUN_001f4fec	FUN_001e7f20	112	897a109d320dcd16506bdab6f603acd6324dbb7b549df9344d64ae0bd38adbdd	source_unnamed	unique_full_body_sha256
LF9C102P	0x178788	LF9D012H	0x182FC8	FUN_00178788	FUN_00182fc8	FUN_00178788	70	8985c4bb390ce882040714d91c0042b815f6dc6b1c96afe82da5c6f4d835a3a8	source_unnamed	unique_full_body_sha256
LF9C102P	0xFACE8	LF9D012H	0x104D14	FUN_000face8	FUN_00104d14	FUN_000face8	148	8a146a13726257b66d189eb599e0a54ecd6a9957e7b32c24bbd2efb9f2ac2346	source_unnamed	unique_full_body_sha256
LF9C102P	0x1CBE6C	LF9D012H	0x1D7C30	FUN_001cbe6c	FUN_001d7c30	FUN_001cbe6c	14	8a6e119fd3ad8db1d3201ecd408507c6837ffb04e15c24155ecf2aed1a85beae	source_unnamed	unique_full_body_sha256
LF9C102P	0x866C6	LF9D012H	0x89436	FUN_000866c6	FUN_00089436	FUN_000866c6	50	8a9205f920dc29318f761bd5353194216c2201443604c2c385bec67cfb5fe2c0	source_unnamed	unique_full_body_sha256
LF9C102P	0x1D5D2E	LF9D012H	0x1E1AF2	FUN_001d5d2e	FUN_001e1af2	FUN_001d5d2e	12	8ab74f9294177494f114bf29f6aef2515850bd6729f283307957d7cf883f1066	source_unnamed	unique_full_body_sha256
LF9C102P	0x1D73FE	LF9D012H	0x1E31C2	FUN_001d73fe	FUN_001e31c2	FUN_001d73fe	14	8ab8055e04fc7b5358dc913d49207060cf3d32c941f724e6024be2763f3367ce	source_unnamed	unique_full_body_sha256
LF9C102P	0xAED0E	LF9D012H	0xB6F16	FUN_000aed0e	FUN_000b6f16	FUN_000aed0e	88	8abc41022d723f3dd99e1fe83cbae54b2c43a1dee3fc58929f86b77e167419c9	source_unnamed	unique_full_body_sha256
LF9C102P	0x63E4	LF9D012H	0x63E4	FUN_000063e4	FUN_000063e4	FUN_000063e4	28	8acc42d595df52a93b6faed15d4bfc922af15a4239d1ee90e548a9bf056cd320	source_unnamed	unique_full_body_sha256
LF9C102P	0x6CBEE	LF9D012H	0x6EF86	FUN_0006cbee	FUN_0006ef86	FUN_0006cbee	20	8af42e9d5a5e71d1424b61eb71984c48f7b392eca4b61280964735b025de7986	source_unnamed	unique_full_body_sha256
LF9C102P	0x1957C0	LF9D012H	0x1A0380	FUN_001957c0	FUN_001a0380	FUN_001957c0	78	8afa495d63855203db8d23435d1be77bd5648656f6e86a5aa939eac5f7538157	source_unnamed	unique_full_body_sha256
LF9C102P	0x1AA96C	LF9D012H	0x1B6540	FUN_001aa96c	FUN_001b6540	FUN_001aa96c	362	8b593ac434e48143f4f5339d9e701b79198e551b11572d6a1151b034e8fa498c	source_unnamed	unique_full_body_sha256
LF9C102P	0x12D450	LF9D012H	0x137564	FUN_0012d450	FUN_00137564	FUN_0012d450	102	8b773c7f2cd39b2fcebad2b8657ab9a3042a0657c134f30420cafe4f9834c41b	source_unnamed	unique_full_body_sha256
LF9C102P	0x87C66	LF9D012H	0x8A9D6	FUN_00087c66	FUN_0008a9d6	FUN_00087c66	106	8b82be6d5d860b21362d8ba11fb8f8f1ff65ce1d422c97cc327d906145a8b2a4	source_unnamed	unique_full_body_sha256
LF9C102P	0x1D28C0	LF9D012H	0x1DE684	FUN_001d28c0	FUN_001de684	FUN_001d28c0	6	8ba78ee6a678203aa606aba7492ef1d674eb26d01d266e6a42d9db4e4f2cb24d	source_unnamed	unique_full_body_sha256
LF9C102P	0x7E41C	LF9D012H	0x80F7C	FUN_0007e41c	FUN_00080f7c	FUN_0007e41c	420	8baee7255c489591b05b159be45f2285d83241a8391c6fca5b4ac8f23142945f	source_unnamed	unique_full_body_sha256
LF9C102P	0x1CEEB2	LF9D012H	0x1DAC76	FUN_001ceeb2	FUN_001dac76	FUN_001ceeb2	44	8bc5ba0a81c3fa6af099b04e41e5261e17dcb6cdee525de72ca13dc70458978c	source_unnamed	unique_full_body_sha256
LF9C102P	0x1E6478	LF9D012H	0x1F3408	udiv_normalize_dispatch	udiv_normalize_dispatch	udiv_normalize_dispatch	188	8bcf3cf0cc19a1ee1d88e3e4e6acc9bb2c2cec7ed34fe841c774038069b1a789	already_named	unique_full_body_sha256
LF9C102P	0x1D28E2	LF9D012H	0x1DE6A6	FUN_001d28e2	FUN_001de6a6	FUN_001d28e2	6	8bdcc69b54d1a79b74b37c91c369a14b267108aca893a71c7ef915e8593fdd9a	source_unnamed	unique_full_body_sha256
LF9C102P	0x86632	LF9D012H	0x893A2	FUN_00086632	FUN_000893a2	FUN_00086632	50	8bddac22f06f44489c92146046a40f772d515b81746661f31bb59fec6edef7d9	source_unnamed	unique_full_body_sha256
LF9C102P	0x6C50	LF9D012H	0x6C50	FUN_00006c50	FUN_00006c50	FUN_00006c50	136	8bfc643cc5dfb11b590aa2562a4663ff5897d4eef7d759d7cf3b18c8b6c8f7aa	source_unnamed	unique_full_body_sha256
LF9C102P	0x1C1150	LF9D012H	0x1CCDE0	FUN_001c1150	FUN_001ccde0	FUN_001c1150	10	8c06c54edac63724952d4fa65c4161f0a6e869c1f11d13f5fe24e9bb9d3c0751	source_unnamed	unique_full_body_sha256
LF9C102P	0x105404	LF9D012H	0x10F444	FUN_00105404	FUN_0010f444	FUN_00105404	94	8c0ed0d2df8953aa4e101f41599f5dd2f26d3aa8c55de9c764d535c6484612a7	source_unnamed	unique_full_body_sha256
LF9C102P	0x1D3B24	LF9D012H	0x1DF8E8	FUN_001d3b24	FUN_001df8e8	FUN_001d3b24	22	8c372f60ef224b49b1a3e740da997bf2228c8cf00a1c93f60647c54fba81fd76	source_unnamed	unique_full_body_sha256
LF9C102P	0x1D289E	LF9D012H	0x1DE662	FUN_001d289e	FUN_001de662	FUN_001d289e	10	8c568e2bdbc1d3bbd795fa2661d6ebfa7efb36d802b7a60913691c486d36bf2c	source_unnamed	unique_full_body_sha256
LF9C102P	0xA0E26	LF9D012H	0xAAD4E	FUN_000a0e26	FUN_000aad4e	FUN_000a0e26	36	8c67aa6d18e0ce9f5b6e6a16970046263b0215423a2019ad0e741c70268573b2	source_unnamed	unique_full_body_sha256
LF9C102P	0x11EB5C	LF9D012H	0x128AD0	FUN_0011eb5c	FUN_00128ad0	FUN_0011eb5c	40	8c8a0dd0288b9b675c98f2a7de304f6732bf078e714c41a3db2d2b50ddcaa925	source_unnamed	unique_full_body_sha256
LF9C102P	0x17F758	LF9D012H	0x18A008	FUN_0017f758	FUN_0018a008	FUN_0017f758	60	8ca3dd04b358735d1b5c10e2c06f468ddc4c9519d29d118b3b7bdcc24f07dc39	source_unnamed	unique_full_body_sha256
LF9C102P	0x12CAA8	LF9D012H	0x136BBC	FUN_0012caa8	FUN_00136bbc	FUN_0012caa8	38	8cb3532ae8babc7392a4db0540c5a500c2f7c1f2fe0d51baa4077d30026206d5	source_unnamed	unique_full_body_sha256
LF9C102P	0x12F02C	LF9D012H	0x139140	FUN_0012f02c	FUN_00139140	FUN_0012f02c	30	8cc500e318baa55bdaf62d8017e698c37beebe966626b218602b7c929d6a8ccd	source_unnamed	unique_full_body_sha256
LF9C102P	0x83EE8	LF9D012H	0x86C4C	FUN_00083ee8	FUN_00086c4c	FUN_00083ee8	164	8cf37eb67a4dc01fa3c2411c3a001d42c31cc5ae9a3164457da9e6e8764214d7	source_unnamed	unique_full_body_sha256
LF9C102P	0x6C018	LF9D012H	0x6E3B0	FUN_0006c018	FUN_0006e3b0	FUN_0006c018	150	8cf74f74f9ad416f8b8ecfeafa1f3eed12fe13fbbba5d0d87ad85b3f99a8f8c6	source_unnamed	unique_full_body_sha256
LF9C102P	0x1248B4	LF9D012H	0x12E868	FUN_001248b4	FUN_0012e868	FUN_001248b4	94	8cffb17b79ce1c4717d1494d0c799a3b5281b3e3a756f36f180cbaa34bffa163	source_unnamed	unique_full_body_sha256
LF9C102P	0x191270	LF9D012H	0x19BB5C	FUN_00191270	FUN_0019bb5c	FUN_00191270	64	8d220c761db833d898fd5476049d8d9bd314bc7f21b68f21d7c45b127e18bfac	source_unnamed	unique_full_body_sha256
LF9C102P	0xC1ACC	LF9D012H	0xC9F10	FUN_000c1acc	FUN_000c9f10	FUN_000c1acc	334	8d26bfa8a115a66c18aaa433dc098220210912fefeb650144dcfe4a7421c11cf	source_unnamed	unique_full_body_sha256
LF9C102P	0xAC710	LF9D012H	0xB48E4	FUN_000ac710	FUN_000b48e4	FUN_000ac710	232	8d28cb9acc4292168e369e9a6fc8844fe1eba06175c8c8beb6fb6a39c80bff2c	source_unnamed	unique_full_body_sha256
LF9C102P	0x1A8550	LF9D012H	0x1B4124	interp_1d_desc_axis_s16_data_u16	interp_1d_desc_axis_s16_data_u16	interp_1d_desc_axis_s16_data_u16	124	8d558ea8a5ad21bea6946df7270e5d44910a099a103d327f3dabb81b07692a17	already_named	unique_full_body_sha256
LF9C102P	0xA4AC4	LF9D012H	0xACC90	FUN_000a4ac4	FUN_000acc90	FUN_000a4ac4	578	8d5bedda2cd455a9ed8c3e5bc02f4f5c2340e0bb10c280d7f1e65b880f48540b	source_unnamed	unique_full_body_sha256
LF9C102P	0x7F578	LF9D012H	0x820D8	FUN_0007f578	FUN_000820d8	FUN_0007f578	192	8d835890f6c133fac59a96ccddfa2cb120a4adafac9344b80de6dd50b846a088	source_unnamed	unique_full_body_sha256
LF9C102P	0x149490	LF9D012H	0x153C24	FUN_00149490	FUN_00153c24	FUN_00149490	52	8d883e20d921dd9361ff07431b5fb216cc1acb51c89ffc86b4f7333eeb7df35c	source_unnamed	unique_full_body_sha256
LF9C102P	0x6CDC	LF9D012H	0x6CDC	FUN_00006cdc	FUN_00006cdc	FUN_00006cdc	90	8dad6a403ad685897010a59ec8a06229058aff53d6b8befba6f38aef05a377a2	source_unnamed	unique_full_body_sha256
LF9C102P	0x1D3E74	LF9D012H	0x1DFC38	FUN_001d3e74	FUN_001dfc38	FUN_001d3e74	22	8dbbdeaeb5cff38ea01fbf0fcccb55fc3b16bd440d50b95ba5d2f0e4221957b6	source_unnamed	unique_full_body_sha256
LF9C102P	0x1A9B70	LF9D012H	0x1B5744	FUN_001a9b70	FUN_001b5744	FUN_001a9b70	262	8dd35f7300d2759a14f9f5bc3ccd2c9804453936a5d4331b8d6973c79e2ad223	source_unnamed	unique_full_body_sha256
LF9C102P	0x83CD0	LF9D012H	0x86A34	FUN_00083cd0	FUN_00086a34	FUN_00083cd0	54	8dd9d6777593b7f906fbb63c1db996f8a02dcb548fc17e98311e6c6905f24f78	source_unnamed	unique_full_body_sha256
LF9C102P	0x175800	LF9D012H	0x17FF88	FUN_00175800	FUN_0017ff88	FUN_00175800	48	8de27329a889b8854c6d60f95729e0af8c2c89a0ed1f82ec8e9b6f412297960b	source_unnamed	unique_full_body_sha256
LF9C102P	0x6ADE4	LF9D012H	0x6D17C	FUN_0006ade4	FUN_0006d17c	FUN_0006ade4	48	8e063ef2b7eb617501eed02d6db58e28d4281bdcc3100a65bcb89d48d9fc5e41	source_unnamed	unique_full_body_sha256
LF9C102P	0x186CA0	LF9D012H	0x191550	FUN_00186ca0	FUN_00191550	FUN_00186ca0	56	8e08d5bb972e824a31a5c856f1b2e05023e1f315fee396400148e117e37cdecc	source_unnamed	unique_full_body_sha256
LF9C102P	0x14B8E4	LF9D012H	0x156078	FUN_0014b8e4	FUN_00156078	FUN_0014b8e4	48	8e16a48cad173094b4704049ebe70c4a32454d9e14e2a4ca4cb483ffb0acb82f	source_unnamed	unique_full_body_sha256
LF9C102P	0x1CB3B0	LF9D012H	0x1D7174	FUN_001cb3b0	FUN_001d7174	FUN_001cb3b0	114	8e1e58dfa1f14e9008c50bb2e64cc31bcd6ded26c107a988681fcb9a65be0b81	source_unnamed	unique_full_body_sha256
LF9C102P	0x17FDA4	LF9D012H	0x18A654	FUN_0017fda4	FUN_0018a654	FUN_0017fda4	200	8e2987d57bab02fde00c18b969eb9691502c9c8416643093c4978a305513aff5	source_unnamed	unique_full_body_sha256
LF9C102P	0x1A4248	LF9D012H	0x1AF8C4	FUN_001a4248	FUN_001af8c4	FUN_001a4248	116	8e3814465de474ce604e44a72b42b96a254d8eef05ac5c37eb2354e3c6e1da4d	source_unnamed	unique_full_body_sha256
LF9C102P	0x99610	LF9D012H	0xA3464	sa_block_split_halves	sa_block_split_halves	sa_block_split_halves	84	8e74c76520733e72c57b69741edf750bef31780b138821d9a98e62f0834d5db7	already_named	unique_full_body_sha256
LF9C102P	0x9E230	LF9D012H	0xA813C	FUN_0009e230	FUN_000a813c	FUN_0009e230	72	8e7a135adaf498b53299c83e734ac1d78e1d9014dcd047d0805ec0d86af5f400	source_unnamed	unique_full_body_sha256
LF9C102P	0x1015F8	LF9D012H	0x10B624	FUN_001015f8	FUN_0010b624	FUN_001015f8	270	8e83482d13a5435e72f5bc9a62e6f78e1953cf2b08d5ba7ccfdf9927cf9a62cc	source_unnamed	unique_full_body_sha256
LF9C102P	0xA74BC	LF9D012H	0xAF688	FUN_000a74bc	FUN_000af688	FUN_000a74bc	160	8e8d019eed1913d614fb7da6f94285fa25bb114d7f29a7ec8e3e37ce4e2658a2	source_unnamed	unique_full_body_sha256
LF9C102P	0x1966D8	LF9D012H	0x1A1298	FUN_001966d8	FUN_001a1298	FUN_001966d8	3172	8e9bb5c364488d32aae6b7404ebcfc7ff02b4a69fd562977e6326744472ce5fd	source_unnamed	unique_full_body_sha256
LF9C102P	0xA7156	LF9D012H	0xAF322	FUN_000a7156	FUN_000af322	FUN_000a7156	26	8e9e14e2c83d7de62f8df2fa1390aac6be05cbac7c0f037765ff1f7b63721368	source_unnamed	unique_full_body_sha256
LF9C102P	0x1D0364	LF9D012H	0x1DC128	FUN_001d0364	FUN_001dc128	FUN_001d0364	6	8ec34406ed315caf6bd2778c5e620c83200753710bd225b99198c4547db1e69a	source_unnamed	unique_full_body_sha256
LF9C102P	0x189C78	LF9D012H	0x194528	FUN_00189c78	FUN_00194528	FUN_00189c78	148	8ed0a865620ceea530a274414ee638b5c1f30039d1c7361983fbc7a004bdd0c8	source_unnamed	unique_full_body_sha256
LF9C102P	0x13E190	LF9D012H	0x1482E4	FUN_0013e190	FUN_001482e4	FUN_0013e190	18	8eeca252693a5f8cfe018a431af142c433443e0e527c65ee8b3571d56a3130ef	source_unnamed	unique_full_body_sha256
LF9C102P	0x1498D4	LF9D012H	0x154068	FUN_001498d4	FUN_00154068	FUN_001498d4	70	8eff81a0e62c6622314d5b46536e26b28c869e968cfe5ad79afeb258e2d81cad	source_unnamed	unique_full_body_sha256
LF9C102P	0x1FCD54	LF9D012H	0x27CE5C	FUN_001fcd54	FUN_0027ce5c	FUN_001fcd54	128	8f3888b231d61acf17afda61eaa81bd7f7342cc877f27e1984e4f1bcb38c7ae2	source_unnamed	unique_full_body_sha256
LF9C102P	0x1E7168	LF9D012H	0x1F4234	FUN_001e7168	FUN_001f4234	FUN_001e7168	150	8f57b1ef886ac5f9455e69e6578529e3c6fe3417975e5956117192916b4601f9	source_unnamed	unique_full_body_sha256
LF9C102P	0x7091C	LF9D012H	0x72CB4	FUN_0007091c	FUN_00072cb4	FUN_0007091c	8	8f59e9ab40b39eaeaf9c9d8ddc8872df5ad9cf21ef600c50c7d6a6c148496e7a	source_unnamed	unique_full_body_sha256
LF9C102P	0x1E7A64	LF9D012H	0x1F4B30	FUN_001e7a64	FUN_001f4b30	FUN_001e7a64	28	8f6349b85a23abd1299b368437dc78288095ae3cb6b0065fb24e7e402676c3af	source_unnamed	unique_full_body_sha256
LF9C102P	0x14A460	LF9D012H	0x154BF4	FUN_0014a460	FUN_00154bf4	FUN_0014a460	56	8f650aee89a0ccd318983894c2b1b325e332de13f97236c1562a086fe7761e56	source_unnamed	unique_full_body_sha256
LF9C102P	0xA9980	LF9D012H	0xB1B4C	FUN_000a9980	FUN_000b1b4c	FUN_000a9980	54	8f91b453a6fd638a1433f87623e067809b1e1b115099a0aa3bf8d1790cb4ac8d	source_unnamed	unique_full_body_sha256
LF9C102P	0x14C1F8	LF9D012H	0x15698C	FUN_0014c1f8	FUN_0015698c	FUN_0014c1f8	44	8fa8435b93bb2bf9692d3b14ca375b8479c90af8415a63931273d780b1182bac	source_unnamed	unique_full_body_sha256
LF9C102P	0x1275C0	LF9D012H	0x13159C	FUN_001275c0	FUN_0013159c	FUN_001275c0	14	8fb6d6f68bf27ac8c6d9c598bc047beea3c08b29aa72a3f88a10f8d7ba7584a6	source_unnamed	unique_full_body_sha256
LF9C102P	0x123D4C	LF9D012H	0x12DCC0	FUN_00123d4c	FUN_0012dcc0	FUN_00123d4c	32	8fd092cc52716ce32df73a3178e333a4ad371b4d9972e30f7f223b379fe7b85a	source_unnamed	unique_full_body_sha256
LF9C102P	0x1D3B44	LF9D012H	0x1DF908	FUN_001d3b44	FUN_001df908	FUN_001d3b44	22	8fe0235cff19cbbd517f56bb79b6f3310e8ae8e815c63ce2b9d2b14a812b4adb	source_unnamed	unique_full_body_sha256
LF9C102P	0x1D3984	LF9D012H	0x1DF748	FUN_001d3984	FUN_001df748	FUN_001d3984	118	9022a6efdd89f392ee1597ed6116190313fc1d0fc4b742c982df7d51750c5b3c	source_unnamed	unique_full_body_sha256
LF9C102P	0x1AAAD8	LF9D012H	0x1B66AC	FUN_001aaad8	FUN_001b66ac	FUN_001aaad8	332	902f50b43a51c75402a0cda39409985cce320673251b1736e5b8ab14cda8b295	source_unnamed	unique_full_body_sha256
LF9C102P	0x190910	LF9D012H	0x19B1FC	FUN_00190910	FUN_0019b1fc	FUN_00190910	64	903600c4dcbfada90f3cd86d7cac6f7fa9298b7248bdfbceb55cdbbdc5a6f397	source_unnamed	unique_full_body_sha256
LF9C102P	0x7FEEC	LF9D012H	0x82A4C	FUN_0007feec	FUN_00082a4c	FUN_0007feec	276	9074fa3d4a93987a03f0552175834d010f6cb6ed4c8f651895a732d0d80c30cb	source_unnamed	unique_full_body_sha256
LF9C102P	0x1277B0	LF9D012H	0x13178C	FUN_001277b0	FUN_0013178c	FUN_001277b0	52	9077fe97ce4c27eeb2e3575dfe50758bc01d421bc4dfc1b4bd28eada5a381fde	source_unnamed	unique_full_body_sha256
LF9C102P	0xE07BC	LF9D012H	0xE90A4	FUN_000e07bc	FUN_000e90a4	FUN_000e07bc	68	90a6695502f899f292d189aeb77e9dda139e815a74529839cc5c45b7e3e00d3b	source_unnamed	unique_full_body_sha256
LF9C102P	0x149784	LF9D012H	0x153F18	FUN_00149784	FUN_00153f18	FUN_00149784	154	90acddc6bcbd146ca8bdc5292d321bd06e52e653b064a03aef2acea670ce3fbe	source_unnamed	unique_full_body_sha256
LF9C102P	0x129798	LF9D012H	0x1337B8	FUN_00129798	FUN_001337b8	FUN_00129798	74	90cdb9f7139437e1fbfb381455db34979db05a2fe7a83345ee06c11ac36c4858	source_unnamed	unique_full_body_sha256
LF9C102P	0x19427C	LF9D012H	0x19EC4C	FUN_0019427c	FUN_0019ec4c	FUN_0019427c	96	90fccc9bf56331a80e9070d6086e824a30185b9cbebda6c92bf8fbb93ddb8ba2	source_unnamed	unique_full_body_sha256
LF9C102P	0x93D4E	LF9D012H	0x9DBA2	FUN_00093d4e	FUN_0009dba2	FUN_00093d4e	104	915c6ee8a35b40d1dcc0c7bd98eb086ea56733c2ca2bccedb08721c2c4277391	source_unnamed	unique_full_body_sha256
LF9C102P	0x6DC9A	LF9D012H	0x70032	latch_byte_to_word_hi	latch_byte_to_word_hi	latch_byte_to_word_hi	32	91a39d88b9bb28374d4b42584e4c4a6cdbd35b0256c20bd0a5cd6c3c72c25d65	already_named	unique_full_body_sha256
LF9C102P	0x93CBC	LF9D012H	0x9DB10	FUN_00093cbc	FUN_0009db10	FUN_00093cbc	146	91d30a7ee62a1efd19242184ade3cb21fc6b87107cfd10f4c02fb8e5d99110c8	source_unnamed	unique_full_body_sha256
LF9C102P	0x1A4DDC	LF9D012H	0x1B0458	FUN_001a4ddc	FUN_001b0458	FUN_001a4ddc	72	91eaad59ef0186af3c2676314ac8e9cb3ce402d1063e45e4793675033a90990c	source_unnamed	unique_full_body_sha256
LF9C102P	0x83D7E	LF9D012H	0x86AE2	FUN_00083d7e	FUN_00086ae2	FUN_00083d7e	10	920314ff20aa3d3e92867e15748ed00b30f684c4763dc656833301f7c0eed4e1	source_unnamed	unique_full_body_sha256
LF9C102P	0x1E6DAC	LF9D012H	0x1F3E78	sdiv64_wrapper	sdiv64_wrapper	sdiv64_wrapper	96	9215a35cb5825601f4bf5ef268bbb3a73211e7b25056bf260e0ef887bd802196	already_named	unique_full_body_sha256
LF9C102P	0xB29EC	LF9D012H	0xBABF4	FUN_000b29ec	FUN_000babf4	FUN_000b29ec	50	922589ad2418769d7ef1527f236a0997d71689c6d416747014d1c1a70535072f	source_unnamed	unique_full_body_sha256
LF9C102P	0x1CEFF8	LF9D012H	0x1DADBC	FUN_001ceff8	FUN_001dadbc	FUN_001ceff8	44	92479282058cdd513bd5a4efef5965d1716866b71e3605c7a52d8775577404fc	source_unnamed	unique_full_body_sha256
LF9C102P	0x12ED2C	LF9D012H	0x138E40	FUN_0012ed2c	FUN_00138e40	FUN_0012ed2c	32	925cd3db4fddfce7b408d360c905dbbccccdbc94f98d16de4c1d7d2329a4605a	source_unnamed	unique_full_body_sha256
LF9C102P	0x1755AC	LF9D012H	0x17FD34	FUN_001755ac	FUN_0017fd34	FUN_001755ac	48	92783f93e5b0bb873e0c3ad5b35369f08c2a66d9d12eddba191c5e6ea72af5a7	source_unnamed	unique_full_body_sha256
LF9C102P	0xC8F70	LF9D012H	0xD1608	FUN_000c8f70	FUN_000d1608	FUN_000c8f70	46	9299f334e135a08f5186a632094f0550130e870ed1ee9e066d07912886b3abca	source_unnamed	unique_full_body_sha256
LF9C102P	0x9A3A0	LF9D012H	0xA41F4	FUN_0009a3a0	FUN_000a41f4	FUN_0009a3a0	118	92d489faadd9597cc880718de283f8d90e11ba3cb2a59f1996acd357c9f0372b	source_unnamed	unique_full_body_sha256
LF9C102P	0x1BFE28	LF9D012H	0x1CBAB8	FUN_001bfe28	FUN_001cbab8	FUN_001bfe28	90	92d8bb73599d3d24810c5802defc1cd733c6e52cf190762eae1f9f74b654b713	source_unnamed	unique_full_body_sha256
LF9C102P	0x6F7C0	LF9D012H	0x71B58	FUN_0006f7c0	FUN_00071b58	FUN_0006f7c0	160	92e86dd8a31d0d44771a39fb58a1a64dc13df53c25619af7c6ae3882235be150	source_unnamed	unique_full_body_sha256
LF9C102P	0x1E7218	LF9D012H	0x1F42E4	FUN_001e7218	FUN_001f42e4	FUN_001e7218	440	92ef52620c6cfc6b3e665075802d8ef59febc618f8dcfce26cfb70ae65646b50	source_unnamed	unique_full_body_sha256
LF9C102P	0x83D06	LF9D012H	0x86A6A	FUN_00083d06	FUN_00086a6a	FUN_00083d06	10	934022b99964e0418e009a087a430a648a0ad03b2be4b96d610577ef952d2e8b	source_unnamed	unique_full_body_sha256
LF9C102P	0x7E898	LF9D012H	0x813F8	FUN_0007e898	FUN_000813f8	FUN_0007e898	206	935a096d3ae479b2ace80b41b204398dfafa7cdff11e0805bd4832379477bade	source_unnamed	unique_full_body_sha256
LF9C102P	0x93F48	LF9D012H	0x9DD9C	FUN_00093f48	FUN_0009dd9c	FUN_00093f48	44	9376809af30f79579a4070676eb4ba46b37dce7dca731ef0a8173030631f0876	source_unnamed	unique_full_body_sha256
LF9C102P	0x1CBE0C	LF9D012H	0x1D7BD0	cal_table_get_word0_alias	cal_table_get_word0_alias	cal_table_get_word0_alias	10	9379e7ca4f6a4ec54326eb5d3632d6039477087b9bd5d6c13df62e5b2dd16c19	already_named	unique_full_body_sha256
LF9C102P	0x1CEF90	LF9D012H	0x1DAD54	FUN_001cef90	FUN_001dad54	FUN_001cef90	10	937d469cef4b7c5024c1553e2de0844c9f7671ffaf0355d2e41e7e517f6728c8	source_unnamed	unique_full_body_sha256
LF9C102P	0x14C260	LF9D012H	0x1569F4	FUN_0014c260	FUN_001569f4	FUN_0014c260	44	93a694f0575bacb3ae15ca01994c0ac8dc2aee9b835453fd2dcdc910ef67015d	source_unnamed	unique_full_body_sha256
LF9C102P	0x126FF4	LF9D012H	0x130FD0	FUN_00126ff4	FUN_00130fd0	FUN_00126ff4	32	9417e565248e4573f374d1b92dc6cd6a4953cde036b96b934a5fbd31c5990fe1	source_unnamed	unique_full_body_sha256
LF9C102P	0x193D8C	LF9D012H	0x19E678	FUN_00193d8c	FUN_0019e678	FUN_00193d8c	42	942248df29bd1262ade5c57b4d394731a914d5c258e387fdaf43512b273775fa	source_unnamed	unique_full_body_sha256
LF9C102P	0xB905A	LF9D012H	0xC11DE	FUN_000b905a	FUN_000c11de	FUN_000b905a	36	9461d61f5058c61aed6d9a405472ea0c0876aa2426b40fd7b44f34c795fda98e	source_unnamed	unique_full_body_sha256
LF9C102P	0x83C7E	LF9D012H	0x869E2	FUN_00083c7e	FUN_000869e2	FUN_00083c7e	58	946bc7a96df94a38f2472e114db054f7148cf9a6d466cd68c43d587f05c57453	source_unnamed	unique_full_body_sha256
LF9C102P	0x703FA	LF9D012H	0x72792	FUN_000703fa	FUN_00072792	FUN_000703fa	22	94754b285d1540095ec95893fc1b24995d7f6f8959e5d291c226cd4af2a55216	source_unnamed	unique_full_body_sha256
LF9C102P	0x1FE4D4	LF9D012H	0x27E5DC	FUN_001fe4d4	FUN_0027e5dc	FUN_001fe4d4	6	947b039f51cf5cb7e26d750e2ca84d76140aa24dd245c2addbc983138f2621ef	source_unnamed	unique_full_body_sha256
LF9C102P	0x123B10	LF9D012H	0x12DA84	FUN_00123b10	FUN_0012da84	FUN_00123b10	54	947ba5d8acf36dfc68ec8d7254498b9b752e6b6193122e0163377b725331fdc0	source_unnamed	unique_full_body_sha256
LF9C102P	0x1CE958	LF9D012H	0x1DA71C	FUN_001ce958	FUN_001da71c	FUN_001ce958	46	94819e7a431df7988a938a316f4f33e2818a8715fef0b7c985f6a7ff35c6113d	source_unnamed	unique_full_body_sha256
LF9C102P	0x1A2868	LF9D012H	0x1ADEC0	FUN_001a2868	FUN_001adec0	FUN_001a2868	54	94905a46102b2234e79933611ab8de6a0a4ae5b67487b81e59f282ef24287e81	source_unnamed	unique_full_body_sha256
LF9C102P	0x1D2792	LF9D012H	0x1DE556	FUN_001d2792	FUN_001de556	FUN_001d2792	6	949fc3d0d1328e534e4475583c708533112f0f80ab735787c0bc04ffc299ab0f	source_unnamed	unique_full_body_sha256
LF9C102P	0x8212A	LF9D012H	0x84E8E	sensor_read_scale_byteidx	sensor_read_scale_byteidx	sensor_read_scale_byteidx	34	94a0988fc15710f9c1249c841c12263b25e1ec8f1d67080f357226bcf7e6b073	already_named	unique_full_body_sha256
LF9C102P	0xCD3FC	LF9D012H	0xD5A80	FUN_000cd3fc	FUN_000d5a80	FUN_000cd3fc	20	94bce2bb8714062f3961251f4b2b6cc2f347b0417feb4bfd6a59c9bff3364369	source_unnamed	unique_full_body_sha256
LF9C102P	0xC0C44	LF9D012H	0xC9088	FUN_000c0c44	FUN_000c9088	FUN_000c0c44	14	94dc0eb82d99872f7622d1366c060d0c4163d140446b6447ea0fe6c9e0eafdf9	source_unnamed	unique_full_body_sha256
LF9C102P	0x1AD71C	LF9D012H	0x1B92F0	FUN_001ad71c	FUN_001b92f0	FUN_001ad71c	332	94e013d0f33106f8b3dcffc432ef73f1033d3b056501ef67ba90a8f69205500b	source_unnamed	unique_full_body_sha256
LF9C102P	0x1FE030	LF9D012H	0x27E138	FUN_001fe030	FUN_0027e138	FUN_001fe030	110	94e2169268b099da4a2978c6a1e59f58aac1a26909b675d6b84b7debbaf5ec0e	source_unnamed	unique_full_body_sha256
LF9C102P	0x1243A4	LF9D012H	0x12E318	FUN_001243a4	FUN_0012e318	FUN_001243a4	94	9501354613167a16786ebdbd05c203889d5bffd21261bfa6eab960c7580ee706	source_unnamed	unique_full_body_sha256
LF9C102P	0x11DCB0	LF9D012H	0x127C20	FUN_0011dcb0	FUN_00127c20	FUN_0011dcb0	88	9508467e8d99405efc5fa4c8a1bbce8372956b0f34aa93a2fb62073f2362bde7	source_unnamed	unique_full_body_sha256
LF9C102P	0x1CEF24	LF9D012H	0x1DACE8	FUN_001cef24	FUN_001dace8	FUN_001cef24	10	953fe242200ba95889aca92196afdd2247cb6f9cb08315333eac2a5fb4e3fbc7	source_unnamed	unique_full_body_sha256
LF9C102P	0x1D8210	LF9D012H	0x1E3FD4	FUN_001d8210	FUN_001e3fd4	FUN_001d8210	60	956a5ca7a5ee19877215a2ba8120c3ef91a1df6fdcdade6b22f436c5b9723ff5	source_unnamed	unique_full_body_sha256
LF9C102P	0x82214	LF9D012H	0x84F78	FUN_00082214	FUN_00084f78	FUN_00082214	54	9585bbc02c0282a77bf99b3208069ccd2496cc70a9884c5c1c0daba4924536c8	source_unnamed	unique_full_body_sha256
LF9C102P	0x14A97C	LF9D012H	0x155110	FUN_0014a97c	FUN_00155110	FUN_0014a97c	54	95abd0571eb1e208d05fbdeb0c5a40221683291d077a9b68ffc2495b11916cb4	source_unnamed	unique_full_body_sha256
LF9C102P	0x175914	LF9D012H	0x18009C	FUN_00175914	FUN_0018009c	FUN_00175914	106	95bacd001b944910fbe4cde8ac3a877e472ee5feab50ac9e16bc1658af8c7d37	source_unnamed	unique_full_body_sha256
LF9C102P	0xF47E0	LF9D012H	0xFE788	FUN_000f47e0	FUN_000fe788	FUN_000f47e0	124	95f517278cd0d2cc8d6593aa7f8fd38c1d7ba7de65277eb17d4d9a8826c70fcb	source_unnamed	unique_full_body_sha256
LF9C102P	0xA3720	LF9D012H	0xAB8EC	FUN_000a3720	FUN_000ab8ec	FUN_000a3720	378	965270ea33f6e8183f0713a1b0ede03124d5e699d2ccc7ff80db629972ec723f	source_unnamed	unique_full_body_sha256
LF9C102P	0xA02C6	LF9D012H	0xAA1EE	FUN_000a02c6	FUN_000aa1ee	FUN_000a02c6	44	967d6077ee1f3bcc2aa6f9de972b98fdd7113bd08a02098db0d4279640e51e82	source_unnamed	unique_full_body_sha256
LF9C102P	0x6ADB4	LF9D012H	0x6D14C	FUN_0006adb4	FUN_0006d14c	FUN_0006adb4	48	96cc90edacd30d3f70acf6bf5287e5d521e1a30b99db4c1a730ab5f6faca1dd4	source_unnamed	unique_full_body_sha256
LF9C102P	0x1BE24C	LF9D012H	0x1C9EDC	FUN_001be24c	FUN_001c9edc	FUN_001be24c	66	96df15027c478a66398c4df93da8c03a8537625d1efd43c51192905b25c48fe6	source_unnamed	unique_full_body_sha256
LF9C102P	0x180110	LF9D012H	0x18A9C0	FUN_00180110	FUN_0018a9c0	FUN_00180110	88	97179a3700eaec1814851a85a4f6cf1d5f79eeab16076fa748aa36693f18eb29	source_unnamed	unique_full_body_sha256
LF9C102P	0x1E23E4	LF9D012H	0x1EE528	FUN_001e23e4	FUN_001ee528	FUN_001e23e4	32	971ed0142166df00bd9257eb5e95620a84fc3590612d6d86c9868bcd14c96291	source_unnamed	unique_full_body_sha256
LF9C102P	0x99D10	LF9D012H	0xA3B64	FUN_00099d10	FUN_000a3b64	FUN_00099d10	80	9727f9ea1241dfb76dd43eca9cac3e43ce7f089f13caa7257a4bed85abfd7c32	source_unnamed	unique_full_body_sha256
LF9C102P	0x100EE8	LF9D012H	0x10AF14	FUN_00100ee8	FUN_0010af14	FUN_00100ee8	356	9728de6914dbff084f6f5f9b87588d190e3831c6c1dd183445428a1a65d81180	source_unnamed	unique_full_body_sha256
LF9C102P	0x12967C	LF9D012H	0x13369C	FUN_0012967c	FUN_0013369c	FUN_0012967c	62	975478d37e193e9cf3a8274a6c6dc28496bd4425359a7e07bb01f8b210fb1c88	source_unnamed	unique_full_body_sha256
LF9C102P	0x123E20	LF9D012H	0x12DD94	FUN_00123e20	FUN_0012dd94	FUN_00123e20	26	975d891c182fbedd8e1b8161d7de322207c24c63c44e831c3512cdd28cc95965	source_unnamed	unique_full_body_sha256
LF9C102P	0x1E39DC	LF9D012H	0x1F096C	FUN_001e39dc	FUN_001f096c	FUN_001e39dc	48	976436322aa7bf1fd45dad7adedd7f5793dd75c17bb3cca6a79c87fa191a09fd	source_unnamed	unique_full_body_sha256
LF9C102P	0x1CFC64	LF9D012H	0x1DBA28	FUN_001cfc64	FUN_001dba28	FUN_001cfc64	52	9773f49e9d359dd80d9211cd12d47fb73c5a7c9619d1a8b7ba39b2226c6289ad	source_unnamed	unique_full_body_sha256
LF9C102P	0x11DB4C	LF9D012H	0x127ABC	FUN_0011db4c	FUN_00127abc	FUN_0011db4c	262	97a67df092c33b6efab18ba23525ba1d07e2f6efd2ab2e5e77da44020292d4f3	source_unnamed	unique_full_body_sha256
LF9C102P	0xC36D8	LF9D012H	0xCBB34	FUN_000c36d8	FUN_000cbb34	FUN_000c36d8	10	97eea8dc5f0b3d56f08efb5a92399ac9fd64d7f0acf8318f8252aef8745a841e	source_unnamed	unique_full_body_sha256
LF9C102P	0x1AB0F8	LF9D012H	0x1B6CCC	interp_2d_ax_u8_u32_data_u	interp_2d_ax_u8_u32_data_u	interp_2d_ax_u8_u32_data_u	268	980495b02fbabfc5df20d1a6b5d1dfaadfdf8dab4c058b85c38597b21b9c6d72	already_named	unique_full_body_sha256
LF9C102P	0x1ACDE0	LF9D012H	0x1B89B4	FUN_001acde0	FUN_001b89b4	FUN_001acde0	278	983882f3e7260bd5c4c70f5e55f48d46c53f30007c36537754237a783353eb06	source_unnamed	unique_full_body_sha256
LF9C102P	0x6E7A2	LF9D012H	0x70B3A	FUN_0006e7a2	FUN_00070b3a	FUN_0006e7a2	46	9865da059d516f60e202b7d5b9e19356b3171a019c8a80f01a6c6f9e593deff4	source_unnamed	unique_full_body_sha256
LF9C102P	0x124480	LF9D012H	0x12E3F4	FUN_00124480	FUN_0012e3f4	FUN_00124480	70	98a520020bea2a2d5ae2b1702817996dfdae560faed6806f4497f1702b07999b	source_unnamed	unique_full_body_sha256
LF9C102P	0x102A80	LF9D012H	0x10CAAC	FUN_00102a80	FUN_0010caac	FUN_00102a80	38	990cb1937aeeeed123bc1617f7601a82119a30158097310a42d863f7b20f74ea	source_unnamed	unique_full_body_sha256
LF9C102P	0xA4E74	LF9D012H	0xAD040	FUN_000a4e74	FUN_000ad040	FUN_000a4e74	62	991440f43d43e641c26ce36573d9d211ef7ad9c9d8f16284407f9fe0870db89c	source_unnamed	unique_full_body_sha256
LF9C102P	0x129B98	LF9D012H	0x133C4C	FUN_00129b98	FUN_00133c4c	FUN_00129b98	14	9922e42c84ca2a51b0817954e5b758562b50f1569317ec57dfc25ff2a9c1cffe	source_unnamed	unique_full_body_sha256
LF9C102P	0x1206BC	LF9D012H	0x12A630	FUN_001206bc	FUN_0012a630	FUN_001206bc	74	9923943689e2593fcb66721e5bca8aedca05f6abfe071bd421f89abfd24f78c2	source_unnamed	unique_full_body_sha256
LF9C102P	0x83F8C	LF9D012H	0x86CF0	FUN_00083f8c	FUN_00086cf0	FUN_00083f8c	70	9936c9abc5314bd951cb3fa90f61abe05e225b6c61a183f14ec0b045f3a88414	source_unnamed	unique_full_body_sha256
LF9C102P	0xA2C16	LF9D012H	0xAADE2	FUN_000a2c16	FUN_000aade2	FUN_000a2c16	28	993ff0caaf684bfb645e952e1b355e9de1d98fa72a3f6cb135a4959cc4f6e5ad	source_unnamed	unique_full_body_sha256
LF9C102P	0xA94F4	LF9D012H	0xB16C0	FUN_000a94f4	FUN_000b16c0	FUN_000a94f4	8	994b136cd8d57769c795aa3ad14429c9e57bae8e2f4877fa21faa25e569fd597	source_unnamed	unique_full_body_sha256
LF9C102P	0x87B8C	LF9D012H	0x8A8FC	FUN_00087b8c	FUN_0008a8fc	FUN_00087b8c	8	995c24719350e6485943a3bce2ffcf26b90aedbacf464929af6fe5f2007feda6	source_unnamed	unique_full_body_sha256
LF9C102P	0x1D0310	LF9D012H	0x1DC0D4	FUN_001d0310	FUN_001dc0d4	FUN_001d0310	10	99710c43275568edd25c0af2976fe65a1bc2ee0e46a47d1be9107cef030497f9	source_unnamed	unique_full_body_sha256
LF9C102P	0x83B64	LF9D012H	0x868C8	FUN_00083b64	FUN_000868c8	FUN_00083b64	34	999d0570432be51390562a1e9563ec09633c299e459a8442b69358964dea9966	source_unnamed	unique_full_body_sha256
LF9C102P	0x6EE0	LF9D012H	0x6EE0	FUN_00006ee0	FUN_00006ee0	FUN_00006ee0	56	99b0501d0b40662b860baa8e1eaf2949426ee16f9f1e0610f5883bb2f7564688	source_unnamed	unique_full_body_sha256
LF9C102P	0x112BA4	LF9D012H	0x11CAD0	FUN_00112ba4	FUN_0011cad0	FUN_00112ba4	84	99b216732d6da73cab6fd9c443973c279c584f598821fb0f0e6625da026d260a	source_unnamed	unique_full_body_sha256
LF9C102P	0xB0D1C	LF9D012H	0xB8F24	FUN_000b0d1c	FUN_000b8f24	FUN_000b0d1c	22	99c2999b9fdeeecf10ebb5e8b3b67da641b36707764174abb3fa65033f9fa685	source_unnamed	unique_full_body_sha256
LF9C102P	0x70362	LF9D012H	0x726FA	FUN_00070362	FUN_000726fa	FUN_00070362	152	99f293c6706ec1c792bba3abc0a2331f92d67b01268454c50af3279d0fae8a37	source_unnamed	unique_full_body_sha256
LF9C102P	0x1E7BD4	LF9D012H	0x1F4CA0	enter_dispatcher_locked_classify	enter_dispatcher_locked_classify	enter_dispatcher_locked_classify	104	9a24c690d6545e4c38b2d9e18a622117e06e32b3718b298351ca55c3d4962423	already_named	unique_full_body_sha256
LF9C102P	0x1CBE4A	LF9D012H	0x1D7C0E	FUN_001cbe4a	FUN_001d7c0e	FUN_001cbe4a	10	9a36cd114e9e9d5e55575e4b31922ac5b20b5430933a5d6e13f6ce20c80ec084	source_unnamed	unique_full_body_sha256
LF9C102P	0x181414	LF9D012H	0x18BCC4	FUN_00181414	FUN_0018bcc4	FUN_00181414	42	9a5e6d5e658bdaf381e376ff43a164a9a1cb3eb0ef088473aac87f9cc4c2c08c	source_unnamed	unique_full_body_sha256
LF9C102P	0x82FAE	LF9D012H	0x85D12	FUN_00082fae	FUN_00085d12	FUN_00082fae	40	9a70f23433edb4ec74eba4666aa8757b52d7b021efe557c0f1e08b0e07d06ae3	source_unnamed	unique_full_body_sha256
LF9C102P	0x9DF74	LF9D012H	0xA7E80	FUN_0009df74	FUN_000a7e80	FUN_0009df74	64	9a7ace5679fc99a5d2e6505bcccdc7b62f7975377eafdf838311b05ebd18b6a4	source_unnamed	unique_full_body_sha256
LF9C102P	0x75576	LF9D012H	0x77F36	FUN_00075576	FUN_00077f36	FUN_00075576	68	9aa7cba82120199ce23d0c55909508796b73441bf5493ecb21002920146293eb	source_unnamed	unique_full_body_sha256
LF9C102P	0xAFDB2	LF9D012H	0xB7FBA	FUN_000afdb2	FUN_000b7fba	FUN_000afdb2	36	9abf42885e9f7cd7fe55f70d5fb61855e4fcaea115ca18e01d7bc5f4f46ac1b8	source_unnamed	unique_full_body_sha256
LF9C102P	0x1E7CC8	LF9D012H	0x1F4D94	check_id_nonzero_bounds	check_id_nonzero_bounds	check_id_nonzero_bounds	32	9b039b1ec46299403f839218b56198726937e472b09c1e9bb8c96508392e3e24	already_named	unique_full_body_sha256
LF9C102P	0x130AFC	LF9D012H	0x13AC10	FUN_00130afc	FUN_0013ac10	FUN_00130afc	18	9b454c823f5993c5932a203468f56015bd44f4c8796753a4b788603015650cf3	source_unnamed	unique_full_body_sha256
LF9C102P	0x1D1128	LF9D012H	0x1DCEEC	build_frame_powertrain_status	build_frame_powertrain_status	build_frame_powertrain_status	714	9b4c224254787d61a718418c48722fa27a1252d92d1a7a796e563a0e0f3cc7a2	already_named	unique_full_body_sha256
LF9C102P	0x1D01CE	LF9D012H	0x1DBF92	FUN_001d01ce	FUN_001dbf92	FUN_001d01ce	44	9b8c9107ea091441c94185ce95a7ca9aa69e88a913bf439955ca5e8db4605155	source_unnamed	unique_full_body_sha256
LF9C102P	0x11D7E4	LF9D012H	0x127754	counter_increment_saturating	counter_increment_saturating	counter_increment_saturating	50	9bee18da246d8b3fb85ea598cfe899c36b7d17488017c3a45b7f4bfd7137ab26	already_named	unique_full_body_sha256
LF9C102P	0x6ABDA	LF9D012H	0x6CF72	diag_monitor_mature_rec02	diag_monitor_mature_rec02	diag_monitor_mature_rec02	46	9c0fec87dd8faa610f1f3530564e3687caafdf75d4866d77d53098b578d9211e	already_named	unique_full_body_sha256
LF9C102P	0x1E26C8	LF9D012H	0x1EE8D4	FUN_001e26c8	FUN_001ee8d4	FUN_001e26c8	110	9c12299a995663c96a11a9878542a5b068d0e10422e30d7f7c27858e114a8517	source_unnamed	unique_full_body_sha256
LF9C102P	0x1C9696	LF9D012H	0x1D534A	FUN_001c9696	FUN_001d534a	FUN_001c9696	30	9c603c56496018009a9f32a32f084edb067f0d941ccc3ed82cdc205038d7c0ef	source_unnamed	unique_full_body_sha256
LF9C102P	0x1D02AC	LF9D012H	0x1DC070	FUN_001d02ac	FUN_001dc070	FUN_001d02ac	10	9c7555bc6aa771a2eaa6ab08a391852fab5625eb53e9e45c9df7efb6e63a0f56	source_unnamed	unique_full_body_sha256
LF9C102P	0xDEDBC	LF9D012H	0xE76A4	FUN_000dedbc	FUN_000e76a4	FUN_000dedbc	70	9c77330d2c729c919fdf6590b9640a14b7204db4ecac7a8942224bd33f155623	source_unnamed	unique_full_body_sha256
LF9C102P	0x124A14	LF9D012H	0x12E9C8	FUN_00124a14	FUN_0012e9c8	FUN_00124a14	108	9c7a493651a1c54923a9d30f8405ae89aeec93297ac69257e3ab0934850e7c9e	source_unnamed	unique_full_body_sha256
LF9C102P	0x108FBC	LF9D012H	0x112FCC	FUN_00108fbc	FUN_00112fcc	FUN_00108fbc	80	9cb232c2014d316006705ef424c4451ab9d18a77d075d363c4d5b5a082d6773e	source_unnamed	unique_full_body_sha256
LF9C102P	0x1D5F66	LF9D012H	0x1E1D2A	FUN_001d5f66	FUN_001e1d2a	FUN_001d5f66	70	9cd5462afc5b84627f4381aa6bb755fd196ce8af970f472ba3ad9bea9fe2afbe	source_unnamed	unique_full_body_sha256
LF9C102P	0x1CE516	LF9D012H	0x1DA2DA	FUN_001ce516	FUN_001da2da	FUN_001ce516	48	9ce0a7afbd0289cb8e3baadcf7118eab6526248f154ccb6a95a22bbb5fe5c3da	source_unnamed	unique_full_body_sha256
LF9C102P	0x194904	LF9D012H	0x19F2D4	FUN_00194904	FUN_0019f2d4	FUN_00194904	104	9cf24e5c2e3afffeeb6b571172847dcbf1291820a55f2ac951c453795436bb32	source_unnamed	unique_full_body_sha256
LF9C102P	0x8712C	LF9D012H	0x89E9C	FUN_0008712c	FUN_00089e9c	FUN_0008712c	90	9d2b481939737bf54de3d41629bdb6f6cc6ae1b1ed31ad9d5910ac28ed6e7769	source_unnamed	unique_full_body_sha256
LF9C102P	0x1CAF90	LF9D012H	0x1D6D54	FUN_001caf90	FUN_001d6d54	FUN_001caf90	44	9d6d800ebd434977676c2481a64563d333033c6f229672103a138af41d320a76	source_unnamed	unique_full_body_sha256
LF9C102P	0x10263C	LF9D012H	0x10C668	FUN_0010263c	FUN_0010c668	FUN_0010263c	106	9d71f4986faa82634ff7ff162db6a5d4b840c36319e821efe91a080ccf6dd180	source_unnamed	unique_full_body_sha256
LF9C102P	0xA70C2	LF9D012H	0xAF28E	FUN_000a70c2	FUN_000af28e	FUN_000a70c2	18	9d9076bd63d5db3e358678c815e91addf6f7fe7fc0113a46efbfe0cecb46434a	source_unnamed	unique_full_body_sha256
LF9C102P	0x132364	LF9D012H	0x13C478	FUN_00132364	FUN_0013c478	FUN_00132364	114	9dd0fb4768ccc3fddc99591d9ef9d27ca48ecde87a12a7bd08b59bbf4eb3e9bb	source_unnamed	unique_full_body_sha256
LF9C102P	0x1CED00	LF9D012H	0x1DAAC4	FUN_001ced00	FUN_001daac4	FUN_001ced00	10	9e05b40877c0b844fd5e00e6698b2e8479d5c8711e8d5cab70893fc726b2b737	source_unnamed	unique_full_body_sha256
LF9C102P	0x1CB1B8	LF9D012H	0x1D6F7C	FUN_001cb1b8	FUN_001d6f7c	FUN_001cb1b8	20	9e2b2d04ac00641b91148c3ffc77091af8f1dcea93322d380a2730629505e90d	source_unnamed	unique_full_body_sha256
LF9C102P	0x81CAE	LF9D012H	0x84A12	FUN_00081cae	FUN_00084a12	FUN_00081cae	52	9e369a679f6b214e7f065f3ae6f67d83d7de4ab155172101268b8e511ee38fcb	source_unnamed	unique_full_body_sha256
LF9C102P	0x99D68	LF9D012H	0xA3BBC	FUN_00099d68	FUN_000a3bbc	FUN_00099d68	38	9e4eaf39ed8e54cc25d85870e07110910b1c1274774e6c6061c43986515e7629	source_unnamed	unique_full_body_sha256
LF9C102P	0x120960	LF9D012H	0x12A8D4	FUN_00120960	FUN_0012a8d4	FUN_00120960	30	9e50293bc1b89db94ced2b9260562983edb7dab7f85bca7441dad0fe8295adf8	source_unnamed	unique_full_body_sha256
LF9C102P	0x1FD34C	LF9D012H	0x27D454	FUN_001fd34c	FUN_0027d454	FUN_001fd34c	36	9e50a0b0e9bca0a522a9f1d14a8b4f2cf5a4ba04aa12186edfdab461e94365a8	source_unnamed	unique_full_body_sha256
LF9C102P	0x175830	LF9D012H	0x17FFB8	FUN_00175830	FUN_0017ffb8	FUN_00175830	18	9e7e0891b2aa7824f4f41314f4c648ff7143f49d5809add43cf12068efeab691	source_unnamed	unique_full_body_sha256
LF9C102P	0x1CB30C	LF9D012H	0x1D70D0	FUN_001cb30c	FUN_001d70d0	FUN_001cb30c	18	9e950c89e142397436f1eecfe73d4a3385a867bce508dca4ab70388630d16599	source_unnamed	unique_full_body_sha256
LF9C102P	0x1FCE94	LF9D012H	0x27CF9C	peripheral_state_helper	peripheral_state_helper	peripheral_state_helper	136	9ed054c8e6cfe3189dcfe71fdf2b123aadf807dc191e69619114581b1009b5ef	already_named	unique_full_body_sha256
LF9C102P	0x8254C	LF9D012H	0x852B0	FUN_0008254c	FUN_000852b0	FUN_0008254c	30	9ee1a52a5f618892e961d53b2156e607e945a332bdd16d7012f3ca2b5ec1afed	source_unnamed	unique_full_body_sha256
LF9C102P	0xAB45E	LF9D012H	0xB362A	FUN_000ab45e	FUN_000b362a	FUN_000ab45e	106	9f7d4cc8ec6ee7ccb8779f3919277a1b816b376c4ee369fa0123f156cb13482b	source_unnamed	unique_full_body_sha256
LF9C102P	0x1E6398	LF9D012H	0x1F3328	umul_64_accumulate	umul_64_accumulate	umul_64_accumulate	220	9f9551c2551e1a86d58d55bb41ecf3f5191c27c3f0ee97b7fd75f830f3c78ba1	already_named	unique_full_body_sha256
LF9C102P	0x132464	LF9D012H	0x13C578	FUN_00132464	FUN_0013c578	FUN_00132464	202	9fcd984bb877b2ac235f2364d18400a5dbeed36868b189013ee29b5d208716b7	source_unnamed	unique_full_body_sha256
LF9C102P	0xAE534	LF9D012H	0xB673C	FUN_000ae534	FUN_000b673c	FUN_000ae534	126	9fd564dd2cc45340b8d7ff0da8b442c012bdd9cbd5ba90273682c90119500b94	source_unnamed	unique_full_body_sha256
LF9C102P	0x173378	LF9D012H	0x17DBD4	FUN_00173378	FUN_0017dbd4	FUN_00173378	244	9ff31d0ae14320859cac2539ddac758eebbc1dd03039d72548d473a4f4b77f57	source_unnamed	unique_full_body_sha256
LF9C102P	0xA71F0	LF9D012H	0xAF3BC	FUN_000a71f0	FUN_000af3bc	FUN_000a71f0	124	a01b330237ededff1cce174370963eb57a8b397d611a9ef73e966c3a1a547c70	source_unnamed	unique_full_body_sha256
LF9C102P	0x149614	LF9D012H	0x153DA8	FUN_00149614	FUN_00153da8	FUN_00149614	50	a041293b60088df2f0c534bcfb756ed14a456b0775998351f2207058db702cbd	source_unnamed	unique_full_body_sha256
LF9C102P	0x1E3368	LF9D012H	0x1F02F8	FUN_001e3368	FUN_001f02f8	FUN_001e3368	6	a061ac6f39c7b97ba04d6d1d081612ce2def1e04611e4b3ddb4ae97a81cbc4e3	source_unnamed	unique_full_body_sha256
LF9C102P	0xDB1CC	LF9D012H	0xE3AB4	FUN_000db1cc	FUN_000e3ab4	FUN_000db1cc	44	a079db6e1ede7952e8b083557832a6cd9f853432b7fab48c94abd0013a9386b0	source_unnamed	unique_full_body_sha256
LF9C102P	0xEC6A8	LF9D012H	0xF4F98	FUN_000ec6a8	FUN_000f4f98	FUN_000ec6a8	16	a08a99b1494723abe6479008331c8b117db0541c6aab4c32ee85844dd7b89ef3	source_unnamed	unique_full_body_sha256
LF9C102P	0xAEEB4	LF9D012H	0xB70BC	FUN_000aeeb4	FUN_000b70bc	FUN_000aeeb4	146	a0e9afde015f546e1517b3b223aff182399dff8d2449f8b7a1a1e5019afea2b9	source_unnamed	unique_full_body_sha256
LF9C102P	0x1E37B0	LF9D012H	0x1F0740	FUN_001e37b0	FUN_001f0740	FUN_001e37b0	12	a10d729c8e2357d1c10d279abdeefdf758b352429c62158dbbd18347c9817bfa	source_unnamed	unique_full_body_sha256
LF9C102P	0x1D691C	LF9D012H	0x1E26E0	FUN_001d691c	FUN_001e26e0	FUN_001d691c	6	a10f8181922f34dda311d9c6170897cb4538431372fb78753b927b3e6fcb2942	source_unnamed	unique_full_body_sha256
LF9C102P	0x839BE	LF9D012H	0x86722	FUN_000839be	FUN_00086722	FUN_000839be	34	a1173f86bccf5e0089a501d974a2e5cdc3eb85aee6863dca803a69dc3daf41df	source_unnamed	unique_full_body_sha256
LF9C102P	0xA5FEE	LF9D012H	0xAE1BA	FUN_000a5fee	FUN_000ae1ba	FUN_000a5fee	42	a11ef04e1d4ac03da881958191b3160b8d8bc6329a09f558276b422f3923935b	source_unnamed	unique_full_body_sha256
LF9C102P	0x1E6ABC	LF9D012H	0x1F3B88	FUN_001e6abc	FUN_001f3b88	FUN_001e6abc	110	a12e0758039743030314c485464a43894d84674891d65090bc13236bbece9e63	source_unnamed	unique_full_body_sha256
LF9C102P	0xB9772	LF9D012H	0xC18F6	FUN_000b9772	FUN_000c18f6	FUN_000b9772	58	a13dab5d7c9696eb7d13ef7be45d721ecc5b8aa1c70654404c6583c5fe6fd1ae	source_unnamed	unique_full_body_sha256
LF9C102P	0x1E7D80	LF9D012H	0x1F4E4C	FUN_001e7d80	FUN_001f4e4c	FUN_001e7d80	36	a140b14ff9e8b966f2c1cf8c403901c14ff0faea2d9f0920282c3d9ca381e0ba	source_unnamed	unique_full_body_sha256
LF9C102P	0xA0212	LF9D012H	0xAA13A	FUN_000a0212	FUN_000aa13a	FUN_000a0212	34	a164e497a5c89c822a23bacb35f2eea1a4f9163e3fd464d74aa1c3992db6b050	source_unnamed	unique_full_body_sha256
LF9C102P	0x1CF1E8	LF9D012H	0x1DAFAC	FUN_001cf1e8	FUN_001dafac	FUN_001cf1e8	222	a171724e8b88adff05a190b2f8eec487c3171eaa8306c150c5845e022caa6a81	source_unnamed	unique_full_body_sha256
LF9C102P	0x1CB322	LF9D012H	0x1D70E6	FUN_001cb322	FUN_001d70e6	FUN_001cb322	12	a19aa3d01f9aa08c48e1f7af481b226030d3986465bed80f46e35e1899953176	source_unnamed	unique_full_body_sha256
LF9C102P	0xBF716	LF9D012H	0xC7ACA	checksum8_carry_fold	checksum8_carry_fold	checksum8_carry_fold	100	a1bfb171f0aee09125f7161867bf50c936943ecbb6a5b56a5b658eb813bb9241	already_named	unique_full_body_sha256
LF9C102P	0x7F11A	LF9D012H	0x81C7A	FUN_0007f11a	FUN_00081c7a	FUN_0007f11a	80	a1e5e8891754773f87210ba5278237b39992a46aeae8c87f10f12e408919b438	source_unnamed	unique_full_body_sha256
LF9C102P	0x1D58A4	LF9D012H	0x1E1668	FUN_001d58a4	FUN_001e1668	FUN_001d58a4	112	a20a2d7cbb1ba635b592fb2b266b7bc026c4db4216894595ff35eb8e193986cd	source_unnamed	unique_full_body_sha256
LF9C102P	0x171E9C	LF9D012H	0x17C650	FUN_00171e9c	FUN_0017c650	FUN_00171e9c	34	a222a090a264fb51302e24341cfa39e337fa445b83d7609ba1d1eebc6e7eff24	source_unnamed	unique_full_body_sha256
LF9C102P	0x1DD5A0	LF9D012H	0x1E9388	FUN_001dd5a0	FUN_001e9388	FUN_001dd5a0	66	a22be868de300c7d32bd2600f96eb86fb689d8cb3aee13564a8900cf51d45885	source_unnamed	unique_full_body_sha256
LF9C102P	0xCB758	LF9D012H	0xD3E04	FUN_000cb758	FUN_000d3e04	FUN_000cb758	76	a27727976c844a281843710d1db2fddc68a9d700248237fc2ef1b08b84ee2d0d	source_unnamed	unique_full_body_sha256
LF9C102P	0x1CBDF6	LF9D012H	0x1D7BBA	FUN_001cbdf6	FUN_001d7bba	FUN_001cbdf6	6	a278d90c7dd0472bf28ce60e0112273c1c14370845c1a1f889ab6a7fec59674c	source_unnamed	unique_full_body_sha256
LF9C102P	0x1751C0	LF9D012H	0x17F948	FUN_001751c0	FUN_0017f948	FUN_001751c0	54	a27d77f4e26b6ddf2a8a85782b8d6e78ff996da1752f44a2ae9c264ab56fc884	source_unnamed	unique_full_body_sha256
LF9C102P	0xD8B88	LF9D012H	0xE12F8	FUN_000d8b88	FUN_000e12f8	FUN_000d8b88	56	a27f302ab07af220a104ee83a8e9abe7040d22c0dfe5270ff03bf337704ab18f	source_unnamed	unique_full_body_sha256
LF9C102P	0x1E4C94	LF9D012H	0x1F1C24	FUN_001e4c94	FUN_001f1c24	FUN_001e4c94	10	a28bffbcbe44d91b43521c8f2d1ae4e6ea09f00023d0a668f1fdd4a01da30406	source_unnamed	unique_full_body_sha256
LF9C102P	0x6A1C	LF9D012H	0x6A1C	FUN_00006a1c	FUN_00006a1c	FUN_00006a1c	82	a2bcf2bc2dec5ebaa334b124e174ac483894a5af07183d308a4c325bae36e607	source_unnamed	unique_full_body_sha256
LF9C102P	0x6E402	LF9D012H	0x7079A	thunk_FUN_0006d7ec	thunk_FUN_0006fb84	thunk_FUN_0006d7ec	4	a3083f7c947c6f705aa929b0eb5864f0e7e1bf86f3540465a349ce266478d761	source_unnamed	unique_full_body_sha256
LF9C102P	0x129B84	LF9D012H	0x133C38	FUN_00129b84	FUN_00133c38	FUN_00129b84	18	a309dbb164b9281d12e20c78d153c7b4ad2bf852f0e1a62e92b115a4e97eaf2c	source_unnamed	unique_full_body_sha256
LF9C102P	0xAF972	LF9D012H	0xB7B7A	FUN_000af972	FUN_000b7b7a	FUN_000af972	112	a3283f8114a7af702b89d4856895fe92124ce517a2db3bb4cce3a8cc788a651a	source_unnamed	unique_full_body_sha256
LF9C102P	0x1D69E4	LF9D012H	0x1E27A8	FUN_001d69e4	FUN_001e27a8	FUN_001d69e4	48	a34083af95fdae41c9304570056f17fe20e3c9d5f20c8ec6bb0f3e047d4b8878	source_unnamed	unique_full_body_sha256
LF9C102P	0x1E7C58	LF9D012H	0x1F4D24	check_task_id_valid	check_task_id_valid	check_task_id_valid	28	a3488f7bf38d72a181f160ce0218f1cc1c8234a6688b18c3fc5183deca301ec6	already_named	unique_full_body_sha256
LF9C102P	0x8224A	LF9D012H	0x84FAE	FUN_0008224a	FUN_00084fae	FUN_0008224a	104	a34c491c13dbeb16da39e14b440fe42f29b4f08a5c9b1a566ca4e1a150dcd1c8	source_unnamed	unique_full_body_sha256
LF9C102P	0xA0AE4	LF9D012H	0xAAA0C	FUN_000a0ae4	FUN_000aaa0c	FUN_000a0ae4	78	a3b403e48c4041ce2027cd7d63fb8c65401ccf73201bd80f079bf7ad3c97d28b	source_unnamed	unique_full_body_sha256
LF9C102P	0xAA9D0	LF9D012H	0xB2B9C	FUN_000aa9d0	FUN_000b2b9c	FUN_000aa9d0	14	a3bee3b4cfeb26a9fceb1a656473ffa8d6c8303267c8a9463437ccbc27a9c232	source_unnamed	unique_full_body_sha256
LF9C102P	0x19FAFC	LF9D012H	0x1AAB18	FUN_0019fafc	FUN_001aab18	FUN_0019fafc	138	a3ca7d7f77a5b886dddf3690c50cea49fcb700e6916fb9806ddb2f62d945d9af	source_unnamed	unique_full_body_sha256
LF9C102P	0x1E25C0	LF9D012H	0x1EE704	thunk_FUN_000ac952	thunk_FUN_000b4b26	thunk_FUN_000ac952	6	a3d353c698d8f10dad66aa7ae8a9b803f85b0e38ddbd27215c73058013f1431e	source_unnamed	unique_full_body_sha256
LF9C102P	0x120388	LF9D012H	0x12A2FC	FUN_00120388	FUN_0012a2fc	FUN_00120388	42	a3f31040786b7915fa5b46417504df410a318a3ccc397e774972a7e33eadb475	source_unnamed	unique_full_body_sha256
LF9C102P	0xDDD4C	LF9D012H	0xE6634	FUN_000ddd4c	FUN_000e6634	FUN_000ddd4c	264	a48d3db23b9ccf2f7858b3fa77003eaf1f0915b86a21d4bba52f819eddfffec0	source_unnamed	unique_full_body_sha256
LF9C102P	0x190DD8	LF9D012H	0x19B6C4	FUN_00190dd8	FUN_0019b6c4	FUN_00190dd8	64	a4af232c0c79e841ae3db49e25bf5455fb114c8ffe189013bf36e3bf10948f1f	source_unnamed	unique_full_body_sha256
LF9C102P	0x94D32	LF9D012H	0x9EB86	FUN_00094d32	FUN_0009eb86	FUN_00094d32	174	a507e3bb20284703426f8e58f33beac8896cd9cb25edeeb276801228e460fc28	source_unnamed	unique_full_body_sha256
LF9C102P	0x1FEBBC	LF9D012H	0x27ECC4	FUN_001febbc	FUN_0027ecc4	FUN_001febbc	16	a509ba0b673f40d1698822302890edf33ccd5b8bdb5194727c45e8ef3ebf12d6	source_unnamed	unique_full_body_sha256
LF9C102P	0x9CAC0	LF9D012H	0xA69CC	FUN_0009cac0	FUN_000a69cc	FUN_0009cac0	382	a5116121c160c64c67b22a7c778a0298cac3be137e7364d05d464b801c72bd0d	source_unnamed	unique_full_body_sha256
LF9C102P	0x873B0	LF9D012H	0x8A120	FUN_000873b0	FUN_0008a120	FUN_000873b0	40	a535bf89edd6cb7ffc75f8a452d840192e79b3183cc574c5a68bee05bc4282bb	source_unnamed	unique_full_body_sha256
LF9C102P	0x1D0428	LF9D012H	0x1DC1EC	FUN_001d0428	FUN_001dc1ec	FUN_001d0428	202	a5382b55cc20c952c54ce5e4f17fb24ea5770c7ab65b8c0d0b19571cb1e1199c	source_unnamed	unique_full_body_sha256
LF9C102P	0x1D2BB8	LF9D012H	0x1DE97C	FUN_001d2bb8	FUN_001de97c	FUN_001d2bb8	10	a5612c7ea4e74d5300d75317f67eb721120061df9bf7ac7420064e8d4c7a9385	source_unnamed	unique_full_body_sha256
LF9C102P	0xADABA	LF9D012H	0xB5CC2	FUN_000adaba	FUN_000b5cc2	FUN_000adaba	132	a567a29baa6fd304aaffde151cd60476a7a71b1a4b8137c28639069bb8eb1673	source_unnamed	unique_full_body_sha256
LF9C102P	0xFAC80	LF9D012H	0x104CAC	FUN_000fac80	FUN_00104cac	FUN_000fac80	100	a5d01e0f170dda3e45d8193a9ce398e3cebe9c54bcb8bba3aae2838f1ab8b6f8	source_unnamed	unique_full_body_sha256
LF9C102P	0x1C1180	LF9D012H	0x1CCE10	FUN_001c1180	FUN_001cce10	FUN_001c1180	10	a5d74f00ea517170e603971159311efc9d2872b2e5c3be60361547bc2577b2d6	source_unnamed	unique_full_body_sha256
LF9C102P	0x6BCE0	LF9D012H	0x6E078	FUN_0006bce0	FUN_0006e078	FUN_0006bce0	58	a5e2e4d8fea35b446017d11996b65969eb9f41a7123229739c2166d145ef3f63	source_unnamed	unique_full_body_sha256
LF9C102P	0x864F2	LF9D012H	0x89262	FUN_000864f2	FUN_00089262	FUN_000864f2	10	a60d98a3e0ac29ee3fbf2463d04be44292deb1b6083b5c26b6fab13ad51c59d6	source_unnamed	unique_full_body_sha256
LF9C102P	0x1FE9B0	LF9D012H	0x27EAB8	FUN_001fe9b0	FUN_0027eab8	FUN_001fe9b0	70	a61192c682e76fa7972bffdabc1a895dd95d7e7204e04f4fabd707e698ae9619	source_unnamed	unique_full_body_sha256
LF9C102P	0x1C1128	LF9D012H	0x1CCDB8	FUN_001c1128	FUN_001ccdb8	FUN_001c1128	10	a6119c0183aefff7011f7c623ebd8f065688b2e5efb04da6b4f5d3fd144e5c36	source_unnamed	unique_full_body_sha256
LF9C102P	0x1E7FAC	LF9D012H	0x1F5078	FUN_001e7fac	FUN_001f5078	FUN_001e7fac	26	a625d53221f59f1198585f524a98d46bb2a28dcae195928cb10c876ee8b6b2d0	source_unnamed	unique_full_body_sha256
LF9C102P	0xABB62	LF9D012H	0xB3D36	FUN_000abb62	FUN_000b3d36	FUN_000abb62	58	a63e4f992b1aa80a77cbe72ab613a08219505da4101d45fe4946d1add4efd59c	source_unnamed	unique_full_body_sha256
LF9C102P	0x6EF72	LF9D012H	0x7130A	FUN_0006ef72	FUN_0007130a	FUN_0006ef72	62	a698b39f8995856112907e3fbf2acd938a18aae2827416570aea4be011199451	source_unnamed	unique_full_body_sha256
LF9C102P	0x12071C	LF9D012H	0x12A690	FUN_0012071c	FUN_0012a690	FUN_0012071c	22	a6ba8dcd1b2301eb2aa86af726dc35b4997fa87d2362953d171033fc1e8e5ead	source_unnamed	unique_full_body_sha256
LF9C102P	0x1E7030	LF9D012H	0x1F40FC	int_abs	int_abs	int_abs	12	a6d50132a98cdd62a1ec00576a814d47deed844af7ceb844713a6a38c4290c69	already_named	unique_full_body_sha256
LF9C102P	0x1D28CC	LF9D012H	0x1DE690	FUN_001d28cc	FUN_001de690	FUN_001d28cc	10	a6fdb247a5317ee79c30d75889b2101c559e664591988d17ca7a1323169cfc87	source_unnamed	unique_full_body_sha256
LF9C102P	0x1270B8	LF9D012H	0x131094	FUN_001270b8	FUN_00131094	FUN_001270b8	32	a73d66a1fdcbe8ea732358dc455b6d252b5a5948d61e75fbfc90e71e988fcefe	source_unnamed	unique_full_body_sha256
LF9C102P	0xA70D4	LF9D012H	0xAF2A0	FUN_000a70d4	FUN_000af2a0	FUN_000a70d4	58	a77975172d5692a0308fa42638c628c1f170e7841dc58a82d0dd5bf2593f5a77	source_unnamed	unique_full_body_sha256
LF9C102P	0x1203B4	LF9D012H	0x12A328	FUN_001203b4	FUN_0012a328	FUN_001203b4	24	a786f4651ddee0ca99358df2fe93da641f1b0ae614717a137267b2fcf3f3ac91	source_unnamed	unique_full_body_sha256
LF9C102P	0xAA14E	LF9D012H	0xB231A	FUN_000aa14e	FUN_000b231a	FUN_000aa14e	16	a799702bed257e737a58e16bbbb0a9cbc343e4824f09eb76135fc11dff9abc8d	source_unnamed	unique_full_body_sha256
LF9C102P	0x174308	LF9D012H	0x17EB64	FUN_00174308	FUN_0017eb64	FUN_00174308	88	a7bc373e330b3e20012f5ea03ace53abb56cc29f487acb73d294837cd92e2d0f	source_unnamed	unique_full_body_sha256
LF9C102P	0x860B2	LF9D012H	0x88E22	FUN_000860b2	FUN_00088e22	FUN_000860b2	90	a809ea46a30b5e225709967fa7ce94da2b09bfeac19715c8a46460897d4f2003	source_unnamed	unique_full_body_sha256
LF9C102P	0xA91FA	LF9D012H	0xB13C6	FUN_000a91fa	FUN_000b13c6	FUN_000a91fa	8	a853689368acd09fc1d7579172a85734346819c92582b6f3a953b9b569510324	source_unnamed	unique_full_body_sha256
LF9C102P	0x19652C	LF9D012H	0x1A10EC	FUN_0019652c	FUN_001a10ec	FUN_0019652c	26	a8628968974c43701ae90e4b768b213b00dbe7b5b8cacbe753e195b69be747ce	source_unnamed	unique_full_body_sha256
LF9C102P	0x1CBD94	LF9D012H	0x1D7B58	FUN_001cbd94	FUN_001d7b58	FUN_001cbd94	10	a904c7605aa75421a2626c3882a30f44b7867a202bcc9198911fd9df225f860a	source_unnamed	unique_full_body_sha256
LF9C102P	0x1D1AB4	LF9D012H	0x1DD878	FUN_001d1ab4	FUN_001dd878	FUN_001d1ab4	478	a917426624d296e0c10d864a38733ee5254fa4a71914c82c6dc219f315f505f5	source_unnamed	unique_full_body_sha256
LF9C102P	0x1D27FA	LF9D012H	0x1DE5BE	FUN_001d27fa	FUN_001de5be	FUN_001d27fa	6	a91c9317cf1607afd5ef32ccb310a68712aea79f1c579d961d900f8007b7e269	source_unnamed	unique_full_body_sha256
LF9C102P	0x978E6	LF9D012H	0xA173A	FUN_000978e6	FUN_000a173a	FUN_000978e6	244	a9536753b755514f7872b30735a6ca5d1d567e177b2dc115476216fbd5005ea2	source_unnamed	unique_full_body_sha256
LF9C102P	0x177424	LF9D012H	0x181C24	FUN_00177424	FUN_00181c24	FUN_00177424	38	a97886b47431b2dbc4f7be808aca81b357f2cd4a64aee061b96bec13ef1cbcee	source_unnamed	unique_full_body_sha256
LF9C102P	0xA9C9A	LF9D012H	0xB1E66	FUN_000a9c9a	FUN_000b1e66	FUN_000a9c9a	140	a98e3b4bd608a045364276d40f8d8d3962e69ca6ed41de2823d1b2d28cc7d68c	source_unnamed	unique_full_body_sha256
LF9C102P	0x977F2	LF9D012H	0xA1646	FUN_000977f2	FUN_000a1646	FUN_000977f2	244	a998a34caf13a115199b6b542e2276848309599aae8eeb80890c4024c5c6e413	source_unnamed	unique_full_body_sha256
LF9C102P	0x149D70	LF9D012H	0x154504	FUN_00149d70	FUN_00154504	FUN_00149d70	60	aa071c6f6a0e1b42beb53e5e428789702e6f5c931da2cefaccc7127c2c7bd55e	source_unnamed	unique_full_body_sha256
LF9C102P	0xA5A7C	LF9D012H	0xADC48	FUN_000a5a7c	FUN_000adc48	FUN_000a5a7c	510	aa38378b1e111a38f33315fd3521392dfd888dbadb20f12c022dbb1ce9946204	source_unnamed	unique_full_body_sha256
LF9C102P	0xA680E	LF9D012H	0xAE9DA	FUN_000a680e	FUN_000ae9da	FUN_000a680e	292	aa3d7bc1ec6e66f42a95cffca97b1e599b28da14047a0c06a17d1847282f9a1e	source_unnamed	unique_full_body_sha256
LF9C102P	0x1D269C	LF9D012H	0x1DE460	can_xcvr_standby_clear	can_xcvr_standby_clear	can_xcvr_standby_clear	10	aa6b3750a8dd9c1e9adab7daf8ff7bcefdb99afe670a594160b29d95d6153963	already_named	unique_full_body_sha256
LF9C102P	0x1D2C02	LF9D012H	0x1DE9C6	FUN_001d2c02	FUN_001de9c6	FUN_001d2c02	8	aa7a4d15f4e6f7458c4dcb942b68677a9eb8bb5780bacf3ce01bc002091aaa21	source_unnamed	unique_full_body_sha256
LF9C102P	0x1A80C8	LF9D012H	0x1B3C9C	interp_1d_axis_u16_data_s16	interp_1d_axis_u16_data_s16	interp_1d_axis_u16_data_s16	134	aa984d8bd3d90a42f710ac21508e03758ee6815697c3cf4492ec29341778abb5	already_named	unique_full_body_sha256
LF9C102P	0xC17A0	LF9D012H	0xC9BE4	FUN_000c17a0	FUN_000c9be4	FUN_000c17a0	56	aab9eb8df50617a0f79d93d753b10df1d1959fd9e7281141251b6d400669e9b5	source_unnamed	unique_full_body_sha256
LF9C102P	0x6778	LF9D012H	0x6778	FUN_00006778	FUN_00006778	FUN_00006778	198	aac958d2dbe1dab9237247736893e655d91163d4483482d67f2f92ba02336f62	source_unnamed	unique_full_body_sha256
LF9C102P	0x993A8	LF9D012H	0xA31FC	sa_feistel_round_f	sa_feistel_round_f	sa_feistel_round_f	74	aadf8d4dd20d1c553d47733feaaad88e088cf14b5734b2a71821f56f91fc26bf	already_named	unique_full_body_sha256
LF9C102P	0x76934	LF9D012H	0x792F4	dtc_monitor_eval_b	dtc_monitor_eval_b	dtc_monitor_eval_b	524	ab3098e526ac88bdb110fa641babc6320c0644374ab06476a1cd8358e2dd15cb	already_named	unique_full_body_sha256
LF9C102P	0x6C748	LF9D012H	0x6EAE0	FUN_0006c748	FUN_0006eae0	FUN_0006c748	40	ab5c4433032f1a371ac0ee47a22905754d642baec9d99cce4f07804846dd21c6	source_unnamed	unique_full_body_sha256
LF9C102P	0x97B22	LF9D012H	0xA1976	FUN_00097b22	FUN_000a1976	FUN_00097b22	252	abb2c32d5cc83ba91d0a8412e4a05324f9907cb03266dfea03c408f10905192d	source_unnamed	unique_full_body_sha256
LF9C102P	0x17F16C	LF9D012H	0x189A1C	FUN_0017f16c	FUN_00189a1c	FUN_0017f16c	52	abe7c98847359c8b2979647377ee2197a0769f9aa8a1427c3ad05b2d231d5756	source_unnamed	unique_full_body_sha256
LF9C102P	0x1E6FB0	LF9D012H	0x1F407C	sdiv64_by_u16_wrapper	sdiv64_by_u16_wrapper	sdiv64_by_u16_wrapper	56	ac1a94529a988bc0dfe5ddbcf547830e91da78d3512ca2b38943a4de506686c3	already_named	unique_full_body_sha256
LF9C102P	0x9F52C	LF9D012H	0xA9454	FUN_0009f52c	FUN_000a9454	FUN_0009f52c	56	ac2382d2daa6cbd32dcf95bc611d48275c129f50804b9f5e3346776a640445ab	source_unnamed	unique_full_body_sha256
LF9C102P	0x141214	LF9D012H	0x14B394	FUN_00141214	FUN_0014b394	FUN_00141214	52	ac43105ffffd127800310bb35bbf50ccd942986317e7c6a4e0e4de7008f5c9e3	source_unnamed	unique_full_body_sha256
LF9C102P	0xA77AE	LF9D012H	0xAF97A	FUN_000a77ae	FUN_000af97a	FUN_000a77ae	96	ac72b5566c4d0048610cd5028e06a6de0fb9a0c7914f7f9570703a5b2e753970	source_unnamed	unique_full_body_sha256
LF9C102P	0x1196F8	LF9D012H	0x123624	FUN_001196f8	FUN_00123624	FUN_001196f8	98	aca48b964764e02df9079529353ed25a5e93054cf7aafe500f779ee1d87c740f	source_unnamed	unique_full_body_sha256
LF9C102P	0xAAA8C	LF9D012H	0xB2C58	FUN_000aaa8c	FUN_000b2c58	FUN_000aaa8c	346	aca8efc863603fc3e3f0213092107673b24c36519de052afcfbed2aaf269e4df	source_unnamed	unique_full_body_sha256
LF9C102P	0x1E3CFE	LF9D012H	0x1F0C8E	FUN_001e3cfe	FUN_001f0c8e	FUN_001e3cfe	14	acedd8909662836d112cfc713ca89f461a1a6b8bd98bccd65abf752455520d11	source_unnamed	unique_full_body_sha256
LF9C102P	0x86070	LF9D012H	0x88DE0	FUN_00086070	FUN_00088de0	FUN_00086070	44	ad236a867a335165570b066c34fffb42d649dec5af4231aa43dd76df46c87264	source_unnamed	unique_full_body_sha256
LF9C102P	0x1CBE3C	LF9D012H	0x1D7C00	cal_array_get_signed_byte	cal_array_get_signed_byte	cal_array_get_signed_byte	8	ad2b6005d2d23c2dda05cb61e9f151af3af6f5c4d2b0d76cf6a3032164a82f4f	already_named	unique_full_body_sha256
LF9C102P	0x6A5F0	LF9D012H	0x6C988	FUN_0006a5f0	FUN_0006c988	FUN_0006a5f0	164	ad2fadeb6cfc5b4c1d3bcecbf50fcf43c7922c98410074019626627b923b3721	source_unnamed	unique_full_body_sha256
LF9C102P	0x122894	LF9D012H	0x12C808	FUN_00122894	FUN_0012c808	FUN_00122894	98	ad3f202a37b84a3d0ef74496b129ab89c906d85240408788c3d8293a49b1db9b	source_unnamed	unique_full_body_sha256
LF9C102P	0xAE792	LF9D012H	0xB699A	FUN_000ae792	FUN_000b699a	FUN_000ae792	82	ad43ccea792f1710083177e4badfbfa4dd3190a6df3050d608ceaa2f313fe779	source_unnamed	unique_full_body_sha256
LF9C102P	0x1CBF14	LF9D012H	0x1D7CD8	FUN_001cbf14	FUN_001d7cd8	FUN_001cbf14	6	ad88f188d597549d3e2c7521b6c6e98faf96378cda79b5e2d875f3b44295e653	source_unnamed	unique_full_body_sha256
LF9C102P	0x14C31C	LF9D012H	0x156AB0	FUN_0014c31c	FUN_00156ab0	FUN_0014c31c	46	adbf279dfd988b94977d622be8254f065b9c304001ab51c14099b5792b95893f	source_unnamed	unique_full_body_sha256
LF9C102P	0x1CAE3A	LF9D012H	0x1D6BFE	FUN_001cae3a	FUN_001d6bfe	FUN_001cae3a	20	adc42a7f4da37bc9a49c936cbb336e5ae2578a88a7926f5bdec155c5057d52b3	source_unnamed	unique_full_body_sha256
LF9C102P	0x1CFB9A	LF9D012H	0x1DB95E	FUN_001cfb9a	FUN_001db95e	FUN_001cfb9a	54	adc6351d63ea3a7d020b3604e18d95391a4f3b1fbfaab0d43dc77314d824bdc3	source_unnamed	unique_full_body_sha256
LF9C102P	0x1E46E4	LF9D012H	0x1F1674	FUN_001e46e4	FUN_001f1674	FUN_001e46e4	10	adc7767b822cb560f18a1a74d764bbb3f188fdc5e64e7ddcc1ca426cc1d78ba0	source_unnamed	unique_full_body_sha256
LF9C102P	0x1D2F16	LF9D012H	0x1DECDA	adc_sensor_scale_a	adc_sensor_scale_a	adc_sensor_scale_a	128	ade5f6fa631c72c259cac8f24bba3305b944a01ec948d2449eb64ffb5f1a763f	already_named	unique_full_body_sha256
LF9C102P	0x6C100	LF9D012H	0x6E498	FUN_0006c100	FUN_0006e498	FUN_0006c100	160	adf866947e74e5eaf37a1f3aea9f3aef4f8a8787fe2edc00031876901cfb4f0e	source_unnamed	unique_full_body_sha256
LF9C102P	0x9D888	LF9D012H	0xA7794	FUN_0009d888	FUN_000a7794	FUN_0009d888	80	adffac14095f04f019f9fb2b396ba279b7fd10727eec662225ee25748290944b	source_unnamed	unique_full_body_sha256
LF9C102P	0x1D02E8	LF9D012H	0x1DC0AC	FUN_001d02e8	FUN_001dc0ac	FUN_001d02e8	10	ae29ce2adb628480124cd095bcf23f35c8ac16030e8f3dbd754cceffd967b83f	source_unnamed	unique_full_body_sha256
LF9C102P	0x709C0	LF9D012H	0x72D58	FUN_000709c0	FUN_00072d58	FUN_000709c0	82	ae4ab96b95d01ce6f7928828fee4c371f32bdfc1d076153d5282f021baca59f3	source_unnamed	unique_full_body_sha256
LF9C102P	0x1E6CC6	LF9D012H	0x1F3D92	FUN_001e6cc6	FUN_001f3d92	FUN_001e6cc6	24	ae5df7e03b63f76947391d251e5429f344df4b9de8eb07c53bcb4fd5f363ec3d	source_unnamed	unique_full_body_sha256
LF9C102P	0x94286	LF9D012H	0x9E0DA	FUN_00094286	FUN_0009e0da	FUN_00094286	360	ae96c4648c967ff3cf4c1c3f0c13bd0e722db4498fccfee5853a605b17169e5b	source_unnamed	unique_full_body_sha256
LF9C102P	0xB14F0	LF9D012H	0xB96F8	FUN_000b14f0	FUN_000b96f8	FUN_000b14f0	298	aeb34849312ab6ca938d4cbb2e34a2795683ccc1b335ebb2bffb304e2f383e8f	source_unnamed	unique_full_body_sha256
LF9C102P	0x6FD0	LF9D012H	0x6FD0	FUN_00006fd0	FUN_00006fd0	FUN_00006fd0	4	aed4b75ae7ccbb052f25fc0630859cf1d1c5f46462aba8eb2fe6e5f763d5aded	source_unnamed	unique_full_body_sha256
LF9C102P	0x6B746	LF9D012H	0x6DADE	FUN_0006b746	FUN_0006dade	FUN_0006b746	160	aef923ff0b75211c538e8e8086fd00922cb09efdcf02c05f6f638abca2602137	source_unnamed	unique_full_body_sha256
LF9C102P	0x1011C8	LF9D012H	0x10B1F4	FUN_001011c8	FUN_0010b1f4	FUN_001011c8	56	af522fc25073fe84d6b2d52ea5fa1c2572c7e49a347fc2b1b5a4d96066520e4f	source_unnamed	unique_full_body_sha256
LF9C102P	0x118D00	LF9D012H	0x122C2C	FUN_00118d00	FUN_00122c2c	FUN_00118d00	48	af845eec4620157025885e57e458ec56b8589f7f050ebfa8b48964734c20af8d	source_unnamed	unique_full_body_sha256
LF9C102P	0x87C42	LF9D012H	0x8A9B2	FUN_00087c42	FUN_0008a9b2	FUN_00087c42	8	af9a557c0575d19693e30c606d106dc08cbb58ccfcbf9e4d9d5b17d3a2d30438	source_unnamed	unique_full_body_sha256
LF9C102P	0x1CBE5E	LF9D012H	0x1D7C22	FUN_001cbe5e	FUN_001d7c22	FUN_001cbe5e	14	afdf084cc281c9c8462b0c2730d2e4be5a1c7151c9f1fa02e0641996f0c120be	source_unnamed	unique_full_body_sha256
LF9C102P	0x1CD6AA	LF9D012H	0x1D946E	FUN_001cd6aa	FUN_001d946e	FUN_001cd6aa	30	b0116b40e5e0e0ef69762fbb04cf03312c4d1d7cbe4c689aedaed5fef142941b	source_unnamed	unique_full_body_sha256
LF9C102P	0x1CEFAA	LF9D012H	0x1DAD6E	FUN_001cefaa	FUN_001dad6e	FUN_001cefaa	6	b03e0afc2b47906b9444eea818c3f8518724b86052301922f469c699a7ee45aa	source_unnamed	unique_full_body_sha256
LF9C102P	0x1CAE24	LF9D012H	0x1D6BE8	FUN_001cae24	FUN_001d6be8	FUN_001cae24	22	b04219fad3062cfb8c8ebdf19df2aad1556e3411749b52afdada576e32f51a28	source_unnamed	unique_full_body_sha256
LF9C102P	0x823DA	LF9D012H	0x8513E	FUN_000823da	FUN_0008513e	FUN_000823da	74	b0655034a40db7be6f54b8394e044650b281f5d617ae500b1221049c5b8fd895	source_unnamed	unique_full_body_sha256
LF9C102P	0x854D8	LF9D012H	0x88248	FUN_000854d8	FUN_00088248	FUN_000854d8	340	b06582819ef340cfeba4cf251ca28b369ddd9c8de7126c384a970d262815bc6a	source_unnamed	unique_full_body_sha256
LF9C102P	0x77E8	LF9D012H	0x78CC	FUN_000077e8	FUN_000078cc	FUN_000077e8	74	b07096437e88b8a739136b80a2f4dc9073cf42230a0129d3f53749a1f3096b58	source_unnamed	unique_full_body_sha256
LF9C102P	0xAE5B2	LF9D012H	0xB67BA	FUN_000ae5b2	FUN_000b67ba	FUN_000ae5b2	128	b078093a3a8eaecf85b06c199a73ecec12e7312ce2d0fb8c8526b13c07bc3263	source_unnamed	unique_full_body_sha256
LF9C102P	0x1D313A	LF9D012H	0x1DEEFE	sensor_output_latch_group	sensor_output_latch_group	sensor_output_latch_group	116	b08c9eb299ca3d4d397c0ddc271fca37bc71dc2c8acde1527ed4a31d1c82491f	already_named	unique_full_body_sha256
LF9C102P	0x6BF78	LF9D012H	0x6E310	FUN_0006bf78	FUN_0006e310	FUN_0006bf78	160	b094b701e40e2dcf7d659bffb47699609d13c9c248beb339c4fe83e745c399b4	source_unnamed	unique_full_body_sha256
LF9C102P	0x6AE74	LF9D012H	0x6D20C	FUN_0006ae74	FUN_0006d20c	FUN_0006ae74	48	b0a0e901491db4f97260bcf23bcffe025115c60d8bed6df5ce9260b7783a603c	source_unnamed	unique_full_body_sha256
LF9C102P	0x959C8	LF9D012H	0x9F81C	serial_comm_channel_init	serial_comm_channel_init	serial_comm_channel_init	288	b0cde2b7e4ca95a9757fd33db6fea13b55e0dfbb2285867f55e3766ec5ca01f5	already_named	unique_full_body_sha256
LF9C102P	0xA9142	LF9D012H	0xB130E	FUN_000a9142	FUN_000b130e	FUN_000a9142	68	b0f573f9fca7fd5c43c2686c99b1b3cb358bb8e09b0823d744ff3f9c99978ba2	source_unnamed	unique_full_body_sha256
LF9C102P	0xA72C8	LF9D012H	0xAF494	FUN_000a72c8	FUN_000af494	FUN_000a72c8	26	b0f7cde8a98a44ab8222e038b77bdd9dfe23245aa6b5951610e567545f92b6d7	source_unnamed	unique_full_body_sha256
LF9C102P	0x76EC	LF9D012H	0x77D0	FUN_000076ec	FUN_000077d0	FUN_000076ec	8	b0fd3391f63b0ff6c6ae1924304f8d35223ee4ce1f3088eeab42a29d3f935295	source_unnamed	unique_full_body_sha256
LF9C102P	0x1A06F0	LF9D012H	0x1ABA30	FUN_001a06f0	FUN_001aba30	FUN_001a06f0	94	b11393b5e70e87e8ece9e3fe979674cd8b819637f12186da13085829a65a6a03	source_unnamed	unique_full_body_sha256
LF9C102P	0x6D04A	LF9D012H	0x6F3E2	FUN_0006d04a	FUN_0006f3e2	FUN_0006d04a	84	b1397a7c4f1cc60a1e1c69d69b08a82a38d9ff644ec4b5e1665fe339ed744186	source_unnamed	unique_full_body_sha256
LF9C102P	0x1CBDC8	LF9D012H	0x1D7B8C	thunk_FUN_001cd7f2	thunk_FUN_001d95b6	thunk_FUN_001cd7f2	6	b13f698a36e8ed45829cf97cac9817032bc8e8ac47d03e8ae98c424a569491a5	source_unnamed	unique_full_body_sha256
LF9C102P	0x811DE	LF9D012H	0x83F42	FUN_000811de	FUN_00083f42	FUN_000811de	68	b15fde81b9e0bf1cf783af56e043fec9a069ebbaafb9c5c709cfa90db918deda	source_unnamed	unique_full_body_sha256
LF9C102P	0x6FDCA	LF9D012H	0x72162	FUN_0006fdca	FUN_00072162	FUN_0006fdca	76	b16507b2e53d742efecbadf1cc4c4de975f4f8b1a36bd2ce6df9d39492f4fbae	source_unnamed	unique_full_body_sha256
LF9C102P	0x1D028E	LF9D012H	0x1DC052	FUN_001d028e	FUN_001dc052	FUN_001d028e	10	b1db86796d5de395d66eb7116e004f05d0d4b33e31b858911058b64510df5497	source_unnamed	unique_full_body_sha256
LF9C102P	0x1E4CCA	LF9D012H	0x1F1C5A	FUN_001e4cca	FUN_001f1c5a	FUN_001e4cca	8	b1e088f4b9100f9284622443bd49ab284a0c0ae7cbdfefac291cee770fb22374	source_unnamed	unique_full_body_sha256
LF9C102P	0x684C	LF9D012H	0x684C	FUN_0000684c	FUN_0000684c	FUN_0000684c	218	b1faa4ec44496ac9067ffb97fbd15bc827abcc76b119047d6f0fc269678e88a7	source_unnamed	unique_full_body_sha256
LF9C102P	0x1BDB88	LF9D012H	0x1C9818	FUN_001bdb88	FUN_001c9818	FUN_001bdb88	474	b21626b4afc1ef0e75af86f284c038583580a0af11f64f11d4ad6e062db261a7	source_unnamed	unique_full_body_sha256
LF9C102P	0x1D297E	LF9D012H	0x1DE742	FUN_001d297e	FUN_001de742	FUN_001d297e	8	b219a8c4fc5319eb3d657009921d48fb0f13107c14796dd91b46faf2afad2d41	source_unnamed	unique_full_body_sha256
LF9C102P	0xD35AC	LF9D012H	0xDBD04	FUN_000d35ac	FUN_000dbd04	FUN_000d35ac	518	b21f16db34320464d1f7db079621a5ef867336ee890a72c8cc08c42706ba1828	source_unnamed	unique_full_body_sha256
LF9C102P	0xBF6DE	LF9D012H	0xC7A92	bitwise_invert_accumulate	bitwise_invert_accumulate	bitwise_invert_accumulate	56	b238a9a23fd2a87467c2892101f70675dc3294883c5e9f60524becf47ad15a87	already_named	unique_full_body_sha256
LF9C102P	0x19596C	LF9D012H	0x1A052C	FUN_0019596c	FUN_001a052c	FUN_0019596c	84	b2726fba88dff03c2fd7a88b82844ccef18c0940feb2e96ec70f67d66148a1b6	source_unnamed	unique_full_body_sha256
LF9C102P	0x6B580	LF9D012H	0x6D918	FUN_0006b580	FUN_0006d918	FUN_0006b580	58	b275419b60620b26e498faf8e9648ecdb60feff7e4ae1f58726dd6a7ab72ef75	source_unnamed	unique_full_body_sha256
LF9C102P	0x1440C4	LF9D012H	0x14E244	FUN_001440c4	FUN_0014e244	FUN_001440c4	42	b2800cd3349e8e97ddfad5c086738469790a5056c71d7130287366c82331295d	source_unnamed	unique_full_body_sha256
LF9C102P	0x1CDAE4	LF9D012H	0x1D98A8	FUN_001cdae4	FUN_001d98a8	FUN_001cdae4	32	b286cf22f60e3ea2a1896feb8c105c18ce5d1238fc45d725adc8d665fc7fe635	source_unnamed	unique_full_body_sha256
LF9C102P	0x11EA20	LF9D012H	0x128994	FUN_0011ea20	FUN_00128994	FUN_0011ea20	72	b2ae7acf336759234c33a2c3bbd5cb316709d5abe149f0c8d05df8b5f9e1a590	source_unnamed	unique_full_body_sha256
LF9C102P	0xDE274	LF9D012H	0xE6B5C	FUN_000de274	FUN_000e6b5c	FUN_000de274	40	b2f95b082ef33ded06140de289f97019da3bfcd7304a883d83353326ae057ba1	source_unnamed	unique_full_body_sha256
LF9C102P	0x1C9678	LF9D012H	0x1D532C	FUN_001c9678	FUN_001d532c	FUN_001c9678	30	b320c6ce1f3161044d27e786d046a88ea9b0b7ed73e4d9fa01d99971aa6bf8f9	source_unnamed	unique_full_body_sha256
LF9C102P	0x1E0120	LF9D012H	0x1EBF08	FUN_001e0120	FUN_001ebf08	FUN_001e0120	14	b327b70dcf0a11bc3f05a9ae1310b5d9ad18a030f0a0cd7d7885f5f946f12080	source_unnamed	unique_full_body_sha256
LF9C102P	0x1FD9F8	LF9D012H	0x27DB00	FUN_001fd9f8	FUN_0027db00	FUN_001fd9f8	80	b32a7491158a1e63a8ab045b29cc366f99492e9f37c6daa16a45bab62e71f704	source_unnamed	unique_full_body_sha256
LF9C102P	0x1C9950	LF9D012H	0x1D5604	FUN_001c9950	FUN_001d5604	FUN_001c9950	10	b33e6bbebe8b6bfdc6904bfe9d8f2230a290811a78e4265bd6c3d19b11cb1068	source_unnamed	unique_full_body_sha256
LF9C102P	0x17544C	LF9D012H	0x17FBD4	FUN_0017544c	FUN_0017fbd4	FUN_0017544c	58	b37545551fda26892960674541d532f099a3f99ff5236fd251027bd260a43c64	source_unnamed	unique_full_body_sha256
LF9C102P	0x1E4C14	LF9D012H	0x1F1BA4	FUN_001e4c14	FUN_001f1ba4	FUN_001e4c14	78	b39761f8241d47fc405eb82c9d5d5098bcf589a4175f97bbd4171ccf4bdc2ade	source_unnamed	unique_full_body_sha256
LF9C102P	0x1A8860	LF9D012H	0x1B4434	FUN_001a8860	FUN_001b4434	FUN_001a8860	68	b3a448cff6346721e30b5edc192a3d56210f315f09971101bb99d94f20276019	source_unnamed	unique_full_body_sha256
LF9C102P	0x13B8D0	LF9D012H	0x1459E4	FUN_0013b8d0	FUN_001459e4	FUN_0013b8d0	26	b3a658da1aac636b80961badfd085c7e875d2666a9e2b351c58625c369f1f6f7	source_unnamed	unique_full_body_sha256
LF9C102P	0x1CB332	LF9D012H	0x1D70F6	FUN_001cb332	FUN_001d70f6	FUN_001cb332	12	b3d38d438a7c159f2138e36918a93b044b308b2b9d171894bf98dc24cd516fb2	source_unnamed	unique_full_body_sha256
LF9C102P	0xADB98	LF9D012H	0xB5DA0	FUN_000adb98	FUN_000b5da0	FUN_000adb98	152	b3f0ad3bc63469cf429c432262eb91c1019ae1541f7da88e7acf7d8149698287	source_unnamed	unique_full_body_sha256
LF9C102P	0x1FEBD4	LF9D012H	0x27ECDC	state_action_timeout_scale	state_action_timeout_scale	state_action_timeout_scale	60	b415b37a722b5f80285f84d46e4e6c8dbbcda87af248936a635a6ed71205cbad	already_named	unique_full_body_sha256
LF9C102P	0x93F74	LF9D012H	0x9DDC8	FUN_00093f74	FUN_0009ddc8	FUN_00093f74	44	b450b769c61cb979db68b93194e4121881d493399ad0a99a59a39212a817b8a7	source_unnamed	unique_full_body_sha256
LF9C102P	0x18ED40	LF9D012H	0x1996F4	FUN_0018ed40	FUN_001996f4	FUN_0018ed40	34	b48e4a8a86147fda727f8ec943c9ae9839845ca585f8ee06d8fb0dbef0198034	source_unnamed	unique_full_body_sha256
LF9C102P	0x1D1764	LF9D012H	0x1DD528	FUN_001d1764	FUN_001dd528	FUN_001d1764	56	b4d1bfa20bed4f74c623c05451a3e8527da010afb3d7a73f27b36c265c5479de	source_unnamed	unique_full_body_sha256
LF9C102P	0x19FDF4	LF9D012H	0x1AAE10	FUN_0019fdf4	FUN_001aae10	FUN_0019fdf4	94	b4fe45c2b554cecbd0e7b4d0f18a410facfe3e74d7964ab44fea915ad8d19ee4	source_unnamed	unique_full_body_sha256
LF9C102P	0x1D02F2	LF9D012H	0x1DC0B6	FUN_001d02f2	FUN_001dc0b6	FUN_001d02f2	10	b52355e39360aaffd053ce26010a49c3de8ffd5f3539711cc972c007f5d2aea9	source_unnamed	unique_full_body_sha256
LF9C102P	0x6C958	LF9D012H	0x6ECF0	FUN_0006c958	FUN_0006ecf0	FUN_0006c958	40	b571a822fd42ec76058f87dad881199a712269880cd03e1e14ea7b5995b1596c	source_unnamed	unique_full_body_sha256
LF9C102P	0x7F524	LF9D012H	0x82084	FUN_0007f524	FUN_00082084	FUN_0007f524	84	b5997d4dc75829271d568b475b37a2ab1adec930500b1d28511259a22a9eb474	source_unnamed	unique_full_body_sha256
LF9C102P	0x87BD2	LF9D012H	0x8A942	FUN_00087bd2	FUN_0008a942	FUN_00087bd2	50	b59e720113fc383b878347a569623ebcf0d838ecd3b50a8676fb0deb241e6972	source_unnamed	unique_full_body_sha256
LF9C102P	0x7FB30	LF9D012H	0x82690	FUN_0007fb30	FUN_00082690	FUN_0007fb30	32	b5aac8512f2dfe841ea5b6e097ce09a60e4a661f8a04eb6208a24fab6b5ab86f	source_unnamed	unique_full_body_sha256
LF9C102P	0x1273E0	LF9D012H	0x1313BC	FUN_001273e0	FUN_001313bc	FUN_001273e0	32	b5b1e1d21b8cf9f84e979456afe35c84f57de617ab5148fd02cf254dd30c3379	source_unnamed	unique_full_body_sha256
LF9C102P	0x129658	LF9D012H	0x133678	FUN_00129658	FUN_00133678	FUN_00129658	34	b5f25e2f9206417618e3dfe7f27598bd4ac39ee931374bcd60b11d960d8c8ba6	source_unnamed	unique_full_body_sha256
LF9C102P	0x1CFF62	LF9D012H	0x1DBD26	FUN_001cff62	FUN_001dbd26	FUN_001cff62	44	b6156eef3a47f7499bd3cedb4ac0b5540c48bb5d40daeec2d597fb04f9a6f6bf	source_unnamed	unique_full_body_sha256
LF9C102P	0x78684	LF9D012H	0x7B044	FUN_00078684	FUN_0007b044	FUN_00078684	446	b644deef317855619204c8ab452cbe3d70263ceb896037b89f800018fea6dfdf	source_unnamed	unique_full_body_sha256
LF9C102P	0x1CBF00	LF9D012H	0x1D7CC4	FUN_001cbf00	FUN_001d7cc4	FUN_001cbf00	8	b65c79193c70a210f1d7f9c5545dc2c22a1ecbe5a738cb23c4b0289ef97c094a	source_unnamed	unique_full_body_sha256
LF9C102P	0x14754C	LF9D012H	0x151A5C	FUN_0014754c	FUN_00151a5c	FUN_0014754c	142	b68bca3474f08983c847cd5d652209d767ea18ab4db1eaead6b58ce924df66df	source_unnamed	unique_full_body_sha256
LF9C102P	0xDE8AC	LF9D012H	0xE7194	FUN_000de8ac	FUN_000e7194	FUN_000de8ac	118	b699e29d5980e562da4400db0dbcfc04ab4af00a5e111d9e0f559cfa18416023	source_unnamed	unique_full_body_sha256
LF9C102P	0xA34A0	LF9D012H	0xAB66C	FUN_000a34a0	FUN_000ab66c	FUN_000a34a0	34	b6e7b3a158be3f53e4caad738e444bdd4c07e2effb9e54adbab6bb0303c20cc6	source_unnamed	unique_full_body_sha256
LF9C102P	0x1D1DB8	LF9D012H	0x1DDB7C	build_frame_gear_state	build_frame_gear_state	build_frame_gear_state	378	b6ee420e1447de79452898030c0e05a0c27429ff306e0b7a0fb60e8570561a8d	already_named	unique_full_body_sha256
LF9C102P	0x1412E0	LF9D012H	0x14B460	FUN_001412e0	FUN_0014b460	FUN_001412e0	36	b6fd94bf003aebb2939bf5f5b95368de319af2056578e58256bf2c97f0360a86	source_unnamed	unique_full_body_sha256
LF9C102P	0x75796	LF9D012H	0x78156	FUN_00075796	FUN_00078156	FUN_00075796	178	b751d2755e56d24941e4a83ac9e2d89e09817b8de87b54746fd5db9d5275d6f1	source_unnamed	unique_full_body_sha256
LF9C102P	0x1E797C	LF9D012H	0x1F4A48	negate_int64	negate_int64	negate_int64	26	b76e9d0563a884af3f404b89626a8a4257bf75327b84f0a8b01f3745c9447a1b	already_named	unique_full_body_sha256
LF9C102P	0xAEF4C	LF9D012H	0xB7154	FUN_000aef4c	FUN_000b7154	FUN_000aef4c	10	b79e2655e81514e71fa79c345607d644b82e44ffd55a38c323058b2cec9056ea	source_unnamed	unique_full_body_sha256
LF9C102P	0xAFB82	LF9D012H	0xB7D8A	FUN_000afb82	FUN_000b7d8a	FUN_000afb82	38	b7a205376f472f9c5faa2f101b08fab82f83756a10ed9bfeedb8b1118136fd9e	source_unnamed	unique_full_body_sha256
LF9C102P	0xCB36C	LF9D012H	0xD3A18	FUN_000cb36c	FUN_000d3a18	FUN_000cb36c	58	b7c05706531ac5f613aab219eb2196629c4122b6355485bc62c6bc3603ac8fce	source_unnamed	unique_full_body_sha256
LF9C102P	0x1CBD54	LF9D012H	0x1D7B18	FUN_001cbd54	FUN_001d7b18	FUN_001cbd54	6	b7da35c392bfa545589231efda40044c5451f27c4738e47fd3c3d53a3a94ef68	source_unnamed	unique_full_body_sha256
LF9C102P	0xE314C	LF9D012H	0xEBA34	FUN_000e314c	FUN_000eba34	FUN_000e314c	16	b8066f778dda0b6dd02e0a1c6523c01c338e1eca27b300357cd74c0cf24345d5	source_unnamed	unique_full_body_sha256
LF9C102P	0x13DA94	LF9D012H	0x147BE8	FUN_0013da94	FUN_00147be8	FUN_0013da94	108	b808d7670fd1b5300955ff43371170e55932a25a6010810bd08d2b718a31a498	source_unnamed	unique_full_body_sha256
LF9C102P	0x1D4B32	LF9D012H	0x1E08F6	FUN_001d4b32	FUN_001e08f6	FUN_001d4b32	88	b81e423a9e924b23c398e9b2bc5578e6f922ff897914fecb0bf8e76a28e07425	source_unnamed	unique_full_body_sha256
LF9C102P	0x1E3400	LF9D012H	0x1F0390	FUN_001e3400	FUN_001f0390	FUN_001e3400	10	b82701768a0f46c216854ea98e4f39cf42892593f048a93f32f7a2d7d28f5ea8	source_unnamed	unique_full_body_sha256
LF9C102P	0x1220E8	LF9D012H	0x12C05C	FUN_001220e8	FUN_0012c05c	FUN_001220e8	110	b8285d9b35a32c8beea1a834ae79d9b24c58ac132c6081cbd47b04d10d8cd4a2	source_unnamed	unique_full_body_sha256
LF9C102P	0x1CBD60	LF9D012H	0x1D7B24	thunk_FUN_001ceac0	thunk_FUN_001da884	thunk_FUN_001ceac0	6	b828705e44974e8e08ed31d317171ddedb5c52db096025ed1900c61878cdc469	source_unnamed	unique_full_body_sha256
LF9C102P	0x76C8	LF9D012H	0x77AC	FUN_000076c8	FUN_000077ac	FUN_000076c8	14	b83cc327afc1065c0d3a43a902f86050b1e90724211ef9159867566a096d64aa	source_unnamed	unique_full_body_sha256
LF9C102P	0xDBBB4	LF9D012H	0xE449C	FUN_000dbbb4	FUN_000e449c	FUN_000dbbb4	164	b84fb9e33cf48e6626e918f2d9286106e7616280b568e038deec845af0a7edbd	source_unnamed	unique_full_body_sha256
LF9C102P	0x1041D0	LF9D012H	0x10E204	FUN_001041d0	FUN_0010e204	FUN_001041d0	62	b860bcc51c4cc4fb0b0766bf99ff66f57422c7baaf419ef9014e89a594d15a69	source_unnamed	unique_full_body_sha256
LF9C102P	0xA64F0	LF9D012H	0xAE6BC	FUN_000a64f0	FUN_000ae6bc	FUN_000a64f0	566	b871e0cec3119ce4043a4143d1bfe7c2bc136a2592975c070a6760055f2a1a45	source_unnamed	unique_full_body_sha256
LF9C102P	0x1C0810	LF9D012H	0x1CC4A0	FUN_001c0810	FUN_001cc4a0	FUN_001c0810	402	b880619a92c184dc4719a6c3d358a39e85ad20b27674c7400abbc94a130c84a1	source_unnamed	unique_full_body_sha256
LF9C102P	0x1447CC	LF9D012H	0x14E94C	FUN_001447cc	FUN_0014e94c	FUN_001447cc	58	b89e758c43339131bffb3a3cf3c67b5a1097b0bb64fc8db090a454381c589dbf	source_unnamed	unique_full_body_sha256
LF9C102P	0x1249B4	LF9D012H	0x12E968	FUN_001249b4	FUN_0012e968	FUN_001249b4	30	b8a0f3abd18862d278e096cdeb4bed307fc62d0f6eab289dcc4fc9b5b6442d6f	source_unnamed	unique_full_body_sha256
LF9C102P	0x1815C8	LF9D012H	0x18BE78	FUN_001815c8	FUN_0018be78	FUN_001815c8	142	b8adbb7fd72dc2f33aaae0a4f893dc0760d403708dcb76847e3dcb04d92de6bf	source_unnamed	unique_full_body_sha256
LF9C102P	0x1D5B22	LF9D012H	0x1E18E6	FUN_001d5b22	FUN_001e18e6	FUN_001d5b22	22	b8b87f5511e00dd3b06e3cb1cf803af7d8078816a0de38fb646c2ca4a10d484a	source_unnamed	unique_full_body_sha256
LF9C102P	0x1FEC64	LF9D012H	0x27ED6C	FUN_001fec64	FUN_0027ed6c	FUN_001fec64	52	b8c3beef1ae9eee6ae12bfaf5014897a7dbc3a3b9c7be6780e1f197e9e9455dd	source_unnamed	unique_full_body_sha256
LF9C102P	0x1754AC	LF9D012H	0x17FC34	FUN_001754ac	FUN_0017fc34	FUN_001754ac	36	b9032505814b73e72feb5ab7e6088dbacbc33484c442e26b0ae78ec1c73ad315	source_unnamed	unique_full_body_sha256
LF9C102P	0x1E3988	LF9D012H	0x1F0918	FUN_001e3988	FUN_001f0918	FUN_001e3988	82	b969c3cc5091028cdb6bc0f087abe6156ef905cd7f8cdc561355192ed921eeb5	source_unnamed	unique_full_body_sha256
LF9C102P	0x1D6170	LF9D012H	0x1E1F34	FUN_001d6170	FUN_001e1f34	FUN_001d6170	30	b980a3bf5e1163b939b415d543e0a4fd1de3cfc71806d2256ffcb70bec347ab9	source_unnamed	unique_full_body_sha256
LF9C102P	0x6E2BE	LF9D012H	0x70656	FUN_0006e2be	FUN_00070656	FUN_0006e2be	58	b99a72911ac5c1113966fd425e9fd78037f9f157badde3657af2432d38789169	source_unnamed	unique_full_body_sha256
LF9C102P	0x6B038	LF9D012H	0x6D3D0	FUN_0006b038	FUN_0006d3d0	FUN_0006b038	48	ba0deebad7bdbc2a8284a1643fddd47880f605b34a95f441ac4406973713a39f	source_unnamed	unique_full_body_sha256
LF9C102P	0x1C93F6	LF9D012H	0x1D50AA	FUN_001c93f6	FUN_001d50aa	FUN_001c93f6	66	ba495caa625c57624942f98dc97452fbf4461ed41277f6969ed772d74c6d607d	source_unnamed	unique_full_body_sha256
LF9C102P	0x1CB002	LF9D012H	0x1D6DC6	FUN_001cb002	FUN_001d6dc6	FUN_001cb002	8	ba669cf77a046f91f965272877a43df2a3374a71ca9a9201be2f3cf3eb22dc6c	source_unnamed	unique_full_body_sha256
LF9C102P	0x1D5B10	LF9D012H	0x1E18D4	FUN_001d5b10	FUN_001e18d4	FUN_001d5b10	18	ba6cdb6fba20d9d2ffb3fcef3e62ef45a02f8fecafbb1f140fe9257eb54d84fd	source_unnamed	unique_full_body_sha256
LF9C102P	0x991FA	LF9D012H	0xA304E	FUN_000991fa	FUN_000a304e	FUN_000991fa	22	baa67379e77885f44bfd2183c0c64b1f78662b95a1ac2eb9f65bb0075c10ffd1	source_unnamed	unique_full_body_sha256
LF9C102P	0x8609C	LF9D012H	0x88E0C	FUN_0008609c	FUN_00088e0c	FUN_0008609c	22	bad27e213378a89138b092381ba3a965e6aa4d2fc81b78a6378b6f41c39b3799	source_unnamed	unique_full_body_sha256
LF9C102P	0x174D30	LF9D012H	0x17F428	FUN_00174d30	FUN_0017f428	FUN_00174d30	18	bad7d9620c2055b850870e59ff4e44282ed187f7be51b059d57802923b4801ed	source_unnamed	unique_full_body_sha256
LF9C102P	0x822B2	LF9D012H	0x85016	FUN_000822b2	FUN_00085016	FUN_000822b2	32	bb3580f874887b7161b4c84a05410ec84f0c0b2ef055fe98784501f6c3957647	source_unnamed	unique_full_body_sha256
LF9C102P	0x7555E	LF9D012H	0x77F1E	FUN_0007555e	FUN_00077f1e	FUN_0007555e	24	bb88d2c262a0ab8b9dce2fbef807deee8111f085d2225eee335ed030e93ccc11	source_unnamed	unique_full_body_sha256
LF9C102P	0x820BC	LF9D012H	0x84E20	FUN_000820bc	FUN_00084e20	FUN_000820bc	100	bb924c8e406b2585c5cb5c4d935d61c29d7c11983f01ee7b98838d8e4e114a0e	source_unnamed	unique_full_body_sha256
LF9C102P	0x1C1104	LF9D012H	0x1CCD94	FUN_001c1104	FUN_001ccd94	FUN_001c1104	10	bbc7db15a11b226d5aef6f1b0fc5d50137097206094605e9187591ece3249a51	source_unnamed	unique_full_body_sha256
LF9C102P	0x1CACA4	LF9D012H	0x1D6A68	FUN_001caca4	FUN_001d6a68	FUN_001caca4	10	bbe62114c74d40f9874d6242d8ab5c7c00431e10f16b8363cfe5c79444a491c1	source_unnamed	unique_full_body_sha256
LF9C102P	0x861FE	LF9D012H	0x88F6E	FUN_000861fe	FUN_00088f6e	FUN_000861fe	34	bbf01d21e5a8ab1ad57647ecbe329392c58ae3fcdae0aed23ce5431c15a11ab0	source_unnamed	unique_full_body_sha256
LF9C102P	0x130AE8	LF9D012H	0x13ABFC	FUN_00130ae8	FUN_0013abfc	FUN_00130ae8	18	bc362c6a6d105ea960447489e960f8e1dff0bbaa7ce91257ba4e7a3a5e6af41d	source_unnamed	unique_full_body_sha256
LF9C102P	0x99444	LF9D012H	0xA3298	sa_sbox_substitute_5bit	sa_sbox_substitute_5bit	sa_sbox_substitute_5bit	172	bc487d9d34b9c1f5bb096a7a31086e993099e166d6857a8415703d61b2e5c310	already_named	unique_full_body_sha256
LF9C102P	0x1E33F6	LF9D012H	0x1F0386	FUN_001e33f6	FUN_001f0386	FUN_001e33f6	10	bc59f7f402505000dec0f5b2d9e4bc0745adaee554bbeb2d8ea85e2a4789051b	source_unnamed	unique_full_body_sha256
LF9C102P	0xAEDE6	LF9D012H	0xB6FEE	FUN_000aede6	FUN_000b6fee	FUN_000aede6	66	bcb657d3de70f314ff7acf419deb8d439d373cbd39504908511d278e42744c33	source_unnamed	unique_full_body_sha256
LF9C102P	0x80000	LF9D012H	0x82B60	FUN_00080000	FUN_00082b60	FUN_00080000	216	bd391db0f564a7a5749877c628d1101753518aa8adf89244398120d3cce725c6	source_unnamed	unique_full_body_sha256
LF9C102P	0x1CEE24	LF9D012H	0x1DABE8	FUN_001cee24	FUN_001dabe8	FUN_001cee24	10	bd6fd2e0c0dfde20aed48f29d41ad8f13463f91720f852f3dffa8929458d094d	source_unnamed	unique_full_body_sha256
LF9C102P	0x12ED50	LF9D012H	0x138E64	FUN_0012ed50	FUN_00138e64	FUN_0012ed50	22	bd727ec7a1a3883abf66959e17c1568c109d9f21ad9e775f381b779dc978c5f6	source_unnamed	unique_full_body_sha256
LF9C102P	0x6F98	LF9D012H	0x6F98	FUN_00006f98	FUN_00006f98	FUN_00006f98	24	bd9d44c3bcd2e2561a3ed1394706278cadb58a08dc3f450982771b826b27c4ae	source_unnamed	unique_full_body_sha256
LF9C102P	0x1D761A	LF9D012H	0x1E33DE	FUN_001d761a	FUN_001e33de	FUN_001d761a	114	bdcdbad5be5a9d7bb77ef9b1491b865c58e6860d5ec39f89e7a93cf2ab9871a6	source_unnamed	unique_full_body_sha256
LF9C102P	0x1CFD64	LF9D012H	0x1DBB28	FUN_001cfd64	FUN_001dbb28	FUN_001cfd64	52	bddbd934cc5ec64fc512ab15667ee490950c7344f2d73611fa463423686a91a4	source_unnamed	unique_full_body_sha256
LF9C102P	0x837B0	LF9D012H	0x86514	FUN_000837b0	FUN_00086514	FUN_000837b0	92	bdfb0de726d49d1bcaa072ed301c6b6205655743ce4a5c730ef949932aa17c3d	source_unnamed	unique_full_body_sha256
LF9C102P	0x1AD33C	LF9D012H	0x1B8F10	FUN_001ad33c	FUN_001b8f10	FUN_001ad33c	290	be236497216d7419bb36ce761463fdf8d74b019f7a302763ad131d8529ee8fed	source_unnamed	unique_full_body_sha256
LF9C102P	0x119760	LF9D012H	0x12368C	FUN_00119760	FUN_0012368c	FUN_00119760	40	be3ab464f06b12652058b9dee14b68ceb2f1d15325fccf76e64f8473a6f3fc51	source_unnamed	unique_full_body_sha256
LF9C102P	0x149DEC	LF9D012H	0x154580	FUN_00149dec	FUN_00154580	FUN_00149dec	54	be4209a341d4981993c7aeb51c8f83c17ce36282876f07d2a5b9778fcbdf7217	source_unnamed	unique_full_body_sha256
LF9C102P	0x138E4C	LF9D012H	0x142F60	FUN_00138e4c	FUN_00142f60	FUN_00138e4c	76	be45e1331d33b3a377a0f89f43f1910158ef96891c77e82dc1e1e9fd08dc9c22	source_unnamed	unique_full_body_sha256
LF9C102P	0x1D386C	LF9D012H	0x1DF630	FUN_001d386c	FUN_001df630	FUN_001d386c	162	be469d4c2414f1137e78e175a2486d460859e98f1d7c731610c643b4a5c2c67b	source_unnamed	unique_full_body_sha256
LF9C102P	0x1C707C	LF9D012H	0x1D2D30	stream_reader_begin	stream_reader_begin	stream_reader_begin	38	be5a37011d87fac9db97279d77e6d06096e67ee3f6fb22ccea3bf09bac93f7a2	already_named	unique_full_body_sha256
LF9C102P	0x1E703C	LF9D012H	0x1F4108	task_activate_and_check	task_activate_and_check	task_activate_and_check	258	be7ffc3e3e8e90349cbc3ded95680d690ba1fdc6922dd3b582aa2ca24c1e387e	already_named	unique_full_body_sha256
LF9C102P	0x1B7750	LF9D012H	0x1C33D0	FUN_001b7750	FUN_001c33d0	FUN_001b7750	76	be89aa184df7b66bc5f090f11b13b588ef19d43ef8c7b85ded1fb9e91de7a935	source_unnamed	unique_full_body_sha256
LF9C102P	0xA035A	LF9D012H	0xAA282	FUN_000a035a	FUN_000aa282	FUN_000a035a	42	bea7b2324ea58272ad22df3c1ba235ee24c71ecbad162cd94608f16e3287f569	source_unnamed	unique_full_body_sha256
LF9C102P	0x1D8EBA	LF9D012H	0x1E4C8E	FUN_001d8eba	FUN_001e4c8e	FUN_001d8eba	28	beaea2e9327ebff08f03fcfe62df5068595a371dcfdbbd8fede6dd6388c42b97	source_unnamed	unique_full_body_sha256
LF9C102P	0x1271DC	LF9D012H	0x1311B8	FUN_001271dc	FUN_001311b8	FUN_001271dc	24	bed886b60f1f6a500b2eed78649dcf47cd07fa32aa1c2a9ae7a585c25fe4f4cd	source_unnamed	unique_full_body_sha256
LF9C102P	0x6FFCE	LF9D012H	0x72366	FUN_0006ffce	FUN_00072366	FUN_0006ffce	74	bf01c9a067c3f91e7f0212633008739d7347f3e02869acc17f7aa0ce59c7e260	source_unnamed	unique_full_body_sha256
LF9C102P	0x870CA	LF9D012H	0x89E3A	FUN_000870ca	FUN_00089e3a	FUN_000870ca	98	bf766c852e238c4f359abd576ff464639d0e139c2517bd3b0f0be61189001cf0	source_unnamed	unique_full_body_sha256
LF9C102P	0x14784C	LF9D012H	0x151D5C	FUN_0014784c	FUN_00151d5c	FUN_0014784c	50	bfb01b87b56184adb9cbbd680374d891b43a6718c9d3e0099ff67d9feab10de0	source_unnamed	unique_full_body_sha256
LF9C102P	0x9D922	LF9D012H	0xA782E	FUN_0009d922	FUN_000a782e	FUN_0009d922	22	bff82f44c20091ec1715557f9ffcc06ed7a84d08e077cec9716d6651ad0536df	source_unnamed	unique_full_body_sha256
LF9C102P	0x1D57E8	LF9D012H	0x1E15AC	FUN_001d57e8	FUN_001e15ac	FUN_001d57e8	162	c01eb27d8311cb0123e045fc879a716082747f19f1953292998f016a275d29f2	source_unnamed	unique_full_body_sha256
LF9C102P	0x1A9380	LF9D012H	0x1B4F54	FUN_001a9380	FUN_001b4f54	FUN_001a9380	272	c052683555b76df609d71e1c4c60aa17dc248456208194d7d612519d83e94c91	source_unnamed	unique_full_body_sha256
LF9C102P	0x1E4738	LF9D012H	0x1F16C8	FUN_001e4738	FUN_001f16c8	FUN_001e4738	18	c0af8147c712d1dc1331cecf15ac5d9157a24afb80755a2ad98da047dbd78427	source_unnamed	unique_full_body_sha256
LF9C102P	0x1E48AC	LF9D012H	0x1F183C	FUN_001e48ac	FUN_001f183c	FUN_001e48ac	30	c0bb5fdb9238b6b675d643b8530c53aa167986903a03d49a2127da78ae12f57e	source_unnamed	unique_full_body_sha256
LF9C102P	0x83B86	LF9D012H	0x868EA	FUN_00083b86	FUN_000868ea	FUN_00083b86	88	c0f1bfa9adb9bceff76a617fc01b097230a498d1369f7c81011d526f871b3c41	source_unnamed	unique_full_body_sha256
LF9C102P	0x1D3C34	LF9D012H	0x1DF9F8	FUN_001d3c34	FUN_001df9f8	FUN_001d3c34	70	c1129ab642d6b3e41c0f7fd4ea2ddedb7d994018bb855182b1fb0b5e13f9a603	source_unnamed	unique_full_body_sha256
LF9C102P	0x863E0	LF9D012H	0x89150	FUN_000863e0	FUN_00089150	FUN_000863e0	44	c11bc97805bd3c564a8d076ce8f2320d655ed54547ee10bae1396741792b73c1	source_unnamed	unique_full_body_sha256
LF9C102P	0x1D5CE4	LF9D012H	0x1E1AA8	FUN_001d5ce4	FUN_001e1aa8	FUN_001d5ce4	40	c141c1ae1799f6538fc50a73ea97e78f84069ddfdd78e4b3315ed40fa77efff5	source_unnamed	unique_full_body_sha256
LF9C102P	0xA0C8E	LF9D012H	0xAABB6	FUN_000a0c8e	FUN_000aabb6	FUN_000a0c8e	66	c14690ce44ab0b3c0ae327521d6db94d3dd0ebabd142c384331f3b54ba54117d	source_unnamed	unique_full_body_sha256
LF9C102P	0x1FCF1C	LF9D012H	0x27D024	FUN_001fcf1c	FUN_0027d024	FUN_001fcf1c	26	c18edb7034c636e1df7d7083d620396b3e967eb67a15ff7105bf50d8ffca1bca	source_unnamed	unique_full_body_sha256
LF9C102P	0x16E62C	LF9D012H	0x178DE0	FUN_0016e62c	FUN_00178de0	FUN_0016e62c	54	c1bb914627591ad0da5da62381086673e4fb6c394ef01326a097e27a9fbd3183	source_unnamed	unique_full_body_sha256
LF9C102P	0x127AD8	LF9D012H	0x131AB4	FUN_00127ad8	FUN_00131ab4	FUN_00127ad8	18	c1bda127b9fa7002754cd450e3a3a20a2647e305d9c66d9a2f24029ace926a6b	source_unnamed	unique_full_body_sha256
LF9C102P	0x1CEF64	LF9D012H	0x1DAD28	FUN_001cef64	FUN_001dad28	FUN_001cef64	44	c1d04cf15113532cda3222231c5311d43b9f15dda6561acad93e164f92f4a16f	source_unnamed	unique_full_body_sha256
LF9C102P	0xAA15E	LF9D012H	0xB232A	FUN_000aa15e	FUN_000b232a	FUN_000aa15e	92	c1efad10ca00f0b42dc3184c60bc7de7b477a57b14bf3a3ce0a18d0449fae126	source_unnamed	unique_full_body_sha256
LF9C102P	0x1A915C	LF9D012H	0x1B4D30	FUN_001a915c	FUN_001b4d30	FUN_001a915c	276	c1f78a947500528e59e69fe170c22d3cc11709728ae72595916def66fea99603	source_unnamed	unique_full_body_sha256
LF9C102P	0x81F82	LF9D012H	0x84CE6	FUN_00081f82	FUN_00084ce6	FUN_00081f82	10	c204f935a1d4e4d037a6e9c611f1bcc137b267d60f34f2e5d57aa411472242db	source_unnamed	unique_full_body_sha256
LF9C102P	0x1CBE7A	LF9D012H	0x1D7C3E	FUN_001cbe7a	FUN_001d7c3e	FUN_001cbe7a	10	c21b945519ff2da73d5e5deda7bcb9c01c4c03c065a342e46ee4e12148fb9854	source_unnamed	unique_full_body_sha256
LF9C102P	0x1103B8	LF9D012H	0x11A2D4	FUN_001103b8	FUN_0011a2d4	FUN_001103b8	32	c21ef79f857c7fd9965df581c35071e2a6b218e077d58ed95fa669143df26ddb	source_unnamed	unique_full_body_sha256
LF9C102P	0x1E8194	LF9D012H	0x1F5260	FUN_001e8194	FUN_001f5260	FUN_001e8194	122	c254cf093035fdf87f6d46d5b9f70de8c68d1905bee3fe607229f3b16349bc37	source_unnamed	unique_full_body_sha256
LF9C102P	0xB950C	LF9D012H	0xC1690	FUN_000b950c	FUN_000c1690	FUN_000b950c	14	c258e70e36b2a4d843366e1181d0de2f0f9531cda1face53d11f4651c5064021	source_unnamed	unique_full_body_sha256
LF9C102P	0x1FE910	LF9D012H	0x27EA18	FUN_001fe910	FUN_0027ea18	FUN_001fe910	88	c25b196c0cb1d6cfb80ba203831c622735d7e31122680688e789c29683b780d6	source_unnamed	unique_full_body_sha256
LF9C102P	0x1D02FC	LF9D012H	0x1DC0C0	FUN_001d02fc	FUN_001dc0c0	FUN_001d02fc	10	c284346f6c7fb53b83f94bc227316cfdac64a0956b4b5f5efdb1dfccbc5ead99	source_unnamed	unique_full_body_sha256
LF9C102P	0x12737C	LF9D012H	0x131358	FUN_0012737c	FUN_00131358	FUN_0012737c	14	c2e32233ec41e022891e7fa5ef6d0bf888b570a4e8315eb8ef2eb5a2fa5237f0	source_unnamed	unique_full_body_sha256
LF9C102P	0x1D562C	LF9D012H	0x1E13F0	FUN_001d562c	FUN_001e13f0	FUN_001d562c	110	c2ea630ac16a8100232ae2a4e129ab7a6725ce0d4aa25d7a647d399c70dd8a8c	source_unnamed	unique_full_body_sha256
LF9C102P	0x1E4B70	LF9D012H	0x1F1B00	FUN_001e4b70	FUN_001f1b00	FUN_001e4b70	86	c35f6ada26d18d8f1cf06cb519bfffd6fb686eaadd2b644907d042a40de9a8b7	source_unnamed	unique_full_body_sha256
LF9C102P	0x1CB424	LF9D012H	0x1D71E8	FUN_001cb424	FUN_001d71e8	FUN_001cb424	134	c3694985b75749c707be9d9ca2677d87ec94b6b2cde1edec510bb0ecd383b99c	source_unnamed	unique_full_body_sha256
LF9C102P	0x150EC8	LF9D012H	0x15B65C	FUN_00150ec8	FUN_0015b65c	FUN_00150ec8	24	c37f4bdb8f896a561f750a63c4328995500f9ee87be632c268ac3122e025620e	source_unnamed	unique_full_body_sha256
LF9C102P	0x1C10D4	LF9D012H	0x1CCD64	FUN_001c10d4	FUN_001ccd64	FUN_001c10d4	10	c3ac38c114def277a526cf6bd15743ec652a4492ae9d5eaf30c1a98a7977c1b4	source_unnamed	unique_full_body_sha256
LF9C102P	0x14700C	LF9D012H	0x15151C	FUN_0014700c	FUN_0015151c	FUN_0014700c	42	c3c1f81b14ee052f0eda2754eb45b8d83063c46efa46135829b0b196a220dba7	source_unnamed	unique_full_body_sha256
LF9C102P	0x1D27A4	LF9D012H	0x1DE568	FUN_001d27a4	FUN_001de568	FUN_001d27a4	6	c3ca483aef6e1bd20742c8c15449ae0b942178f965a1c61fbaa775d649d10c31	source_unnamed	unique_full_body_sha256
LF9C102P	0x14BF78	LF9D012H	0x15670C	FUN_0014bf78	FUN_0015670c	FUN_0014bf78	48	c3d91fbcb3a6fd2a79988fcf0f1a379bab6584320df345fac5da6e3dcc13e5c8	source_unnamed	unique_full_body_sha256
LF9C102P	0x1A8648	LF9D012H	0x1B421C	FUN_001a8648	FUN_001b421c	FUN_001a8648	124	c3e3654f67f80146e19397f16d38c25d4ac5ba60ed06c06f3b70167d5d036c02	source_unnamed	unique_full_body_sha256
LF9C102P	0xF25E8	LF9D012H	0xFB88C	FUN_000f25e8	FUN_000fb88c	FUN_000f25e8	30	c418be1299df15ca39571892f0bca5210327aa0e60df16a1a9538f120e16dd7d	source_unnamed	unique_full_body_sha256
LF9C102P	0x1CAE4E	LF9D012H	0x1D6C12	FUN_001cae4e	FUN_001d6c12	FUN_001cae4e	20	c42888c3b68f91d9f35a77156d831e019a79699b6e3d18b25acad933634b1e5f	source_unnamed	unique_full_body_sha256
LF9C102P	0x878A0	LF9D012H	0x8A610	FUN_000878a0	FUN_0008a610	FUN_000878a0	60	c450ad6ddea9766fc0ea2976edffb9e5227f3cde16fa4981e766a95861bb9b80	source_unnamed	unique_full_body_sha256
LF9C102P	0x1D77E0	LF9D012H	0x1E35A4	FUN_001d77e0	FUN_001e35a4	FUN_001d77e0	188	c455afe189657664d9e3eaeb557d53cce6c3e5fa496c97c7d450641e320c4f85	source_unnamed	unique_full_body_sha256
LF9C102P	0x1D8DFC	LF9D012H	0x1E4BD0	FUN_001d8dfc	FUN_001e4bd0	FUN_001d8dfc	82	c496153e1256ed3372886a9da1bf465868ff0b2c5d1a353b87aeeb91f183fc3e	source_unnamed	unique_full_body_sha256
LF9C102P	0x129628	LF9D012H	0x133648	FUN_00129628	FUN_00133648	FUN_00129628	46	c4a59d8ae296afb14b22296fb0535979aa05523c911a05397095cbacc64f7a06	source_unnamed	unique_full_body_sha256
LF9C102P	0x1CB196	LF9D012H	0x1D6F5A	FUN_001cb196	FUN_001d6f5a	FUN_001cb196	14	c4b7b13f40dcfe90a29cd953da9b5b5dd8a3b73cae807c7200dbdcff2d1eaa9c	source_unnamed	unique_full_body_sha256
LF9C102P	0x12C4BC	LF9D012H	0x1365D0	FUN_0012c4bc	FUN_001365d0	FUN_0012c4bc	38	c4cd8426331ad33aaba4bdcd629f1e4bc948fcb515b0264ef140fc10fd901c5d	source_unnamed	unique_full_body_sha256
LF9C102P	0x99CB4	LF9D012H	0xA3B08	FUN_00099cb4	FUN_000a3b08	FUN_00099cb4	92	c525f2bc8d664344844d5637f089ecf2894edb289e9a7576917c4bc88b81c67a	source_unnamed	unique_full_body_sha256
LF9C102P	0x14BD30	LF9D012H	0x1564C4	FUN_0014bd30	FUN_001564c4	FUN_0014bd30	52	c5373842d5c8557a87db4ffa33ecd89b8fc73ce2eaa5b30663e02bc2c5416a53	source_unnamed	unique_full_body_sha256
LF9C102P	0x1D5764	LF9D012H	0x1E1528	FUN_001d5764	FUN_001e1528	FUN_001d5764	112	c558d7a977ba1d405a66c7ad3cab7bafea28f810e78e93778d0833e403ad8770	source_unnamed	unique_full_body_sha256
LF9C102P	0x17E858	LF9D012H	0x189108	FUN_0017e858	FUN_00189108	FUN_0017e858	22	c56c66fe3035aa9613d40c4994dd5b6303d95f8217d7129c57fd3fa1dd7473e2	source_unnamed	unique_full_body_sha256
LF9C102P	0x1E4676	LF9D012H	0x1F1606	FUN_001e4676	FUN_001f1606	FUN_001e4676	26	c58505c6a3128ec1f92079bfb43e11509de3bbc9aab4de1faf2f14f6eb20b806	source_unnamed	unique_full_body_sha256
LF9C102P	0x1E6F1C	LF9D012H	0x1F3FE8	FUN_001e6f1c	FUN_001f3fe8	FUN_001e6f1c	140	c5884e5a40f8cbe075631def6557b085ce6fa92d692a8077d1391e9076dd7271	source_unnamed	unique_full_body_sha256
LF9C102P	0x1CAD30	LF9D012H	0x1D6AF4	thunk_FUN_001caf6c	thunk_FUN_001d6d30	thunk_FUN_001caf6c	6	c597bc8f8ecaa3bc6303fb38968229511a2c3d4ba9da2b0e20986c8f04d38e2d	source_unnamed	unique_full_body_sha256
LF9C102P	0x1CBD9E	LF9D012H	0x1D7B62	FUN_001cbd9e	FUN_001d7b62	FUN_001cbd9e	10	c59fe63fb3d66e941b9555836f2f74c79f85093d46091f7de7f15e151390df6a	source_unnamed	unique_full_body_sha256
LF9C102P	0x8651E	LF9D012H	0x8928E	FUN_0008651e	FUN_0008928e	FUN_0008651e	10	c60cca4cd055f7d62539181b7141161560f7b00ed52ac7768f3e315f44b0f04a	source_unnamed	unique_full_body_sha256
LF9C102P	0x171800	LF9D012H	0x17BFB4	FUN_00171800	FUN_0017bfb4	FUN_00171800	276	c625e769721877d5bb2e72d5ddb2014a3cbfa77cc001e0f82df263b7459c8a1d	source_unnamed	unique_full_body_sha256
LF9C102P	0x1D072E	LF9D012H	0x1DC4F2	FUN_001d072e	FUN_001dc4f2	FUN_001d072e	64	c67c585569b6660146fe7d0b2cd64502ccc5aead30ca1abaf46d8a8f1c45ca66	source_unnamed	unique_full_body_sha256
LF9C102P	0xDBD30	LF9D012H	0xE4618	FUN_000dbd30	FUN_000e4618	FUN_000dbd30	142	c68a98a6bed6483588b9b31f21f756db3242e43599434420d5212a102fca2420	source_unnamed	unique_full_body_sha256
LF9C102P	0x868F2	LF9D012H	0x89662	FUN_000868f2	FUN_00089662	FUN_000868f2	316	c68d24151fdbad1bda2d84665e7e71e520803c0f15e3ac2fd00a2cca275783c9	source_unnamed	unique_full_body_sha256
LF9C102P	0x1756EC	LF9D012H	0x17FE74	FUN_001756ec	FUN_0017fe74	FUN_001756ec	16	c68f2929ab7c1898e994e8a2f2bc186d979cb06f64321b4404d127095aaa62e1	source_unnamed	unique_full_body_sha256
LF9C102P	0xAEDB2	LF9D012H	0xB6FBA	FUN_000aedb2	FUN_000b6fba	FUN_000aedb2	52	c69de437b7902b4d5cd8e8d2dcb5e8afdfcb7baeac219f748a9ba40accabe50f	source_unnamed	unique_full_body_sha256
LF9C102P	0xAEB10	LF9D012H	0xB6D18	FUN_000aeb10	FUN_000b6d18	FUN_000aeb10	128	c6c5d228ea3930f00939aaf39f8231bceb44059a071e8a2ccd394284c119f4d2	source_unnamed	unique_full_body_sha256
LF9C102P	0x8CC14	LF9D012H	0x96A4C	table_lookup_1d_interp	table_lookup_1d_interp	table_lookup_1d_interp	88	c6ca94db864f63f10d01e988494742a83e3d920e27e17f6196eb3e3e10d9aae5	already_named	unique_full_body_sha256
LF9C102P	0x12B874	LF9D012H	0x135928	FUN_0012b874	FUN_00135928	FUN_0012b874	42	c6d0c095ca8eb10e3db3e92a07b61a4391c76be46e6fd09d7bab7d9e183bea3a	source_unnamed	unique_full_body_sha256
LF9C102P	0x176B6C	LF9D012H	0x18136C	FUN_00176b6c	FUN_0018136c	FUN_00176b6c	14	c6fb6d95cb2967ba12c585efbd28a04c43d7ddd6ee4ba5ca8c2aeff45539eb7f	source_unnamed	unique_full_body_sha256
LF9C102P	0x1C03AC	LF9D012H	0x1CC03C	FUN_001c03ac	FUN_001cc03c	FUN_001c03ac	90	c723dbb439c8614839da2bddd237a731625187418f0dfac8fa652395fc5f2f75	source_unnamed	unique_full_body_sha256
LF9C102P	0x1B01D8	LF9D012H	0x1BBE40	FUN_001b01d8	FUN_001bbe40	FUN_001b01d8	56	c74bcc4acbf56ef248ab77563ac56e0ca6c9c937ae613ba34b80c5605f99974e	source_unnamed	unique_full_body_sha256
LF9C102P	0x1D6532	LF9D012H	0x1E22F6	FUN_001d6532	FUN_001e22f6	FUN_001d6532	196	c76373c7315a1bd87160fa0c419b7356efa8f1ee23a4f0db9ed4b59392ad60a3	source_unnamed	unique_full_body_sha256
LF9C102P	0x19FC90	LF9D012H	0x1AACAC	FUN_0019fc90	FUN_001aacac	FUN_0019fc90	94	c76b515bffab444c19a0ee9377c2b2bcd4b860df4debe1551cac9dd7a4a83e35	source_unnamed	unique_full_body_sha256
LF9C102P	0xBED0C	LF9D012H	0xC70C0	FUN_000bed0c	FUN_000c70c0	FUN_000bed0c	32	c76edf756e558caa93702494f419185f13dfff900f415cd60ff66d7767ab6ef7	source_unnamed	unique_full_body_sha256
LF9C102P	0x83E26	LF9D012H	0x86B8A	FUN_00083e26	FUN_00086b8a	FUN_00083e26	82	c7852c2021f5c9dccc106c1e67a4806b6004dbe54549a9e6a11fbf7ad81ce6ad	source_unnamed	unique_full_body_sha256
LF9C102P	0x1296BC	LF9D012H	0x1336DC	FUN_001296bc	FUN_001336dc	FUN_001296bc	56	c79e87d88bab161f8497dc7a207d3ccc6f7b6e7565acc323f1912ba272dfd653	source_unnamed	unique_full_body_sha256
LF9C102P	0x1AA2B0	LF9D012H	0x1B5E84	FUN_001aa2b0	FUN_001b5e84	FUN_001aa2b0	330	c7b2a363263b04c320eb8d5c9301a4b691b5b98cb4b4296ab558ae1039f11fb0	source_unnamed	unique_full_body_sha256
LF9C102P	0x1CAE6E	LF9D012H	0x1D6C32	thunk_FUN_001caf90	thunk_FUN_001d6d54	thunk_FUN_001caf90	6	c8053d919a0d8a6ad54296e08e8983867d0c110af2172a28614b576d158136d0	source_unnamed	unique_full_body_sha256
LF9C102P	0x1270A8	LF9D012H	0x131084	FUN_001270a8	FUN_00131084	FUN_001270a8	14	c8160de56163598eee0ec498f6db898f1a3e3e5402bac781f3ef84efa1515cf2	source_unnamed	unique_full_body_sha256
LF9C102P	0x156FC4	LF9D012H	0x161758	FUN_00156fc4	FUN_00161758	FUN_00156fc4	108	c86902f876ee22d9043dd6b4caf67707351ddf1ee8f616c5bb73de5e5d67687e	source_unnamed	unique_full_body_sha256
LF9C102P	0x9A290	LF9D012H	0xA40E4	FUN_0009a290	FUN_000a40e4	FUN_0009a290	272	c8b1739e076b0be0227e59cb2506cc20b7820e1b67094abe0ea97355074ab8c6	source_unnamed	unique_full_body_sha256
LF9C102P	0x1035C4	LF9D012H	0x10D5F8	FUN_001035c4	FUN_0010d5f8	FUN_001035c4	78	c8b23e1df7e8859ae979cacd586a840a3fb491d81360dd330850fa1af1e3791f	source_unnamed	unique_full_body_sha256
LF9C102P	0x1CB1F0	LF9D012H	0x1D6FB4	FUN_001cb1f0	FUN_001d6fb4	FUN_001cb1f0	116	c8bd30fcbdcff36f9553bace6ff7fc10824266f0b99d00ce2268462c999656ac	source_unnamed	unique_full_body_sha256
LF9C102P	0x109944	LF9D012H	0x113954	FUN_00109944	FUN_00113954	FUN_00109944	26	c8c707696924082ac025fb152369c4c38f20bb6f2b8dbe523cdc51902cc3406a	source_unnamed	unique_full_body_sha256
LF9C102P	0xA8764	LF9D012H	0xB0930	FUN_000a8764	FUN_000b0930	FUN_000a8764	30	c8df11506a0a35d151429173c21dc21ff19cee34ea9a0b353526c90306cadf8c	source_unnamed	unique_full_body_sha256
LF9C102P	0xBF192	LF9D012H	0xC7546	FUN_000bf192	FUN_000c7546	FUN_000bf192	36	c8ea67725c004c7c0bc48b95271666c724c8d2dade2f79681215f581f02e0967	source_unnamed	unique_full_body_sha256
LF9C102P	0x110FD4	LF9D012H	0x11AEF0	FUN_00110fd4	FUN_0011aef0	FUN_00110fd4	36	c8ebb904eb7c55d9efbd579a449addaa3d59529f1b0b514c924e458961e10e21	source_unnamed	unique_full_body_sha256
LF9C102P	0x1D26A6	LF9D012H	0x1DE46A	FUN_001d26a6	FUN_001de46a	FUN_001d26a6	90	c8f274ff72db38d973cc0eee95aa2b11db9b418a741354309f458c26c34a5b1a	source_unnamed	unique_full_body_sha256
LF9C102P	0x1CBF08	LF9D012H	0x1D7CCC	FUN_001cbf08	FUN_001d7ccc	FUN_001cbf08	6	c905f11d657b41cb8c952e012d18e1436df7bf8a5b00ca9c5bcfb2d2c8154a43	source_unnamed	unique_full_body_sha256
LF9C102P	0x1D7F52	LF9D012H	0x1E3D16	FUN_001d7f52	FUN_001e3d16	FUN_001d7f52	118	c92715d0a97c9cb463e65b1d682934be0bd24cff2c27ae6f5422f2bb8ed91cd6	source_unnamed	unique_full_body_sha256
LF9C102P	0x17FF00	LF9D012H	0x18A7B0	FUN_0017ff00	FUN_0018a7b0	FUN_0017ff00	118	c948f5c80fe61cd657f30a7a7d78b2ef195541a8c3de84f9a3169b96783f8fbd	source_unnamed	unique_full_body_sha256
LF9C102P	0x832EE	LF9D012H	0x86052	FUN_000832ee	FUN_00086052	FUN_000832ee	44	c956436edc412d4be702605bf7624b5fd95d115cc66b3d4c73e10eef730658a6	source_unnamed	unique_full_body_sha256
LF9C102P	0xADF06	LF9D012H	0xB610E	FUN_000adf06	FUN_000b610e	FUN_000adf06	64	c95a180d8b0b1adf2ab4d3f06b5d1f0969b3618fe90bf97c08fce1b1c6490055	source_unnamed	unique_full_body_sha256
LF9C102P	0x1D185C	LF9D012H	0x1DD620	broadcast_sched_copyout	broadcast_sched_copyout	broadcast_sched_copyout	52	c98078d99ffb96d0e7954625339ca19f3c175fddd3dbf6e55480940963cbf4a6	already_named	unique_full_body_sha256
LF9C102P	0x1D3B84	LF9D012H	0x1DF948	FUN_001d3b84	FUN_001df948	FUN_001d3b84	36	c9926f302d7e32ebc0bc299a6b193770c463b2ba90bde7f0c5a86ffb5ddee947	source_unnamed	unique_full_body_sha256
LF9C102P	0x17E738	LF9D012H	0x188FE8	FUN_0017e738	FUN_00188fe8	FUN_0017e738	64	c99ac51bd6df8f49f7976a3fbd579ad6ade8f434e7591ac710ddbeff9c6c3d16	source_unnamed	unique_full_body_sha256
LF9C102P	0x6D64	LF9D012H	0x6D64	FUN_00006d64	FUN_00006d64	FUN_00006d64	30	c9e850b60a77a460c6200a7eaadd5fec37d482cf2f1bb38f37e6e9e5faab29f7	source_unnamed	unique_full_body_sha256
LF9C102P	0x6FB8	LF9D012H	0x6FB8	FUN_00006fb8	FUN_00006fb8	FUN_00006fb8	22	c9e9aff35f751d5b30c75c6cb4fa4672c8ce0c2a2fb9b58891fcd804b2924c11	source_unnamed	unique_full_body_sha256
LF9C102P	0x6DE0	LF9D012H	0x6DE0	FUN_00006de0	FUN_00006de0	FUN_00006de0	34	c9f83097e8b50602e4a5dd90b1163d84169d9555b4e84074bf6e4217bc7f318b	source_unnamed	unique_full_body_sha256
LF9C102P	0xA7890	LF9D012H	0xAFA5C	FUN_000a7890	FUN_000afa5c	FUN_000a7890	160	c9f9983dea0e8cd1a9aac51070c8d0c432049eea091fe82ae8f8e7835cc5df96	source_unnamed	unique_full_body_sha256
LF9C102P	0xA9DB4	LF9D012H	0xB1F80	FUN_000a9db4	FUN_000b1f80	FUN_000a9db4	542	ca096a2a3127d03e55906b999fecf54792ba399a229225dccf9a8f5e4dd2b4b1	source_unnamed	unique_full_body_sha256
LF9C102P	0x839E0	LF9D012H	0x86744	FUN_000839e0	FUN_00086744	FUN_000839e0	34	ca7e3aa7977a2eabbc97bd29b1575f3a05b91e375167dd6b895e4e852e6a30aa	source_unnamed	unique_full_body_sha256
LF9C102P	0x859DE	LF9D012H	0x8874E	FUN_000859de	FUN_0008874e	FUN_000859de	74	caab68960a2b8b944cb6692593b6f12997c2a4632ed409a546c31bb8a49be413	source_unnamed	unique_full_body_sha256
LF9C102P	0x1CBED4	LF9D012H	0x1D7C98	FUN_001cbed4	FUN_001d7c98	FUN_001cbed4	26	cad618d3143c5ea8fce8e1a1f27198df95c5904509e091718ba28d34b56c8aa8	source_unnamed	unique_full_body_sha256
LF9C102P	0x1E8174	LF9D012H	0x1F5240	FUN_001e8174	FUN_001f5240	FUN_001e8174	32	cae83072e01d0fe30a5260423ac06c03d00d53d23c864f1c102a12771d62b64e	source_unnamed	unique_full_body_sha256
LF9C102P	0x1E34B8	LF9D012H	0x1F0448	FUN_001e34b8	FUN_001f0448	FUN_001e34b8	10	cb1f08dbeec12966af5a84494df834b625aaa1a8d4cb84cad3012a1bbcd630a0	source_unnamed	unique_full_body_sha256
LF9C102P	0x1CFCCC	LF9D012H	0x1DBA90	FUN_001cfccc	FUN_001dba90	FUN_001cfccc	48	cb3612d47cbdbca4d40cdfc6ce98d8ff694ee007d3397c302a4a5ffb7539a024	source_unnamed	unique_full_body_sha256
LF9C102P	0xA6AA0	LF9D012H	0xAEC6C	FUN_000a6aa0	FUN_000aec6c	FUN_000a6aa0	114	cb412d72e120dd4d3403b627acc8c7985f21241f236be9aec5c48ba4f6524f1a	source_unnamed	unique_full_body_sha256
LF9C102P	0x1A95A0	LF9D012H	0x1B5174	interp_2d_ax_u16_u16_data_u	interp_2d_ax_u16_u16_data_u	interp_2d_ax_u16_u16_data_u	270	cb896d94f66b42a9c73357a3f9b3886b32a99c817868ecb858531046ccda842a	already_named	unique_full_body_sha256
LF9C102P	0x1E8688	LF9D012H	0x1F5754	FUN_001e8688	FUN_001f5754	FUN_001e8688	64	cbba73dab92c1ccf42c6140a6d6d9ad2c3f15752841267ad614ea812d201645d	source_unnamed	unique_full_body_sha256
LF9C102P	0x10AC58	LF9D012H	0x114C68	FUN_0010ac58	FUN_00114c68	FUN_0010ac58	56	cbe4d07b80b9500bda0079efe0325fe6b2cf1889879c0c9f5371efcfcceab1c9	source_unnamed	unique_full_body_sha256
LF9C102P	0x1CFAB4	LF9D012H	0x1DB878	FUN_001cfab4	FUN_001db878	FUN_001cfab4	44	cbe4f04d2a19c2a0284922dd72296d3b5447c44d347461b6ffa5a18742650357	source_unnamed	unique_full_body_sha256
LF9C102P	0xCD5B4	LF9D012H	0xD5C38	FUN_000cd5b4	FUN_000d5c38	FUN_000cd5b4	14	cc19f0c3411e24ab25cfa2691f9ed49b8f439e95c5086801f4440f1339ddf886	source_unnamed	unique_full_body_sha256
LF9C102P	0x1E52E2	LF9D012H	0x1F2272	FUN_001e52e2	FUN_001f2272	FUN_001e52e2	68	cc1ecce28292a03b82e9d74251751edb3f0b190151f4f808ee2c609685afa955	source_unnamed	unique_full_body_sha256
LF9C102P	0x18F418	LF9D012H	0x199D04	FUN_0018f418	FUN_00199d04	FUN_0018f418	34	cc219d1281c4f1f3780039b1c49a09af9a421c3c9f030e193c52784bf1694afb	source_unnamed	unique_full_body_sha256
LF9C102P	0x1D2B26	LF9D012H	0x1DE8EA	FUN_001d2b26	FUN_001de8ea	FUN_001d2b26	8	cc2cb14eb147cf20229be094c5391e0c80e647c760162072434be8e240fb0dd8	source_unnamed	unique_full_body_sha256
LF9C102P	0x1D7FC8	LF9D012H	0x1E3D8C	FUN_001d7fc8	FUN_001e3d8c	FUN_001d7fc8	108	cc3926ec1c07df7a7ebb8e7b5e2bcb484d04ce5d37d63bd67c2468f4326953bc	source_unnamed	unique_full_body_sha256
LF9C102P	0x1FD3E4	LF9D012H	0x27D4EC	FUN_001fd3e4	FUN_0027d4ec	FUN_001fd3e4	58	cc681df60d13f44aac1f1ec91f5e7dea36a9e14907665759ca916d1a1e53d588	source_unnamed	unique_full_body_sha256
LF9C102P	0x6C9F8	LF9D012H	0x6ED90	FUN_0006c9f8	FUN_0006ed90	FUN_0006c9f8	40	cc6d7eaef727acde382d4e643fea5401a2625c349a39f16f113ec6db67983d3f	source_unnamed	unique_full_body_sha256
LF9C102P	0xDE470	LF9D012H	0xE6D58	FUN_000de470	FUN_000e6d58	FUN_000de470	68	cc7de4a1d7436d8614f7c3dfd6682d3306a94a0d6790cd7943318888411a8e3e	source_unnamed	unique_full_body_sha256
LF9C102P	0x1D49CC	LF9D012H	0x1E0790	FUN_001d49cc	FUN_001e0790	FUN_001d49cc	68	cc7df0630c706e0ad53b750d901d2987aa0b3931bebbfc5a0567bf380cc88a3e	source_unnamed	unique_full_body_sha256
LF9C102P	0x1E439C	LF9D012H	0x1F132C	FUN_001e439c	FUN_001f132c	FUN_001e439c	20	cc8b6f15c3fd4c18aa8d408d7545d094a22aef5a1f8ed50586502c7c86567efb	source_unnamed	unique_full_body_sha256
LF9C102P	0x1C10F8	LF9D012H	0x1CCD88	FUN_001c10f8	FUN_001ccd88	FUN_001c10f8	10	cc9df99677926cdeb96973f4aa493c7fb1f5795ac89a8a0ef47a65bf764f08a8	source_unnamed	unique_full_body_sha256
LF9C102P	0xF5204	LF9D012H	0xFF1AC	FUN_000f5204	FUN_000ff1ac	FUN_000f5204	98	cca6609a8a3e90ee21f3b2a3d1e0e97967845150eda58b51b8a338d5ee714dac	source_unnamed	unique_full_body_sha256
LF9C102P	0x1CEE84	LF9D012H	0x1DAC48	FUN_001cee84	FUN_001dac48	FUN_001cee84	36	ccbe7392406184a53c28557210475e901548d599a996b30001fa5f1d44c300e4	source_unnamed	unique_full_body_sha256
LF9C102P	0x1A1100	LF9D012H	0x1AC5F8	FUN_001a1100	FUN_001ac5f8	FUN_001a1100	64	cd1cfeb1372a5818ad9718b2cd0791b098fdc0ca0a0e13c03a0d60f0463383df	source_unnamed	unique_full_body_sha256
LF9C102P	0x6AE44	LF9D012H	0x6D1DC	FUN_0006ae44	FUN_0006d1dc	FUN_0006ae44	48	cd23efc50ff567b8c78827f6d6d69aba63a915e59aede4aa28262155a61f0c0c	source_unnamed	unique_full_body_sha256
LF9C102P	0x1CEC3E	LF9D012H	0x1DAA02	FUN_001cec3e	FUN_001daa02	FUN_001cec3e	44	cd316bfa590951a633638c34d21c73beb96733553781713057c904508bfda9ae	source_unnamed	unique_full_body_sha256
LF9C102P	0x11EE64	LF9D012H	0x128DD8	FUN_0011ee64	FUN_00128dd8	FUN_0011ee64	76	cd39d3613619f56bf16df33c9de1a8b48e11074ff5daeaaa8e1dc8111e8d8603	source_unnamed	unique_full_body_sha256
LF9C102P	0xA726C	LF9D012H	0xAF438	FUN_000a726c	FUN_000af438	FUN_000a726c	92	cd447d927ba36e139051bda21f3a78c536a14b2b1b5f3305cda3f109b62185f5	source_unnamed	unique_full_body_sha256
LF9C102P	0x1D5EA6	LF9D012H	0x1E1C6A	FUN_001d5ea6	FUN_001e1c6a	FUN_001d5ea6	12	cd45940719b04f70ca572a4eb3a3c96d503fe015e168069121f119b919e15e07	source_unnamed	unique_full_body_sha256
LF9C102P	0x1D3B64	LF9D012H	0x1DF928	FUN_001d3b64	FUN_001df928	FUN_001d3b64	22	cd558ce26b1620df2be6a19c463050edf8a687185e784470ed913e9e98a6885e	source_unnamed	unique_full_body_sha256
LF9C102P	0x1CBECE	LF9D012H	0x1D7C92	FUN_001cbece	FUN_001d7c92	FUN_001cbece	6	cd628e70edd29b778a0139925ad7077a5222df966149c9e6bff14d5ef3f7bd66	source_unnamed	unique_full_body_sha256
LF9C102P	0xAB310	LF9D012H	0xB34DC	FUN_000ab310	FUN_000b34dc	FUN_000ab310	122	cd8f85d97729a6553ce1bd868bf301448a0932c2eed7b08d589497579601b194	source_unnamed	unique_full_body_sha256
LF9C102P	0x99264	LF9D012H	0xA30B8	FUN_00099264	FUN_000a30b8	FUN_00099264	44	cde059ced5bb400d820b17999215191987b7d16b8edc05f581887bd6e848f428	source_unnamed	unique_full_body_sha256
LF9C102P	0x1D5BCC	LF9D012H	0x1E1990	FUN_001d5bcc	FUN_001e1990	FUN_001d5bcc	10	cdf15f46a254a21fc64bd0ea888c3c3e06e0bbcf72ef94fc2e3efa2334719b3d	source_unnamed	unique_full_body_sha256
LF9C102P	0x1E38C4	LF9D012H	0x1F0854	FUN_001e38c4	FUN_001f0854	FUN_001e38c4	118	ce05d0e850db6511670f0d94f7874ab54ce74689efa47fefa6256af77b890d69	source_unnamed	unique_full_body_sha256
LF9C102P	0xA0A32	LF9D012H	0xAA95A	FUN_000a0a32	FUN_000aa95a	FUN_000a0a32	78	ce252ecd49af6bc192c8c617dde56b8b92e2ffc44aadc9071e3fe94340550dde	source_unnamed	unique_full_body_sha256
LF9C102P	0x1E5108	LF9D012H	0x1F2098	FUN_001e5108	FUN_001f2098	FUN_001e5108	258	ce7f601b26ce67c05e1b051c416ec884f8f08459ee2c292ef702033aa9678940	source_unnamed	unique_full_body_sha256
LF9C102P	0x181E68	LF9D012H	0x18C718	FUN_00181e68	FUN_0018c718	FUN_00181e68	44	ce959273ece51b9ad89295cf1138f13de1f060cbb63e07a313d8a98c00c774f7	source_unnamed	unique_full_body_sha256
LF9C102P	0xA9186	LF9D012H	0xB1352	FUN_000a9186	FUN_000b1352	FUN_000a9186	68	ceab24383b44926a2040cf3c9cdf1926228aef984632cbc8f957bb59c05fdede	source_unnamed	unique_full_body_sha256
LF9C102P	0x1FEA08	LF9D012H	0x27EB10	FUN_001fea08	FUN_0027eb10	FUN_001fea08	62	ceb9c6273a41bbd660c8b2cb94f7ae8ad9489be72bc6f79bc9ca06936d414dc3	source_unnamed	unique_full_body_sha256
LF9C102P	0x1C992C	LF9D012H	0x1D55E0	FUN_001c992c	FUN_001d55e0	FUN_001c992c	36	cebe5793ac461ad6538e95b9aea8964c23b6c17a4c11bedabbbf34ef3ce61525	source_unnamed	unique_full_body_sha256
LF9C102P	0x117D6C	LF9D012H	0x121C98	FUN_00117d6c	FUN_00121c98	FUN_00117d6c	38	cf17365d287836d3aad76d8fb00217f5fdff15b9eb43357031456c9c3a889d8f	source_unnamed	unique_full_body_sha256
LF9C102P	0x11E9CC	LF9D012H	0x128940	FUN_0011e9cc	FUN_00128940	FUN_0011e9cc	78	cf19f93e037f7c2c64155075f94eaebf0706cb9d2722f05d1f0f5fe12e7b49a8	source_unnamed	unique_full_body_sha256
LF9C102P	0xAA1BA	LF9D012H	0xB2386	FUN_000aa1ba	FUN_000b2386	FUN_000aa1ba	180	cf3d12f51035ea868fd34ba941895f691bedb6e099d13c95fac2af2bfecf9e30	source_unnamed	unique_full_body_sha256
LF9C102P	0xA070E	LF9D012H	0xAA636	FUN_000a070e	FUN_000aa636	FUN_000a070e	388	cf58c08d67673728e2f379e6cd1f72428ea7b4bf017fe24a71d457a82cdb943f	source_unnamed	unique_full_body_sha256
LF9C102P	0x1F092C	LF9D012H	0x27092C	FUN_001f092c	FUN_0027092c	FUN_001f092c	6	cf63c8910e96be792fb39f4160eb97b21177d5c082576acbea96a49eea8ff044	source_unnamed	unique_full_body_sha256
LF9C102P	0xA4880	LF9D012H	0xACA4C	FUN_000a4880	FUN_000aca4c	FUN_000a4880	42	cfbc6a870b475559277094f046d1794a1d539c82d01c04a262c8677a5bd85e36	source_unnamed	unique_full_body_sha256
LF9C102P	0x193548	LF9D012H	0x19DE34	FUN_00193548	FUN_0019de34	FUN_00193548	290	cfc403115d64d1dcc5cf77a988f3855665c78df6a343bbda256c24d886d69b10	source_unnamed	unique_full_body_sha256
LF9C102P	0x83600	LF9D012H	0x86364	FUN_00083600	FUN_00086364	FUN_00083600	54	cfdb614f4a4a22b3712aae8e015e83f6343edbe3743f30de5e89ad887b49c191	source_unnamed	unique_full_body_sha256
LF9C102P	0xC970C	LF9D012H	0xD1DB8	FUN_000c970c	FUN_000d1db8	FUN_000c970c	302	d007e255c50fd18a273b8f96304beb940b3c2fac395349da4f3f8611cdb13645	source_unnamed	unique_full_body_sha256
LF9C102P	0xA0CD0	LF9D012H	0xAABF8	FUN_000a0cd0	FUN_000aabf8	FUN_000a0cd0	148	d00efaca74fbb06087ef29da8b209982da450986897a19dd44dca8f878dcc7d2	source_unnamed	unique_full_body_sha256
LF9C102P	0x6CC4C	LF9D012H	0x6EFE4	FUN_0006cc4c	FUN_0006efe4	FUN_0006cc4c	18	d01b924a1e5215de3aea119f762289df9ae61cf6e3dc580ebefa476cdb7c2c1d	source_unnamed	unique_full_body_sha256
LF9C102P	0x13A16C	LF9D012H	0x144280	FUN_0013a16c	FUN_00144280	FUN_0013a16c	30	d02ce2821c0fb9a9113a7db9cdbc731f1d8f8e7b24e5722a9269b3ea56cd1050	source_unnamed	unique_full_body_sha256
LF9C102P	0x7EBC6	LF9D012H	0x81726	FUN_0007ebc6	FUN_00081726	FUN_0007ebc6	18	d037a39f6177746dcc2a4657f03b4018f8acd252b33de66249d4fb8e37b8b18b	source_unnamed	unique_full_body_sha256
LF9C102P	0x1AC58C	LF9D012H	0x1B8160	FUN_001ac58c	FUN_001b8160	FUN_001ac58c	338	d06296a00574578c4b63f9ab3e2d2c28e7facc37dd8c81c18d86b4b98f37e771	source_unnamed	unique_full_body_sha256
LF9C102P	0x1C10BC	LF9D012H	0x1CCD4C	FUN_001c10bc	FUN_001ccd4c	FUN_001c10bc	10	d067f0126f6bc257984eee7ffda11bd364a717635ce1db8933b4e157f9d504db	source_unnamed	unique_full_body_sha256
LF9C102P	0x1197F0	LF9D012H	0x12371C	FUN_001197f0	FUN_0012371c	FUN_001197f0	234	d06c015ca737b20c12244e844daf7b2668b94ac6e0b4fdf0330799eeb4ea6145	source_unnamed	unique_full_body_sha256
LF9C102P	0x82120	LF9D012H	0x84E84	FUN_00082120	FUN_00084e84	FUN_00082120	10	d090ba6d88cb052e4250fcefa9f15b792a234fd475b803100182c776434afd0c	source_unnamed	unique_full_body_sha256
LF9C102P	0x6D38	LF9D012H	0x6D38	FUN_00006d38	FUN_00006d38	FUN_00006d38	18	d0acb5f7f9d5716c93da4eee6e7faccef6a68d0288723c3c7235c50bf5678a51	source_unnamed	unique_full_body_sha256
LF9C102P	0x1A8CC4	LF9D012H	0x1B4898	FUN_001a8cc4	FUN_001b4898	FUN_001a8cc4	272	d0b1ea1120b602063dcb0fd8b2054525a14013f0b4c25f63d5e3f6b5134f4aad	source_unnamed	unique_full_body_sha256
LF9C102P	0x1CBDE2	LF9D012H	0x1D7BA6	cal_table_get_word2	cal_table_get_word2	cal_table_get_word2	10	d1049919b3f7c3f4d83d6195bef9e164b2c031a14789dbe7a2d52291e363015c	already_named	unique_full_body_sha256
LF9C102P	0x87C4A	LF9D012H	0x8A9BA	FUN_00087c4a	FUN_0008a9ba	FUN_00087c4a	14	d10c72424a52b95015d0da671d3fef0d61a502821a16842a885c7d81be5b19d1	source_unnamed	unique_full_body_sha256
LF9C102P	0x6E09C	LF9D012H	0x70434	sensor_proc_task_180	sensor_proc_task_180	sensor_proc_task_180	180	d17914c7c2888dbddeaf63f4f69158eadf6ba0db7a63df5ece88a55b32e5d4fb	already_named	unique_full_body_sha256
LF9C102P	0x129818	LF9D012H	0x133838	FUN_00129818	FUN_00133838	FUN_00129818	46	d1a7a1e61ef64251f2ddc3d23c2c9543719c9e11b7e7b0e7e43fd6f14349e819	source_unnamed	unique_full_body_sha256
LF9C102P	0x1E86C8	LF9D012H	0x1F5794	FUN_001e86c8	FUN_001f5794	FUN_001e86c8	78	d1cb468be48901ad4f97590a6da1cd46837b059f3a20acb6864919b7acc45b1f	source_unnamed	unique_full_body_sha256
LF9C102P	0x180048	LF9D012H	0x18A8F8	FUN_00180048	FUN_0018a8f8	FUN_00180048	194	d1f4dedbb5a8753296aacbc126eaf1bbb217f37c3c3f6b1ddc7787997fcdb579	source_unnamed	unique_full_body_sha256
LF9C102P	0xC0C84	LF9D012H	0xC90C8	FUN_000c0c84	FUN_000c90c8	FUN_000c0c84	46	d20728c0e9eff95c83ebecd0f9fdec085e3ebad026c0f4dd61c23c23d177baa6	source_unnamed	unique_full_body_sha256
LF9C102P	0x76F4	LF9D012H	0x77D8	FUN_000076f4	FUN_000077d8	FUN_000076f4	14	d22395c50be2f0d16d83dfe5a6ed8363a646ad6ad7532f22336ee6fc6b91a236	source_unnamed	unique_full_body_sha256
LF9C102P	0x6F54	LF9D012H	0x6F54	FUN_00006f54	FUN_00006f54	FUN_00006f54	66	d2539e96145280b27d46f832e250a598a12b0e34a37ad7d0456cce47afbcc014	source_unnamed	unique_full_body_sha256
LF9C102P	0x1A803C	LF9D012H	0x1B3C10	interp_1d_axis_u8_data_s16	interp_1d_axis_u8_data_s16	interp_1d_axis_u8_data_s16	138	d26f0f2e9235f18160cb8fd61a0dc47828019d825572a3406cf3c232be67d760	already_named	unique_full_body_sha256
LF9C102P	0x1CD6E2	LF9D012H	0x1D94A6	FUN_001cd6e2	FUN_001d94a6	FUN_001cd6e2	272	d27ad728cae9948fea711bdb79861e333840254ca0ddd7795a744b702cc0cacf	source_unnamed	unique_full_body_sha256
LF9C102P	0x1E8608	LF9D012H	0x1F56D4	FUN_001e8608	FUN_001f56d4	FUN_001e8608	112	d27b27490756e7dc2ecbddaa6f87f38bcf4014ed0f7781e826d51fd1272d27d3	source_unnamed	unique_full_body_sha256
LF9C102P	0x1E0E72	LF9D012H	0x1ECFA2	FUN_001e0e72	FUN_001ecfa2	FUN_001e0e72	84	d29b1d7aeceb2a28146e853d14b1202da681cf37e80272883c8520c4c6bc06db	source_unnamed	unique_full_body_sha256
LF9C102P	0x14BD68	LF9D012H	0x1564FC	FUN_0014bd68	FUN_001564fc	FUN_0014bd68	62	d2d94741e66fcd51f50aea2276c3fe59612e6e6c401fed6b0d51302691cd5e05	source_unnamed	unique_full_body_sha256
LF9C102P	0x1D2956	LF9D012H	0x1DE71A	FUN_001d2956	FUN_001de71a	FUN_001d2956	10	d2ebc4b98820a619e7aff5254e4bd4e1e64963756adb8d021921c0af77d670da	source_unnamed	unique_full_body_sha256
LF9C102P	0x129350	LF9D012H	0x13336C	FUN_00129350	FUN_0013336c	FUN_00129350	68	d2fc70062d72e1e315659e972d72caeeb50c87efd13d1f14391e53e9e2ad8548	source_unnamed	unique_full_body_sha256
LF9C102P	0x1D0DE0	LF9D012H	0x1DCBA4	build_frame_multipart	build_frame_multipart	build_frame_multipart	378	d3105e5ae3129fc78e4715119d52b9535dc1bcaf4877d9b7d33ee6a7ed067982	already_named	unique_full_body_sha256
LF9C102P	0xAAE54	LF9D012H	0xB3020	FUN_000aae54	FUN_000b3020	FUN_000aae54	194	d312b66265d7508030ddda4d27e65ea2f573fd9d6699ed0a66a728d6c6006ac5	source_unnamed	unique_full_body_sha256
LF9C102P	0xA4E40	LF9D012H	0xAD00C	FUN_000a4e40	FUN_000ad00c	FUN_000a4e40	52	d328322e12404a3592e2bfc22c8b4df67b4b5a484d1b3d3784e462d7796aae2e	source_unnamed	unique_full_body_sha256
LF9C102P	0x1457C8	LF9D012H	0x14F9B4	FUN_001457c8	FUN_0014f9b4	FUN_001457c8	48	d330f6f3902ea9650f8c64480359ece867127c0eeb50960bf7a4c378b34531ed	source_unnamed	unique_full_body_sha256
LF9C102P	0x1D8F4A	LF9D012H	0x1E4D1E	FUN_001d8f4a	FUN_001e4d1e	FUN_001d8f4a	84	d35812ee52d1283bb6fc56a714c8620ac83e5588ed3fdf927658c5de760401f6	source_unnamed	unique_full_body_sha256
LF9C102P	0xC1F60	LF9D012H	0xCA3A4	FUN_000c1f60	FUN_000ca3a4	FUN_000c1f60	48	d3ad4b6fa4ddb9b0ba2f9e896506c77db324bd06f5b3a1e3dc9b925cbcee4c24	source_unnamed	unique_full_body_sha256
LF9C102P	0x8214C	LF9D012H	0x84EB0	sensor_read_scale_wordidx	sensor_read_scale_wordidx	sensor_read_scale_wordidx	34	d3d3e791ed0c89056d815fd6f361eb9a9f00214f991dd93e79ad3bb8d0b1a15e	already_named	unique_full_body_sha256
LF9C102P	0x6AEA4	LF9D012H	0x6D23C	FUN_0006aea4	FUN_0006d23c	FUN_0006aea4	48	d3dea574ba1e1fa95c850bfac7cab61e460413a6f8103c47f538270bcbff4d03	source_unnamed	unique_full_body_sha256
LF9C102P	0xAF964	LF9D012H	0xB7B6C	FUN_000af964	FUN_000b7b6c	FUN_000af964	14	d3fb6815ff60210a51b6c8d6a5f6f49a42ee76070cf465ea79153dbf9301cb6e	source_unnamed	unique_full_body_sha256
LF9C102P	0x1FE8AA	LF9D012H	0x27E9B2	FUN_001fe8aa	FUN_0027e9b2	FUN_001fe8aa	52	d4575b17415d9eba05cab18675e4d6982c2686739e6c2af3770107139efbb6e9	source_unnamed	unique_full_body_sha256
LF9C102P	0x6BA5E	LF9D012H	0x6DDF6	FUN_0006ba5e	FUN_0006ddf6	FUN_0006ba5e	148	d474449e3f0354e27357c758c9fd6bd4e0e91cd7eee3637f4bf17874dd5adf9e	source_unnamed	unique_full_body_sha256
LF9C102P	0x754C6	LF9D012H	0x77E86	FUN_000754c6	FUN_00077e86	FUN_000754c6	32	d485872705a005bba2b0a645ab46d09b0642b97372beab429d808d54e2e56900	source_unnamed	unique_full_body_sha256
LF9C102P	0x6CC5E	LF9D012H	0x6EFF6	FUN_0006cc5e	FUN_0006eff6	FUN_0006cc5e	40	d4a7b759dcf5f1eefd17f0ebd47ce78770f971c3a5d2de7c7ae8b9daaba373f2	source_unnamed	unique_full_body_sha256
LF9C102P	0x1CAE06	LF9D012H	0x1D6BCA	FUN_001cae06	FUN_001d6bca	FUN_001cae06	30	d4afd94aa45e813470d4c2f2112f4b91a2f1937532eb9e6c22cb297927672ae4	source_unnamed	unique_full_body_sha256
LF9C102P	0xB013C	LF9D012H	0xB8344	FUN_000b013c	FUN_000b8344	FUN_000b013c	56	d4ca822dd89150f5c623433da7cba18b15b06dde8db4ff4b7643c1fe1ea932b3	source_unnamed	unique_full_body_sha256
LF9C102P	0x6D76A	LF9D012H	0x6FB02	signal_cond_helper_a	signal_cond_helper_a	signal_cond_helper_a	130	d4fb54cf9ca6d1147bee44a66b37f4868a53f194e1dc940ab9b53572bc0b0d0c	already_named	unique_full_body_sha256
LF9C102P	0x6E6C6	LF9D012H	0x70A5E	FUN_0006e6c6	FUN_00070a5e	FUN_0006e6c6	104	d4fecc895ff1d9e99e85c9ae7659b55775e718cb637b6e28cfdc0c8ec7b75e7e	source_unnamed	unique_full_body_sha256
LF9C102P	0xA7BFC	LF9D012H	0xAFDC8	FUN_000a7bfc	FUN_000afdc8	FUN_000a7bfc	28	d5352f5df0f89a17864e30a6480c2fd86065798059f0039e37ed3753a50faae2	source_unnamed	unique_full_body_sha256
LF9C102P	0x1FE790	LF9D012H	0x27E898	FUN_001fe790	FUN_0027e898	FUN_001fe790	70	d53ea3e9e12d02782c73e9d42cb4f7be31361d7704acd71a75f908c25bd55e56	source_unnamed	unique_full_body_sha256
LF9C102P	0xB0298	LF9D012H	0xB84A0	FUN_000b0298	FUN_000b84a0	FUN_000b0298	56	d54ad787c019798e0ad9d493e8de1731ce33aab13b40537ff7de2ad66ad64470	source_unnamed	unique_full_body_sha256
LF9C102P	0x76DF4	LF9D012H	0x797B4	dtc_monitor_eval_d	dtc_monitor_eval_d	dtc_monitor_eval_d	492	d55d159faa6875923c5ae7d0004a270333716636230481edf43ccb1d4e22ef7d	already_named	unique_full_body_sha256
LF9C102P	0x6ACC4	LF9D012H	0x6D05C	FUN_0006acc4	FUN_0006d05c	FUN_0006acc4	48	d57c2fc9b19c34677089b3c2a0507ddfb271b6fa0bd59313a40a4b8441938728	source_unnamed	unique_full_body_sha256
LF9C102P	0x1FE5C0	LF9D012H	0x27E6C8	FUN_001fe5c0	FUN_0027e6c8	FUN_001fe5c0	76	d5ecbf356bbc5a3fc4d1285a92aa9f195ded5686b2d9ce1102da62b238d7068b	source_unnamed	unique_full_body_sha256
LF9C102P	0xA9410	LF9D012H	0xB15DC	FUN_000a9410	FUN_000b15dc	FUN_000a9410	68	d5ed710c6c3392a0c816e68cccf73c55a576cc27ba1c9014b6829494a0e5a7c1	source_unnamed	unique_full_body_sha256
LF9C102P	0xA39DE	LF9D012H	0xABBAA	FUN_000a39de	FUN_000abbaa	FUN_000a39de	40	d5fba67a84341b97682f9962a1308beaa2c1454ef4ea61fce44667c0b6dfaf31	source_unnamed	unique_full_body_sha256
LF9C102P	0x94AA0	LF9D012H	0x9E8F4	FUN_00094aa0	FUN_0009e8f4	FUN_00094aa0	14	d61682ba9f9ed53741bd6ec8d3a98bb9c35f34c08942f1b78003dcefb8f0f2a1	source_unnamed	unique_full_body_sha256
LF9C102P	0xB1346	LF9D012H	0xB954E	FUN_000b1346	FUN_000b954e	FUN_000b1346	360	d617cbeb470efeca41353bf7a3d55fab757c28c3692f62af1d0945daf97764c8	source_unnamed	unique_full_body_sha256
LF9C102P	0x1D020E	LF9D012H	0x1DBFD2	FUN_001d020e	FUN_001dbfd2	FUN_001d020e	10	d62d40d4793a88f7896f916f1f38b6663008dc5ad337aa33c93e84ec603050cc	source_unnamed	unique_full_body_sha256
LF9C102P	0x1A4380	LF9D012H	0x1AF9FC	FUN_001a4380	FUN_001af9fc	FUN_001a4380	88	d641a82df6ec8d72718909d991bf57fbb104e0baf8f677938fe5396a4aec853e	source_unnamed	unique_full_body_sha256
LF9C102P	0xEC8A8	LF9D012H	0xF5198	FUN_000ec8a8	FUN_000f5198	FUN_000ec8a8	56	d65f37f29d1052d08979f29c43bf360e69cdfa7f07389792e04764cbbec2311d	source_unnamed	unique_full_body_sha256
LF9C102P	0x6C7E8	LF9D012H	0x6EB80	FUN_0006c7e8	FUN_0006eb80	FUN_0006c7e8	40	d66ead53aff6c1a1c1e72b2f6e8970a35c0dcaaa8cb96e0f8e4d991796d1f236	source_unnamed	unique_full_body_sha256
LF9C102P	0x1D2DF4	LF9D012H	0x1DEBB8	FUN_001d2df4	FUN_001debb8	FUN_001d2df4	164	d67b2a2e55a41bc36c62c07e934ced00e479e9b3bb7be9d0bb1363dc5a69ef14	source_unnamed	unique_full_body_sha256
LF9C102P	0x81CE2	LF9D012H	0x84A46	FUN_00081ce2	FUN_00084a46	FUN_00081ce2	156	d695fca47af1ab97383016dc7682028548172a4a8126c0af017ad0f4dfdc432c	source_unnamed	unique_full_body_sha256
LF9C102P	0x6628	LF9D012H	0x6628	FUN_00006628	FUN_00006628	FUN_00006628	70	d7129837e12fea989bf8cb1340c5a35097e8dd47ae066ee0745651c3fdff60b1	source_unnamed	unique_full_body_sha256
LF9C102P	0x85C94	LF9D012H	0x88A04	FUN_00085c94	FUN_00088a04	FUN_00085c94	196	d71ea18aa4d08d20823ac60f305c7a452b159c7f0e8dd8090714c6738c0bc569	source_unnamed	unique_full_body_sha256
LF9C102P	0x1E46DA	LF9D012H	0x1F166A	FUN_001e46da	FUN_001f166a	FUN_001e46da	10	d71f2ca4d3b850206bd5754e9b614ba721b64124a2fe1414770328b370bf6493	source_unnamed	unique_full_body_sha256
LF9C102P	0xA0072	LF9D012H	0xA9F9A	FUN_000a0072	FUN_000a9f9a	FUN_000a0072	68	d73a8c942455f11b9792f4b9fb2f66a951532b7f69690e11c9e230e0bcb47723	source_unnamed	unique_full_body_sha256
LF9C102P	0x1BE474	LF9D012H	0x1CA104	FUN_001be474	FUN_001ca104	FUN_001be474	78	d789e32fdf776f70ff869f8f93e7dbe729bc7c9d8f1495644814e0698c75aca5	source_unnamed	unique_full_body_sha256
LF9C102P	0xAEFE2	LF9D012H	0xB71EA	FUN_000aefe2	FUN_000b71ea	FUN_000aefe2	30	d78c6df2130cc1964120e66cc81f7915202423f0618f0ed83efeae5e60fa78e9	source_unnamed	unique_full_body_sha256
LF9C102P	0x6AB7E	LF9D012H	0x6CF16	diag_monitor_mature_rec00	diag_monitor_mature_rec00	diag_monitor_mature_rec00	46	d79937abb02673432d3c10b972e3fd38ffe087beac556cd4db0d075452fe3ece	already_named	unique_full_body_sha256
LF9C102P	0x1D7A10	LF9D012H	0x1E37D4	FUN_001d7a10	FUN_001e37d4	FUN_001d7a10	92	d7c2a37cf42f419842545314fd7f92aaee7b4086bd4458cd1f4b6c81bc8e3577	source_unnamed	unique_full_body_sha256
LF9C102P	0x8334C	LF9D012H	0x860B0	FUN_0008334c	FUN_000860b0	FUN_0008334c	102	d804b2728f56e0285f721ce1bb18c3d7ccdb75cd553418dc9dbc3864d5675851	source_unnamed	unique_full_body_sha256
LF9C102P	0xA6942	LF9D012H	0xAEB0E	FUN_000a6942	FUN_000aeb0e	FUN_000a6942	76	d81a39ad5e89f34a03745dea0bcd0e399084409816bcb90ba7866aacc863434c	source_unnamed	unique_full_body_sha256
LF9C102P	0x1FEE98	LF9D012H	0x27EFA0	output_driver_dispatch	output_driver_dispatch	output_driver_dispatch	40	d81f963370bd8818e7d511198c16ac7fc4bf74a3c4369736d201daab3b3956f7	already_named	unique_full_body_sha256
LF9C102P	0x1E7E64	LF9D012H	0x1F4F30	FUN_001e7e64	FUN_001f4f30	FUN_001e7e64	72	d873e326ebb5a26257f41b3123b0fb0310a0008744f57926ba0a7ae168d1213a	source_unnamed	unique_full_body_sha256
LF9C102P	0x1C9646	LF9D012H	0x1D52FA	FUN_001c9646	FUN_001d52fa	FUN_001c9646	50	d8b4286e4698436d692009e00faedb373c227a198bda1849d331dfa460a1863d	source_unnamed	unique_full_body_sha256
LF9C102P	0xFDA74	LF9D012H	0x107AA0	FUN_000fda74	FUN_00107aa0	FUN_000fda74	38	d8bfaf85e36c60fefa5c3392ab4d3b3390f7b817fd6415626771d03c8e7ee2b7	source_unnamed	unique_full_body_sha256
LF9C102P	0x1D5C44	LF9D012H	0x1E1A08	FUN_001d5c44	FUN_001e1a08	FUN_001d5c44	44	d8d71a90fb5c342f4f09d3d9ad56bf6318bab88e4c2850ba560492a90259246b	source_unnamed	unique_full_body_sha256
LF9C102P	0x11DE64	LF9D012H	0x127DD4	FUN_0011de64	FUN_00127dd4	FUN_0011de64	108	d8e894fbcaf30516eb6a730644d5e3dd1806bc462f769260154835e38826249b	source_unnamed	unique_full_body_sha256
LF9C102P	0xDECCC	LF9D012H	0xE75B4	FUN_000deccc	FUN_000e75b4	FUN_000deccc	52	d8f0db7702c23d5e1baf43f535ca064d2934802f7395a2f35e74cbbe18b76c2d	source_unnamed	unique_full_body_sha256
LF9C102P	0xB2398	LF9D012H	0xBA5A0	FUN_000b2398	FUN_000ba5a0	FUN_000b2398	18	d91ad25a3e5f379c5bd9ce5f4d9b94ca7e4ec71f8b1f91422e758f6c394844a6	source_unnamed	unique_full_body_sha256
LF9C102P	0x1942E0	LF9D012H	0x19ECB0	FUN_001942e0	FUN_0019ecb0	FUN_001942e0	84	d95c1d7436e9b25203d64bcb614b7c4b6ac46d8b3846d6762c763f33b44049a3	source_unnamed	unique_full_body_sha256
LF9C102P	0x13B7B8	LF9D012H	0x1458CC	FUN_0013b7b8	FUN_001458cc	FUN_0013b7b8	132	d984b785e19f1d0c328b2f8922917cfa301a1c4006796c6aa43daefc7138fa99	source_unnamed	unique_full_body_sha256
LF9C102P	0x103EF8	LF9D012H	0x10DF2C	FUN_00103ef8	FUN_0010df2c	FUN_00103ef8	46	d98c96627977b90aac7855315fcd633fab42afefe170e498e8fc68a23c05d573	source_unnamed	unique_full_body_sha256
LF9C102P	0x1A7538	LF9D012H	0x1B310C	FUN_001a7538	FUN_001b310c	FUN_001a7538	82	d994ad603373e53ca7ce61f925b648bf1c92082655300c52cbe811a0a817cc1d	source_unnamed	unique_full_body_sha256
LF9C102P	0x1FCF50	LF9D012H	0x27D058	FUN_001fcf50	FUN_0027d058	FUN_001fcf50	48	d998c6c728bb543d57197d3dc33ab725bf7bd11c731088f4b193988af04c0164	source_unnamed	unique_full_body_sha256
LF9C102P	0x1C9C26	LF9D012H	0x1D58DA	FUN_001c9c26	FUN_001d58da	FUN_001c9c26	10	d9c53375ed8dc03d08b215a0a336304ff39552fdb230cbd4140dea8f6310696e	source_unnamed	unique_full_body_sha256
LF9C102P	0x1494C8	LF9D012H	0x153C5C	FUN_001494c8	FUN_00153c5c	FUN_001494c8	70	d9cfcaf2f44d4f2078f1d7d3ab9f25176c98472d88c2dbf0c9c37973b4ac10ea	source_unnamed	unique_full_body_sha256
LF9C102P	0x1182E8	LF9D012H	0x122214	FUN_001182e8	FUN_00122214	FUN_001182e8	110	da0b781804d8f86a7b3ce03a2da740ed8251c93d23f01d23686d8eedbc4d1fd9	source_unnamed	unique_full_body_sha256
LF9C102P	0x6CCD6	LF9D012H	0x6F06E	FUN_0006ccd6	FUN_0006f06e	FUN_0006ccd6	88	da0bf77b014a380f4d1206b534dfa06cebe0c4b928920cb2042b2668b649c001	source_unnamed	unique_full_body_sha256
LF9C102P	0xAA848	LF9D012H	0xB2A14	FUN_000aa848	FUN_000b2a14	FUN_000aa848	78	da2c30cbd695f0a8adb62ee8068559e1459fe36a368546931b47d054fcc71be1	source_unnamed	unique_full_body_sha256
LF9C102P	0xB0AB0	LF9D012H	0xB8CB8	FUN_000b0ab0	FUN_000b8cb8	FUN_000b0ab0	70	da3df63a44d066ecf750c193db2d6b02fb3a4f87a8d56558be3230d2cd2b4762	source_unnamed	unique_full_body_sha256
LF9C102P	0x6E3E8	LF9D012H	0x70780	FUN_0006e3e8	FUN_00070780	FUN_0006e3e8	26	da555ff4ffcbe3c17fc0139ea57ba5feb376062c8af6e6c3b0dafcafb3e2b96a	source_unnamed	unique_full_body_sha256
LF9C102P	0x10918C	LF9D012H	0x11319C	FUN_0010918c	FUN_0011319c	FUN_0010918c	22	da5777f44e164ad1095d17f85471f1024249ec0c7fc4d8c63818ba3dc0311a4d	source_unnamed	unique_full_body_sha256
LF9C102P	0x1E4828	LF9D012H	0x1F17B8	FUN_001e4828	FUN_001f17b8	FUN_001e4828	40	da608bce6c2cd287f3f3886ec54cd3b685fb43ab5fd08ced2d57353566094173	source_unnamed	unique_full_body_sha256
LF9C102P	0x1CC2BC	LF9D012H	0x1D8080	FUN_001cc2bc	FUN_001d8080	FUN_001cc2bc	46	da67cb2092f18b8039793c890688f370ea56e4525557a3e47d8146a7cc287f39	source_unnamed	unique_full_body_sha256
LF9C102P	0x1B37E4	LF9D012H	0x1BF44C	FUN_001b37e4	FUN_001bf44c	FUN_001b37e4	56	da6c3b5b0c5df66dd3865bf49378040bdc369faa78e9fc74dfbe45d49aa61f2c	source_unnamed	unique_full_body_sha256
LF9C102P	0x1A9C80	LF9D012H	0x1B5854	FUN_001a9c80	FUN_001b5854	FUN_001a9c80	262	da753852b2d7dbe0ae33a53dbc3679a1d526c6db9a00c8f1092eace55513808c	source_unnamed	unique_full_body_sha256
LF9C102P	0x1E3AB0	LF9D012H	0x1F0A40	FUN_001e3ab0	FUN_001f0a40	FUN_001e3ab0	76	da75d517e80d9b41769d7eedb5448eb780cf8a10ffbd4e1d80b5d414f6bfc0fa	source_unnamed	unique_full_body_sha256
LF9C102P	0x82E76	LF9D012H	0x85BDA	FUN_00082e76	FUN_00085bda	FUN_00082e76	52	da79093ea726a501dd4c779dd6cc49ac88063e67d676b7152df52d0309d8f9ec	source_unnamed	unique_full_body_sha256
LF9C102P	0x1CC268	LF9D012H	0x1D802C	FUN_001cc268	FUN_001d802c	FUN_001cc268	20	da9d7270365c79dfd4e08a816937cc37e309dd39e8406590ae7ccd4bcb2d0f54	source_unnamed	unique_full_body_sha256
LF9C102P	0x1D3944	LF9D012H	0x1DF708	FUN_001d3944	FUN_001df708	FUN_001d3944	22	dac3bc950a8608bb03cadb17ddd4cc58de825a919d6f2e9b0ea4ac63a76d5fb0	source_unnamed	unique_full_body_sha256
LF9C102P	0x1E7AD0	LF9D012H	0x1F4B9C	call_cb_with_lockbit_4000	call_cb_with_lockbit_4000	call_cb_with_lockbit_4000	36	dac3d3bc8aa3c3db3607aa7052bbe2acc4f4858b4560895eef65b7e8fbec7fb7	already_named	unique_full_body_sha256
LF9C102P	0xA7152	LF9D012H	0xAF31E	thunk_FUN_000a7bfc	thunk_FUN_000afdc8	thunk_FUN_000a7bfc	4	dacc899b426b48e51b2551b516633645c64d5c2d15810e66cc3dedbf3d1420b6	source_unnamed	unique_full_body_sha256
LF9C102P	0x1792E0	LF9D012H	0x183B20	FUN_001792e0	FUN_00183b20	FUN_001792e0	196	dae2e1b30330a2737ed4b430646c382d41ede122803a5ec5d753471a69d9b09e	source_unnamed	unique_full_body_sha256
LF9C102P	0xB6F8A	LF9D012H	0xBF10E	FUN_000b6f8a	FUN_000bf10e	FUN_000b6f8a	22	dae6feb79b17e3a8eb7552e928692c221bd05e140ad4a6d9737b7c5668635438	source_unnamed	unique_full_body_sha256
LF9C102P	0x1E4706	LF9D012H	0x1F1696	FUN_001e4706	FUN_001f1696	FUN_001e4706	6	dafcf4fd2bc0ff10ff6c6d3468a15944a2bf80135d686206061b43ef8c6d7425	source_unnamed	unique_full_body_sha256
LF9C102P	0x1B3C4C	LF9D012H	0x1BF8B4	FUN_001b3c4c	FUN_001bf8b4	FUN_001b3c4c	52	db0eaf8bedba501024e3a6d501291d43cd0e12cb19aa8a75cb7d9f34189641be	source_unnamed	unique_full_body_sha256
LF9C102P	0x1FD82A	LF9D012H	0x27D932	FUN_001fd82a	FUN_0027d932	FUN_001fd82a	172	db10605acd9ba3fe2b25ab4c84198aaf4e2985965a82cdf09c2acb8d0f16419f	source_unnamed	unique_full_body_sha256
LF9C102P	0xC12F4	LF9D012H	0xC9738	FUN_000c12f4	FUN_000c9738	FUN_000c12f4	20	db2c59d5db44caf75841431a5c5570d5c5a2fb657080d5827f7e829692371570	source_unnamed	unique_full_body_sha256
LF9C102P	0x1D1848	LF9D012H	0x1DD60C	frame_set_2byte_field	frame_set_2byte_field	frame_set_2byte_field	14	db43177b0ee7c8024e7a8ea6cb9087e8164243755d58228612c9268b743b2865	already_named	unique_full_body_sha256
LF9C102P	0x1FD026	LF9D012H	0x27D12E	FUN_001fd026	FUN_0027d12e	FUN_001fd026	18	db9ac51352ffb7aefc5db39408024781fd396f931c2f37623431ab9a89dd3fdd	source_unnamed	unique_full_body_sha256
LF9C102P	0x103C74	LF9D012H	0x10DCA8	FUN_00103c74	FUN_0010dca8	FUN_00103c74	8	dba0830b2c290e68e265c9c619fa6c6ea04f621334d3e034982c65103aca798d	source_unnamed	unique_full_body_sha256
LF9C102P	0x94C10	LF9D012H	0x9EA64	FUN_00094c10	FUN_0009ea64	FUN_00094c10	232	dbb91f92c9e45baa15da8299a07badac786b666c71f918ddfee735d7945bc9d7	source_unnamed	unique_full_body_sha256
LF9C102P	0x184EE8	LF9D012H	0x18F798	FUN_00184ee8	FUN_0018f798	FUN_00184ee8	122	dbf59e76fcbf873e8fcd2187f1470dd6a728f6451bf0fa0759f8b8c9dc77b4b5	source_unnamed	unique_full_body_sha256
LF9C102P	0x1CEEDE	LF9D012H	0x1DACA2	FUN_001ceede	FUN_001daca2	FUN_001ceede	10	dbf88a9f237e6bd9906fd2e5df0549b78f38b8046ae9a15acc5442c2ee302695	source_unnamed	unique_full_body_sha256
LF9C102P	0x12CD60	LF9D012H	0x136E74	FUN_0012cd60	FUN_00136e74	FUN_0012cd60	56	dc10eba47b31e72f3e3ac256e2304d9bee594c0e8dfb910510b37be00d5ebf64	source_unnamed	unique_full_body_sha256
LF9C102P	0xC94A4	LF9D012H	0xD1B3C	FUN_000c94a4	FUN_000d1b3c	FUN_000c94a4	34	dc2fd0e73f17baf191f056d09da38bff52aede525d349b405f90bd09e604c06c	source_unnamed	unique_full_body_sha256
LF9C102P	0x83E78	LF9D012H	0x86BDC	FUN_00083e78	FUN_00086bdc	FUN_00083e78	54	dc3731a149769c18f1b1391687bdcc63a0f2d5fb7816e02ac196f1f04bb75955	source_unnamed	unique_full_body_sha256
LF9C102P	0x1CEEA8	LF9D012H	0x1DAC6C	FUN_001ceea8	FUN_001dac6c	FUN_001ceea8	10	dc5ce4bbf21e2a5fbf419c9907fcbbb75141ec65bf638c50682c86e046d9258c	source_unnamed	unique_full_body_sha256
LF9C102P	0x1775C0	LF9D012H	0x181DC0	FUN_001775c0	FUN_00181dc0	FUN_001775c0	266	dc63a49b573d88777e1552f4011ca465cc39bc45ce58345d3884b8f9a74597ac	source_unnamed	unique_full_body_sha256
LF9C102P	0x1CE454	LF9D012H	0x1DA218	FUN_001ce454	FUN_001da218	FUN_001ce454	130	dc6803e7c7a67b39c82277893b6b7dc67fcf684af20e2701b7c3d0b3a012e648	source_unnamed	unique_full_body_sha256
LF9C102P	0xC5DC8	LF9D012H	0xCE3F4	FUN_000c5dc8	FUN_000ce3f4	FUN_000c5dc8	42	dcce4555f702e173454be9e6b65d9caa81783923fc5363a8db907be5f2a6125c	source_unnamed	unique_full_body_sha256
LF9C102P	0xA9968	LF9D012H	0xB1B34	FUN_000a9968	FUN_000b1b34	FUN_000a9968	24	dcd14429725ac1c0c62cfd531c34552949e5bf64cd3375a8f2d6da2ed2616349	source_unnamed	unique_full_body_sha256
LF9C102P	0x1CE560	LF9D012H	0x1DA324	FUN_001ce560	FUN_001da324	FUN_001ce560	10	dcd41d36760d9186d30cd7c049231aace47a757b99d770f89169a511a9aabfbc	source_unnamed	unique_full_body_sha256
LF9C102P	0x1D5BE8	LF9D012H	0x1E19AC	FUN_001d5be8	FUN_001e19ac	FUN_001d5be8	6	dcdfcfea57cfe11ecab06707e97d6b2ee2938f33684d4fadd6ba5c8cce7cc1fa	source_unnamed	unique_full_body_sha256
LF9C102P	0x1CAFDE	LF9D012H	0x1D6DA2	FUN_001cafde	FUN_001d6da2	FUN_001cafde	14	dce570c1eec5e7797665b0d34abc36dd359f4c7dac10a07f6c5ad7a10dd8a903	source_unnamed	unique_full_body_sha256
LF9C102P	0x1FE3B0	LF9D012H	0x27E4B8	FUN_001fe3b0	FUN_0027e4b8	FUN_001fe3b0	92	dced07981cd5a0722e8a6a136fb7ce8bc3b758095905f63249a229856830eea7	source_unnamed	unique_full_body_sha256
LF9C102P	0xA326A	LF9D012H	0xAB436	FUN_000a326a	FUN_000ab436	FUN_000a326a	114	dd046def442797277709a7197069034834fb744910a35a0fc94428e0ce425432	source_unnamed	unique_full_body_sha256
LF9C102P	0x6AE14	LF9D012H	0x6D1AC	FUN_0006ae14	FUN_0006d1ac	FUN_0006ae14	48	dd28e6fd594611c1635af4eeff7bb65920aaa535d95d5a153c0f31e54ce57f35	source_unnamed	unique_full_body_sha256
LF9C102P	0x6E7D0	LF9D012H	0x70B68	FUN_0006e7d0	FUN_00070b68	FUN_0006e7d0	20	ddc2e9936867042851a85f3ef6d3d12ea912824c8f3b2535e00403d329cfe74d	source_unnamed	unique_full_body_sha256
LF9C102P	0x1A3088	LF9D012H	0x1AE6E0	FUN_001a3088	FUN_001ae6e0	FUN_001a3088	760	ddc30353104746f5cbff143c547de86ab0e1dfb5e33df1a90c34ce064ac12ec3	source_unnamed	unique_full_body_sha256
LF9C102P	0x180504	LF9D012H	0x18ADB4	FUN_00180504	FUN_0018adb4	FUN_00180504	134	ddd3083cacb4dd31adbfb0dec1d79cfc800039d535e3fd3a3980ca4ef0ac62e5	source_unnamed	unique_full_body_sha256
LF9C102P	0x1D3A26	LF9D012H	0x1DF7EA	FUN_001d3a26	FUN_001df7ea	FUN_001d3a26	96	de0aa90ccae19f805b99be205f80be736cb6e6aae4ab120bd9c819706da54e53	source_unnamed	unique_full_body_sha256
LF9C102P	0x76E4	LF9D012H	0x77C8	FUN_000076e4	FUN_000077c8	FUN_000076e4	8	de146f2ed9952632443580cd9d8b91b9b57689798116144f319ceda48df9df65	source_unnamed	unique_full_body_sha256
LF9C102P	0x114600	LF9D012H	0x11E52C	FUN_00114600	FUN_0011e52c	FUN_00114600	88	de4dc9add3021a13961d816b4f96020bde18dfc01a01b9adeb03caeec502fb99	source_unnamed	unique_full_body_sha256
LF9C102P	0x1CFB64	LF9D012H	0x1DB928	FUN_001cfb64	FUN_001db928	FUN_001cfb64	54	de57e3d4b99efcd83a4803a6119483f9ac9ceb907875cfb08bc95cf9af811ff7	source_unnamed	unique_full_body_sha256
LF9C102P	0xA2BEE	LF9D012H	0xAADBA	FUN_000a2bee	FUN_000aadba	FUN_000a2bee	40	de64c4f7aafec434c49a416e0f3548ac8c559feef5b004fe0c3ac408fe8264f7	source_unnamed	unique_full_body_sha256
LF9C102P	0x86C3E	LF9D012H	0x899AE	FUN_00086c3e	FUN_000899ae	FUN_00086c3e	26	dea3f07b1657ce6efca1d927cf3f0920d18d20154d1a9611c8a8fab33350d5e7	source_unnamed	unique_full_body_sha256
LF9C102P	0x1D5D42	LF9D012H	0x1E1B06	FUN_001d5d42	FUN_001e1b06	FUN_001d5d42	10	dea98716aa07e19c8075b1de194c7144ac619461ff3302831040868f4c58a3c3	source_unnamed	unique_full_body_sha256
LF9C102P	0x12D334	LF9D012H	0x137448	FUN_0012d334	FUN_00137448	FUN_0012d334	108	deee92e362764fac40aefecd1f30f8771556dd6f8ba0778fb133c0fbfa746908	source_unnamed	unique_full_body_sha256
LF9C102P	0x1A7F38	LF9D012H	0x1B3B0C	interp_1d_axis_u16_data_s8b	interp_1d_axis_u16_data_s8b	interp_1d_axis_u16_data_s8b	134	df086bb9a61ccf6ca0d27f0cd4931ec793009d69f7939976c3aab05aa1f1aae4	already_named	unique_full_body_sha256
LF9C102P	0x13290C	LF9D012H	0x13CA20	FUN_0013290c	FUN_0013ca20	FUN_0013290c	106	df1a1000ed6b04808886346b6e19124f5891108260a1c63bba8d498dcfce6cc9	source_unnamed	unique_full_body_sha256
LF9C102P	0x7EBD8	LF9D012H	0x81738	FUN_0007ebd8	FUN_00081738	FUN_0007ebd8	22	df23add9bd17aed4c0cca762923566907b0f8d505cd156e5628ebe51be78d398	source_unnamed	unique_full_body_sha256
LF9C102P	0x1E4850	LF9D012H	0x1F17E0	FUN_001e4850	FUN_001f17e0	FUN_001e4850	18	df270bbe4e36d36ba0af17895c053cf169a2cf841b7f10c0fc01c3f5bb5939ea	source_unnamed	unique_full_body_sha256
LF9C102P	0x1274C8	LF9D012H	0x1314A4	FUN_001274c8	FUN_001314a4	FUN_001274c8	18	df459079d97fcf5ba86cd48d410c2ac19ef28a5ef48fb26f80d3c9e02a7ed198	source_unnamed	unique_full_body_sha256
LF9C102P	0x1A896C	LF9D012H	0x1B4540	FUN_001a896c	FUN_001b4540	FUN_001a896c	292	df4da1d9e04c240cdbda24ef422895197d205019e049903dc7cb0cbf55e1c728	source_unnamed	unique_full_body_sha256
LF9C102P	0x117758	LF9D012H	0x121684	FUN_00117758	FUN_00121684	FUN_00117758	26	df4da9ab225f32b588f9790d6b86c35cf5673ca795485cddf3e73f666697cdf3	source_unnamed	unique_full_body_sha256
LF9C102P	0x1CEEF8	LF9D012H	0x1DACBC	FUN_001ceef8	FUN_001dacbc	FUN_001ceef8	44	df5bb00a6d9df149bd3ebd182dfedd7bd58201d64fe37f74279f4092777e9932	source_unnamed	unique_full_body_sha256
LF9C102P	0xFFD8C	LF9D012H	0x109DB8	FUN_000ffd8c	FUN_00109db8	FUN_000ffd8c	192	df8c460754c571cef94b84ca89e8588616a059092f088380e36949160fa6051e	source_unnamed	unique_full_body_sha256
LF9C102P	0x1D027A	LF9D012H	0x1DC03E	FUN_001d027a	FUN_001dc03e	FUN_001d027a	10	dfaa09dc42f68fa1f397de20f409b9d44dfa2311c0546c683063df74150b2fba	source_unnamed	unique_full_body_sha256
LF9C102P	0xDBC6C	LF9D012H	0xE4554	FUN_000dbc6c	FUN_000e4554	FUN_000dbc6c	72	e0019ed93d1ff0ccab1ebd5f0d31d732a38e411e286caa72ae5e58d3121bfd3b	source_unnamed	unique_full_body_sha256
LF9C102P	0x1E1DFC	LF9D012H	0x1EDF2C	FUN_001e1dfc	FUN_001edf2c	FUN_001e1dfc	32	e02068d7b129c2e4e7b2953c03bffca668d28a44ccf59c6df306cc5de80201a1	source_unnamed	unique_full_body_sha256
LF9C102P	0x1A83B8	LF9D012H	0x1B3F8C	FUN_001a83b8	FUN_001b3f8c	FUN_001a83b8	108	e044066ab824d9d5c4adcb5d1706d9ed4c9553d0cc0e6d4e9901d21f68532c39	source_unnamed	unique_full_body_sha256
LF9C102P	0x1D0284	LF9D012H	0x1DC048	FUN_001d0284	FUN_001dc048	FUN_001d0284	10	e061cc3d0b336abc88a600e91c56a44d6405de0ce99adae06bbdfe03c2a17255	source_unnamed	unique_full_body_sha256
LF9C102P	0xA8FBC	LF9D012H	0xB1188	FUN_000a8fbc	FUN_000b1188	FUN_000a8fbc	258	e0727732b26fc08ab163a0736aec4dd4f2c4436c9aa3895f2eda47b3718f7737	source_unnamed	unique_full_body_sha256
LF9C102P	0x83264	LF9D012H	0x85FC8	FUN_00083264	FUN_00085fc8	FUN_00083264	138	e088b4721495713d5149d87a2183f89ef9a0fc190fa1b5b05b3d614f5b32c0cc	source_unnamed	unique_full_body_sha256
LF9C102P	0x1CAC14	LF9D012H	0x1D69D8	sig_set_fwd_1a	sig_set_fwd_1a	sig_set_fwd_1a	6	e09d2f899997b86760bc20b911f464286a8f8201a5d30e555532b0a5e95c34a9	already_named	unique_full_body_sha256
LF9C102P	0x156F54	LF9D012H	0x1616E8	FUN_00156f54	FUN_001616e8	FUN_00156f54	108	e0a21879e51fba2694e5f28e45791bbaa71192a9e0d2c119c87eff3e69576da3	source_unnamed	unique_full_body_sha256
LF9C102P	0x127028	LF9D012H	0x131004	FUN_00127028	FUN_00131004	FUN_00127028	54	e0c4b07218e3b44a99dd77e1b7f3c35d6c51aa7c5ad2fcbaa1cb4fe44b2f0330	source_unnamed	unique_full_body_sha256
LF9C102P	0x1445A8	LF9D012H	0x14E728	FUN_001445a8	FUN_0014e728	FUN_001445a8	100	e0e3fda9b57c9ad32121206c6136ebf4c1966fa581ed26551ee55e32238d308a	source_unnamed	unique_full_body_sha256
LF9C102P	0x99664	LF9D012H	0xA34B8	sa_block_join_halves	sa_block_join_halves	sa_block_join_halves	88	e0ebd2fcad1f75f0670a690c1cd0923335999a1a8f7861bb4e59aa6e1f8d4033	already_named	unique_full_body_sha256
LF9C102P	0x132538	LF9D012H	0x13C64C	FUN_00132538	FUN_0013c64c	FUN_00132538	32	e1192c6c9bf0eb10d0d336df747946f31fdd7aa1c600d953c414cdfcca6a6206	source_unnamed	unique_full_body_sha256
LF9C102P	0x1E4698	LF9D012H	0x1F1628	FUN_001e4698	FUN_001f1628	FUN_001e4698	10	e12beb29a98342bad68afcd1c73df6cb4ae9177a01e70644e1c18167a87167f0	source_unnamed	unique_full_body_sha256
LF9C102P	0x6C1A0	LF9D012H	0x6E538	FUN_0006c1a0	FUN_0006e538	FUN_0006c1a0	162	e161a6b1c274065cf1bfe51239ee03ef692b0e8b07071c2a631b2a2298e57dd7	source_unnamed	unique_full_body_sha256
LF9C102P	0x1D358C	LF9D012H	0x1DF350	adc_channel_range_dispatch	adc_channel_range_dispatch	adc_channel_range_dispatch	570	e177ae8e6286199021a84cdb38a24110334074406ab942648a6488d9a2f16327	already_named	unique_full_body_sha256
LF9C102P	0x1FD24A	LF9D012H	0x27D352	FUN_001fd24a	FUN_0027d352	FUN_001fd24a	20	e18b8401cbc05a42e1e8c05c2420d5476b4cd879bec17eb87f1080037daab08c	source_unnamed	unique_full_body_sha256
LF9C102P	0x81808	LF9D012H	0x8456C	FUN_00081808	FUN_0008456c	FUN_00081808	38	e1e0a371883d7bfb2ee7ad52f1460070ec18e5432828a4d4c613a77658e85bd8	source_unnamed	unique_full_body_sha256
LF9C102P	0x14A800	LF9D012H	0x154F94	FUN_0014a800	FUN_00154f94	FUN_0014a800	210	e24eefee5698681963d21cfe0783413fafaf82c1854c223faa038212009b8629	source_unnamed	unique_full_body_sha256
LF9C102P	0x1E46A2	LF9D012H	0x1F1632	FUN_001e46a2	FUN_001f1632	FUN_001e46a2	10	e2599bfe9b8a18cac10cb100ef415044e4d4d65e7789f8be3e60f5ed1ec63316	source_unnamed	unique_full_body_sha256
LF9C102P	0x1A7630	LF9D012H	0x1B3204	interp_1d_axis_u8_data_s8	interp_1d_axis_u8_data_s8	interp_1d_axis_u8_data_s8	114	e26e59fdd307507dc5eaf03585971958a7c02c84cd02afb9cbc52935135932b7	already_named	unique_full_body_sha256
LF9C102P	0xA4D06	LF9D012H	0xACED2	FUN_000a4d06	FUN_000aced2	FUN_000a4d06	56	e29ee07a5398a11ce9b22b198021783b8f33b1c33b32989795b390036378cde0	source_unnamed	unique_full_body_sha256
LF9C102P	0x1AC978	LF9D012H	0x1B854C	FUN_001ac978	FUN_001b854c	FUN_001ac978	292	e2dc22bd609ef9d21206331c1b67feee8202086905eb18e1cab58ef776e02cdc	source_unnamed	unique_full_body_sha256
LF9C102P	0xC3504	LF9D012H	0xCB960	FUN_000c3504	FUN_000cb960	FUN_000c3504	48	e2eeb8fac5ed0a73f848fe4217f83bd76bb4f25d316097159da9037165079a6a	source_unnamed	unique_full_body_sha256
LF9C102P	0x1D5D22	LF9D012H	0x1E1AE6	FUN_001d5d22	FUN_001e1ae6	FUN_001d5d22	12	e2f2fe25841ae84aed2183585f97617d6f8000313eb642c40c8a8ef6d55a760a	source_unnamed	unique_full_body_sha256
LF9C102P	0x6CA20	LF9D012H	0x6EDB8	FUN_0006ca20	FUN_0006edb8	FUN_0006ca20	40	e335106ee83420a3702ca065484925bbee63ce111f3c6afa236f77de7fa37afc	source_unnamed	unique_full_body_sha256
LF9C102P	0x1E7A88	LF9D012H	0x1F4B54	call_cb_with_lockbit_10000	call_cb_with_lockbit_10000	call_cb_with_lockbit_10000	36	e33916c7bedd75d689bced9277a09f8298ec335bad04b037838585a1344005cf	already_named	unique_full_body_sha256
LF9C102P	0x1CD6CC	LF9D012H	0x1D9490	FUN_001cd6cc	FUN_001d9490	FUN_001cd6cc	18	e370e1f221764cac0785bf84a4f67e313589c373caa6d3529741d539a91e37e3	source_unnamed	unique_full_body_sha256
LF9C102P	0x1275D0	LF9D012H	0x1315AC	FUN_001275d0	FUN_001315ac	FUN_001275d0	60	e3b97a6641a2c3a205fcca3e9cb402869b35e002dc68f1a33aae2bd235d690fb	source_unnamed	unique_full_body_sha256
LF9C102P	0x1CAC54	LF9D012H	0x1D6A18	sig_set_fwd_1e	sig_set_fwd_1e	sig_set_fwd_1e	6	e40fc3413abb6d5f765676563578f6e56a6cc78c3c4b02cad1c4862b268937f1	already_named	unique_full_body_sha256
LF9C102P	0x1E4360	LF9D012H	0x1F12F0	FUN_001e4360	FUN_001f12f0	FUN_001e4360	48	e4158b6a8c269ef297a2c96cbac9ba4f7034226a0d1a89e6f6a1652ea8f432d5	source_unnamed	unique_full_body_sha256
LF9C102P	0x1FE76A	LF9D012H	0x27E872	FUN_001fe76a	FUN_0027e872	FUN_001fe76a	6	e43de6099f37f4b1db2bfcdf3557500f3e6a85dfc901405461bf8e879d8d4e7f	source_unnamed	unique_full_body_sha256
LF9C102P	0x1FE8EC	LF9D012H	0x27E9F4	FUN_001fe8ec	FUN_0027e9f4	FUN_001fe8ec	26	e43f89c1207e5cf767e11e8ef0283faef7629397cbf33ffc6b6bc3ce6756c4d0	source_unnamed	unique_full_body_sha256
LF9C102P	0x1274DC	LF9D012H	0x1314B8	FUN_001274dc	FUN_001314b8	FUN_001274dc	20	e44efb06299631ff6ca237fec716243a563ef24e70d5c40d697616ad43f1869c	source_unnamed	unique_full_body_sha256
LF9C102P	0x6D84	LF9D012H	0x6D84	FUN_00006d84	FUN_00006d84	FUN_00006d84	16	e47857265965ffeb24084189c32a3a6e41175fbd02a45f55e68562f1b2691d4d	source_unnamed	unique_full_body_sha256
LF9C102P	0xDE444	LF9D012H	0xE6D2C	FUN_000de444	FUN_000e6d2c	FUN_000de444	38	e49939478fd0bb7045cc1aafbfed9c239771de9969851e6ceab42c3127dd4c9c	source_unnamed	unique_full_body_sha256
LF9C102P	0x1E7A4C	LF9D012H	0x1F4B18	FUN_001e7a4c	FUN_001f4b18	FUN_001e7a4c	24	e4a4823d8e33aa62b3d0e26a600f3079f6e9a033bc543ef55c140e766565b318	source_unnamed	unique_full_body_sha256
LF9C102P	0xFFCA8	LF9D012H	0x109CD4	FUN_000ffca8	FUN_00109cd4	FUN_000ffca8	228	e4a51bdd958a35851ffe4007c72907d7b4d6cdcc0907505678da4eba16015b34	source_unnamed	unique_full_body_sha256
LF9C102P	0xB0BD2	LF9D012H	0xB8DDA	FUN_000b0bd2	FUN_000b8dda	FUN_000b0bd2	330	e4c262bba7e752e06fd9f96fb37ec0d6fd3a2fe1874aaea2487fd2e6d667dba6	source_unnamed	unique_full_body_sha256
LF9C102P	0x1FE980	LF9D012H	0x27EA88	FUN_001fe980	FUN_0027ea88	FUN_001fe980	26	e4c3042cf456be904092d0ce89218d91091ac2ca55ed38adae56cedc044c89ac	source_unnamed	unique_full_body_sha256
LF9C102P	0x1CAE8C	LF9D012H	0x1D6C50	FUN_001cae8c	FUN_001d6c50	FUN_001cae8c	34	e5aa8f80fce6a73a0843116ce4fd9f24fc79a7f8c9a4c3241bc37c7c948e3b8d	source_unnamed	unique_full_body_sha256
LF9C102P	0x196324	LF9D012H	0x1A0EE4	FUN_00196324	FUN_001a0ee4	FUN_00196324	34	e5f9b41912dabee7753ea7f9d29fb1b17cd085274f5fa5a1676821b5248f5a7a	source_unnamed	unique_full_body_sha256
LF9C102P	0x1FD750	LF9D012H	0x27D858	FUN_001fd750	FUN_0027d858	FUN_001fd750	218	e6350748aeb33c0d0d6362b386d0218b69c5c3b76b555e705aea177c45b3b112	source_unnamed	unique_full_body_sha256
LF9C102P	0xAED66	LF9D012H	0xB6F6E	FUN_000aed66	FUN_000b6f6e	FUN_000aed66	76	e657b4f9ac0d1aaa2f577674aba9640eb4d4e7e9ec982526bee91ea6f8b0de16	source_unnamed	unique_full_body_sha256
LF9C102P	0x1CADE8	LF9D012H	0x1D6BAC	FUN_001cade8	FUN_001d6bac	FUN_001cade8	30	e662528f6328368af68dbad2c121c19ae231adf55eba46a4e8d18431f63f5bd9	source_unnamed	unique_full_body_sha256
LF9C102P	0x1A46A8	LF9D012H	0x1AFD24	FUN_001a46a8	FUN_001afd24	FUN_001a46a8	52	e663acfef01f8613e907047ee23964a2cd1f036c131135d8a6395e3343e85587	source_unnamed	unique_full_body_sha256
LF9C102P	0x1B3F5C	LF9D012H	0x1BFBC4	FUN_001b3f5c	FUN_001bfbc4	FUN_001b3f5c	100	e673649a7c1339ec4b4877e802f48f1aeee03452eed1085f90065250616c22fa	source_unnamed	unique_full_body_sha256
LF9C102P	0x1CBE44	LF9D012H	0x1D7C08	thunk_FUN_001ccaf2	thunk_FUN_001d88b6	thunk_FUN_001ccaf2	6	e67cd514ea42ab8b701c34637b1e6159946b434e951b6b84cc53c2d9cd4f8476	source_unnamed	unique_full_body_sha256
LF9C102P	0x6B290	LF9D012H	0x6D628	FUN_0006b290	FUN_0006d628	FUN_0006b290	142	e67cfc6b4a6f5809e750ef21601c058bcb9e4c6273e7890696dee6bbeb016d52	source_unnamed	unique_full_body_sha256
LF9C102P	0x1CEFEC	LF9D012H	0x1DADB0	FUN_001cefec	FUN_001dadb0	FUN_001cefec	12	e6880c9a9e35304f7bbf446fd49cd5fac6e06edc3a7caae5091974596ef06c19	source_unnamed	unique_full_body_sha256
LF9C102P	0x175A68	LF9D012H	0x180204	FUN_00175a68	FUN_00180204	FUN_00175a68	70	e695d199709457649df47f72efcf7eb0dc60fbfcb3d3fa824b95856a069ff5ac	source_unnamed	unique_full_body_sha256
LF9C102P	0xAB5B8	LF9D012H	0xB3784	FUN_000ab5b8	FUN_000b3784	FUN_000ab5b8	106	e72ce67c110cefe324efcda29bf88db060d7785f808c0038033dd5e21f5edc5b	source_unnamed	unique_full_body_sha256
LF9C102P	0x195814	LF9D012H	0x1A03D4	FUN_00195814	FUN_001a03d4	FUN_00195814	84	e73d86b5d5e6dd31cc3284b891bb684ab6a835ac4819b499dc6dc0fd3b36a564	source_unnamed	unique_full_body_sha256
LF9C102P	0xA49DC	LF9D012H	0xACBA8	FUN_000a49dc	FUN_000acba8	FUN_000a49dc	170	e743fef5a5b06c5bac3c30dfef3f64812ab4a029f118d467731343eab2e85aa4	source_unnamed	unique_full_body_sha256
LF9C102P	0x1E6834	LF9D012H	0x1F37C4	udiv64_core	udiv64_core	udiv64_core	230	e77ecbefb7c84f7f75e93b1e704bb8b0fad41a5c1c9b63214097a0da3cd166df	already_named	unique_full_body_sha256
LF9C102P	0x99BD6	LF9D012H	0xA3A2A	FUN_00099bd6	FUN_000a3a2a	FUN_00099bd6	94	e78924fe0a3ffcb899c4c981277800a41088f100237304bb05604dc89bc9213c	source_unnamed	unique_full_body_sha256
LF9C102P	0x1D2B14	LF9D012H	0x1DE8D8	FUN_001d2b14	FUN_001de8d8	FUN_001d2b14	6	e7a69e3f2bd026b93cecb20e99c67d5473f1e258445c9b7d1b63ddb07309dbd9	source_unnamed	unique_full_body_sha256
LF9C102P	0x85EE4	LF9D012H	0x88C54	FUN_00085ee4	FUN_00088c54	FUN_00085ee4	22	e7ff4dc85c2f67d6d734a64bf1b3edd8ef5725b7e96f7ab21bfd8d164873e874	source_unnamed	unique_full_body_sha256
LF9C102P	0x1E46B6	LF9D012H	0x1F1646	FUN_001e46b6	FUN_001f1646	FUN_001e46b6	10	e81d8d4091d74ac7301443ee524964638887fd56f128658b59ac82c4ee0a05ac	source_unnamed	unique_full_body_sha256
LF9C102P	0x83FD2	LF9D012H	0x86D36	FUN_00083fd2	FUN_00086d36	FUN_00083fd2	58	e82f86819896ff52792d7b70b60d5a0ed1cf80440639132d4ea9f3e1605db842	source_unnamed	unique_full_body_sha256
LF9C102P	0x1D7AEC	LF9D012H	0x1E38B0	FUN_001d7aec	FUN_001e38b0	FUN_001d7aec	46	e841bab85801e1cffeabab8a484cd2ee2812ca5b15c9f4b2f7bc11ad57c8147f	source_unnamed	unique_full_body_sha256
LF9C102P	0x1CFC98	LF9D012H	0x1DBA5C	FUN_001cfc98	FUN_001dba5c	FUN_001cfc98	52	e88f4dd505b3172e56685b85f8726e7f49a946d31a581ed8fbc0747dda4ed929	source_unnamed	unique_full_body_sha256
LF9C102P	0x1D0324	LF9D012H	0x1DC0E8	FUN_001d0324	FUN_001dc0e8	FUN_001d0324	10	e8b72140dd8436b059bac5e38e10c997e283ea19068bec2cf6f2a73e23598be8	source_unnamed	unique_full_body_sha256
LF9C102P	0xC5D40	LF9D012H	0xCE36C	FUN_000c5d40	FUN_000ce36c	FUN_000c5d40	30	e8c433bb4dbaa095ee05ced6404db0629569633c60b5c1bd327a1a9cb4c1e910	source_unnamed	unique_full_body_sha256
LF9C102P	0x813E4	LF9D012H	0x84148	FUN_000813e4	FUN_00084148	FUN_000813e4	366	e8db0aa447dff6ae01afbea638caee3e8791746fd11dc46626b1d0aa2cee3371	source_unnamed	unique_full_body_sha256
LF9C102P	0x81140	LF9D012H	0x83EA4	FUN_00081140	FUN_00083ea4	FUN_00081140	90	e8f9c6f6c29f9317b7f10a3348a6e4d57b177688397a7c2e338bf3373e36eccd	source_unnamed	unique_full_body_sha256
LF9C102P	0x97F08	LF9D012H	0xA1D5C	FUN_00097f08	FUN_000a1d5c	FUN_00097f08	454	e90c2b87b753b463e00a43fc82fe086693bdb3c9c305f0e0adbb27552eee2eaf	source_unnamed	unique_full_body_sha256
LF9C102P	0x9F70E	LF9D012H	0xA9636	FUN_0009f70e	FUN_000a9636	FUN_0009f70e	50	e933bdb2ce8ac9fe4cc49c10e9b6b994eb0fa56ab092872b28cf6ec223b94f17	source_unnamed	unique_full_body_sha256
LF9C102P	0x81984	LF9D012H	0x846E8	FUN_00081984	FUN_000846e8	FUN_00081984	270	e93800251c9ca75a423c34b8f16f64aa7568508ab4947f6961ef646a8fb1275d	source_unnamed	unique_full_body_sha256
LF9C102P	0xAE632	LF9D012H	0xB683A	FUN_000ae632	FUN_000b683a	FUN_000ae632	144	e96312de39812df8dd0b4333f25583c819d74f68cf510489bfa611e687c614e0	source_unnamed	unique_full_body_sha256
LF9C102P	0x1D8652	LF9D012H	0x1E4416	FUN_001d8652	FUN_001e4416	FUN_001d8652	32	e9650d4571f5bc669e9e402b7d7eb173c2222a87555995b5d7e46252bcd3aff9	source_unnamed	unique_full_body_sha256
LF9C102P	0x11EEB0	LF9D012H	0x128E24	FUN_0011eeb0	FUN_00128e24	FUN_0011eeb0	56	e978cd27f08650718b9e77b8de459d659537cc31c389c0eea90e771ad0b24aa2	source_unnamed	unique_full_body_sha256
LF9C102P	0x1091BC	LF9D012H	0x1131CC	FUN_001091bc	FUN_001131cc	FUN_001091bc	22	e982c111d528e16f8f9dea1f25d1618a02cd4635a7f105c6dedaf5f89061bc2c	source_unnamed	unique_full_body_sha256
LF9C102P	0x124B48	LF9D012H	0x12EAFC	FUN_00124b48	FUN_0012eafc	FUN_00124b48	34	e9c7e61e2d53bff66d32e46fa67cc2eb3cfaf378eecd9c4b255ff0d45dc67698	source_unnamed	unique_full_body_sha256
LF9C102P	0x1BDB48	LF9D012H	0x1C97D8	FUN_001bdb48	FUN_001c97d8	FUN_001bdb48	58	e9dfd518b448ae50f0a89b38fa8a97f7ee8a4400619bf44323339945aa8fc3d1	source_unnamed	unique_full_body_sha256
LF9C102P	0x1228FC	LF9D012H	0x12C870	FUN_001228fc	FUN_0012c870	FUN_001228fc	16	e9e07745cd85dec8391e934b49fc5c4ff179f97f527a3f0d0cb23e0f722ee5af	source_unnamed	unique_full_body_sha256
LF9C102P	0x1E637C	LF9D012H	0x1F330C	FUN_001e637c	FUN_001f330c	FUN_001e637c	24	e9fb0efb88fdffa3b76b9f6762cf84ae07a2125f3483c9ccdff82ceead3f6eea	source_unnamed	unique_full_body_sha256
LF9C102P	0x1D66FE	LF9D012H	0x1E24C2	FUN_001d66fe	FUN_001e24c2	FUN_001d66fe	38	ea02028b7be9fc30b15f6bacb660488faa3644a701a1f0372af7bc1d22185516	source_unnamed	unique_full_body_sha256
LF9C102P	0xA4D3E	LF9D012H	0xACF0A	FUN_000a4d3e	FUN_000acf0a	FUN_000a4d3e	18	ea0de379bf0b7df1e35a0eea2d2d992bfddd9738c67b9d5c0da5fd75cedc6a61	source_unnamed	unique_full_body_sha256
LF9C102P	0x1FE8A4	LF9D012H	0x27E9AC	FUN_001fe8a4	FUN_0027e9ac	FUN_001fe8a4	6	ea2e9bb8cd8503d245e7a486d9094611e60c9af65ffeeaec7acdb8a90177cf22	source_unnamed	unique_full_body_sha256
LF9C102P	0x10CB10	LF9D012H	0x116A2C	FUN_0010cb10	FUN_00116a2c	FUN_0010cb10	34	ea3a5e22133fe02a6c0df92481f83a6908078ebf97a7625a4432bd0cf1b6fe65	source_unnamed	unique_full_body_sha256
LF9C102P	0x6D4C	LF9D012H	0x6D4C	FUN_00006d4c	FUN_00006d4c	FUN_00006d4c	22	ea44c813580081f609d173df05f7e16d7941055d168971fe74a8de5ecd66ffb4	source_unnamed	unique_full_body_sha256
LF9C102P	0x1068E8	LF9D012H	0x110924	FUN_001068e8	FUN_00110924	FUN_001068e8	8	ea7fb83d7c362ba8312e6d6e47d05afc863fba1cabdb85bd1d9dde9ef6507f33	source_unnamed	unique_full_body_sha256
LF9C102P	0x1CF184	LF9D012H	0x1DAF48	FUN_001cf184	FUN_001daf48	FUN_001cf184	10	ea8bcc66403ef5c7fcff43c2d028a1e67c7530b970cace8ddbe5c2f0517b5dc2	source_unnamed	unique_full_body_sha256
LF9C102P	0xA9C5C	LF9D012H	0xB1E28	FUN_000a9c5c	FUN_000b1e28	FUN_000a9c5c	62	ea8d12af9f8f078d7efb0d0ca8a763b89b24794770235c98a86ccceab7474b43	source_unnamed	unique_full_body_sha256
LF9C102P	0xFF178	LF9D012H	0x1091A4	FUN_000ff178	FUN_001091a4	FUN_000ff178	26	ea9f628ae3018cf7505a56c0c5c14f62293affa9b44cfc15302603da34459642	source_unnamed	unique_full_body_sha256
LF9C102P	0xC3B48	LF9D012H	0xCC158	FUN_000c3b48	FUN_000cc158	FUN_000c3b48	148	eac223cd7c5ca642ae870c792f81ab2db96ee9b8592427c5d16b11a043fbb55d	source_unnamed	unique_full_body_sha256
LF9C102P	0x6ABAC	LF9D012H	0x6CF44	diag_monitor_mature_rec01	diag_monitor_mature_rec01	diag_monitor_mature_rec01	46	eac93fccdeb9dbb2519ef06620fde017579559ec1896ccae67da6efe5e37e9af	already_named	unique_full_body_sha256
LF9C102P	0x6C810	LF9D012H	0x6EBA8	FUN_0006c810	FUN_0006eba8	FUN_0006c810	40	eace3d013fbb43624a8f03470779ddb704972a4227264df87673bd901b0ffca3	source_unnamed	unique_full_body_sha256
LF9C102P	0x1D8EE0	LF9D012H	0x1E4CB4	FUN_001d8ee0	FUN_001e4cb4	FUN_001d8ee0	10	ead80744616c2ede27f050e4845f4e4398371790fcc2420f36a6987af1b4ac89	source_unnamed	unique_full_body_sha256
LF9C102P	0xB2470	LF9D012H	0xBA678	FUN_000b2470	FUN_000ba678	FUN_000b2470	20	eaf4345da6c79e63bdad967db2b9fcf1c19f4347cb9edc75b69e8f06731e4e9e	source_unnamed	unique_full_body_sha256
LF9C102P	0x1E45E8	LF9D012H	0x1F1578	FUN_001e45e8	FUN_001f1578	FUN_001e45e8	112	eaf43b3fa9c4b30d954d6ca444eb7756f9029abfb35c16f7fb106f8570d4628e	source_unnamed	unique_full_body_sha256
LF9C102P	0x1E740C	LF9D012H	0x1F44D8	FUN_001e740c	FUN_001f44d8	FUN_001e740c	172	eaf8f3d0f8724f6118753e316025b395423baa472fbc09b1edc0f1620c317e8d	source_unnamed	unique_full_body_sha256
LF9C102P	0xAEE28	LF9D012H	0xB7030	FUN_000aee28	FUN_000b7030	FUN_000aee28	66	eb0fb8f9b25722dc2c569a363aaee869c84e687d7592a62e7dd4c0498f16192f	source_unnamed	unique_full_body_sha256
LF9C102P	0x1CF046	LF9D012H	0x1DAE0A	FUN_001cf046	FUN_001dae0a	FUN_001cf046	12	eb49bce5d7ebabbb650ce1668a62c7067c5842e685930a5f623dfb03fa0245ae	source_unnamed	unique_full_body_sha256
LF9C102P	0x708F2	LF9D012H	0x72C8A	FUN_000708f2	FUN_00072c8a	FUN_000708f2	42	eb56a151028b865f1a5507a59d19d6976cbb1cdef9362a07063543d153d34b96	source_unnamed	unique_full_body_sha256
LF9C102P	0xAFBD4	LF9D012H	0xB7DDC	FUN_000afbd4	FUN_000b7ddc	FUN_000afbd4	102	ebc6060e7be9e1171af6f0c4b426f62a4a72455923ff397ae0f15b4f349a8c56	source_unnamed	unique_full_body_sha256
LF9C102P	0x1A2964	LF9D012H	0x1ADFBC	FUN_001a2964	FUN_001adfbc	FUN_001a2964	48	ebf9b9ee28efcf0e5c6546a5ce1f3696227ba5588d50215011d63651dd68890c	source_unnamed	unique_full_body_sha256
LF9C102P	0x1A0044	LF9D012H	0x1AB060	FUN_001a0044	FUN_001ab060	FUN_001a0044	424	ec0564f833173cb28465f37b6ef55f8d522a4c28f461cd4719b9e360d3f1bc93	source_unnamed	unique_full_body_sha256
LF9C102P	0x124890	LF9D012H	0x12E844	FUN_00124890	FUN_0012e844	FUN_00124890	30	ec3c43c3e9cb1fdffe9ed148f3046c5c236822616ea721b871499b4f3eb265bd	source_unnamed	unique_full_body_sha256
LF9C102P	0x1B3E00	LF9D012H	0x1BFA68	FUN_001b3e00	FUN_001bfa68	FUN_001b3e00	56	ec4fcc47cd68a3647d4d78b086b70c441627688e8f8213c26006f5ce8c8e6f5a	source_unnamed	unique_full_body_sha256
LF9C102P	0x6C7C0	LF9D012H	0x6EB58	FUN_0006c7c0	FUN_0006eb58	FUN_0006c7c0	40	ec71e2d1473b00a226cbaa0b450802a26b809abb7b80b6c3091581fddeacfbfb	source_unnamed	unique_full_body_sha256
LF9C102P	0x6B068	LF9D012H	0x6D400	FUN_0006b068	FUN_0006d400	FUN_0006b068	48	eca13a48c6628547980e8b3a15ba3d767efdb9d249e28a935edb057f486af554	source_unnamed	unique_full_body_sha256
LF9C102P	0x1A2D78	LF9D012H	0x1AE3D0	FUN_001a2d78	FUN_001ae3d0	FUN_001a2d78	24	ecc5c3bd9d42c9dc944c058b2548cab29550cbe28e6951000572fdb9028e8c8c	source_unnamed	unique_full_body_sha256
LF9C102P	0x1A88A4	LF9D012H	0x1B4478	FUN_001a88a4	FUN_001b4478	FUN_001a88a4	70	ecfc3fa38363b0af3cffa46c8db8d01c80839fe793d4f38176e365e31c6bcd78	source_unnamed	unique_full_body_sha256
LF9C102P	0x1D5BA2	LF9D012H	0x1E1966	thunk_FUN_001d5d42	thunk_FUN_001e1b06	thunk_FUN_001d5d42	6	ed514c0018a0c8fb2e1ccdba1583026f63be4b922ea91ed7a79a95733feaf4ea	source_unnamed	unique_full_body_sha256
LF9C102P	0x1CAC30	LF9D012H	0x1D69F4	sig_set_fwd_1b	sig_set_fwd_1b	sig_set_fwd_1b	6	ed70a2114c339554ce3b5cd4e75cdabd9eeace99657a0dada5dfd2dd06488ce9	already_named	unique_full_body_sha256
LF9C102P	0x1E4438	LF9D012H	0x1F13C8	FUN_001e4438	FUN_001f13c8	FUN_001e4438	72	ed78a3cf9244e2b1c40c4ad4816ff8665e3c231ad26a9ec2d2b2613a140e8203	source_unnamed	unique_full_body_sha256
LF9C102P	0x1A1980	LF9D012H	0x1ACF70	FUN_001a1980	FUN_001acf70	FUN_001a1980	54	ed7b39b66855a75009be1cce184d123b038457fe927ffe6717216de33d9a8bf7	source_unnamed	unique_full_body_sha256
LF9C102P	0x1A3B7C	LF9D012H	0x1AF1F8	FUN_001a3b7c	FUN_001af1f8	FUN_001a3b7c	86	ed89d514b9b675224944892b9b02518248bc4e122fe9c543f3e11a7c308de8a9	source_unnamed	unique_full_body_sha256
LF9C102P	0xA0D64	LF9D012H	0xAAC8C	FUN_000a0d64	FUN_000aac8c	FUN_000a0d64	36	ed95796cdb924b15f20659c974800f4767a4692462df47c98804d7367097c18b	source_unnamed	unique_full_body_sha256
LF9C102P	0x9DFB4	LF9D012H	0xA7EC0	FUN_0009dfb4	FUN_000a7ec0	FUN_0009dfb4	38	ede17ce1844badb4033ddaa0da6ec0245ed6f059f63d123e1d94897af13a44e3	source_unnamed	unique_full_body_sha256
LF9C102P	0x1CBE36	LF9D012H	0x1D7BFA	FUN_001cbe36	FUN_001d7bfa	FUN_001cbe36	6	edf5bbc8c984218ea85042014671198da9355cd22cd25de5c62de1b80b2a0142	source_unnamed	unique_full_body_sha256
LF9C102P	0xA09CE	LF9D012H	0xAA8F6	FUN_000a09ce	FUN_000aa8f6	FUN_000a09ce	100	edf6b392296994714f7032f7a7a84356649a06baaab1b2d8114a5c282bcac7e3	source_unnamed	unique_full_body_sha256
LF9C102P	0xA0234	LF9D012H	0xAA15C	FUN_000a0234	FUN_000aa15c	FUN_000a0234	146	ee18f479c5ba5c7d686bacb068968a04afad804baa94c0c99206cac05d3d69e6	source_unnamed	unique_full_body_sha256
LF9C102P	0x6B7E6	LF9D012H	0x6DB7E	FUN_0006b7e6	FUN_0006db7e	FUN_0006b7e6	190	ee34244725ef7accb24faface3353c6aa1506d04db1f2ef90c727d0334f46d46	source_unnamed	unique_full_body_sha256
LF9C102P	0x6AF7E	LF9D012H	0x6D316	FUN_0006af7e	FUN_0006d316	FUN_0006af7e	46	ee461c99027d3a71cb299e7c3c9b4ffdd12b65d892b87d3f5b18b72e1e206d51	source_unnamed	unique_full_body_sha256
LF9C102P	0x1961B8	LF9D012H	0x1A0D78	FUN_001961b8	FUN_001a0d78	FUN_001961b8	108	ee67fa7e529629d00f3de0a86a521bc2d5b1576d263c2b7258a9bebd155a5f6c	source_unnamed	unique_full_body_sha256
LF9C102P	0x87B1A	LF9D012H	0x8A88A	FUN_00087b1a	FUN_0008a88a	FUN_00087b1a	54	ee69a62566bee7a584c211007a5493cd1b90608bf14c1b6e3cf74bf8ce70634c	source_unnamed	unique_full_body_sha256
LF9C102P	0xBF590	LF9D012H	0xC7944	comm_frame_finalize_and_hw_reset	comm_frame_finalize_and_hw_reset	comm_frame_finalize_and_hw_reset	334	ee7459bf48c1cf855d4759c57196e42019fe25e8f3fa54d761d7254a9fe236db	already_named	unique_full_body_sha256
LF9C102P	0x19622C	LF9D012H	0x1A0DEC	FUN_0019622c	FUN_001a0dec	FUN_0019622c	118	eea6302f3729829537cdac988545d2abbf9ff9ebd9fc42c3a505dc1fe19be6eb	source_unnamed	unique_full_body_sha256
LF9C102P	0xA4F36	LF9D012H	0xAD102	FUN_000a4f36	FUN_000ad102	FUN_000a4f36	50	ef1b01d7dc850b2c0b2cef942c1694750371092701c85e1fdbd9e9232d55a6f0	source_unnamed	unique_full_body_sha256
LF9C102P	0x1CF02E	LF9D012H	0x1DADF2	FUN_001cf02e	FUN_001dadf2	FUN_001cf02e	12	ef6ae0c29c4a18b6764bb3e6cecdcbadd324c8fb9b26d0de5bd60192d1ab3546	source_unnamed	unique_full_body_sha256
LF9C102P	0x127880	LF9D012H	0x13185C	FUN_00127880	FUN_0013185c	FUN_00127880	14	ef6e5094f49211eb8a49749691489b81d10f17505de9632758b5856f50fa566d	source_unnamed	unique_full_body_sha256
LF9C102P	0x192DCC	LF9D012H	0x19D6B8	FUN_00192dcc	FUN_0019d6b8	FUN_00192dcc	34	ef70b87d0b85d5f4a465e873f7f5b319e3ecea6ce4a8bbd17553d10f851afaba	source_unnamed	unique_full_body_sha256
LF9C102P	0x1CADA0	LF9D012H	0x1D6B64	FUN_001cada0	FUN_001d6b64	FUN_001cada0	6	ef8c552730fe7fc9e2d29e36576e77cf7fe5e94454f028912447630ac7da14e6	source_unnamed	unique_full_body_sha256
LF9C102P	0x1D0356	LF9D012H	0x1DC11A	FUN_001d0356	FUN_001dc11a	FUN_001d0356	8	efc01f591206c9100b7b98fb9fafb887cf2a9aaeeed6976e701c56171625777f	source_unnamed	unique_full_body_sha256
LF9C102P	0xA03FC	LF9D012H	0xAA324	FUN_000a03fc	FUN_000aa324	FUN_000a03fc	220	efca04e439db9b2f94b81fe519f9baa5715e1c1964fe481c1314de80dea776d7	source_unnamed	unique_full_body_sha256
LF9C102P	0xA90BE	LF9D012H	0xB128A	FUN_000a90be	FUN_000b128a	FUN_000a90be	66	efffbec263c29fa55c3763bbf05f410094e4a8386147b50e386f7d0066281913	source_unnamed	unique_full_body_sha256
LF9C102P	0x1B6548	LF9D012H	0x1C21C8	FUN_001b6548	FUN_001c21c8	FUN_001b6548	62	f02ad9196a8995af95b63049cc2538f70650a59432de98f83fe2bbf40f06e45e	source_unnamed	unique_full_body_sha256
LF9C102P	0x1D7B1A	LF9D012H	0x1E38DE	FUN_001d7b1a	FUN_001e38de	FUN_001d7b1a	96	f03419609474ff07190e8de54b5ca22d9fe02b41631f40f406ddd7f707785253	source_unnamed	unique_full_body_sha256
LF9C102P	0x822D2	LF9D012H	0x85036	FUN_000822d2	FUN_00085036	FUN_000822d2	100	f03fe4b9efb6db09fc77d984966b20d904d9459c5a48edd337e530714facf1d2	source_unnamed	unique_full_body_sha256
LF9C102P	0x1D841C	LF9D012H	0x1E41E0	FUN_001d841c	FUN_001e41e0	FUN_001d841c	176	f05369bacc98a64f5e1be8cb88a1f09f28f61b7b109e6fb866bfad54398b9d6f	source_unnamed	unique_full_body_sha256
LF9C102P	0x1B7338	LF9D012H	0x1C2FB8	FUN_001b7338	FUN_001c2fb8	FUN_001b7338	216	f062e77ebafbe3c90ab50a75cd7048335dcfdea6a7dd171c749ef789e02150dc	source_unnamed	unique_full_body_sha256
LF9C102P	0x1CEBB2	LF9D012H	0x1DA976	FUN_001cebb2	FUN_001da976	FUN_001cebb2	44	f06cfd8e9a01247c21e9e1b1ef58a609f756b8251daa008daeff54d5dace519d	source_unnamed	unique_full_body_sha256
LF9C102P	0x1D3BB0	LF9D012H	0x1DF974	FUN_001d3bb0	FUN_001df974	FUN_001d3bb0	36	f091e6e9e7bf43a0c119a1aa1087d5ae768dcb83e4914da5afc9cba22643a21c	source_unnamed	unique_full_body_sha256
LF9C102P	0x1D693A	LF9D012H	0x1E26FE	FUN_001d693a	FUN_001e26fe	FUN_001d693a	6	f0b6244ddd6226736a4926941df6219b44d8ffb44be67a8be15e63166796c719	source_unnamed	unique_full_body_sha256
LF9C102P	0xB7C26	LF9D012H	0xBFDAA	uds_22_read_f2xx_did	uds_22_read_f2xx_did	uds_22_read_f2xx_did	140	f0b6b21895c9cbc2986f8a318309dce2fffe2dd96d21d91b5939be8a1ff90a30	already_named	unique_full_body_sha256
LF9C102P	0x1E7EAC	LF9D012H	0x1F4F78	FUN_001e7eac	FUN_001f4f78	FUN_001e7eac	116	f0da37cf261a7b0b3cee5539dd854a245b8eab9e61c9dd9e355f08967668995c	source_unnamed	unique_full_body_sha256
LF9C102P	0xAB38A	LF9D012H	0xB3556	FUN_000ab38a	FUN_000b3556	FUN_000ab38a	106	f1007e44bb7f77e353fd925430e49d853d7aee394ab9bdf8d9eaa6bfe02d3f0f	source_unnamed	unique_full_body_sha256
LF9C102P	0x99500	LF9D012H	0xA3354	FUN_00099500	FUN_000a3354	FUN_00099500	8	f1057884c4c2bc66fd6ea0b91805a27ab903196c606555c238783072ecd6a1ab	source_unnamed	unique_full_body_sha256
LF9C102P	0x9DA20	LF9D012H	0xA792C	FUN_0009da20	FUN_000a792c	FUN_0009da20	38	f10b08295f03700970f85f551d2aa84c1b0c0fab95d2f59062e1ba19e03d921c	source_unnamed	unique_full_body_sha256
LF9C102P	0x9D87A	LF9D012H	0xA7786	FUN_0009d87a	FUN_000a7786	FUN_0009d87a	14	f134c508eabc79af518eee19f9ddd9e6ccb1f26a4599bbd9620eeaddf4befb3f	source_unnamed	unique_full_body_sha256
LF9C102P	0x824C4	LF9D012H	0x85228	FUN_000824c4	FUN_00085228	FUN_000824c4	136	f139103c3fb9e9367a74e32c05ea71ebf240cf467ba221bdc1ed469e33765714	source_unnamed	unique_full_body_sha256
LF9C102P	0x1E340A	LF9D012H	0x1F039A	FUN_001e340a	FUN_001f039a	FUN_001e340a	10	f156d725a51dd783ddefb35ed65f60a47129f3a17c00675099fbd3d97b578956	source_unnamed	unique_full_body_sha256
LF9C102P	0xB0174	LF9D012H	0xB837C	FUN_000b0174	FUN_000b837c	FUN_000b0174	292	f16e1caae6fcbbac3a5ef25ce22dab5c1e3349cd1ea5c923ed549edbc796f752	source_unnamed	unique_full_body_sha256
LF9C102P	0xA2BCC	LF9D012H	0xAAD98	FUN_000a2bcc	FUN_000aad98	FUN_000a2bcc	28	f18fb4703d2e6e69d6ec3d9b10139dca3ebb0cdf9fb0fcda7d8618f56c5819cc	source_unnamed	unique_full_body_sha256
LF9C102P	0x9EDF4	LF9D012H	0xA8D1C	FUN_0009edf4	FUN_000a8d1c	FUN_0009edf4	24	f1a071bc1b0dcb9a3c1743de73e91b0598f44f27aab74786d851ca810a06fab3	source_unnamed	unique_full_body_sha256
LF9C102P	0x707EC	LF9D012H	0x72B84	FUN_000707ec	FUN_00072b84	FUN_000707ec	90	f1c756edbc2a4e0f3aa8f7d38d7d1fea915162791632943925c42c54144a5265	source_unnamed	unique_full_body_sha256
LF9C102P	0x98628	LF9D012H	0xA247C	sa_key_verify_compare	sa_key_verify_compare	sa_key_verify_compare	108	f1defb77cf4a9d57769fe49e970d5d3bdc3698f6e3e7b409af5dceeecd01bf8f	already_named	unique_full_body_sha256
LF9C102P	0x186D10	LF9D012H	0x1915C0	FUN_00186d10	FUN_001915c0	FUN_00186d10	38	f1e931b5aff397c30a9a575a4d30f74cbc05772486e006a99ef296b046dfb70b	source_unnamed	unique_full_body_sha256
LF9C102P	0x6AD54	LF9D012H	0x6D0EC	FUN_0006ad54	FUN_0006d0ec	FUN_0006ad54	48	f209a70ca33b57074511c5ffe9d8f9e89d97cca5a41c792bd8e6ac1fe8778e88	source_unnamed	unique_full_body_sha256
LF9C102P	0x1CBE54	LF9D012H	0x1D7C18	FUN_001cbe54	FUN_001d7c18	FUN_001cbe54	10	f210ea29e679d0382d5fff490116cb917a1260563ee545f90b115d20213380d8	source_unnamed	unique_full_body_sha256
LF9C102P	0x1E4BC6	LF9D012H	0x1F1B56	FUN_001e4bc6	FUN_001f1b56	FUN_001e4bc6	78	f2231dbabaa03cf219f19085ac42ae750325272bf8278b9d53c0942b1abd01b8	source_unnamed	unique_full_body_sha256
LF9C102P	0x1D2BD6	LF9D012H	0x1DE99A	FUN_001d2bd6	FUN_001de99a	FUN_001d2bd6	6	f235eccbbb31b889fd57bc8db029b3d1fad387ffa6fbb7ee6dfa2db79fe80439	source_unnamed	unique_full_body_sha256
LF9C102P	0x1C1134	LF9D012H	0x1CCDC4	FUN_001c1134	FUN_001ccdc4	FUN_001c1134	26	f26c6b5d89ad86bf8b0d3ddfed82f07b18f1e690ce4cfc00946de052e8348cb0	source_unnamed	unique_full_body_sha256
LF9C102P	0x8640C	LF9D012H	0x8917C	FUN_0008640c	FUN_0008917c	FUN_0008640c	98	f273fce07dc0d2ee7f0aef369b24705369183b24936903427448ec81781ae4e7	source_unnamed	unique_full_body_sha256
LF9C102P	0x813AA	LF9D012H	0x8410E	FUN_000813aa	FUN_0008410e	FUN_000813aa	58	f27d71f4c5d422ad9818f084ce8cc55a2c76c1a30035039f7318ffaa9e20d419	source_unnamed	unique_full_body_sha256
LF9C102P	0x1CEC84	LF9D012H	0x1DAA48	FUN_001cec84	FUN_001daa48	FUN_001cec84	44	f2a5d58921d7de26c64a76d57ab35e4fbe3b6c3aeb13f59d68cf6bf03808e232	source_unnamed	unique_full_body_sha256
LF9C102P	0xD3554	LF9D012H	0xDBCAC	FUN_000d3554	FUN_000dbcac	FUN_000d3554	64	f2ceb551256fc82ef4cb383279382fe70365442de6bff4fecee9a0643c595b34	source_unnamed	unique_full_body_sha256
LF9C102P	0x1AFADC	LF9D012H	0x1BB744	FUN_001afadc	FUN_001bb744	FUN_001afadc	56	f2f6fc6f1514d678712ad7241616899a3abca95e54a23fe44d7b215b660b4fea	source_unnamed	unique_full_body_sha256
LF9C102P	0x10890C	LF9D012H	0x11291C	FUN_0010890c	FUN_0011291c	FUN_0010890c	38	f2ff7cd19386f505e62f3fbef75b92537605650b95e8d7be2b9d3fcd4c17ffef	source_unnamed	unique_full_body_sha256
LF9C102P	0x1A7448	LF9D012H	0x1B301C	FUN_001a7448	FUN_001b301c	FUN_001a7448	80	f31583819d0c64d91e80f6a4a55559015ec1542f38cd720d1ad10d6104f4444b	source_unnamed	unique_full_body_sha256
LF9C102P	0xA4EB2	LF9D012H	0xAD07E	FUN_000a4eb2	FUN_000ad07e	FUN_000a4eb2	66	f3367a740b2a176e3d6a287bb983a792ca9ec54509fbe9b3fa31a79059059558	source_unnamed	unique_full_body_sha256
LF9C102P	0x189754	LF9D012H	0x194004	FUN_00189754	FUN_00194004	FUN_00189754	92	f339f4c1c0f84aa430500eb930ece3b5c96734c2b275b2f5a5d5a01fa31bfa0e	source_unnamed	unique_full_body_sha256
LF9C102P	0x1FE4A0	LF9D012H	0x27E5A8	FUN_001fe4a0	FUN_0027e5a8	FUN_001fe4a0	6	f34f8949f67cc3850e837dd5ed5d1497e175c7bde5c8fcb2f7a9a34cac802979	source_unnamed	unique_full_body_sha256
LF9C102P	0xC8ECC	LF9D012H	0xD1564	FUN_000c8ecc	FUN_000d1564	FUN_000c8ecc	82	f35a39a686a953c349ec50bd06b4beeff36353cf2b2fe0e735c42ac85005e7d5	source_unnamed	unique_full_body_sha256
LF9C102P	0xA2C32	LF9D012H	0xAADFE	FUN_000a2c32	FUN_000aadfe	FUN_000a2c32	254	f3640333af0dd5d06fff8fce5d9b025a667d996f2a6be3738443998472709968	source_unnamed	unique_full_body_sha256
LF9C102P	0x117A10	LF9D012H	0x12193C	FUN_00117a10	FUN_0012193c	FUN_00117a10	42	f36750a8048f12194a00c4eac9e31113c1d203c039cd0b6682fe0039ee511d21	source_unnamed	unique_full_body_sha256
LF9C102P	0x1222CC	LF9D012H	0x12C240	FUN_001222cc	FUN_0012c240	FUN_001222cc	54	f36a1e38235b9f0fb700d33421e5a202d600d52a2fe7de4cc7ad198b5aee85b4	source_unnamed	unique_full_body_sha256
LF9C102P	0x72BC	LF9D012H	0x73A0	FUN_000072bc	FUN_000073a0	FUN_000072bc	14	f386f7fe176014d12f19fe47f7922016b2c1edbfd85daec238ca5c4c2b11200b	source_unnamed	unique_full_body_sha256
LF9C102P	0x1A73F8	LF9D012H	0x1B2FCC	FUN_001a73f8	FUN_001b2fcc	FUN_001a73f8	78	f3a2ee53088b9aeb8b0638c472a230facfb3adc9df3a9d8ba11021900e90207e	source_unnamed	unique_full_body_sha256
LF9C102P	0x1962A8	LF9D012H	0x1A0E68	FUN_001962a8	FUN_001a0e68	FUN_001962a8	120	f3ffde53466fa184abd252cb30debf3a202adc0f270a3c81d0bf9499d4e76fde	source_unnamed	unique_full_body_sha256
LF9C102P	0x14477C	LF9D012H	0x14E8FC	FUN_0014477c	FUN_0014e8fc	FUN_0014477c	76	f40a4d6f430a94b53253c02d601a431af08f8a97b609d91c610c67b11d22ea03	source_unnamed	unique_full_body_sha256
LF9C102P	0x1CEB52	LF9D012H	0x1DA916	FUN_001ceb52	FUN_001da916	FUN_001ceb52	10	f45ce1b510c99695fb3cbe9fec276b709620e214301a2447c79dbcdea6c78d29	source_unnamed	unique_full_body_sha256
LF9C102P	0x1D5E92	LF9D012H	0x1E1C56	FUN_001d5e92	FUN_001e1c56	FUN_001d5e92	10	f478b4d586caddb1fd60fe1902336a0248aa668b24df7e9754e45bb810b73b14	source_unnamed	unique_full_body_sha256
LF9C102P	0x1A8150	LF9D012H	0x1B3D24	interp_1d_axis_s8_data_s16	interp_1d_axis_s8_data_s16	interp_1d_axis_s8_data_s16	122	f479270157c5d7dcfd863c58b387fef17f721aa0948413e8c184f7f505d067f0	already_named	unique_full_body_sha256
LF9C102P	0x1CBD72	LF9D012H	0x1D7B36	FUN_001cbd72	FUN_001d7b36	FUN_001cbd72	6	f48f29fec4807852ae9800749f14b3f40bc9b252090f89e8e088508d4f2fa0af	source_unnamed	unique_full_body_sha256
LF9C102P	0x9D81A	LF9D012H	0xA7726	FUN_0009d81a	FUN_000a7726	FUN_0009d81a	26	f4b92270d4713439a010d40ec8743d4cf002909f91beb14f0fb101bb65721272	source_unnamed	unique_full_body_sha256
LF9C102P	0x1570A4	LF9D012H	0x161838	FUN_001570a4	FUN_00161838	FUN_001570a4	108	f51b1d33812cf67f2856179f5693337f64cc30bb04d4598ac8b03a1ebba8d348	source_unnamed	unique_full_body_sha256
LF9C102P	0x6C930	LF9D012H	0x6ECC8	FUN_0006c930	FUN_0006ecc8	FUN_0006c930	40	f54b1f779d3a459529aa9ae68601d05af164df3c861b920c8094a617185f08b4	source_unnamed	unique_full_body_sha256
LF9C102P	0x65AC	LF9D012H	0x65AC	FUN_000065ac	FUN_000065ac	FUN_000065ac	110	f558ee2e336f164663dee0f7ebc2d8dee7882da11a92aea6273861594ee6c40b	source_unnamed	unique_full_body_sha256
LF9C102P	0x1D14FC	LF9D012H	0x1DD2C0	build_status_byte_bitfields	build_status_byte_bitfields	build_status_byte_bitfields	222	f578b91660795eba9eec106f2c18a564be5c4d3af452c007c69dcdd698ceb8df	already_named	unique_full_body_sha256
LF9C102P	0x1CAC3C	LF9D012H	0x1D6A00	sig_set_fwd_1c	sig_set_fwd_1c	sig_set_fwd_1c	6	f59b1e00c21756788f2be31201d21058ba13613b417812334e4fc8edf3ef0fe4	already_named	unique_full_body_sha256
LF9C102P	0x1BDDEC	LF9D012H	0x1C9A7C	FUN_001bddec	FUN_001c9a7c	FUN_001bddec	92	f5b32f4f93d40ca2391d64c387a8044bb48e87038ebb3ed53a7ebab2565123ae	source_unnamed	unique_full_body_sha256
LF9C102P	0x86220	LF9D012H	0x88F90	FUN_00086220	FUN_00088f90	FUN_00086220	114	f5e16dc9022f22155bdb8c58d164bb58eaeccedc0e93bfc03399385e63a7336f	source_unnamed	unique_full_body_sha256
LF9C102P	0xCD5C4	LF9D012H	0xD5C48	FUN_000cd5c4	FUN_000d5c48	FUN_000cd5c4	86	f5e3854cea4a77992458060c2dc81bb04cdef42039ab106d37c488beadfa59d9	source_unnamed	unique_full_body_sha256
LF9C102P	0x9DCA2	LF9D012H	0xA7BAE	FUN_0009dca2	FUN_000a7bae	FUN_0009dca2	84	f5fd71a2f377dc9be40f8342af4a178c1d3d1167b5a3df06a71fac4dc43e3281	source_unnamed	unique_full_body_sha256
LF9C102P	0xA7F6E	LF9D012H	0xB013A	FUN_000a7f6e	FUN_000b013a	FUN_000a7f6e	68	f60c0583da7fb3d8415bda77b91f15f10c8ca28c81dbcd28adaff832af3077b2	source_unnamed	unique_full_body_sha256
LF9C102P	0x9FEB4	LF9D012H	0xA9DDC	FUN_0009feb4	FUN_000a9ddc	FUN_0009feb4	74	f6103f1580661c48d286af9a52883dbc4bc34f5251d279d47b2dc94d3266036c	source_unnamed	unique_full_body_sha256
LF9C102P	0x1D2692	LF9D012H	0x1DE456	can_xcvr_standby_set	can_xcvr_standby_set	can_xcvr_standby_set	10	f66fab5ba9dca485e869b0b6b147fe2a1b51e8bef758d3b3d91d64c2b87b0d1c	already_named	unique_full_body_sha256
LF9C102P	0x1D008A	LF9D012H	0x1DBE4E	FUN_001d008a	FUN_001dbe4e	FUN_001d008a	44	f684c504295ed7fc5be41b0cd87f56809c772225c6a867771fb078e75d95e0e0	source_unnamed	unique_full_body_sha256
LF9C102P	0xB16C4	LF9D012H	0xB98CC	FUN_000b16c4	FUN_000b98cc	FUN_000b16c4	50	f703874543ed34d3479b2b589238767806388f3d0464fb37fa29ae0243cc563f	source_unnamed	unique_full_body_sha256
LF9C102P	0x1BDA74	LF9D012H	0x1C9704	FUN_001bda74	FUN_001c9704	FUN_001bda74	202	f70bb71fb012fdfa37de01a47c00045290258afa1d56c3b00e11d9f95cfbb17f	source_unnamed	unique_full_body_sha256
LF9C102P	0x11D780	LF9D012H	0x1276F0	counter_decrement_clamp_min1	counter_decrement_clamp_min1	counter_decrement_clamp_min1	52	f712b012f093d12f2b4daf866bfe2c6e21853b7d0acaa9aa84d3703991e140cf	already_named	unique_full_body_sha256
LF9C102P	0x9F5B8	LF9D012H	0xA94E0	FUN_0009f5b8	FUN_000a94e0	FUN_0009f5b8	52	f725b01f22fceb644952392c588cb7da30b863761ad16866fcfd8894e835bf0e	source_unnamed	unique_full_body_sha256
LF9C102P	0x64D0	LF9D012H	0x64D0	FUN_000064d0	FUN_000064d0	FUN_000064d0	140	f730bbec3e60af738e238f399c993e0fe4aa3a74b3dd63bb3e496eeec50ed5d1	source_unnamed	unique_full_body_sha256
LF9C102P	0x1E4930	LF9D012H	0x1F18C0	FUN_001e4930	FUN_001f18c0	FUN_001e4930	34	f732abe4853d817e3f75bb11ce28164fb8f25435adb4987270055b7391601839	source_unnamed	unique_full_body_sha256
LF9C102P	0x1E46C0	LF9D012H	0x1F1650	FUN_001e46c0	FUN_001f1650	FUN_001e46c0	6	f747749e963031ed7eb416b0026a155464bdfe66db4c73ddd1f4d41bff4ec72f	source_unnamed	unique_full_body_sha256
LF9C102P	0x1FDF18	LF9D012H	0x27E020	FUN_001fdf18	FUN_0027e020	FUN_001fdf18	98	f753e37bebb40e7a6b7d990778cae5edf191eabf4bca2f03b70968230d973d19	source_unnamed	unique_full_body_sha256
LF9C102P	0x9DAEA	LF9D012H	0xA79F6	FUN_0009daea	FUN_000a79f6	FUN_0009daea	58	f791d28b2d3c4aefc0902218daca7dbd8fbbc93a8afc655f8fa4144723b5964d	source_unnamed	unique_full_body_sha256
LF9C102P	0x10363C	LF9D012H	0x10D670	FUN_0010363c	FUN_0010d670	FUN_0010363c	8	f7b8eab68015471e27eb1893f1a5a6ca0994c9a6e1cd416b02044c8f53af0569	source_unnamed	unique_full_body_sha256
LF9C102P	0xE3000	LF9D012H	0xEB8E8	FUN_000e3000	FUN_000eb8e8	FUN_000e3000	48	f7bcfd986a12277bfedc98ca6a3ebeec8a5c7ab9c06d0ef272b17bb037621163	source_unnamed	unique_full_body_sha256
LF9C102P	0x1FE0BC	LF9D012H	0x27E1C4	FUN_001fe0bc	FUN_0027e1c4	FUN_001fe0bc	180	f7c2bcc13d76f80ef27fc193f2d708d2090f7d0a009d4f4daeb038d936b5868d	source_unnamed	unique_full_body_sha256
LF9C102P	0x1CF122	LF9D012H	0x1DAEE6	FUN_001cf122	FUN_001daee6	FUN_001cf122	44	f7cfafe77d04013bc2df778e8b1e444b717da7d50d8dae2f045ea48a83e9d8a8	source_unnamed	unique_full_body_sha256
LF9C102P	0x1D2BCC	LF9D012H	0x1DE990	FUN_001d2bcc	FUN_001de990	FUN_001d2bcc	10	f87114037ad9ec1b5209fedc45efb10ce2d575c8a3639f767a403460f23557b3	source_unnamed	unique_full_body_sha256
LF9C102P	0x1D071C	LF9D012H	0x1DC4E0	FUN_001d071c	FUN_001dc4e0	FUN_001d071c	18	f8716a22dde42c74e2494347ee935021319f8c39119c0811383b3b79a173371a	source_unnamed	unique_full_body_sha256
LF9C102P	0x87AD8	LF9D012H	0x8A848	FUN_00087ad8	FUN_0008a848	FUN_00087ad8	8	f8929e2e689b20872c9b8897d2385deb7aee2d5193927cfedbd83b778ef7626a	source_unnamed	unique_full_body_sha256
LF9C102P	0x996CC	LF9D012H	0xA3520	FUN_000996cc	FUN_000a3520	FUN_000996cc	36	f89fdbef20eee37048badecbae2ced88d6d5dc481efb5c4ed77649720424c15d	source_unnamed	unique_full_body_sha256
LF9C102P	0x86DCC	LF9D012H	0x89B3C	FUN_00086dcc	FUN_00089b3c	FUN_00086dcc	126	f8a532ec6e9129576bf1f0f45bcfef1447bcf7c33e61b6237920bf86b607c523	source_unnamed	unique_full_body_sha256
LF9C102P	0x1AFCD0	LF9D012H	0x1BB938	FUN_001afcd0	FUN_001bb938	FUN_001afcd0	56	f8a6cffed98c19d3425194dbefb8d63a0f7f2e14f49cbf7c2a3ad70b024fe52d	source_unnamed	unique_full_body_sha256
LF9C102P	0x996BC	LF9D012H	0xA3510	FUN_000996bc	FUN_000a3510	FUN_000996bc	16	f923cb44624251ca040d59c056f0960c34b039c829382afe2288222cb258a93a	source_unnamed	unique_full_body_sha256
LF9C102P	0x14771C	LF9D012H	0x151C2C	FUN_0014771c	FUN_00151c2c	FUN_0014771c	74	f9295ec5c540d847a7b0cfc1447493ff50be0cf5f3616a8e6a5682452afac068	source_unnamed	unique_full_body_sha256
LF9C102P	0x17E80C	LF9D012H	0x1890BC	FUN_0017e80c	FUN_001890bc	FUN_0017e80c	72	f97f9c7ec05a216ff5ea8877a8d1901877a879c2b8b6beb8ac7cdb2d2f520531	source_unnamed	unique_full_body_sha256
LF9C102P	0x76C0	LF9D012H	0x77A4	FUN_000076c0	FUN_000077a4	FUN_000076c0	8	f98416ef274109dadde9d915090aaec486066665a98f2f308501fa15198c2c20	source_unnamed	unique_full_body_sha256
LF9C102P	0x1FEAE0	LF9D012H	0x27EBE8	FUN_001feae0	FUN_0027ebe8	FUN_001feae0	6	f98e26f9065b7568d32f946015941b2a61241c1035ab936c5fd1db3de31904e3	source_unnamed	unique_full_body_sha256
LF9C102P	0x1FCF88	LF9D012H	0x27D090	FUN_001fcf88	FUN_0027d090	FUN_001fcf88	106	f9a52f6e8ffc4bb5dcb84ea57190bd3c400363a01ea985c729b5977c03638dbb	source_unnamed	unique_full_body_sha256
LF9C102P	0x1D076E	LF9D012H	0x1DC532	can_bus_wake_handshake	can_bus_wake_handshake	can_bus_wake_handshake	68	f9eccaf363908d754aced1fdd32de31aa2a4912a26f1030b0f2cd018c4d9bb6d	already_named	unique_full_body_sha256
LF9C102P	0xFBC70	LF9D012H	0x105C9C	FUN_000fbc70	FUN_00105c9c	FUN_000fbc70	40	f9fbc0fa2d2dc377e421a8435f0525e24956ebe436c02247e87e598cb5de7045	source_unnamed	unique_full_body_sha256
LF9C102P	0x103B14	LF9D012H	0x10DB48	FUN_00103b14	FUN_0010db48	FUN_00103b14	10	fa0fa55a0aff158ce07c53f50c681f0f9f83d0a3d7bbbbbd659409eb6b75eb02	source_unnamed	unique_full_body_sha256
LF9C102P	0x1C02F0	LF9D012H	0x1CBF80	FUN_001c02f0	FUN_001cbf80	FUN_001c02f0	138	fa1108126cc022acc4511f73914a989aa5af5aa274df04a6407cbc3924a7603a	source_unnamed	unique_full_body_sha256
LF9C102P	0x6F53A	LF9D012H	0x718D2	FUN_0006f53a	FUN_000718d2	FUN_0006f53a	142	fa28cbdba445e4df47a7a7c811e7c8f0665b56f677d07279a24cf8e38cb6ac99	source_unnamed	unique_full_body_sha256
LF9C102P	0x173E2C	LF9D012H	0x17E688	FUN_00173e2c	FUN_0017e688	FUN_00173e2c	70	fa311a2cc36f40de0a2428030dd4c4e589e7332c9148fb6ebcd2af3029a9b745	source_unnamed	unique_full_body_sha256
LF9C102P	0xA5058	LF9D012H	0xAD224	FUN_000a5058	FUN_000ad224	FUN_000a5058	58	fa344180c36ff66dd306414e9a6ab7e49998704239a1e17cd4902217e9f3d407	source_unnamed	unique_full_body_sha256
LF9C102P	0x1AAFE4	LF9D012H	0x1B6BB8	interp_2d_ax_u16_u8_data_u_v2	interp_2d_ax_u16_u8_data_u_v2	interp_2d_ax_u16_u8_data_u_v2	276	fa660719142b58ab2571d61947e589325efd21e7b2af3496242ec45c9b9121cc	already_named	unique_full_body_sha256
LF9C102P	0x14028C	LF9D012H	0x14A40C	FUN_0014028c	FUN_0014a40c	FUN_0014028c	66	fa7ab7fcf9075f045d582ce59eaddc6113437f26cf94ab63079f237de84eaeea	source_unnamed	unique_full_body_sha256
LF9C102P	0x11ED60	LF9D012H	0x128CD4	FUN_0011ed60	FUN_00128cd4	FUN_0011ed60	138	fa7c314e71ca29b7b76ca91c3d93cab366a5405be9b4ae92d567dea205de3e57	source_unnamed	unique_full_body_sha256
LF9C102P	0x1E2784	LF9D012H	0x1EEA30	FUN_001e2784	FUN_001eea30	FUN_001e2784	18	fa8ff1b311db94a72b17eee05b0358d2d3baa9428741f5e5578f9d8ec5126ea1	source_unnamed	unique_full_body_sha256
LF9C102P	0x6C908	LF9D012H	0x6ECA0	FUN_0006c908	FUN_0006eca0	FUN_0006c908	40	facf576cb316ce4c8f72d74fa9508025fa54d3cf16b002169c2757354348b9b7	source_unnamed	unique_full_body_sha256
LF9C102P	0x12F61C	LF9D012H	0x139730	FUN_0012f61c	FUN_00139730	FUN_0012f61c	32	fad1d1aa7940021c7c59600230bb327a8b4a33b462b400be34dae7cdec1d7129	source_unnamed	unique_full_body_sha256
LF9C102P	0x1C10B0	LF9D012H	0x1CCD40	FUN_001c10b0	FUN_001ccd40	FUN_001c10b0	10	fb1519c99ff103b072d510fe3557a898572c35c039a6dd6e453468b5e3eda12e	source_unnamed	unique_full_body_sha256
LF9C102P	0x87B58	LF9D012H	0x8A8C8	FUN_00087b58	FUN_0008a8c8	FUN_00087b58	52	fb6f153b216f63cfd8f1a88cb245dc45383298b3fd144f2e1ec3790177673b45	source_unnamed	unique_full_body_sha256
LF9C102P	0x992B0	LF9D012H	0xA3104	FUN_000992b0	FUN_000a3104	FUN_000992b0	248	fbe70cdaac1543d1066253b42c1e8ae1ea2b255c79f18e14feac44f7b31e61ba	source_unnamed	unique_full_body_sha256
LF9C102P	0x1C9456	LF9D012H	0x1D510A	FUN_001c9456	FUN_001d510a	FUN_001c9456	46	fbeb8826c755091e91bdddf916a89d10b0804aaf5d5b883a568af3aa02d66832	source_unnamed	unique_full_body_sha256
LF9C102P	0x12710C	LF9D012H	0x1310E8	FUN_0012710c	FUN_001310e8	FUN_0012710c	46	fbf2862c852467fde4eb67c230ac9a3ce0b36e37c57d4e8cc66e3ee42d67fe10	source_unnamed	unique_full_body_sha256
LF9C102P	0x82EAA	LF9D012H	0x85C0E	scaled_square_diff_clamp	scaled_square_diff_clamp	scaled_square_diff_clamp	160	fc08338d0f26bd403b395525db17fc0c6cbe6745bb32e2430cce0374669c81ff	already_named	unique_full_body_sha256
LF9C102P	0x195544	LF9D012H	0x19FF84	FUN_00195544	FUN_0019ff84	FUN_00195544	82	fc489331fa237cbfc9d35dc26bbea35edee1224c0e398d5823b4f5f913e279a7	source_unnamed	unique_full_body_sha256
LF9C102P	0x1FE888	LF9D012H	0x27E990	FUN_001fe888	FUN_0027e990	FUN_001fe888	6	fc6967ad0dea042978b76f2b477b0d6cd23e8cdbb861f8187df9f47f8dd5e009	source_unnamed	unique_full_body_sha256
LF9C102P	0xA01A6	LF9D012H	0xAA0CE	FUN_000a01a6	FUN_000aa0ce	FUN_000a01a6	44	fc7ebd994936ac4cb4218a26b8ef9a848447eb712092f0af5754fbb4fafbe928	source_unnamed	unique_full_body_sha256
LF9C102P	0x12C084	LF9D012H	0x136198	FUN_0012c084	FUN_00136198	FUN_0012c084	62	fc93fa9e7cdb537a849ff74a425881e92625a3ec6b3a7da21e03761d72d731a4	source_unnamed	unique_full_body_sha256
LF9C102P	0x87096	LF9D012H	0x89E06	FUN_00087096	FUN_00089e06	FUN_00087096	52	fce0843861662a512e7f6204ef490133191dd0eccb9d2905c5d8da75e7d79679	source_unnamed	unique_full_body_sha256
LF9C102P	0x123C18	LF9D012H	0x12DB8C	FUN_00123c18	FUN_0012db8c	FUN_00123c18	140	fd06c5de36a72924910c8f2ad227a98bda7ef45e66e906d74ab8c9cd8e009686	source_unnamed	unique_full_body_sha256
LF9C102P	0x6E7E4	LF9D012H	0x70B7C	FUN_0006e7e4	FUN_00070b7c	FUN_0006e7e4	10	fd0bd917da3237e72796604aa129ce3da987322cb1fda2d2cb44dff4ce24bba4	source_unnamed	unique_full_body_sha256
LF9C102P	0xA3914	LF9D012H	0xABAE0	FUN_000a3914	FUN_000abae0	FUN_000a3914	134	fd11db8e81f20462e0de2732f36ca0db6cc704dc170b91e35ff0669a31305eb3	source_unnamed	unique_full_body_sha256
LF9C102P	0x1CED46	LF9D012H	0x1DAB0A	FUN_001ced46	FUN_001dab0a	FUN_001ced46	10	fd57922669ba957684a6e62d42af329057d1a7029adf26388234a9e5d31c04ec	source_unnamed	unique_full_body_sha256
LF9C102P	0x1A42C0	LF9D012H	0x1AF93C	FUN_001a42c0	FUN_001af93c	FUN_001a42c0	56	fd5a0cc84e4cf506f214b8e7924d330ca0f6d73e8a9c675daef6c0409bb877a1	source_unnamed	unique_full_body_sha256
LF9C102P	0x1F0920	LF9D012H	0x270920	thunk_FUN_001c9f98	thunk_FUN_001d5d68	thunk_FUN_001c9f98	6	fd862c7602b21cb5b6fe0b096ea22f37faf42c67c54e70016f1a873a20f51316	source_unnamed	unique_full_body_sha256
LF9C102P	0xB894C	LF9D012H	0xC0AD0	reset_dddi_periodic_tables	reset_dddi_periodic_tables	reset_dddi_periodic_tables	122	fdaad05f224a9dc44ae0e71d2b7ec6078d7fafb4dbb9099b33c0df248adc944f	already_named	unique_full_body_sha256
LF9C102P	0xB6FA0	LF9D012H	0xBF124	FUN_000b6fa0	FUN_000bf124	FUN_000b6fa0	16	fdb5d107747460340bbb925fc541f423f58db2a25b4b8eb80ee647016c2eaec7	source_unnamed	unique_full_body_sha256
LF9C102P	0xA2F9E	LF9D012H	0xAB16A	FUN_000a2f9e	FUN_000ab16a	FUN_000a2f9e	72	fe2e6503629c986efa5dfc61e7b94c0fc4611aab6323b4d0458de7e6e0a0d285	source_unnamed	unique_full_body_sha256
LF9C102P	0x1CD698	LF9D012H	0x1D945C	FUN_001cd698	FUN_001d945c	FUN_001cd698	10	fe4820ad0dbce67f3956bedffebf95316d52fa55e688a425cf5ec85dbdeea654	source_unnamed	unique_full_body_sha256
LF9C102P	0x123AD4	LF9D012H	0x12DA48	FUN_00123ad4	FUN_0012da48	FUN_00123ad4	54	fe487e22753138c16c9cbf9af4f549bdcc59129d5db4b6ca2dab451ed81af2a9	source_unnamed	unique_full_body_sha256
LF9C102P	0x1CFAE0	LF9D012H	0x1DB8A4	FUN_001cfae0	FUN_001db8a4	FUN_001cfae0	44	fe4e04d97c030e3c902c9030ad444b4e55dc7ff0f687c59adaad55083348028e	source_unnamed	unique_full_body_sha256
LF9C102P	0x1E74D0	LF9D012H	0x1F459C	FUN_001e74d0	FUN_001f459c	FUN_001e74d0	392	fe4f485e21706e24c91ad3185ace27c019692b668bf38ebefd2c7b42f262edef	source_unnamed	unique_full_body_sha256
LF9C102P	0x1CD522	LF9D012H	0x1D92E6	FUN_001cd522	FUN_001d92e6	FUN_001cd522	14	fe885a19e7061c37d4eec15cb996a6b6cabe2914af73e9e6ae67ebbba2b6d69a	source_unnamed	unique_full_body_sha256
LF9C102P	0x174F5C	LF9D012H	0x17F654	FUN_00174f5c	FUN_0017f654	FUN_00174f5c	28	fe99a2f465dc3b639a3d29803c1e28e08b00726f5eeb6ce3ef3a7fef65eab9ee	source_unnamed	unique_full_body_sha256
LF9C102P	0x7010	LF9D012H	0x7010	FUN_00007010	FUN_00007010	FUN_00007010	218	ff124069f8c93961eed64f9dd10deb3e7737854799813e34713abf71d6f9fc4b	source_unnamed	unique_full_body_sha256
LF9C102P	0x1CEE6A	LF9D012H	0x1DAC2E	FUN_001cee6a	FUN_001dac2e	FUN_001cee6a	10	ff14ab0d3d29cbd382ca4dbf38c0962e505ad874380de9448ce150a5ac152071	source_unnamed	unique_full_body_sha256
LF9C102P	0x1A8248	LF9D012H	0x1B3E1C	interp_1d_axis_u16_data_s32_via_helper	interp_1d_axis_u16_data_s32_via_helper	interp_1d_axis_u16_data_s32_via_helper	152	ff43616e38ebaa0635068f4f23913dd8a0e2bdf27bc1d32edc0f5149ebe37568	already_named	unique_full_body_sha256
LF9C102P	0x7340	LF9D012H	0x7424	FUN_00007340	FUN_00007424	FUN_00007340	84	ff7a5bbbf01ac53eb7bb2f0c37bfa810c8e9dc70d7c84a61379ec3b90e56fa42	source_unnamed	unique_full_body_sha256
LF9C102P	0x1E3428	LF9D012H	0x1F03B8	FUN_001e3428	FUN_001f03b8	FUN_001e3428	10	ff82eed836006f80b7b37bd44c95483d0040ba14be06ee36fb33027a0c99038f	source_unnamed	unique_full_body_sha256
LF9C102P	0x1A1380	LF9D012H	0x1AC970	FUN_001a1380	FUN_001ac970	FUN_001a1380	92	ff864c588f7457a9665435ee9f7c7a7a4818e0300bafa2e5f4c24e5dee9bb6ce	source_unnamed	unique_full_body_sha256
LF9C102P	0x1E1E40	LF9D012H	0x1EDF70	FUN_001e1e40	FUN_001edf70	FUN_001e1e40	72	ff8d9727062e4efc531c9bb18c8bccfb71ab4b1fa24f79804ec651c0a42e3296	source_unnamed	unique_full_body_sha256
LF9C102P	0x87478	LF9D012H	0x8A1E8	FUN_00087478	FUN_0008a1e8	FUN_00087478	138	ff91f265baadead83f6d9283bef3896f674063304edf2eae921c6e1f774fefc5	source_unnamed	unique_full_body_sha256
LF9C102P	0x8774E	LF9D012H	0x8A4BE	FUN_0008774e	FUN_0008a4be	FUN_0008774e	10	ffd1b672aa7877b9e5e06e1c0b702e980f85457d05bcb519288ca769b3b5020f	source_unnamed	unique_full_body_sha256
LF9C102P	0x174BBC	LF9D012H	0x17F29C	FUN_00174bbc	FUN_0017f29c	FUN_00174bbc	46	fff4e6cf90bb37dd8aa65dad0e6f777e50605e1265807f89ba60e05317043b7c	source_unnamed	unique_full_body_sha256
