source_cid	source_address	target_cid	target_address	source_name	target_name	canonical_name	size	body_sha256	status	match_method
LF9D012H	0x840D4	LF9G003T	0x90920	FUN_000840d4	FUN_00090920	FUN_000840d4	58	0027b808ea6a34686391fe3d366ae2f331ea40138086ad82dba38f7515b56484	source_unnamed	unique_full_body_sha256
LF9D012H	0x1DE724	LF9G003T	0x1F4844	FUN_001de724	FUN_001f4844	FUN_001de724	30	0060010f1b8b5ffb7fc7b2eab7ab3c5cd4faf6af66f4babf0a40b1bf696b9352	source_unnamed	unique_full_body_sha256
LF9D012H	0x1DC576	LF9G003T	0x1F2696	can_bus_wake_status_read	can_bus_wake_status_read	can_bus_wake_status_read	30	006c9f60d76fd4d77c4561bbba6ea183f0eac13ccbb51a3b712312a8e871f4b0	already_named	unique_full_body_sha256
LF9D012H	0x19F81C	LF9G003T	0x1B3930	FUN_0019f81c	FUN_001b3930	FUN_0019f81c	76	007cdec5f62a4b68dea9e174c28b61dcdba3f61db998147b4d61d0e56df2f9e8	source_unnamed	unique_full_body_sha256
LF9D012H	0x1560AC	LF9G003T	0x168E8C	FUN_001560ac	FUN_00168e8c	FUN_001560ac	48	0099691a846386c9b0f79d0f02cbcfbce6126a45a6c504d3c4bd78dc49475e5c	source_unnamed	unique_full_body_sha256
LF9D012H	0x1DB9F4	LF9G003T	0x1F1B14	FUN_001db9f4	FUN_001f1b14	FUN_001db9f4	52	00e560c520a7fd0ee2b9aeed71fe8f3b1b72bc00c351ea8d0b5e1f258a613e26	source_unnamed	unique_full_body_sha256
LF9D012H	0xB166E	LF9G003T	0xBEB12	FUN_000b166e	FUN_000beb12	FUN_000b166e	82	0102fc41ae662aedba3650a07382fb6682dbb0a0089e0ed2e47ea127f21025eb	source_unnamed	unique_full_body_sha256
LF9D012H	0x1DADA6	LF9G003T	0x1F0EC6	FUN_001dada6	FUN_001f0ec6	FUN_001dada6	10	01038959dc26c2bec0e76014603eb55c06edbb8fe4916c17e093847017b641aa	source_unnamed	unique_full_body_sha256
LF9D012H	0x1849B0	LF9G003T	0x1989AC	FUN_001849b0	FUN_001989ac	FUN_001849b0	74	01300472c02bd31e5500888f12efc9f623c6a5e6e460e6070b7b704e531d85a0	source_unnamed	unique_full_body_sha256
LF9D012H	0x17CA0C	LF9G003T	0x18FC08	FUN_0017ca0c	FUN_0018fc08	FUN_0017ca0c	128	014a5e6b8af8538443f31ebbd61e9461fe0ffb9e8c4300653f36159b1fcd65c7	source_unnamed	unique_full_body_sha256
LF9D012H	0xB66F0	LF9G003T	0xC3BFC	FUN_000b66f0	FUN_000c3bfc	FUN_000b66f0	76	014bbd7f2783e278a2ea91f89e45fc8cf0a72da3343663611bc7cf196c619e9b	source_unnamed	unique_full_body_sha256
LF9D012H	0xFE694	LF9G003T	0x10C288	FUN_000fe694	FUN_0010c288	FUN_000fe694	68	0157a895836efd9df274579d7068846d199268e0d31049c5dd315f197dea4d15	source_unnamed	unique_full_body_sha256
LF9D012H	0xF3CD8	LF9G003T	0x1018D0	FUN_000f3cd8	FUN_001018d0	FUN_000f3cd8	18	01a50ac26a5dd37446a9214fb3a768d433e91967bdf9bfcbbcd38dff437bc62b	source_unnamed	unique_full_body_sha256
LF9D012H	0x6FB0	LF9G003T	0x6F78	FUN_00006fb0	FUN_00006f78	FUN_00006fb0	6	01be2c2b63649d33d76af107bfa9ec0ec2b08873b6a00e3e903cc153c8927e1d	source_unnamed	unique_full_body_sha256
LF9D012H	0x1E1A6C	LF9G003T	0x1F7B8C	FUN_001e1a6c	FUN_001f7b8c	FUN_001e1a6c	32	01bea0685570f2cf3e0d0462f7bc9284254140f3c80da6ff5b8f36392af85a58	source_unnamed	unique_full_body_sha256
LF9D012H	0x1E09A6	LF9G003T	0x1F6AC6	FUN_001e09a6	FUN_001f6ac6	FUN_001e09a6	88	01ce0c3b7febb620122f4231a532079e70d219004b556ede4940f5a818632654	source_unnamed	unique_full_body_sha256
LF9D012H	0x94F92	LF9G003T	0xA18B6	FUN_00094f92	FUN_000a18b6	FUN_00094f92	16	01d86c7ad380ef74983dd436d2e6f429230a6faa38b92305011d1827f2b44bc4	source_unnamed	unique_full_body_sha256
LF9D012H	0x1F4BE6	LF9G003T	0x20AF5E	enter_dispatcher_locked	enter_dispatcher_locked	enter_dispatcher_locked	186	01daa3073b182cec2e67aac3c745cbe5021cc88b497cb75be5fadc498698ff40	already_named	unique_full_body_sha256
LF9D012H	0x6ED40	LF9G003T	0x7B574	FUN_0006ed40	FUN_0007b574	FUN_0006ed40	40	0209f05213ff4b0e30e4f0ec7b227cb3a5139964ddf8d8afdde9ad6f849d14a2	source_unnamed	unique_full_body_sha256
LF9D012H	0x1D7BDA	LF9G003T	0x1EDCFA	cal_table_get_word1_alias	cal_table_get_word1_alias	cal_table_get_word1_alias	10	0246469c44188e6ce5ad4403a7972ff588939c12accd85be3f75f922aee7e0ab	already_named	unique_full_body_sha256
LF9D012H	0x1AD86C	LF9G003T	0x1C2BB8	FUN_001ad86c	FUN_001c2bb8	FUN_001ad86c	64	02611d3b8fb06136440e1f520633724cb11bab951964ac93a32fbc91cfc519a4	source_unnamed	unique_full_body_sha256
LF9D012H	0x1F134C	LF9G003T	0x20768C	FUN_001f134c	FUN_0020768c	FUN_001f134c	86	026d20bef05a589b06dd920c632d5ba89894b71c013c49fe3685837da44078df	source_unnamed	unique_full_body_sha256
LF9D012H	0x764E8	LF9G003T	0x82D1C	FUN_000764e8	FUN_00082d1c	FUN_000764e8	92	026f8242292847da31305746521a4b3ce934e1a62456bee440993d031a886e40	source_unnamed	unique_full_body_sha256
LF9D012H	0xA7D76	LF9G003T	0xB51C6	FUN_000a7d76	FUN_000b51c6	FUN_000a7d76	206	027ed1f771e6b772b9012d56d23038fab69612b8cb8ce0b0662c194ff0d7fa99	source_unnamed	unique_full_body_sha256
LF9D012H	0x1DBCF0	LF9G003T	0x1F1E10	FUN_001dbcf0	FUN_001f1e10	FUN_001dbcf0	10	02857cba1cfac5d16ff22e7c6078abb22323da5a426eeb3d78a365c1bf742e65	source_unnamed	unique_full_body_sha256
LF9D012H	0x92618	LF9G003T	0x9EF3C	FUN_00092618	FUN_0009ef3c	FUN_00092618	154	02ac75cc943384007c5926e53aac613ffe02288acb5d45f0045c3a4a97678f7e	source_unnamed	unique_full_body_sha256
LF9D012H	0x1233D8	LF9G003T	0x1318B4	FUN_001233d8	FUN_001318b4	FUN_001233d8	110	02e5bfba76a2195947b00584765de3d324a4c0c813fc5969c55b00d21152a1bc	source_unnamed	unique_full_body_sha256
LF9D012H	0x1E475C	LF9G003T	0x1FA87C	FUN_001e475c	FUN_001fa87c	FUN_001e475c	166	02f23fac2da3defdb61ce73ee764fcac2ccb897664da0bd91c4f31caa45b64c3	source_unnamed	unique_full_body_sha256
LF9D012H	0x1B33C0	LF9G003T	0x1C8858	interp_1d_axis_s16_data_u8	interp_1d_axis_s16_data_u8	interp_1d_axis_s16_data_u8	124	02ffdc97f741bc25f8593577b663227b693dc1fae7141ad795ee06ef0b9a8b2a	already_named	unique_full_body_sha256
LF9D012H	0x1B6EE0	LF9G003T	0x1CC378	FUN_001b6ee0	FUN_001cc378	FUN_001b6ee0	262	032bc57216e2d5767c6a5795f6f4c32bc888d99d0274914fe201c148f2deedba	source_unnamed	unique_full_body_sha256
LF9D012H	0x1BEDC4	LF9G003T	0x1D425C	FUN_001bedc4	FUN_001d425c	FUN_001bedc4	38	035f5c93fda6b00748109c07b788f4311385b38c906ce8e129ce5e2bf072d53b	source_unnamed	unique_full_body_sha256
LF9D012H	0xA2B4C	LF9G003T	0xAF470	sa_send_response	sa_send_response	sa_send_response	36	0361f56c4e5a765bec3a30042ff6e99902f8412d0687547237724ab08ec9ac10	already_named	unique_full_body_sha256
LF9D012H	0x18C744	LF9G003T	0x1A073C	FUN_0018c744	FUN_001a073c	FUN_0018c744	6	03656f68af4c1f783919bdd2871e5dd1cb94afd8877622851f3aa66fc22933dd	source_unnamed	unique_full_body_sha256
LF9D012H	0x1B6940	LF9G003T	0x1CBDD8	FUN_001b6940	FUN_001cbdd8	FUN_001b6940	350	03687cbe93be1461ccc3cf06287288b7805880d8a7dd9a028e2fac836289b69c	source_unnamed	unique_full_body_sha256
LF9D012H	0xB1860	LF9G003T	0xBED04	FUN_000b1860	FUN_000bed04	FUN_000b1860	20	038818f544148f086b5c9b1dac1390d1268ae0bd6095981c89b9735688638d31	source_unnamed	unique_full_body_sha256
LF9D012H	0x86700	LF9G003T	0x92F4C	FUN_00086700	FUN_00092f4c	FUN_00086700	34	03b652d91e881e47157d48fbb664f6f2db141b0ab56965f07e9d559bc0079770	source_unnamed	unique_full_body_sha256
LF9D012H	0x189C20	LF9G003T	0x19DC1C	FUN_00189c20	FUN_0019dc1c	FUN_00189c20	88	03baa98ecb42ee3672082a5923068d9f81c8dc15a343fb7aef96fb13f75d9714	source_unnamed	unique_full_body_sha256
LF9D012H	0xE3D30	LF9G003T	0xF179C	FUN_000e3d30	FUN_000f179c	FUN_000e3d30	108	03e0d9a8b96bb774da832abee39c8b26fb81f5a09cbc6f9ff7dd3be9d2e22d20	source_unnamed	unique_full_body_sha256
LF9D012H	0x9EB4C	LF9G003T	0xAB470	FUN_0009eb4c	FUN_000ab470	FUN_0009eb4c	58	0403c2d5f2d1c998f5c92657197ace7c65fa177739663a700cde045f4183d4f3	source_unnamed	unique_full_body_sha256
LF9D012H	0xA7C02	LF9G003T	0xB5052	FUN_000a7c02	FUN_000b5052	FUN_000a7c02	54	0466f59767dd269fb0337c1dfed69eed24622881a17ed85334ebd9043c4b3a3b	source_unnamed	unique_full_body_sha256
LF9D012H	0x1D70A6	LF9G003T	0x1ED1C6	FUN_001d70a6	FUN_001ed1c6	FUN_001d70a6	18	0471cdc025a446c6a319ca9485e729b1a40c6bec4902aca18cb0488b626a571e	source_unnamed	unique_full_body_sha256
LF9D012H	0x124078	LF9G003T	0x132554	FUN_00124078	FUN_00132554	FUN_00124078	394	049dbf96bf0caa0328fdbc9f9f20d7fd5f2e5795a4391c5e1f023a53d3cecf4f	source_unnamed	unique_full_body_sha256
LF9D012H	0x15174C	LF9G003T	0x1643D0	FUN_0015174c	FUN_001643d0	FUN_0015174c	72	04b76f21e3ae0b5606727166cfeda9d8d034fba9b4be51406205f2225b923dec	source_unnamed	unique_full_body_sha256
LF9D012H	0x1E4DA8	LF9G003T	0x1FAEC8	FUN_001e4da8	FUN_001faec8	FUN_001e4da8	100	04c2baeae924c793182f033570cc6e774cd5d292d81ad8db27030877ad78c038	source_unnamed	unique_full_body_sha256
LF9D012H	0x6568	LF9G003T	0x6568	FUN_00006568	FUN_00006568	FUN_00006568	66	04c8d10b5a9caea5d8f1c6de5c2e5cb51752ef33b381e50ae5b10a3c12fec4e8	source_unnamed	unique_full_body_sha256
LF9D012H	0xB5C90	LF9G003T	0xC319C	FUN_000b5c90	FUN_000c319c	FUN_000b5c90	50	04dadf2486777e37137d059593fde1e2e03dd53f9e61b25e515c8f77f0750e9c	source_unnamed	unique_full_body_sha256
LF9D012H	0x6488	LF9G003T	0x6488	FUN_00006488	FUN_00006488	FUN_00006488	72	0524a514064fb3d5d4c1d7f345692504ca9a9dab4c9f5f759f0ebd1bcba8c0b1	source_unnamed	unique_full_body_sha256
LF9D012H	0x82958	LF9G003T	0x8F188	FUN_00082958	FUN_0008f188	FUN_00082958	8	055fb7346fa9db5c73884a5ca72bb2b8db66eb9898fceb1985309ed58cd0cb8f	source_unnamed	unique_full_body_sha256
LF9D012H	0x1F03AE	LF9G003T	0x2066EE	FUN_001f03ae	FUN_002066ee	FUN_001f03ae	10	056a659748f608fdfbe156e6ab71b112de835d097cce970726f7e5a5bd6c6840	source_unnamed	unique_full_body_sha256
LF9D012H	0x27E0AC	LF9G003T	0x27E280	FUN_0027e0ac	FUN_0027e280	FUN_0027e0ac	100	0593aa73c2c11f4873c6caaf2347a719c9a64692cc1c8ee7329fc1677936c6f9	source_unnamed	unique_full_body_sha256
LF9D012H	0x9DD16	LF9G003T	0xAA63A	FUN_0009dd16	FUN_000aa63a	FUN_0009dd16	26	05c7e84ea380a54464f2811765bfeb292eeb54498d166d95a2c7b5dd7147bcc3	source_unnamed	unique_full_body_sha256
LF9D012H	0x95916	LF9G003T	0xA223A	FUN_00095916	FUN_000a223a	FUN_00095916	386	05cff000d11ec039a8bf6429ea4ed5fa0284b96f9ee1cdec3f2acacbaf82ab94	source_unnamed	unique_full_body_sha256
LF9D012H	0x1E385A	LF9G003T	0x1F997A	FUN_001e385a	FUN_001f997a	FUN_001e385a	30	05e8d76da010e591a127757fa0ca1418f3b8727226ee57940bb2ffdbd37d674a	source_unnamed	unique_full_body_sha256
LF9D012H	0xB5D46	LF9G003T	0xC3252	FUN_000b5d46	FUN_000c3252	FUN_000b5d46	90	0611c33bdec420c1ba6de05a03642a3d4457d0997227994954227406131ede2d	source_unnamed	unique_full_body_sha256
LF9D012H	0x1D2AA4	LF9G003T	0x1E876C	increment_ref_counter	increment_ref_counter	increment_ref_counter	34	06192b305fd9633cad1f03804fb4e69cc78e71f8c4b50495f960c0f704da0e5d	already_named	unique_full_body_sha256
LF9D012H	0xD211C	LF9G003T	0xDFB90	FUN_000d211c	FUN_000dfb90	FUN_000d211c	72	0622dfe9452fd92daff99248cacb5fed6bcaab486fa30a08b9b9fc55999f4644	source_unnamed	unique_full_body_sha256
LF9D012H	0xABE88	LF9G003T	0xB932C	FUN_000abe88	FUN_000b932c	FUN_000abe88	88	0623621470612ad02178126c1639d9622077fe6426e059cce46d177fe01e4ad9	source_unnamed	unique_full_body_sha256
LF9D012H	0x86B80	LF9G003T	0x933CC	FUN_00086b80	FUN_000933cc	FUN_00086b80	10	06280fb2c5140d4cb98cebd68c7fb282ab8d4b459fed81aeb79ace3592c2abd7	source_unnamed	unique_full_body_sha256
LF9D012H	0x96030	LF9G003T	0xA2954	FUN_00096030	FUN_000a2954	FUN_00096030	6	0628e181c82ca996f475cd1c9967aecb6633afc38d42adc2e4fe1baa9f2c6da1	source_unnamed	unique_full_body_sha256
LF9D012H	0x7A274	LF9G003T	0x86AA8	FUN_0007a274	FUN_00086aa8	FUN_0007a274	192	0637e3aec3ed50481315cbd30a9821ae9ccbfd5f44381a610a7bd2ac6f0598ce	source_unnamed	unique_full_body_sha256
LF9D012H	0xAF4E4	LF9G003T	0xBC988	FUN_000af4e4	FUN_000bc988	FUN_000af4e4	314	064d57b3f8c2c310362dc01c357c034fc001ba9dd0f1c30ab08f7e2c3d4a5a48	source_unnamed	unique_full_body_sha256
LF9D012H	0x89472	LF9G003T	0x95CD2	FUN_00089472	FUN_00095cd2	FUN_00089472	152	065bf24038f621801db85cb6fef059c7bdda71b8d3f7c04fd45bb241a4a0db1a	source_unnamed	unique_full_body_sha256
LF9D012H	0x1482F8	LF9G003T	0x159358	FUN_001482f8	FUN_00159358	FUN_001482f8	34	06857af0959dc1c48f55e3dab72f26c97fe73e5a3dd5cf0dd21fe30481edf87f	source_unnamed	unique_full_body_sha256
LF9D012H	0xE5BC0	LF9G003T	0xF362C	FUN_000e5bc0	FUN_000f362c	FUN_000e5bc0	260	06966dcb03dd4b8ec46b79ebc321571b206d5d6db7559d310030e1d841b19f07	source_unnamed	unique_full_body_sha256
LF9D012H	0x10C5F0	LF9G003T	0x11A948	FUN_0010c5f0	FUN_0011a948	FUN_0010c5f0	114	069e3a9aaa630b613188dc434e8fb06ec5a661be41331d1fd88399b45a5832c5	source_unnamed	unique_full_body_sha256
LF9D012H	0x17FB28	LF9G003T	0x1936CC	FUN_0017fb28	FUN_001936cc	FUN_0017fb28	94	06a7e45447b9254e407dfd83bf252e6205ad46bfda6d998a8a95724456c7dd42	source_unnamed	unique_full_body_sha256
LF9D012H	0x72DAA	LF9G003T	0x7F5DE	FUN_00072daa	FUN_0007f5de	FUN_00072daa	42	06e7504439fd416831d2acd0f084d15488ea366c6e916db626509c597dcc55bd	source_unnamed	unique_full_body_sha256
LF9D012H	0x1F1C50	LF9G003T	0x207F90	FUN_001f1c50	FUN_00207f90	FUN_001f1c50	10	06f3087cc388fe3c1ca4beedb73a22ddc3b5a3b10c734fc76863d9820f2bca26	source_unnamed	unique_full_body_sha256
LF9D012H	0x80DAE	LF9G003T	0x8D5DE	FUN_00080dae	FUN_0008d5de	FUN_00080dae	392	06f74201095dcd3fd3e6a193c2e43758732cdb8d7f5299e657b75e42a979ebae	source_unnamed	unique_full_body_sha256
LF9D012H	0x1D5BE2	LF9G003T	0x1EBD02	FUN_001d5be2	FUN_001ebd02	FUN_001d5be2	38	0702f8df24b97993a7ae50432d21579ea93ec6ac626f68eef2e09ed01cc01e9d	source_unnamed	unique_full_body_sha256
LF9D012H	0x1EE94C	LF9G003T	0x204C8C	FUN_001ee94c	FUN_00204c8c	FUN_001ee94c	110	0746b4318d0801208c416e86feda21ebb3979ba4881d605cd75aa98bf95f1c7b	source_unnamed	unique_full_body_sha256
LF9D012H	0x1E094E	LF9G003T	0x1F6A6E	FUN_001e094e	FUN_001f6a6e	FUN_001e094e	88	076bb02df16e9808c693649c9991281589234a2cfaba88f40240070f37d7e5e5	source_unnamed	unique_full_body_sha256
LF9D012H	0x1B8000	LF9G003T	0x1CD498	interp_2d_ax_u32_u8_data_s_1b8000	interp_2d_ax_u32_u8_data_s_1cd498	interp_2d_ax_u32_u8_data_s	352	077b8daf1e5d96dd963cbfb45810342e3029a501756582445c7341ee73919422	address_variant	unique_full_body_sha256
LF9D012H	0x1B71F0	LF9G003T	0x1CC688	FUN_001b71f0	FUN_001cc688	FUN_001b71f0	262	07aca1f0c408f92e9629cea2a11228c85f858416d06c5c4d06694440de5050ee	source_unnamed	unique_full_body_sha256
LF9D012H	0x73B0	LF9G003T	0x7378	FUN_000073b0	FUN_00007378	FUN_000073b0	28	07f6ce47044d8fe7a4f52617abf3b35440d0db4f1734ed2587f0cbfd9cc0c9d7	source_unnamed	unique_full_body_sha256
LF9D012H	0x156760	LF9G003T	0x1695A0	FUN_00156760	FUN_001695a0	FUN_00156760	48	080ac74c3e5cf59332b65dac63fcaf4946e0271899df269b9d49c0bdd90c29b9	source_unnamed	unique_full_body_sha256
LF9D012H	0x72BC	LF9G003T	0x7284	FUN_000072bc	FUN_00007284	FUN_000072bc	218	084056e9a481037452e5e6b62daf873ab0fb643ee4f6f85c2243ab9ed9e5ab7d	source_unnamed	unique_full_body_sha256
LF9D012H	0x1DE8FE	LF9G003T	0x1F4A1E	FUN_001de8fe	FUN_001f4a1e	FUN_001de8fe	6	08573c89185607a751928441395790adb2e30dfd5825effc24ced54856237519	source_unnamed	unique_full_body_sha256
LF9D012H	0x1DD654	LF9G003T	0x1F3774	broadcast_sched_by_period	broadcast_sched_by_period	broadcast_sched_by_period	234	088ecb1d3134b778bc9d10a6007a72392432d467611fb751d35594d2c767e99b	already_named	unique_full_body_sha256
LF9D012H	0x1E1D70	LF9G003T	0x1F7E90	FUN_001e1d70	FUN_001f7e90	FUN_001e1d70	452	089ae011ea4251f1e6486d0876e4718c3e8cc34542ac4eed4392ab9a63d28fe5	source_unnamed	unique_full_body_sha256
LF9D012H	0x153D10	LF9G003T	0x166A20	FUN_00153d10	FUN_00166a20	FUN_00153d10	70	08f5b5ee2e1ed0f050ffeacea1b1b64e7a88b4101ac7e87706222e045e80cfef	source_unnamed	unique_full_body_sha256
LF9D012H	0x6DFEA	LF9G003T	0x7A81E	FUN_0006dfea	FUN_0007a81e	FUN_0006dfea	142	08f6d32ba25e07ed300baa867b4e04d45e851fd365ba1f0f895960e8c867333f	source_unnamed	unique_full_body_sha256
LF9D012H	0xA2B70	LF9G003T	0xAF494	FUN_000a2b70	FUN_000af494	FUN_000a2b70	8	090206762730ec390b6434d2e1acb5cbefc70a624880e0120d6255dafc9fce48	source_unnamed	unique_full_body_sha256
LF9D012H	0xF001C	LF9G003T	0xFDC10	FUN_000f001c	FUN_000fdc10	FUN_000f001c	42	093305babf4f42f997f705885766661465f44f3c24022535e306be624dad8393	source_unnamed	unique_full_body_sha256
LF9D012H	0x9517C	LF9G003T	0xA1AA0	FUN_0009517c	FUN_000a1aa0	FUN_0009517c	396	09607ac0446cdba86200908c05cb6a78dcc5ca1f0cd36e4c146d10f937dd7193	source_unnamed	unique_full_body_sha256
LF9D012H	0x826B0	LF9G003T	0x8EEE0	FUN_000826b0	FUN_0008eee0	FUN_000826b0	16	0960cee02b7cd1c8045f2d6a2c420db154c3d3be6678a935413107ea44adb9c7	source_unnamed	unique_full_body_sha256
LF9D012H	0x1F1410	LF9G003T	0x207750	FUN_001f1410	FUN_00207750	FUN_001f1410	256	0989c4b6daf4afebf65740f1252c80c53122d6c427e84e9beb4bf97dfae6e6aa	source_unnamed	unique_full_body_sha256
LF9D012H	0x1B4664	LF9G003T	0x1C9AFC	FUN_001b4664	FUN_001c9afc	FUN_001b4664	288	09a303a4f6111ad4d589bc66ca0ddcdd6fb3b9b94b8d5005ef24e8bc5509ab17	source_unnamed	unique_full_body_sha256
LF9D012H	0x1D7B12	LF9G003T	0x1EDC32	FUN_001d7b12	FUN_001edc32	FUN_001d7b12	6	09ca26a733580ab2ea67a657e2fa8d0206069e3d498fe3057a5e458c16e94d16	source_unnamed	unique_full_body_sha256
LF9D012H	0x1DAECC	LF9G003T	0x1F0FEC	FUN_001daecc	FUN_001f0fec	FUN_001daecc	10	09e139d9f5e0422a861fd9d310ea508ffdda46375e4c70ddf571480b58758f38	source_unnamed	unique_full_body_sha256
LF9D012H	0x1C3098	LF9G003T	0x1D852C	FUN_001c3098	FUN_001d852c	FUN_001c3098	218	09f8f2881409920a9a956342a69da1098d3252b6337fafdb420eb72ebd3cf77e	source_unnamed	unique_full_body_sha256
LF9D012H	0x1EE836	LF9G003T	0x204B76	FUN_001ee836	FUN_00204b76	FUN_001ee836	10	09fd83ab02a25f69e7634f1d159eb7a273904999a7a0b72cff962f4c21c83b1b	source_unnamed	unique_full_body_sha256
LF9D012H	0x720CE	LF9G003T	0x7E902	FUN_000720ce	FUN_0007e902	FUN_000720ce	148	0a1795e77527eddd5e36500def92c07b17eba319cb3d911ca6ed5772aa47a61b	source_unnamed	unique_full_body_sha256
LF9D012H	0xAF2DE	LF9G003T	0xBC782	FUN_000af2de	FUN_000bc782	FUN_000af2de	64	0a1ad2443930ceef58ac6e5954978bd4e553273cab1cc28266d63239c1295857	source_unnamed	unique_full_body_sha256
LF9D012H	0x7A158	LF9G003T	0x8698C	FUN_0007a158	FUN_0008698c	FUN_0007a158	188	0a1e3f1d48159371d836496b2090b94a2a163aef3f745f9150850a8e7bc8e443	source_unnamed	unique_full_body_sha256
LF9D012H	0x1D7FA0	LF9G003T	0x1EE0C0	FUN_001d7fa0	FUN_001ee0c0	FUN_001d7fa0	28	0a50c59af73b67e8ba3ff096faf3114281a35036f55b361e972ff7091395971f	source_unnamed	unique_full_body_sha256
LF9D012H	0x139CD8	LF9G003T	0x1481A4	FUN_00139cd8	FUN_001481a4	FUN_00139cd8	26	0a51ca0158aec855a21debc8d611da3b6a9c75253f68694c6cf5dea6932074f4	source_unnamed	unique_full_body_sha256
LF9D012H	0xA30AE	LF9G003T	0xAF9D2	FUN_000a30ae	FUN_000af9d2	FUN_000a30ae	10	0a69eef66d1f3ff4f73974383334600265e0037c5cedc67c5f802a0dacccd42b	source_unnamed	unique_full_body_sha256
LF9D012H	0xA80BE	LF9G003T	0xB550E	FUN_000a80be	FUN_000b550e	FUN_000a80be	126	0ab7178502f53292a43f8edf4e8456c902e8272a4170a7a9aaea409d8f1d90f3	source_unnamed	unique_full_body_sha256
LF9D012H	0x14A660	LF9G003T	0x15B6C0	FUN_0014a660	FUN_0015b6c0	FUN_0014a660	66	0ad8f952fb200fd3887cf547e27ebd4a4555f9a628eb47b3f1e5661e040c4623	source_unnamed	unique_full_body_sha256
LF9D012H	0x6CFA0	LF9G003T	0x797D4	diag_monitor_mature_rec03	diag_monitor_mature_rec03	diag_monitor_mature_rec03	48	0b0468ae451a963c28668d08efd9578ba2ebe014da0ae7d2fea812f6c3f0c70f	already_named	unique_full_body_sha256
LF9D012H	0xAA88C	LF9G003T	0xB7D30	FUN_000aa88c	FUN_000b7d30	FUN_000aa88c	28	0b72d6ee2cbfa288e94018604190df54b6a0eb98ae89085e3fb1e5314e89bb11	source_unnamed	unique_full_body_sha256
LF9D012H	0xE8F08	LF9G003T	0xF6974	FUN_000e8f08	FUN_000f6974	FUN_000e8f08	170	0b75eadc1b29564d51c60723bd18d9380b642585e8538e1c4225b4051fa91e32	source_unnamed	unique_full_body_sha256
LF9D012H	0x1AEBDC	LF9G003T	0x1C406C	FUN_001aebdc	FUN_001c406c	FUN_001aebdc	74	0b7e76ea56c5ae9315a43ce46da34c011bc71f8980c630b0f77df373b1419f37	source_unnamed	unique_full_body_sha256
LF9D012H	0x74C96	LF9G003T	0x814CA	FUN_00074c96	FUN_000814ca	FUN_00074c96	8	0b9e62291274de97f34d9125065e19d646e8050156b312e8d24f7c756f550cc5	source_unnamed	unique_full_body_sha256
LF9D012H	0x866E8	LF9G003T	0x92F34	FUN_000866e8	FUN_00092f34	FUN_000866e8	24	0ba79bbf3005479ea1255709d8fcf1199427a9cf8d6c6507d9035a5ca65d1438	source_unnamed	unique_full_body_sha256
LF9D012H	0x1D7BF4	LF9G003T	0x1EDD14	thunk_FUN_001d9882	thunk_FUN_001ef9a2	thunk_FUN_001d9882	6	0c566dc5ea4576d7af8efd954b9774a1d33297fac518bf0f02e66b8390272f92	source_unnamed	unique_full_body_sha256
LF9D012H	0x1ABDB4	LF9G003T	0x1C10BC	FUN_001abdb4	FUN_001c10bc	FUN_001abdb4	106	0c5bf70f41fddda91c3eca7afad0ade5e6e10db6cdbb055e893e80e9d7fda98f	source_unnamed	unique_full_body_sha256
LF9D012H	0x27CF5A	LF9G003T	0x27D12E	FUN_0027cf5a	FUN_0027d12e	FUN_0027cf5a	36	0c825379274e2af95c5512df65cf3315e05d599db0762a44e3636d2ddfd78f37	source_unnamed	unique_full_body_sha256
LF9D012H	0xD5BE0	LF9G003T	0xE3654	FUN_000d5be0	FUN_000e3654	FUN_000d5be0	70	0c8479466ea683188fe1dd3ee02450ef5a1180a125364e5c8f3a57beee94f070	source_unnamed	unique_full_body_sha256
LF9D012H	0xE3B00	LF9G003T	0xF156C	FUN_000e3b00	FUN_000f156c	FUN_000e3b00	26	0c8a8623c20c30f7b5ef752e30ccba27cc3941b119013f5b266275059bbf1d4f	source_unnamed	unique_full_body_sha256
LF9D012H	0x198F2C	LF9G003T	0x1ACF90	FUN_00198f2c	FUN_001acf90	FUN_00198f2c	68	0cd1d3291e974877a7209af88449c012d2017a17b4a37a2ec968570e5edc1f2a	source_unnamed	unique_full_body_sha256
LF9D012H	0xCAE14	LF9G003T	0xD8888	FUN_000cae14	FUN_000d8888	FUN_000cae14	222	0d1d2bc8d687d88311c83ef1d550989faf509d3909427c59bf927797d064b4e7	source_unnamed	unique_full_body_sha256
LF9D012H	0x74EC	LF9G003T	0x74B4	FUN_000074ec	FUN_000074b4	FUN_000074ec	86	0d21d999dcfac4ca50b0b5e82600293b986760efddbf9c75f4a9033642f70ff3	source_unnamed	unique_full_body_sha256
LF9D012H	0x6E28	LF9G003T	0x6E28	FUN_00006e28	FUN_00006e28	FUN_00006e28	66	0d680dd42ae23761d0a6374868b7dae5a261276241d6921c250d9a01e801c1ca	source_unnamed	unique_full_body_sha256
LF9D012H	0x1E36F8	LF9G003T	0x1F9818	FUN_001e36f8	FUN_001f9818	FUN_001e36f8	28	0d70d80c2c46f27af6c05526019fdcf7aaad8e92f6c1293b13bfa6a2768e8827	source_unnamed	unique_full_body_sha256
LF9D012H	0x6EBD0	LF9G003T	0x7B404	FUN_0006ebd0	FUN_0007b404	FUN_0006ebd0	42	0d897518e63676159e184e0f36f6cfd5b846a626d8f672996266fd94c9061995	source_unnamed	unique_full_body_sha256
LF9D012H	0x75A0	LF9G003T	0x7568	FUN_000075a0	FUN_00007568	FUN_000075a0	112	0db290a5ec180c41ea96b319d9e38530b9cca70a1b55da437f35e438b72e8f88	source_unnamed	unique_full_body_sha256
LF9D012H	0x86A74	LF9G003T	0x932C0	FUN_00086a74	FUN_000932c0	FUN_00086a74	30	0db3da5daf5a21281e4ceec44fb6c1652380cd442aa0aca43dc03fade834155e	source_unnamed	unique_full_body_sha256
LF9D012H	0x6D5EE	LF9G003T	0x79E22	FUN_0006d5ee	FUN_00079e22	FUN_0006d5ee	58	0dcfadf2eca9bef8334073d52be531a50d9e9753d9d96bb478bcdb2c1231009e	source_unnamed	unique_full_body_sha256
LF9D012H	0x13B24C	LF9G003T	0x149718	FUN_0013b24c	FUN_00149718	FUN_0013b24c	76	0dd753e2f8a22ebf836372ac78a49bfd641903bf5e45cc6f1f1b1a878cd4b2f1	source_unnamed	unique_full_body_sha256
LF9D012H	0xAB558	LF9G003T	0xB89FC	FUN_000ab558	FUN_000b89fc	FUN_000ab558	86	0dd91b59535b645cae4bdaeaecc3d26f53d2affc1ee71b91988c1a193cfb5fb7	source_unnamed	unique_full_body_sha256
LF9D012H	0x12C558	LF9G003T	0x13AA5C	FUN_0012c558	FUN_0013aa5c	FUN_0012c558	134	0e5fb728c2f30559c1fba619951cf3959fcef82c83650227d410dbd7177467ed	source_unnamed	unique_full_body_sha256
LF9D012H	0x1B53A8	LF9G003T	0x1CA840	FUN_001b53a8	FUN_001ca840	FUN_001b53a8	250	0e7203c81c3a3c0d3cd5334233327c716662b434b46ef3c1aa3520e5c06012ab	source_unnamed	unique_full_body_sha256
LF9D012H	0x136D50	LF9G003T	0x14521C	FUN_00136d50	FUN_0014521c	FUN_00136d50	80	0e756ca864597e64a3c7269696e673d0019719030862647e03fcfc0da1a8e89f	source_unnamed	unique_full_body_sha256
LF9D012H	0x956AE	LF9G003T	0xA1FD2	FUN_000956ae	FUN_000a1fd2	FUN_000956ae	22	0e781df539bfc01eab605a040cb4b7449e7bf87b26a94353af13da54275124c1	source_unnamed	unique_full_body_sha256
LF9D012H	0x7A334	LF9G003T	0x86B68	FUN_0007a334	FUN_00086b68	FUN_0007a334	192	0e85e9efd8685d00e57518c83029c0e29a469ae4959153b3a2d3baacdef7dfff	source_unnamed	unique_full_body_sha256
LF9D012H	0x1F0DEA	LF9G003T	0x20712A	FUN_001f0dea	FUN_0020712a	FUN_001f0dea	30	0ea285f9fb80f8df1ddd91fbcff198177bde8f8b4ed066d5c0acc25a248f667d	source_unnamed	unique_full_body_sha256
LF9D012H	0xABFDE	LF9G003T	0xB9482	FUN_000abfde	FUN_000b9482	FUN_000abfde	212	0eb286af2a08611b47819933ed8b9d0f38fe3142e4280601f61ce93f568002ae	source_unnamed	unique_full_body_sha256
LF9D012H	0xC7058	LF9G003T	0xD4A98	FUN_000c7058	FUN_000d4a98	FUN_000c7058	44	0ec1b449e3816b51e44d91151541f68edd8f555a4fdfe5c1bebe7b8499a51908	source_unnamed	unique_full_body_sha256
LF9D012H	0xCA2EC	LF9G003T	0xD7D44	FUN_000ca2ec	FUN_000d7d44	FUN_000ca2ec	62	0ee464f979510215fa0114084f722aa58850515c3daf0ffadf7e68208715b41a	source_unnamed	unique_full_body_sha256
LF9D012H	0x1DBF36	LF9G003T	0x1F2056	FUN_001dbf36	FUN_001f2056	FUN_001dbf36	48	0eea02746294ba668ef5ae7f4f464eb4d6abd02ee1fb21729590e45225b5188d	source_unnamed	unique_full_body_sha256
LF9D012H	0xAF728	LF9G003T	0xBCBCC	FUN_000af728	FUN_000bcbcc	FUN_000af728	218	0eeaacb38d110e3891d7391c93e08df45ca9eeb8ea24cbe702a107ab3a454da8	source_unnamed	unique_full_body_sha256
LF9D012H	0x192BE0	LF9G003T	0x1A6BD8	FUN_00192be0	FUN_001a6bd8	FUN_00192be0	38	0efaab4224ea3ed4bd7955db6a59887d9bbf32ed38172dd33241212875c9f929	source_unnamed	unique_full_body_sha256
LF9D012H	0x1A0F34	LF9G003T	0x1B5048	FUN_001a0f34	FUN_001b5048	FUN_001a0f34	50	0f01fa6d171794e594f2f63105ef561ba37ee6a50aae6e9fef15e972e349b878	source_unnamed	unique_full_body_sha256
LF9D012H	0x19F0EC	LF9G003T	0x1B3148	FUN_0019f0ec	FUN_001b3148	FUN_0019f0ec	106	0f0c6f58c2554f87a9df9b6c809d1b171d9ed6c83aa5b79c2803f2133f0008b8	source_unnamed	unique_full_body_sha256
LF9D012H	0xB04A6	LF9G003T	0xBD94A	FUN_000b04a6	FUN_000bd94a	FUN_000b04a6	40	0f19a688a978b04b4904979339e20f176db59cbcbc40108ba9916566eaa78077	source_unnamed	unique_full_body_sha256
LF9D012H	0x27094C	LF9G003T	0x27094C	_main	_main	_main	118	0f23eb6c14110a82bab9353e687a91830ced637ce18326c65d36d8fc3bb90282	already_named	unique_full_body_sha256
LF9D012H	0xB60B4	LF9G003T	0xC35C0	FUN_000b60b4	FUN_000c35c0	FUN_000b60b4	90	0f48f6961b120b88735d84c0d732b9983be513fc6f218808aad8b61d987f420d	source_unnamed	unique_full_body_sha256
LF9D012H	0x6E0B2	LF9G003T	0x7A8E6	FUN_0006e0b2	FUN_0007a8e6	FUN_0006e0b2	58	0f7fd86595cbabbfb2b7c6f1ae394f35360a26ae666a03569c0fa7418e65c205	source_unnamed	unique_full_body_sha256
LF9D012H	0x1E4290	LF9G003T	0x1FA3B0	FUN_001e4290	FUN_001fa3b0	FUN_001e4290	390	0f8d7d20330dd7c179626b911b74bd47753e33994eb8076db9360379f69c0b64	source_unnamed	unique_full_body_sha256
LF9D012H	0xACFB0	LF9G003T	0xBA454	FUN_000acfb0	FUN_000ba454	FUN_000acfb0	56	0fb780867dfadeb451421ceef48dbaa7cb94248b1b147e06400f9d0a17c29ab9	source_unnamed	unique_full_body_sha256
LF9D012H	0x1E1F70	LF9G003T	0x1F8090	FUN_001e1f70	FUN_001f8090	FUN_001e1f70	194	100c061c60fd578130a8f6d4ae15aab046ff0496e3029e4f75a6102c17dbff11	source_unnamed	unique_full_body_sha256
LF9D012H	0x1F4D40	LF9G003T	0x20B0B8	check_context_dispatchable	check_context_dispatchable	check_context_dispatchable	24	1031831f792c4f21aaa040dbdcec202980d4beafb10b39d738fcdd3c0e03bf4c	already_named	unique_full_body_sha256
LF9D012H	0x75BDC	LF9G003T	0x82410	FUN_00075bdc	FUN_00082410	FUN_00075bdc	62	1032ef7e2fdb1f5439ec5c2f8952c94ad3b64d257f3b68a17c9e59b8620ac296	source_unnamed	unique_full_body_sha256
LF9D012H	0x6DFB0	LF9G003T	0x7A7E4	FUN_0006dfb0	FUN_0007a7e4	FUN_0006dfb0	58	1048758416f1a12d0c9d2cf87f18f2aeb9ddf4087808aece4a2d9f3bd66a045a	source_unnamed	unique_full_body_sha256
LF9D012H	0x7728	LF9G003T	0x76F0	FUN_00007728	FUN_000076f0	FUN_00007728	50	104d3f34ca3d671aac154eb46755a30ac090e7567cfb5f019ab2df07c46fe3cb	source_unnamed	unique_full_body_sha256
LF9D012H	0x9D8DE	LF9G003T	0xAA202	FUN_0009d8de	FUN_000aa202	FUN_0009d8de	94	1089e21c836b6b25c979073245f6bdcae2efae17ca75db23f2680fc9fd31ea58	source_unnamed	unique_full_body_sha256
LF9D012H	0x81120	LF9G003T	0x8D950	FUN_00081120	FUN_0008d950	FUN_00081120	48	10dbfb1bb2fe11e22b25b6927d84c5b6bc5e9a141f26b8b3a9f469a8ea4b9018	source_unnamed	unique_full_body_sha256
LF9D012H	0x778CC	LF9G003T	0x84100	FUN_000778cc	FUN_00084100	FUN_000778cc	100	1137204f473c2d70c18c06a831dfb1882f35a3e9653e31667aca8fddf369a6cd	source_unnamed	unique_full_body_sha256
LF9D012H	0xDB554	LF9G003T	0xE8FC8	FUN_000db554	FUN_000e8fc8	FUN_000db554	206	1141cc90d7664b5a4dbb13076dbc59b40e5695738db7f61f8b942e51f338c033	source_unnamed	unique_full_body_sha256
LF9D012H	0x1DC2B6	LF9G003T	0x1F23D6	FUN_001dc2b6	FUN_001f23d6	FUN_001dc2b6	262	116259dfbe5eb6cd74408d6d8ffb72a6188548b49e6c7e58fde1645efdcb43e9	source_unnamed	unique_full_body_sha256
LF9D012H	0xA7684	LF9G003T	0xB4AD4	FUN_000a7684	FUN_000b4ad4	FUN_000a7684	10	116b1752f33517c9a4101831cfa1269f4bfd983a784d68320f787f2c8e35ae35	source_unnamed	unique_full_body_sha256
LF9D012H	0x70052	LF9G003T	0x7C886	FUN_00070052	FUN_0007c886	FUN_00070052	54	11737402dcc04d4c6021315d512bb3e89456b10b4551497165891f89c9edc7f1	source_unnamed	unique_full_body_sha256
LF9D012H	0x1F4968	LF9G003T	0x20ACE0	dispatch_next_ready_task	dispatch_next_ready_task	dispatch_next_ready_task	184	1176411b2a52f605c07fc1903ccc458dfa2c0ccdb1d440da74fcefc4bf6d8959	already_named	unique_full_body_sha256
LF9D012H	0xFB910	LF9G003T	0x109504	FUN_000fb910	FUN_00109504	FUN_000fb910	50	119208d5b084edcb740bbf6715dea80166d1050bc2ecb8ab8f2d4752977f7129	source_unnamed	unique_full_body_sha256
LF9D012H	0x13CEE8	LF9G003T	0x14B3B4	FUN_0013cee8	FUN_0014b3b4	FUN_0013cee8	118	11930f72796c3d1acfb99f9467a9fd7b68650f5ea12e08a898cd4f4234e79bd0	source_unnamed	unique_full_body_sha256
LF9D012H	0x7798	LF9G003T	0x7760	FUN_00007798	FUN_00007760	FUN_00007798	10	11d6cb9e0f5117077f96ba369b8e5730cc4e6e094c43879b26586f0a8555cf79	source_unnamed	unique_full_body_sha256
LF9D012H	0x1F074C	LF9G003T	0x206A8C	FUN_001f074c	FUN_00206a8c	FUN_001f074c	16	11dfb0134e743f9ad86df5d7756cb999736f4034d8009a7862be7df8a67c484e	source_unnamed	unique_full_body_sha256
LF9D012H	0x1F0FBC	LF9G003T	0x2072FC	FUN_001f0fbc	FUN_002072fc	FUN_001f0fbc	12	124d280f3258d8d70d84ad8b564379ed253625965d3a2b4eb8ad66037e9ffb5d	source_unnamed	unique_full_body_sha256
LF9D012H	0x1E4AC0	LF9G003T	0x1FABE0	FUN_001e4ac0	FUN_001fabe0	FUN_001e4ac0	48	126636523d2a3fc1b483adf74be18e5b2aaf67f1b4b7852975492ae1c2f26ec0	source_unnamed	unique_full_body_sha256
LF9D012H	0x1E3180	LF9G003T	0x1F92A0	FUN_001e3180	FUN_001f92a0	FUN_001e3180	50	1268bf0c0ca1aea5d7a954d127088b3babdd8988e74029c6bd9958f310423a7c	source_unnamed	unique_full_body_sha256
LF9D012H	0x1E1B10	LF9G003T	0x1F7C30	FUN_001e1b10	FUN_001f7c30	FUN_001e1b10	14	127117364f38d8101205155d25d6f8285a5ccba8c62af4580bbac640117d5589	source_unnamed	unique_full_body_sha256
LF9D012H	0xB3B08	LF9G003T	0xC0FAC	FUN_000b3b08	FUN_000c0fac	FUN_000b3b08	10	128b93283ad85b8ed5786cf0308c05c4e76aea3e59e96de8da80490398e25d02	source_unnamed	unique_full_body_sha256
LF9D012H	0x1B9034	LF9G003T	0x1CE4CC	FUN_001b9034	FUN_001ce4cc	FUN_001b9034	338	12a0bde1f4f0d6ac4f5cf762a60112f2c3cd3e8366cf9ff240c3358069aa1a37	source_unnamed	unique_full_body_sha256
LF9D012H	0x12B750	LF9G003T	0x139C54	FUN_0012b750	FUN_00139c54	FUN_0012b750	16	12c0ab779d2f61a81dd45b9493cfc6177c270307c1334867b2cd8706b9700449	source_unnamed	unique_full_body_sha256
LF9D012H	0x84846	LF9G003T	0x91092	FUN_00084846	FUN_00091092	FUN_00084846	92	12d01a09032d1a1b7df4cea1ac8fb58e668acb33beba81932d41431f74983d00	source_unnamed	unique_full_body_sha256
LF9D012H	0x27D11C	LF9G003T	0x27D2F0	FUN_0027d11c	FUN_0027d2f0	FUN_0027d11c	18	12d01d1eb4011cb841242692f5580de14c6d076843536cde30e50d8c7644a53b	source_unnamed	unique_full_body_sha256
LF9D012H	0x1D7CBE	LF9G003T	0x1EDDDE	FUN_001d7cbe	FUN_001eddde	FUN_001d7cbe	6	12e4f620e408070e5b2db7fbaaa8ef69ea58ca4cf932765ad4804337fce20d49	source_unnamed	unique_full_body_sha256
LF9D012H	0x1DE58A	LF9G003T	0x1F46AA	FUN_001de58a	FUN_001f46aa	FUN_001de58a	6	12e9e6bcfbc6a00e2806b6f095ca75bd770fb5a42df42279a71547d79e5eb2ad	source_unnamed	unique_full_body_sha256
LF9D012H	0x27EC40	LF9G003T	0x27EE14	state_action_on_code_7_12	state_action_on_code_7_12	state_action_on_code_7_12	54	131fccb1befcb9891f42c5b334b5f2bc1da87d48b249c410ddaff5569813d0d4	already_named	unique_full_body_sha256
LF9D012H	0x7D7C6	LF9G003T	0x89FF6	FUN_0007d7c6	FUN_00089ff6	FUN_0007d7c6	268	132d82e1564bc0cbcfc8258cc34db9b2d251c87d050be8ce7d30d069d0554183	source_unnamed	unique_full_body_sha256
LF9D012H	0x1F0FD0	LF9G003T	0x207310	FUN_001f0fd0	FUN_00207310	FUN_001f0fd0	200	13963088ba1f02cdfc9f3ff5fdcb6e76db7cb4567d521f35accee4d1249b975e	source_unnamed	unique_full_body_sha256
LF9D012H	0x177AB8	LF9G003T	0x18ACB4	FUN_00177ab8	FUN_0018acb4	FUN_00177ab8	48	13b513a31934126245456a38d3836cd33505de73c2d5da553f7d3ab31f97e622	source_unnamed	unique_full_body_sha256
LF9D012H	0x138E1C	LF9G003T	0x1472E8	FUN_00138e1c	FUN_001472e8	FUN_00138e1c	32	13d332b3a4891feebf033554b8ac821a743e5668b562e0231e83f2e6edede139	source_unnamed	unique_full_body_sha256
LF9D012H	0x6F436	LF9G003T	0x7BC6A	FUN_0006f436	FUN_0007bc6a	FUN_0006f436	134	13f5149d1a907197732f8572a6b824acb65a7e9ae8e8f3f84c593ea1abf7795f	source_unnamed	unique_full_body_sha256
LF9D012H	0xA2A56	LF9G003T	0xAF37A	sa_send_seed_response	sa_send_seed_response	sa_send_seed_response	8	1402e3e1f34bfdbb5fbd39c0275b1ea976ad01eee95719a852f06994b6494f0f	already_named	unique_full_body_sha256
LF9D012H	0xAAEFC	LF9G003T	0xB83A0	FUN_000aaefc	FUN_000b83a0	FUN_000aaefc	36	14169ce6cad7cc792d7d1f6650ba6a26c9c45d7f37c9b9e28c3ad6a4bf4645cd	source_unnamed	unique_full_body_sha256
LF9D012H	0x1DC0A2	LF9G003T	0x1F21C2	FUN_001dc0a2	FUN_001f21c2	FUN_001dc0a2	10	143ea553516d39d236b8f1a4d7db812fbe2b64e28b76d45552290349262c4747	source_unnamed	unique_full_body_sha256
LF9D012H	0x95308	LF9G003T	0xA1C2C	FUN_00095308	FUN_000a1c2c	FUN_00095308	50	144bae54cfcf975c3975f80c9aa27736ea0918d271d0bed6531fe0af5f554e99	source_unnamed	unique_full_body_sha256
LF9D012H	0x1E0B80	LF9G003T	0x1F6CA0	pulse_edge_state_tracker	pulse_edge_state_tracker	pulse_edge_state_tracker	192	144f3f580d8388267c2c0625ae78d220ccc1aa0fcc936833fa36adda69d38133	already_named	unique_full_body_sha256
LF9D012H	0x1DF888	LF9G003T	0x1F59A8	FUN_001df888	FUN_001f59a8	FUN_001df888	22	145e5cf53a318f2379985f0b17bf5ffb6e62921c7843399c58a55b80d79453aa	source_unnamed	unique_full_body_sha256
LF9D012H	0xE75E8	LF9G003T	0xF5054	FUN_000e75e8	FUN_000f5054	FUN_000e75e8	40	14776728e3de6a00f96eed7b0e63c31f76ef013cd1c20073c7a207814e3fa577	source_unnamed	unique_full_body_sha256
LF9D012H	0xA2AB4	LF9G003T	0xAF3D8	comm_poll_rx_frame	comm_poll_rx_frame	comm_poll_rx_frame	90	147c2532956fedb48e7f2fc30fae23f92cd4df8f5ad73d3b309b3cdacda6cbca	already_named	unique_full_body_sha256
LF9D012H	0x101D3C	LF9G003T	0x10F930	FUN_00101d3c	FUN_0010f930	FUN_00101d3c	74	14c97a9edbb55ceb9d6515d7419e0c720f49bab99a77b9d96b065c8e09f74f1a	source_unnamed	unique_full_body_sha256
LF9D012H	0x123B00	LF9G003T	0x131FDC	FUN_00123b00	FUN_00131fdc	FUN_00123b00	48	14cfd36b108b32d19f97de46ead600150dbf48624e7142c4f56f26e0957f9d96	source_unnamed	unique_full_body_sha256
LF9D012H	0x1987B4	LF9G003T	0x1AC7A8	FUN_001987b4	FUN_001ac7a8	FUN_001987b4	32	14d6cf0482911456f3e39ccfd699247d161cbc87af47e453c878c676dd1dd889	source_unnamed	unique_full_body_sha256
LF9D012H	0x6FE4	LF9G003T	0x6FAC	FUN_00006fe4	FUN_00006fac	FUN_00006fe4	8	1500d13539ec4c9ce127dad7fe22c73a1472a80bb86dae4025ee4df3f641b122	source_unnamed	unique_full_body_sha256
LF9D012H	0x77E8	LF9G003T	0x77B0	FUN_000077e8	FUN_000077b0	FUN_000077e8	100	151d486609f9cb8fbd8349c15c178af80a141ccf53140377885c0452587f3dce	source_unnamed	unique_full_body_sha256
LF9D012H	0x89EF6	LF9G003T	0x96756	FUN_00089ef6	FUN_00096756	FUN_00089ef6	138	152b61277ba64e5b3a89677d46c696b07233990cb9f23dfeaad6d03d7ad801a2	source_unnamed	unique_full_body_sha256
LF9D012H	0x1562B0	LF9G003T	0x169090	FUN_001562b0	FUN_00169090	FUN_001562b0	18	153751988882a04cb55df2324c1fb96f89b40f53e62e230dbd766adc13aaabf3	source_unnamed	unique_full_body_sha256
LF9D012H	0x1DEB3C	LF9G003T	0x1F4C5C	slew_rate_limit_u16	slew_rate_limit_u16	slew_rate_limit_u16	62	1542752eefff061fcfe34e57c0024996fa9f03c1e28bdd8337932c2b5ce4eb3d	already_named	unique_full_body_sha256
LF9D012H	0x79560	LF9G003T	0x85D94	dtc_monitor_eval_c	dtc_monitor_eval_c	dtc_monitor_eval_c	500	156a37d37cf4361038f1fdbb299da12b5438297b59216387fb682cd39e79061d	already_named	unique_full_body_sha256
LF9D012H	0x121ED0	LF9G003T	0x1303AC	FUN_00121ed0	FUN_001303ac	FUN_00121ed0	140	1571891ade1c0cda9dea4ae30fe834ea7d77816131d1221d049f7328c7d810d1	source_unnamed	unique_full_body_sha256
LF9D012H	0x107ACC	LF9G003T	0x1157FC	FUN_00107acc	FUN_001157fc	FUN_00107acc	38	158efded957b74d2bb09c61366e15f1a0a5df5affc0a6818c2a9d6490744b331	source_unnamed	unique_full_body_sha256
LF9D012H	0xA912C	LF9G003T	0xB657C	FUN_000a912c	FUN_000b657c	FUN_000a912c	350	15e819857e9339b5c8e0611c5ba64404ae8f43b36b18113c0e5b855105debe21	source_unnamed	unique_full_body_sha256
LF9D012H	0x1995A4	LF9G003T	0x1AD608	FUN_001995a4	FUN_001ad608	FUN_001995a4	26	1601d22eb5f4d92ad39cdc995681310eb218c9f77df2f298abe600ddba1c5ca1	source_unnamed	unique_full_body_sha256
LF9D012H	0x84592	LF9G003T	0x90DDE	FUN_00084592	FUN_00090dde	FUN_00084592	38	1609e16e61491113c94570f88b1bd99e89b12d963b29193a5dd4acce75bdd19b	source_unnamed	unique_full_body_sha256
LF9D012H	0x7A0E0	LF9G003T	0x86914	FUN_0007a0e0	FUN_00086914	FUN_0007a0e0	120	160e183b335bd85640c70854df2b9657bb720ace0e83645b0fdfb7a4fdaa48dc	source_unnamed	unique_full_body_sha256
LF9D012H	0x128D7C	LF9G003T	0x137240	FUN_00128d7c	FUN_00137240	FUN_00128d7c	42	1617ecca12cb3fa5da400d7e4ce10c4cf0fd1fe763aa8ff635104c8e6dcf181d	source_unnamed	unique_full_body_sha256
LF9D012H	0x1DFA84	LF9G003T	0x1F5BA4	FUN_001dfa84	FUN_001f5ba4	FUN_001dfa84	70	163e24cf14f7af6dc734176c596ffdd7d9581455e3d8651843d6ee8a9393b269	source_unnamed	unique_full_body_sha256
LF9D012H	0x1B7C28	LF9G003T	0x1CD0C0	interp_2d_ax_u32_u16_data_s_v4	interp_2d_ax_u32_u16_data_s_v4	interp_2d_ax_u32_u16_data_s_v4	336	164284bd50aeed29c53558ef332e4cc3d8398522b1ab8dc56fc6971461b15890	already_named	unique_full_body_sha256
LF9D012H	0x83EFE	LF9G003T	0x9074A	FUN_00083efe	FUN_0009074a	FUN_00083efe	68	164b8dd53969cd371c99cfda91908a9e98ac2c0caf95edc15444fe5359315950	source_unnamed	unique_full_body_sha256
LF9D012H	0x86432	LF9G003T	0x92C7E	FUN_00086432	FUN_00092c7e	FUN_00086432	14	165236d6a991051c82fff9786516ef0a5a894159020ad699072b7f1e03cf19a2	source_unnamed	unique_full_body_sha256
LF9D012H	0x6D430	LF9G003T	0x79C64	FUN_0006d430	FUN_00079c64	FUN_0006d430	48	1677c4c01aa7d32f24f37a35ae75142a1bcae22b3149119c11d9f132026e0c7f	source_unnamed	unique_full_body_sha256
LF9D012H	0x1EFA54	LF9G003T	0x205D94	FUN_001efa54	FUN_00205d94	FUN_001efa54	222	168a38426aad09c84dccdef12a87438e6c501f305569f8f6f89f10402327c818	source_unnamed	unique_full_body_sha256
LF9D012H	0xD3988	LF9G003T	0xE13FC	FUN_000d3988	FUN_000e13fc	FUN_000d3988	138	16f32066b946709c2f296a68bc1ede0077404b62acfac3724763c82660b0d724	source_unnamed	unique_full_body_sha256
LF9D012H	0xA30A4	LF9G003T	0xAF9C8	FUN_000a30a4	FUN_000af9c8	FUN_000a30a4	10	16f43903608e6cfa3e5447c465821f97b8ebfc1cb898ccb2f17a95f322d94ef9	source_unnamed	unique_full_body_sha256
LF9D012H	0x89CCE	LF9G003T	0x9652E	FUN_00089cce	FUN_0009652e	FUN_00089cce	10	170725353feb2c7e947026a86274ae4593fee9761bbffc522beb2c4731a33183	source_unnamed	unique_full_body_sha256
LF9D012H	0x27EDE4	LF9G003T	0x27EFB8	FUN_0027ede4	FUN_0027efb8	FUN_0027ede4	52	1720b91a90f9f2f774fa9a5281f17c54b48fea915d4d3be50003969b37f836b7	source_unnamed	unique_full_body_sha256
LF9D012H	0x1A0F08	LF9G003T	0x1B501C	FUN_001a0f08	FUN_001b501c	FUN_001a0f08	42	177abf323a4ab01df42c7c897fd2d38bff76877e40f3ee8937f551f9bdfe7436	source_unnamed	unique_full_body_sha256
LF9D012H	0x1E04B4	LF9G003T	0x1F65D4	FUN_001e04b4	FUN_001f65d4	FUN_001e04b4	242	17b6445fb8a23808c36753839ddd7d95beddc6a34863b7d4ef13f3f4615dcad3	source_unnamed	unique_full_body_sha256
LF9D012H	0xB714E	LF9G003T	0xC465A	FUN_000b714e	FUN_000c465a	FUN_000b714e	6	17c05f38bb463875dd71e6f9b60d844df9a47f3b312fcd07a8d1aa470ac2a441	source_unnamed	unique_full_body_sha256
LF9D012H	0x6D3A0	LF9G003T	0x79BD4	FUN_0006d3a0	FUN_00079bd4	FUN_0006d3a0	48	17d9c71a02c9f100da6e0f46c26a7ed8d4a5fc2c707a53d9513ea9004bb58ba6	source_unnamed	unique_full_body_sha256
LF9D012H	0x736EE	LF9G003T	0x7FF22	FUN_000736ee	FUN_0007ff22	FUN_000736ee	8	181a4040d35069ee7c063082ed7647c911058c815ab2f63fdf7a7cd5526c5144	source_unnamed	unique_full_body_sha256
LF9D012H	0x7079E	LF9G003T	0x7CFD2	FUN_0007079e	FUN_0007cfd2	FUN_0007079e	30	181e1061b67acdb42b957617a05c24da4763bf38651be8b43edbdfac871ce7db	source_unnamed	unique_full_body_sha256
LF9D012H	0x94FA2	LF9G003T	0xA18C6	FUN_00094fa2	FUN_000a18c6	FUN_00094fa2	328	1855d34150d58e46592992dbb4776d200ca0512fe9c634f64371f0820dbc15c9	source_unnamed	unique_full_body_sha256
LF9D012H	0x71348	LF9G003T	0x7DB7C	FUN_00071348	FUN_0007db7c	FUN_00071348	44	1858a7665bafcd0c8c12972defc1bab6ff19e4c9293c565065c0e3fb55c6ba82	source_unnamed	unique_full_body_sha256
LF9D012H	0x1EC828	LF9G003T	0x202B68	FUN_001ec828	FUN_00202b68	FUN_001ec828	48	18781ba8bcd37c23068fcbfc137dbe7ae8b153ef60c9c0d0062eec16a9de0fc5	source_unnamed	unique_full_body_sha256
LF9D012H	0x123DA0	LF9G003T	0x13227C	FUN_00123da0	FUN_0013227c	FUN_00123da0	12	187c4b8760520660e9655fe8e4af2abfac80f30c8d4948c1d5e77f3101078dcc	source_unnamed	unique_full_body_sha256
LF9D012H	0x12DC3C	LF9G003T	0x13C104	FUN_0012dc3c	FUN_0013c104	FUN_0012dc3c	126	1884ea6334c43b08b4c570ce7eccf24d99e3c3ca166a3315fb66fccd24d2e6b9	source_unnamed	unique_full_body_sha256
LF9D012H	0x1F1C2E	LF9G003T	0x207F6E	FUN_001f1c2e	FUN_00207f6e	FUN_001f1c2e	12	18a84699baabc8d1b0249bf62149bd867708901f705ba593a8ce96f683cfad71	source_unnamed	unique_full_body_sha256
LF9D012H	0x131978	LF9G003T	0x13FE44	FUN_00131978	FUN_0013fe44	FUN_00131978	32	18ca04e6663ff7637cdc00211d1755a3580a226cf181a90ab948ed9a264c05fc	source_unnamed	unique_full_body_sha256
LF9D012H	0x1ABE74	LF9G003T	0x1C117C	FUN_001abe74	FUN_001c117c	FUN_001abe74	104	18e370483e40470e6ea74747d2177961be375ee4553ccd4e4896c936c767c6f8	source_unnamed	unique_full_body_sha256
LF9D012H	0xB1528	LF9G003T	0xBE9CC	FUN_000b1528	FUN_000be9cc	FUN_000b1528	180	18fc2aa0997ff902c29f61370bbb36bec4728567216908fdd62277a117643270	source_unnamed	unique_full_body_sha256
LF9D012H	0x1B4E44	LF9G003T	0x1CA2DC	FUN_001b4e44	FUN_001ca2dc	FUN_001b4e44	270	1941c055d593c6940219e24113a1ccfdd1905d733ed65b442a89c8b5f4990baf	source_unnamed	unique_full_body_sha256
LF9D012H	0x1E24E8	LF9G003T	0x1F8608	FUN_001e24e8	FUN_001f8608	FUN_001e24e8	100	1950a852871aae4c093d09ce9016ebf4046e88a2735c95596f16e0f3215762b6	source_unnamed	unique_full_body_sha256
LF9D012H	0x6FEC	LF9G003T	0x6FB4	FUN_00006fec	FUN_00006fb4	FUN_00006fec	8	19c42ce09faf9b94d0af36e0fb2b5594e2a52813d146a6ac721b7f335b4db520	source_unnamed	unique_full_body_sha256
LF9D012H	0x704E8	LF9G003T	0x7CD1C	sensor_proc_task_366	sensor_proc_task_366	sensor_proc_task_366	366	19cc21557bd5653958c5ddf4aa8cae94b1865cbf9ed7671522022420687acd8d	already_named	unique_full_body_sha256
LF9D012H	0x8912E	LF9G003T	0x9598E	FUN_0008912e	FUN_0009598e	FUN_0008912e	34	19cd0f996d8c48b71fc4ac99702411263d3e10e50e502813d32993a2362700c8	source_unnamed	unique_full_body_sha256
LF9D012H	0x1DE25C	LF9G003T	0x1F437C	build_frame_id360_torque	build_frame_id360_torque	build_frame_id360_torque	126	19e4df7b34df73182db40ffd92000663d875d3910c0a9c7817bf40d9db5544fe	already_named	unique_full_body_sha256
LF9D012H	0x1F34D4	LF9G003T	0x209814	udiv_reduce_step	udiv_reduce_step	udiv_reduce_step	212	1a2caa6d2f647ebb0d2b4f4c909f15c9859c6abbbaa827ce09712c8f1989870f	already_named	unique_full_body_sha256
LF9D012H	0xE6E60	LF9G003T	0xF48CC	FUN_000e6e60	FUN_000f48cc	FUN_000e6e60	24	1a4d77c921b20466f6ba2a6e589290bc15e1055972b2046d61213cbbaf66a771	source_unnamed	unique_full_body_sha256
LF9D012H	0x1E3366	LF9G003T	0x1F9486	FUN_001e3366	FUN_001f9486	FUN_001e3366	38	1aa4f2bf5b744efa50cfe7703e01a0082777e7746e0b24e11ec60bbb65aa0ed9	source_unnamed	unique_full_body_sha256
LF9D012H	0x1E2D40	LF9G003T	0x1F8E60	FUN_001e2d40	FUN_001f8e60	FUN_001e2d40	426	1aa9b1bb6e1e2c4a15d32fcf6c30399c577c787e44067dc63788fa7dc7074588	source_unnamed	unique_full_body_sha256
LF9D012H	0xA2B18	LF9G003T	0xAF43C	comm_session_reset	comm_session_reset	comm_session_reset	52	1af42a8db69467e987bcf49877a85660f9f24a052733ee913e0c511e1ed1910e	already_named	unique_full_body_sha256
LF9D012H	0x1DA8EA	LF9G003T	0x1F0A0A	FUN_001da8ea	FUN_001f0a0a	FUN_001da8ea	44	1b054f86105be4265a5bb7913dcc824ab071314b880d6f215fa99a585fa50e21	source_unnamed	unique_full_body_sha256
LF9D012H	0x1442A0	LF9G003T	0x155314	FUN_001442a0	FUN_00155314	FUN_001442a0	28	1b25cbf9b9e9d79217245e0cd7843a07b12e4c2fcecce9ea4fcf957feb50f384	source_unnamed	unique_full_body_sha256
LF9D012H	0xBC084	LF9G003T	0xC9590	FUN_000bc084	FUN_000c9590	FUN_000bc084	382	1b2a202ef2f4e6d4d9ad8e3649e795ad3c30c948b5f75f3c04493181635efeaf	source_unnamed	unique_full_body_sha256
LF9D012H	0x17FE58	LF9G003T	0x1939FC	FUN_0017fe58	FUN_001939fc	FUN_0017fe58	6	1b2f86d80b5188340c452180d40a9f10b3560d3d1a112f1de12a8c2936b12e7d	source_unnamed	unique_full_body_sha256
LF9D012H	0x1DC0CA	LF9G003T	0x1F21EA	FUN_001dc0ca	FUN_001f21ea	FUN_001dc0ca	10	1b47d672e0ac10d92c0481fd0750ecf64f8a66a88a3c5c6c11fcbe1b3d53d23d	source_unnamed	unique_full_body_sha256
LF9D012H	0x82744	LF9G003T	0x8EF74	FUN_00082744	FUN_0008ef74	FUN_00082744	508	1b68da9b15ab7862257663263cbd14028ff191101b7ef5132abab688e381a831	source_unnamed	unique_full_body_sha256
LF9D012H	0x1557BC	LF9G003T	0x168594	FUN_001557bc	FUN_00168594	FUN_001557bc	92	1bef714af3f54903ff365772327b54973b27f0160b2eb221f2213c9199cdbcbc	source_unnamed	unique_full_body_sha256
LF9D012H	0x1B3A88	LF9G003T	0x1C8F20	FUN_001b3a88	FUN_001c8f20	FUN_001b3a88	132	1bf7e435ed191d9668ee4a0098f341340e0fefed60050cd330a7b87417399b04	source_unnamed	unique_full_body_sha256
LF9D012H	0x1AD2D4	LF9G003T	0x1C2620	FUN_001ad2d4	FUN_001c2620	FUN_001ad2d4	40	1c1d25ad70b30993c924f04a560bf23d8d61796d2c2222dbe45866a8d285b387	source_unnamed	unique_full_body_sha256
LF9D012H	0x1DC02A	LF9G003T	0x1F214A	FUN_001dc02a	FUN_001f214a	FUN_001dc02a	10	1cd1a727ad89493658faf70f7a4dcef5fcc7df1c82e2505f324236dec89a2640	source_unnamed	unique_full_body_sha256
LF9D012H	0xD3C40	LF9G003T	0xE16B4	FUN_000d3c40	FUN_000e16b4	FUN_000d3c40	38	1cdc3dccba106683270c15ed28724076897f2f6aecca5e2518cdbe4d85952da9	source_unnamed	unique_full_body_sha256
LF9D012H	0x1D7C60	LF9G003T	0x1EDD80	FUN_001d7c60	FUN_001edd80	FUN_001d7c60	14	1ce245cb1acd0970ce18b5bf08ee4930634f20ffae6a7f90520a6cfde47ccb0a	source_unnamed	unique_full_body_sha256
LF9D012H	0x6CA68	LF9G003T	0x7929C	FUN_0006ca68	FUN_0007929c	FUN_0006ca68	86	1d0de51b20b749dc0ce659893296e4b1ee617f6b58cf58edd1ddf17a7ba47b7d	source_unnamed	unique_full_body_sha256
LF9D012H	0xD6304	LF9G003T	0xE3D78	FUN_000d6304	FUN_000e3d78	FUN_000d6304	52	1d0f400b2398212347fd2d577b75d845673e53bd8ca76b2596304b1126c911ee	source_unnamed	unique_full_body_sha256
LF9D012H	0x1E2758	LF9G003T	0x1F8878	FUN_001e2758	FUN_001f8878	FUN_001e2758	30	1d11a4665143f01c3cdcecee3c60108b8d2398a0f169bcb1b53d1b702115961c	source_unnamed	unique_full_body_sha256
LF9D012H	0xB005E	LF9G003T	0xBD502	FUN_000b005e	FUN_000bd502	FUN_000b005e	220	1d6ca2005a0cd7d188711446680e36afce80d8e99125a25c4f89c7ce090f907e	source_unnamed	unique_full_body_sha256
LF9D012H	0xBB27E	LF9G003T	0xC878A	bit_mask_test	bit_mask_test	bit_mask_test	8	1d7d511e053522c6a7724266c4ce0249da1167a2314b1d671610e7500ac1477d	already_named	unique_full_body_sha256
LF9D012H	0x9DC5C	LF9G003T	0xAA580	FUN_0009dc5c	FUN_000aa580	FUN_0009dc5c	90	1d7f59649d43eec1dd3aee79d4c18a152c54697f9e753e02a2a4dbe936542f5e	source_unnamed	unique_full_body_sha256
LF9D012H	0x1D921E	LF9G003T	0x1EF33E	FUN_001d921e	FUN_001ef33e	FUN_001d921e	78	1d93a003002c71d5281f35603c5e1bfd5d26e3b107885cb833fe9e5423449140	source_unnamed	unique_full_body_sha256
LF9D012H	0x9D93C	LF9G003T	0xAA260	FUN_0009d93c	FUN_000aa260	FUN_0009d93c	108	1daa2483e8a8ff8b927394dcd034d15e0b5c4521f116abf86e00fcf737dba5b2	source_unnamed	unique_full_body_sha256
LF9D012H	0x12BC98	LF9G003T	0x13A19C	FUN_0012bc98	FUN_0013a19c	FUN_0012bc98	42	1dc3b53eb0142397ecc1598436114f203d1b1c1d953f7658ba0c4b58ead4673f	source_unnamed	unique_full_body_sha256
LF9D012H	0x15656C	LF9G003T	0x169390	FUN_0015656c	FUN_00169390	FUN_0015656c	40	1ddb710fd3c5db8468f1906d745d9ae24b39bcd65fce9afc720124101c81fb40	source_unnamed	unique_full_body_sha256
LF9D012H	0x1D7B86	LF9G003T	0x1EDCA6	thunk_FUN_001d945c	thunk_FUN_001ef57c	thunk_FUN_001d945c	6	1e0844e3e35234df866c727fe11f6538e5fd81171caa17c87e04319c515d2f5d	source_unnamed	unique_full_body_sha256
LF9D012H	0x1DAA2E	LF9G003T	0x1F0B4E	FUN_001daa2e	FUN_001f0b4e	FUN_001daa2e	10	1e1ad3e5b60c0dc9aaa969bc77a62335ad82c2706061dfcb7ca109b2a4bbd952	source_unnamed	unique_full_body_sha256
LF9D012H	0x75F72	LF9G003T	0x827A6	FUN_00075f72	FUN_000827a6	FUN_00075f72	264	1e294debb5f1427910afd707b8e7bd36cf7166ba3555bcdd9a6398815b692d5d	source_unnamed	unique_full_body_sha256
LF9D012H	0x1EC928	LF9G003T	0x202C68	FUN_001ec928	FUN_00202c68	FUN_001ec928	438	1e731752f13abc2b7e352e4ae4579ee0d3c2595b3876debb8d057afb545811ce	source_unnamed	unique_full_body_sha256
LF9D012H	0x1E2704	LF9G003T	0x1F8824	FUN_001e2704	FUN_001f8824	FUN_001e2704	6	1ec5822c5c3036024fafde09fc0e84c4fd699f27b462b3460cb8c1984437b3c9	source_unnamed	unique_full_body_sha256
LF9D012H	0x6F11C	LF9G003T	0x7B950	FUN_0006f11c	FUN_0007b950	FUN_0006f11c	62	1ecc518af74187288ee52516d6ccc8c996901408084638295f9721992a01c89a	source_unnamed	unique_full_body_sha256
LF9D012H	0x1E1B1E	LF9G003T	0x1F7C3E	FUN_001e1b1e	FUN_001f7c3e	FUN_001e1b1e	8	1ed21c8e0b50d1ff7a5dd2bf614cef2e4c1b7c8dad765dcb4b813d09b24d83fb	source_unnamed	unique_full_body_sha256
LF9D012H	0xB7FDE	LF9G003T	0xC54EA	FUN_000b7fde	FUN_000c54ea	FUN_000b7fde	36	1efd73c4e42727048c15ab718ccaeee451ecad5a5e39d2ba9eae2317593601b8	source_unnamed	unique_full_body_sha256
LF9D012H	0x1D7F8E	LF9G003T	0x1EE0AE	FUN_001d7f8e	FUN_001ee0ae	FUN_001d7f8e	18	1f40840473efafa134da1bd5db346582312514f7fb66d1caea88a06351128cbc	source_unnamed	unique_full_body_sha256
LF9D012H	0x1CA154	LF9G003T	0x1DF5EC	FUN_001ca154	FUN_001df5ec	FUN_001ca154	200	1f42ac17e711e5017535eda83c7e1ed8d3dec28799032c7d38471afd7a86e5f7	source_unnamed	unique_full_body_sha256
LF9D012H	0x136B94	LF9G003T	0x145060	FUN_00136b94	FUN_00145060	FUN_00136b94	38	1f50b57f602a20c28b5fac3158da6e7ae89d853f55fd0bfe42cd9f428d1db9dd	source_unnamed	unique_full_body_sha256
LF9D012H	0x9DC0A	LF9G003T	0xAA52E	FUN_0009dc0a	FUN_000aa52e	FUN_0009dc0a	78	1f5a47d55d3f1875b61cea3fbc40e22c1c679b18391d1acc810b6bfc689bbbca	source_unnamed	unique_full_body_sha256
LF9D012H	0x7918	LF9G003T	0x78E0	FUN_00007918	FUN_000078e0	FUN_00007918	66	1f694f4b938bf9533c1d882917a2d92ae874567a80c581f6dcec7d0cbd87aa0d	source_unnamed	unique_full_body_sha256
LF9D012H	0x17F44C	LF9G003T	0x192E8C	FUN_0017f44c	FUN_00192e8c	FUN_0017f44c	28	1f8fd37e56434cb82c8304c27e976e60f528b77f0645ec686a4947e2d507866f	source_unnamed	unique_full_body_sha256
LF9D012H	0x1F0DD2	LF9G003T	0x207112	FUN_001f0dd2	FUN_00207112	FUN_001f0dd2	24	1fa145f0fa011651c0fcbcfb28a4d27bc89868eb628a392ee6fb79bff6e0d232	source_unnamed	unique_full_body_sha256
LF9D012H	0x77578	LF9G003T	0x83DAC	FUN_00077578	FUN_00083dac	FUN_00077578	132	1ffea7428b8712c0147343a2b0518ae08aa7a4b4c54afc73e52ea079d006139c	source_unnamed	unique_full_body_sha256
LF9D012H	0x1DAF12	LF9G003T	0x1F1032	FUN_001daf12	FUN_001f1032	FUN_001daf12	10	2012451d07b58c1fb9ac34aec97c0abf3215c7a282e9a55b4868a2f34f0c80c1	source_unnamed	unique_full_body_sha256
LF9D012H	0x1F39CC	LF9G003T	0x209D0C	FUN_001f39cc	FUN_00209d0c	FUN_001f39cc	242	20141595937e07a33efc3681081d482e74f695d7be6854c2ca1079569c9b0e27	source_unnamed	unique_full_body_sha256
LF9D012H	0x10791C	LF9G003T	0x11564C	FUN_0010791c	FUN_0011564c	FUN_0010791c	44	202e7e300166e8ddc92b036041400540ce19a2aa4e549aad3d29c2574c08b3c1	source_unnamed	unique_full_body_sha256
LF9D012H	0x86570	LF9G003T	0x92DBC	FUN_00086570	FUN_00092dbc	FUN_00086570	158	205bba138a3436f73a70cb25cb40b78cc0c184e31a9ece7df41d92ddc2d46758	source_unnamed	unique_full_body_sha256
LF9D012H	0x6C940	LF9G003T	0x79174	FUN_0006c940	FUN_00079174	FUN_0006c940	72	2061a72175bd7ef775a6ad5c929beae68e9e74f058f2ff0705781c3b35a85ed8	source_unnamed	unique_full_body_sha256
LF9D012H	0x155EAC	LF9G003T	0x168C8C	FUN_00155eac	FUN_00168c8c	FUN_00155eac	48	206747eb4f2d0559638184de09730867025984dc9ba61a54b0e6acb9f65ab545	source_unnamed	unique_full_body_sha256
LF9D012H	0x6FD4	LF9G003T	0x6F9C	FUN_00006fd4	FUN_00006f9c	FUN_00006fd4	14	20b4f5c0773e3b60c77609e3fb6f14f19e03a85bf8e263147d18e5f1672aab62	source_unnamed	unique_full_body_sha256
LF9D012H	0x1DBEAA	LF9G003T	0x1F1FCA	FUN_001dbeaa	FUN_001f1fca	FUN_001dbeaa	48	20ca3232011f304b66bcfd5b9b86cd31f76ce4e9504bbe0af4bb606736abd570	source_unnamed	unique_full_body_sha256
LF9D012H	0x84AE2	LF9G003T	0x9132E	FUN_00084ae2	FUN_0009132e	FUN_00084ae2	156	20dd81c3e7b88c0ed9b7379c771abb1a49d5a059838e1994d1409f0232ff5dce	source_unnamed	unique_full_body_sha256
LF9D012H	0x1EEA42	LF9G003T	0x204D82	FUN_001eea42	FUN_00204d82	FUN_001eea42	294	2155d7744e9c1c77cb1e90d35d89e1337a7bb2afd80156ea9d5f39dfd6dd0bf7	source_unnamed	unique_full_body_sha256
LF9D012H	0x6EFC8	LF9G003T	0x7B7FC	FUN_0006efc8	FUN_0007b7fc	FUN_0006efc8	26	2156a9a6b766fda2213f70ae46bd3fda5f27059c588dcb2785c9ffef4d494adf	source_unnamed	unique_full_body_sha256
LF9D012H	0xB2DB2	LF9G003T	0xC0256	FUN_000b2db2	FUN_000c0256	FUN_000b2db2	188	21979490588419e67025ab344e8167e1416aebee8e3ffbf854e529946e4a0e20	source_unnamed	unique_full_body_sha256
LF9D012H	0x155070	LF9G003T	0x167D78	FUN_00155070	FUN_00167d78	FUN_00155070	74	21d2647140c53562a307d759c3d84570b66e09b2c81b0776efa016e4ad0efce3	source_unnamed	unique_full_body_sha256
LF9D012H	0x75AAC	LF9G003T	0x822E0	FUN_00075aac	FUN_000822e0	FUN_00075aac	62	21dbd56fea7447f2ecc3e8f6b42549356a007791a4582c36e6b21cd6fb78758d	source_unnamed	unique_full_body_sha256
LF9D012H	0x1DE754	LF9G003T	0x1F4874	FUN_001de754	FUN_001f4874	FUN_001de754	10	21f3715df0b452a090697ffe3ca43e5822813c20266af54f7ce2086e0d644f12	source_unnamed	unique_full_body_sha256
LF9D012H	0x130348	LF9G003T	0x13E814	FUN_00130348	FUN_0013e814	FUN_00130348	64	220d1ca1c129ba9f78a766289d2dd3e1b4305e4fe6391b69768e537469d78803	source_unnamed	unique_full_body_sha256
LF9D012H	0x1AC51C	LF9G003T	0x1C1824	FUN_001ac51c	FUN_001c1824	FUN_001ac51c	214	2225ea313e065ec327301849024801b2b42145173a74dd9884c816d8df263115	source_unnamed	unique_full_body_sha256
LF9D012H	0x1B7EB0	LF9G003T	0x1CD348	FUN_001b7eb0	FUN_001cd348	FUN_001b7eb0	336	223d1f4c2f6aee8ff6ae2e3ef3835bb42fdd9a8ef878bc4fcdd50d793f6a0da3	source_unnamed	unique_full_body_sha256
LF9D012H	0x17F9A0	LF9G003T	0x19347C	FUN_0017f9a0	FUN_0019347c	FUN_0017f9a0	96	223e1b8ed986abfa2937199ca5e86b44d1bdf528e095f7ee770c1283b57a88b4	source_unnamed	unique_full_body_sha256
LF9D012H	0x127694	LF9G003T	0x135B68	mode_select_from_bitfield	mode_select_from_bitfield	mode_select_from_bitfield	86	225ad3cd7e90cbc6492a57cae77dd3113505eec379229abca769e8c7e04ca6c6	already_named	unique_full_body_sha256
LF9D012H	0x9F93C	LF9G003T	0xAC260	FUN_0009f93c	FUN_000ac260	FUN_0009f93c	26	22643f1c67b4120c78816548418266ac54e4f6c9664d1d3484d2d8f725f5c92e	source_unnamed	unique_full_body_sha256
LF9D012H	0x860AA	LF9G003T	0x928F6	sensor_read_scale_wordidx	sensor_read_scale_wordidx	sensor_read_scale_wordidx	6	22a118d72f4a6e886f87c083358881a9ade5019c0a9bab25f78115cbd0c6653b	already_named	unique_full_body_sha256
LF9D012H	0x1E1B3E	LF9G003T	0x1F7C5E	FUN_001e1b3e	FUN_001f7c5e	FUN_001e1b3e	224	22b565a60aaff062e658ac5254e12b27103ddda6a5d8f1cc1446a493c0411e2c	source_unnamed	unique_full_body_sha256
LF9D012H	0x1E369C	LF9G003T	0x1F97BC	FUN_001e369c	FUN_001f97bc	FUN_001e369c	10	2305cafb4e98825997fcd8ee4c62f2b7a26fb49d7fb0ec2b63b8f9aace04d739	source_unnamed	unique_full_body_sha256
LF9D012H	0x74CC4	LF9G003T	0x814F8	FUN_00074cc4	FUN_000814f8	FUN_00074cc4	220	230d7914384eeb5649d4832b6bcf593334ccb0ae4ff5a1c10feeb9c71262d810	source_unnamed	unique_full_body_sha256
LF9D012H	0x27EC80	LF9G003T	0x27EE54	state_action_on_code_6_a_f	state_action_on_code_6_a_f	state_action_on_code_6_a_f	58	2330ab9c5953bb169bc74eb2a7724a6ee15f8f4bda4f1d7262cf0cb340ad91ed	already_named	unique_full_body_sha256
LF9D012H	0x1F0DB0	LF9G003T	0x2070F0	FUN_001f0db0	FUN_002070f0	FUN_001f0db0	34	235b494fc8b866980f3a82ae044ab4215bd95b9131111988b67126a59b1f646f	source_unnamed	unique_full_body_sha256
LF9D012H	0x182E84	LF9G003T	0x196EF8	monitor_debounce_counter_update	monitor_debounce_counter_update	monitor_debounce_counter_update	158	2373bf48a1ebd89f0710f73c7364e43929daaaf43d7ee814a565660a529ab4c5	already_named	unique_full_body_sha256
LF9D012H	0x1D8754	LF9G003T	0x1EE874	FUN_001d8754	FUN_001ee874	FUN_001d8754	216	23c043d6bc488b3ef49c649c02668ed221d9818e1c8a2e43cece7b8d6f87709d	source_unnamed	unique_full_body_sha256
LF9D012H	0x1F03C2	LF9G003T	0x206702	FUN_001f03c2	FUN_00206702	FUN_001f03c2	10	23c6907f5b24873b1417fd0579f52ffb2faa601d268b901d39d88af657887aa8	source_unnamed	unique_full_body_sha256
LF9D012H	0x1231B8	LF9G003T	0x131694	FUN_001231b8	FUN_00131694	FUN_001231b8	192	240dc48312dbae2c2442b179c03c083914c417c2a45c69703612610e139fb90a	source_unnamed	unique_full_body_sha256
LF9D012H	0x1F1660	LF9G003T	0x2079A0	FUN_001f1660	FUN_002079a0	FUN_001f1660	10	2412f70877521cdcf600d023e11c2841d5a33a10b4cc910fafa2ac91c0f9a42f	source_unnamed	unique_full_body_sha256
LF9D012H	0x95E40	LF9G003T	0xA2764	FUN_00095e40	FUN_000a2764	FUN_00095e40	322	24191cca1d4ac639a52f44a38237822465da60bde8c2a27a7d29e7501c1a6cd0	source_unnamed	unique_full_body_sha256
LF9D012H	0xC5E30	LF9G003T	0xD3804	FUN_000c5e30	FUN_000d3804	FUN_000c5e30	240	24194950c9906e7242c43de3c3768065711cf8e97906cfd1a0ed46457d555fc8	source_unnamed	unique_full_body_sha256
LF9D012H	0x849A2	LF9G003T	0x911EE	FUN_000849a2	FUN_000911ee	FUN_000849a2	112	24397f92e836b4846e1795d673dac08504a961193a09e5f434e6ab29835e11aa	source_unnamed	unique_full_body_sha256
LF9D012H	0x1DA8D0	LF9G003T	0x1F09F0	FUN_001da8d0	FUN_001f09f0	FUN_001da8d0	10	243d61c9d254f73b1ec406cfb76efa1cfe0d70477e2f94cd1b60503024cf14de	source_unnamed	unique_full_body_sha256
LF9D012H	0x1E31B8	LF9G003T	0x1F92D8	FUN_001e31b8	FUN_001f92d8	FUN_001e31b8	10	243fdfb72b33168dd8e06baf19c24576de9f7c22d44f7c6e8368dfb5152ae8d6	source_unnamed	unique_full_body_sha256
LF9D012H	0x1EE7E6	LF9G003T	0x204B26	FUN_001ee7e6	FUN_00204b26	FUN_001ee7e6	10	2440f74aee8be756e5a294e8240adf899513da5b9957c1cad7004289f2dcab6e	source_unnamed	unique_full_body_sha256
LF9D012H	0x27DF44	LF9G003T	0x27E118	FUN_0027df44	FUN_0027e118	FUN_0027df44	176	244a567acedcc6c6942664d78989989f8db8260e03cf93a4d15986316eb7af72	source_unnamed	unique_full_body_sha256
LF9D012H	0xAB68E	LF9G003T	0xB8B32	FUN_000ab68e	FUN_000b8b32	FUN_000ab68e	86	24582bb2935a7996d1b21a6120abfe0997291436e8b723e9c46d4d402e7087d1	source_unnamed	unique_full_body_sha256
LF9D012H	0xA7FEC	LF9G003T	0xB543C	FUN_000a7fec	FUN_000b543c	FUN_000a7fec	138	24ddad51f38c5deeb0dbe68e7bff67d41d09ba44d7ba670e2803f08fc0bb57a3	source_unnamed	unique_full_body_sha256
LF9D012H	0x9EC34	LF9G003T	0xAB558	FUN_0009ec34	FUN_000ab558	FUN_0009ec34	110	24f09d92d6a002a7fd4b0b90457418d3690e4deabb86c1e8c3d98fe1ed165608	source_unnamed	unique_full_body_sha256
LF9D012H	0xA3344	LF9G003T	0xAFC68	FUN_000a3344	FUN_000afc68	FUN_000a3344	8	2508a760166705811e99c7d4c85b861035ac1bccd4860eb6e9ab717b30ec824f	source_unnamed	unique_full_body_sha256
LF9D012H	0xB35C0	LF9G003T	0xC0A64	FUN_000b35c0	FUN_000c0a64	FUN_000b35c0	106	254f9adc95c701dc43e38312856987aa9391386101bc3570883955202017f294	source_unnamed	unique_full_body_sha256
LF9D012H	0x138DBC	LF9G003T	0x147288	FUN_00138dbc	FUN_00147288	FUN_00138dbc	86	2557fa4d48f230e6f6aa07186460e11a4c8919f909613b766ad029bb2d3e34b5	source_unnamed	unique_full_body_sha256
LF9D012H	0xABB66	LF9G003T	0xB900A	FUN_000abb66	FUN_000b900a	FUN_000abb66	68	2559c2acd3a8281f3ab46b357f0b29c0bf56e0cd437428674e0a705332fdfe83	source_unnamed	unique_full_body_sha256
LF9D012H	0xD5A28	LF9G003T	0xE349C	FUN_000d5a28	FUN_000e349c	FUN_000d5a28	54	258b1dd4db11e6dd60619209b8d7dc1f5eac26e4748a11b37dab79d4a0b20f35	source_unnamed	unique_full_body_sha256
LF9D012H	0x1DC4A0	LF9G003T	0x1F25C0	FUN_001dc4a0	FUN_001f25c0	FUN_001dc4a0	64	2599160b551916fadc2d79a67f5c2ef14af75e0c5ca9d4e5f14dcbcbfb957230	source_unnamed	unique_full_body_sha256
LF9D012H	0x6EC78	LF9G003T	0x7B4AC	FUN_0006ec78	FUN_0007b4ac	FUN_0006ec78	40	25bb01f5fa6fa6bded1aaf3f3312bef0440b37e4d9222efad63755402f5f4772	source_unnamed	unique_full_body_sha256
LF9D012H	0x12C284	LF9G003T	0x13A788	FUN_0012c284	FUN_0013a788	FUN_0012c284	116	25e8d3aeea3fb5e6b1a3e63dffb0870f7eafc30973009e3be6dd0dc85779a3f7	source_unnamed	unique_full_body_sha256
LF9D012H	0x9E798	LF9G003T	0xAB0BC	FUN_0009e798	FUN_000ab0bc	FUN_0009e798	348	25f53e960847642da90f604d5cae236645d4d0057eba421755996b1356f601ff	source_unnamed	unique_full_body_sha256
LF9D012H	0x1F4BC0	LF9G003T	0x20AF38	call_cb_with_lockbit_8000	call_cb_with_lockbit_8000	call_cb_with_lockbit_8000	38	2633ca36aa8998106780b63aa2ffbfdb2af8bec021e9d2526e9907d3b48f6cc6	already_named	unique_full_body_sha256
LF9D012H	0xA4D90	LF9G003T	0xB2268	FUN_000a4d90	FUN_000b2268	FUN_000a4d90	88	26527374ce7205eb56f21d89d660cae1847ca86265d33ca70c0de8bfe002ee84	source_unnamed	unique_full_body_sha256
LF9D012H	0x1E3BD4	LF9G003T	0x1F9CF4	FUN_001e3bd4	FUN_001f9cf4	FUN_001e3bd4	120	26658dbfa6ba78d5c5211cbf484ce28b856b50dd6ab8141996c97bb2b04dcf6b	source_unnamed	unique_full_body_sha256
LF9D012H	0x71374	LF9G003T	0x7DBA8	FUN_00071374	FUN_0007dba8	FUN_00071374	10	26741228a4605e619724c82957de0f334f725e06a73d6f5ecf4d27750115363c	source_unnamed	unique_full_body_sha256
LF9D012H	0xBA4D0	LF9G003T	0xC79DC	soft_float_int_xor	soft_float_int_xor	soft_float_int_xor	16	268fea6081de91ce1d40c965d88cc35bd7f13b4358789a3cde67b07b7837c9d7	already_named	unique_full_body_sha256
LF9D012H	0x1B4394	LF9G003T	0x1C982C	FUN_001b4394	FUN_001c982c	FUN_001b4394	146	26938b9df9f0980104aed63fc925d5e38ea66699647b08f788b087e1816efb4e	source_unnamed	unique_full_body_sha256
LF9D012H	0xB1620	LF9G003T	0xBEAC4	FUN_000b1620	FUN_000beac4	FUN_000b1620	78	26a7fcbf6e83dabf3ec4b521f87967e3103b85f57cbf52f3c77ef0857164385c	source_unnamed	unique_full_body_sha256
LF9D012H	0x1550C0	LF9G003T	0x167DC8	FUN_001550c0	FUN_00167dc8	FUN_001550c0	74	26b99232af10ade7c860054a8c8e5f8fcc41cdc22b1efaa72991c35879978fb5	source_unnamed	unique_full_body_sha256
LF9D012H	0x1D7C8A	LF9G003T	0x1EDDAA	FUN_001d7c8a	FUN_001eddaa	FUN_001d7c8a	8	26c82fe01c85c16b47ac3eb20f93228155dcacbf46146104a61d3ecb91f8a84a	source_unnamed	unique_full_body_sha256
LF9D012H	0x83F86	LF9G003T	0x907D2	FUN_00083f86	FUN_000907d2	FUN_00083f86	96	26d54b5a412979eb4e12b1880814e2572a85bf905bec12dbdb29850c4c8841f3	source_unnamed	unique_full_body_sha256
LF9D012H	0x109380	LF9G003T	0x1170B0	FUN_00109380	FUN_001170b0	FUN_00109380	28	273e5add1039b74ab3549804f6225bf8ce92b8f632dc4a253486823eb27bd6ce	source_unnamed	unique_full_body_sha256
LF9D012H	0xAA0FA	LF9G003T	0xB759E	FUN_000aa0fa	FUN_000b759e	FUN_000aa0fa	18	2741c0e6c9d98b417932d802d1d99f49520fd1a71b94258a7da53f61b3680b6b	source_unnamed	unique_full_body_sha256
LF9D012H	0x1F5660	LF9G003T	0x20B9D8	FUN_001f5660	FUN_0020b9d8	FUN_001f5660	4	274e095396a1210a97a83b7b7deb7cb6e4dc80bd53af878321cc4d05b52e5425	source_unnamed	unique_full_body_sha256
LF9D012H	0x1D6898	LF9G003T	0x1EC9B8	FUN_001d6898	FUN_001ec9b8	FUN_001d6898	288	2753da25532a695fd50a18655720b0b16abcc376f0618dbb8c01249498b15576	source_unnamed	unique_full_body_sha256
LF9D012H	0x27EE20	LF9G003T	0x27EFF4	pwm_disable_channel_a	pwm_disable_channel_a	pwm_disable_channel_a	56	2758017d5dc0684d63eebff10999994eacdb2152d2baac09c9e6064f4abb4c07	already_named	unique_full_body_sha256
LF9D012H	0x1EBF16	LF9G003T	0x202256	FUN_001ebf16	FUN_00202256	FUN_001ebf16	12	276505fca38568b460506505ac83635d3cbe7955643effd9eda5b9b4f80e07a6	source_unnamed	unique_full_body_sha256
LF9D012H	0x13C7F4	LF9G003T	0x14ACC0	FUN_0013c7f4	FUN_0014acc0	FUN_0013c7f4	34	27685fcf25ddf7fce456e2a9db97ecfcafa81975ae2c524d255886fc28514fbb	source_unnamed	unique_full_body_sha256
LF9D012H	0x1EE9EC	LF9G003T	0x204D2C	FUN_001ee9ec	FUN_00204d2c	FUN_001ee9ec	20	2797f70fdc38d499380f710ffd4de2cb80067f1be2d2f3b1622754c118209c4f	source_unnamed	unique_full_body_sha256
LF9D012H	0x12EAE0	LF9G003T	0x13CFA8	FUN_0012eae0	FUN_0013cfa8	FUN_0012eae0	26	27cde0c2ed6978dfc2053e01753bf779d3d3ac4b776a240ea76502ce77ef2a93	source_unnamed	unique_full_body_sha256
LF9D012H	0xA77E4	LF9G003T	0xB4C34	FUN_000a77e4	FUN_000b4c34	FUN_000a77e4	16	27d4b68a472f13e1b34eec1d081c96ae23111f74cfe0a0f5cb3ec0074b8e5728	source_unnamed	unique_full_body_sha256
LF9D012H	0xC9028	LF9G003T	0xD6A80	fault_flag_latch_3cond	fault_flag_latch_3cond	fault_flag_latch_3cond	68	2803347fbe651d5405e26d9f57f4cd5992d98f56587cf04b153a788b7383ddf5	already_named	unique_full_body_sha256
LF9D012H	0x1CCDA0	LF9G003T	0x1E2238	FUN_001ccda0	FUN_001e2238	FUN_001ccda0	10	281ee175f381d0b0cb2f987185e49ee1cc5b9b701fd1aaba1d4f4c9d613eab3a	source_unnamed	unique_full_body_sha256
LF9D012H	0x1DAA74	LF9G003T	0x1F0B94	FUN_001daa74	FUN_001f0b94	FUN_001daa74	10	283c3d22c9c6564c64af0276d77d8c9276e645db4c925a95cfe12edb6e03f285	source_unnamed	unique_full_body_sha256
LF9D012H	0x7658	LF9G003T	0x7620	FUN_00007658	FUN_00007620	FUN_00007658	82	2868562e76d1ee18b9be5df98a5f90859eecea521ea33b0d5ca5ddd5dfbaa275	source_unnamed	unique_full_body_sha256
LF9D012H	0x156C50	LF9G003T	0x169C2C	FUN_00156c50	FUN_00169c2c	FUN_00156c50	32	2869f06d7c7d6a616c632b23b86d86bf29c5125e174914c2d368db6abacc02f8	source_unnamed	unique_full_body_sha256
LF9D012H	0x1E3830	LF9G003T	0x1F9950	FUN_001e3830	FUN_001f9950	FUN_001e3830	42	286b8e664ec1d99a841605a2bca03466ae4dfd9413c092eb928c3af9d300000e	source_unnamed	unique_full_body_sha256
LF9D012H	0x128EA8	LF9G003T	0x13736C	FUN_00128ea8	FUN_0013736c	FUN_00128ea8	16	2872e0007b2359bd26efb2e9b80e97701db99b0603524808c897afc03ebf9fb2	source_unnamed	unique_full_body_sha256
LF9D012H	0x12EA38	LF9G003T	0x13CF00	FUN_0012ea38	FUN_0013cf00	FUN_0012ea38	158	2897ff103f253d9579ac8f6e930403c43fcb4f1e3870bfec86f61901e4f1ab7f	source_unnamed	unique_full_body_sha256
LF9D012H	0x1F5664	LF9G003T	0x20B9DC	FUN_001f5664	FUN_0020b9dc	FUN_001f5664	90	289b15932cb97248b6583d760374ef14e6b79b5a11c9a08dd4f8454c83f3ad3b	source_unnamed	unique_full_body_sha256
LF9D012H	0x1E08F0	LF9G003T	0x1F6A10	FUN_001e08f0	FUN_001f6a10	FUN_001e08f0	6	28a4133bc18fccf73c53f260a005c0fc48fa22328bcef5209ed3863e796710d3	source_unnamed	unique_full_body_sha256
LF9D012H	0x8660E	LF9G003T	0x92E5A	FUN_0008660e	FUN_00092e5a	FUN_0008660e	218	28acac59ba2834a6f71618b5cbe620ebd77633cc2bde4f7a07843618edb7a768	source_unnamed	unique_full_body_sha256
LF9D012H	0x89BBA	LF9G003T	0x9641A	FUN_00089bba	FUN_0009641a	FUN_00089bba	276	28d7ff70834f23e90c48c77c49d054989e26dd3316f36410dd9c9dda05188ba1	source_unnamed	unique_full_body_sha256
LF9D012H	0x86EBC	LF9G003T	0x93708	FUN_00086ebc	FUN_00093708	FUN_00086ebc	146	29545b70bdea7bd15145b6b14a6a58d5fbdaa5a4f1d98b0e66882cc4b77a1dee	source_unnamed	unique_full_body_sha256
LF9D012H	0xA1C46	LF9G003T	0xAE56A	FUN_000a1c46	FUN_000ae56a	FUN_000a1c46	200	2966342eda05f1c372e082720c0e6bcbdac889b101b36dfa2a69d0137fbe51ad	source_unnamed	unique_full_body_sha256
LF9D012H	0x1B41A0	LF9G003T	0x1C9638	FUN_001b41a0	FUN_001c9638	FUN_001b41a0	122	297d20804de9f5b18474cd00fd587e17c828d0ad8001b2ab2b802ae431de4539	source_unnamed	unique_full_body_sha256
LF9D012H	0x1F0442	LF9G003T	0x206782	FUN_001f0442	FUN_00206782	FUN_001f0442	6	298894784db559aafa6f9f17f8b4a0b8547ab08d2bd56fa046e2d5b21e417bd6	source_unnamed	unique_full_body_sha256
LF9D012H	0x19C2B8	LF9G003T	0x1B031C	FUN_0019c2b8	FUN_001b031c	FUN_0019c2b8	352	2999426054ca908861b086d42632832fab5678701f47a14c1e5f284258733a7c	source_unnamed	unique_full_body_sha256
LF9D012H	0xB8F94	LF9G003T	0xC64A0	FUN_000b8f94	FUN_000c64a0	FUN_000b8f94	138	299dc32f8580859a671992b3baf69cd6f705ab53c10bd209d20385298a23fbc2	source_unnamed	unique_full_body_sha256
LF9D012H	0x1338CC	LF9G003T	0x141D98	FUN_001338cc	FUN_00141d98	FUN_001338cc	24	29a5a5b10322fe6442ed1274e21af8b4502183453ae11ecc3a3de3c60e349b4c	source_unnamed	unique_full_body_sha256
LF9D012H	0x1E0876	LF9G003T	0x1F6996	FUN_001e0876	FUN_001f6996	FUN_001e0876	36	29ac2b68482c511bafcdc8d5b685cc5c95a651f3d7ac7e519d4c09a169c78625	source_unnamed	unique_full_body_sha256
LF9D012H	0x17E99C	LF9G003T	0x191B98	FUN_0017e99c	FUN_00191b98	FUN_0017e99c	70	29b881e9404e5bbc329c5ec6d0ad01e8845cb1f661d877c1113bf0787fe6d76c	source_unnamed	unique_full_body_sha256
LF9D012H	0x1DE4C4	LF9G003T	0x1F45E4	FUN_001de4c4	FUN_001f45e4	FUN_001de4c4	30	29d294ee585303227d6a99380ed1df94e8def443110306e48b16ccd1cbe53778	source_unnamed	unique_full_body_sha256
LF9D012H	0x8490C	LF9G003T	0x91158	FUN_0008490c	FUN_00091158	FUN_0008490c	150	29d5e0fbede2c5888e0aef2c1fbe3df8e4d9f6ef588579f64d26fe9be0eb6e39	source_unnamed	unique_full_body_sha256
LF9D012H	0x1DABBC	LF9G003T	0x1F0CDC	FUN_001dabbc	FUN_001f0cdc	FUN_001dabbc	44	29f9e7a2c3c921c13d56c96b7a9ebe9e059494a590018c1abb985bc141496069	source_unnamed	unique_full_body_sha256
LF9D012H	0x13C818	LF9G003T	0x14ACE4	FUN_0013c818	FUN_0014ace4	FUN_0013c818	508	2a0214bc79224b6c6613a1d0bdb0095ca42d5c2444f436b74f4171ecf8143bc4	source_unnamed	unique_full_body_sha256
LF9D012H	0x1DE8E4	LF9G003T	0x1F4A04	FUN_001de8e4	FUN_001f4a04	FUN_001de8e4	6	2a0342887886dfb6d630bbda7fa27d80c4ec5565db2f63576b32472b5a0bea84	source_unnamed	unique_full_body_sha256
LF9D012H	0x131B14	LF9G003T	0x13FFE0	FUN_00131b14	FUN_0013ffe0	FUN_00131b14	14	2a298990ff78be8ba7fa5aa2c634032f5fcb10b894ca40c7ce8babf429a7d0a0	source_unnamed	unique_full_body_sha256
LF9D012H	0x1D7B52	LF9G003T	0x1EDC72	thunk_FUN_001da324	thunk_FUN_001f0444	thunk_FUN_001da324	6	2a4a678d1cd03926b7e0201b95f851b5ee2138c3ee5b7edef08dce7442b439ea	source_unnamed	unique_full_body_sha256
LF9D012H	0x8979E	LF9G003T	0x95FFE	FUN_0008979e	FUN_00095ffe	FUN_0008979e	14	2a73a93dd1b0f2a8d86a3def03500ed6a01ac33bc03ca3ee140d10e3ca639135	source_unnamed	unique_full_body_sha256
LF9D012H	0xC900C	LF9G003T	0xD6A64	flag_mirror_bit2	flag_mirror_bit2	flag_mirror_bit2	14	2ae69c20a413c75a07753d54a648fd7f78b4d44b3ba08b706e7f2b8b76b0d391	already_named	unique_full_body_sha256
LF9D012H	0xC974C	LF9G003T	0xD71A4	FUN_000c974c	FUN_000d71a4	FUN_000c974c	26	2aeedc5d7ae2a750c84c3665894d592e4ffb4b5df809eb0f242f769fabfc6c4f	source_unnamed	unique_full_body_sha256
LF9D012H	0x1EE2C0	LF9G003T	0x204600	FUN_001ee2c0	FUN_00204600	FUN_001ee2c0	116	2afe4000dadd497f61f774a220c4fdc72f776d7444cce5fecc71a57175720bf8	source_unnamed	unique_full_body_sha256
LF9D012H	0xB04CE	LF9G003T	0xBD972	FUN_000b04ce	FUN_000bd972	FUN_000b04ce	180	2b1faf08e7ea9e4ee328644dd2f3c930875069c368d3fe0bfd0a145ce0842aa9	source_unnamed	unique_full_body_sha256
LF9D012H	0xB79C2	LF9G003T	0xC4ECE	FUN_000b79c2	FUN_000c4ece	FUN_000b79c2	156	2b329106d0bda9b5eaf3ee10ae4a0c73f995c7dce04fff7e5850b1c24268b92d	source_unnamed	unique_full_body_sha256
LF9D012H	0x6400	LF9G003T	0x6400	FUN_00006400	FUN_00006400	FUN_00006400	10	2b92a693fd0e10d52b5c5ef32cd918c47e1f05e1b0477b248c840b91da2182a5	source_unnamed	unique_full_body_sha256
LF9D012H	0x11FF34	LF9G003T	0x12E410	FUN_0011ff34	FUN_0012e410	FUN_0011ff34	36	2bab964d0093820e19ec9d8e01585d719a06d85133b5c4e1e6d5a51160eef0a8	source_unnamed	unique_full_body_sha256
LF9D012H	0x70AC6	LF9G003T	0x7D2FA	FUN_00070ac6	FUN_0007d2fa	FUN_00070ac6	116	2bac1a9419779b7eccfc16f28f368d774f4d683e778fdd897606439a3bee03df	source_unnamed	unique_full_body_sha256
LF9D012H	0xCE7CC	LF9G003T	0xDC240	FUN_000ce7cc	FUN_000dc240	FUN_000ce7cc	4	2bafc6ec7b6fc99d516f1b9c3db8f80efa51ea6e2ff72908c1580eaed2ee11e8	source_unnamed	unique_full_body_sha256
LF9D012H	0xAAB52	LF9G003T	0xB7FF6	FUN_000aab52	FUN_000b7ff6	FUN_000aab52	100	2bd48baf2682f8dcad69ff1ab81706c3224d05ccb044d83db7a6a3a1d3c1acd0	source_unnamed	unique_full_body_sha256
LF9D012H	0x1F48A6	LF9G003T	0x20AC1E	FUN_001f48a6	FUN_0020ac1e	FUN_001f48a6	6	2bd7d5cf5bf40435258db17b3ae000299c3e90dcd61afb6a6e89c36bc62b3c6b	source_unnamed	unique_full_body_sha256
LF9D012H	0x795C	LF9G003T	0x7924	FUN_0000795c	FUN_00007924	FUN_0000795c	66	2bf67326da708f50e16655fd74aa4fe593e6b60405fb6a45f06c3e909cb648e4	source_unnamed	unique_full_body_sha256
LF9D012H	0x1352DC	LF9G003T	0x1437A8	FUN_001352dc	FUN_001437a8	FUN_001352dc	102	2c05afa85f3414aeeb47f979c6d8ddaf8538ba8285854bbe67930f6adaef7e07	source_unnamed	unique_full_body_sha256
LF9D012H	0xD4658	LF9G003T	0xE20CC	FUN_000d4658	FUN_000e20cc	FUN_000d4658	8	2c29a01d4deea076e4e2c5b25134e4aea260beeeb37870418c9ee907f69642d9	source_unnamed	unique_full_body_sha256
LF9D012H	0x1D6C44	LF9G003T	0x1ECD64	thunk_FUN_001d6da0	thunk_FUN_001ecec0	thunk_FUN_001d6da0	6	2c3adca77a8dc8b170cfb825ca63b4b64a9049513a63c16343e5064f1f6c870c	source_unnamed	unique_full_body_sha256
LF9D012H	0x95F82	LF9G003T	0xA28A6	FUN_00095f82	FUN_000a28a6	FUN_00095f82	28	2c52015ccb017a24e73bdf4cfa639cf7628e46e7f7673d61d12f2245ebe98861	source_unnamed	unique_full_body_sha256
LF9D012H	0x893D4	LF9G003T	0x95C34	FUN_000893d4	FUN_00095c34	FUN_000893d4	80	2c861b1a17a461b7a43b3f2f21b37e1457e16ed59d45c87c63eb6641f9a81842	source_unnamed	unique_full_body_sha256
LF9D012H	0xB05F4	LF9G003T	0xBDA98	FUN_000b05f4	FUN_000bda98	FUN_000b05f4	382	2c9cd0294d12b8c183cb6c98b8beabd53db9ee78c7b8a90a657ddd6272e51c64	source_unnamed	unique_full_body_sha256
LF9D012H	0x106370	LF9G003T	0x1140A0	FUN_00106370	FUN_001140a0	FUN_00106370	28	2cb8ac61e9b4fa679fc3663a5d9a764a27703ef3a865d59ad744f1ab738c5265	source_unnamed	unique_full_body_sha256
LF9D012H	0x12A090	LF9G003T	0x138594	FUN_0012a090	FUN_00138594	FUN_0012a090	288	2cc135c71c022f2c5132ff1796286a4956ff79c9c14c5e625bf626ecf2824277	source_unnamed	unique_full_body_sha256
LF9D012H	0xACF70	LF9G003T	0xBA414	FUN_000acf70	FUN_000ba414	FUN_000acf70	64	2ced9bd2a402ba5a394ea6e7768b68d6496a355bbe05ac6cd5ac91a16a7382b1	source_unnamed	unique_full_body_sha256
LF9D012H	0x1E3E58	LF9G003T	0x1F9F78	FUN_001e3e58	FUN_001f9f78	FUN_001e3e58	256	2d19ba1eefb8a7459431ce7e4e37fa774c18658a8505f401dd5a5d4e655247c8	source_unnamed	unique_full_body_sha256
LF9D012H	0x1E05F0	LF9G003T	0x1F6710	FUN_001e05f0	FUN_001f6710	FUN_001e05f0	258	2d5e73db03c5bb210ab50139370d116e413319cd7bc2a3f4bcf0acc7a5997d3f	source_unnamed	unique_full_body_sha256
LF9D012H	0x1DE9AC	LF9G003T	0x1F4ACC	FUN_001de9ac	FUN_001f4acc	FUN_001de9ac	6	2d68c2ad9aa6038f14de753edc02e0d84c73f9846931f0f7d69f6e052002f16a	source_unnamed	unique_full_body_sha256
LF9D012H	0x759F0	LF9G003T	0x82224	FUN_000759f0	FUN_00082224	FUN_000759f0	12	2d700f1cdea93f31950d9927de9c5564a5dd75b2c1943e1243cbea5ae679ee6d	source_unnamed	unique_full_body_sha256
LF9D012H	0x27E728	LF9G003T	0x27E8FC	FUN_0027e728	FUN_0027e8fc	FUN_0027e728	114	2da3453f6aa4f716099f73a2e820e0f79b1f4fa92a122996c60737a6bde543d9	source_unnamed	unique_full_body_sha256
LF9D012H	0x1E4096	LF9G003T	0x1FA1B6	FUN_001e4096	FUN_001fa1b6	FUN_001e4096	66	2da5d0d79052434709789aeecd787102fa15e60b3a11c3a2a0746487a92ff44a	source_unnamed	unique_full_body_sha256
LF9D012H	0x13378C	LF9G003T	0x141C58	FUN_0013378c	FUN_00141c58	FUN_0013378c	44	2db00f9e4d35cc6e84d9de299f28e6ee41d99476fed876670a75eac04a83f3d4	source_unnamed	unique_full_body_sha256
LF9D012H	0xFE864	LF9G003T	0x10C458	FUN_000fe864	FUN_0010c458	FUN_000fe864	30	2dd7e05823c45a4b3711c3a3bf851c9b2645bf814ac0bbefbfe94ef41fec8a2e	source_unnamed	unique_full_body_sha256
LF9D012H	0xAAAA0	LF9G003T	0xB7F44	FUN_000aaaa0	FUN_000b7f44	FUN_000aaaa0	100	2e1a8aa0a4d2bdc7c186a3b1fa3619673566162182d93457927f7d5abe2a037b	source_unnamed	unique_full_body_sha256
LF9D012H	0x1DE5E0	LF9G003T	0x1F4700	FUN_001de5e0	FUN_001f4700	FUN_001de5e0	6	2e3b83a44b64ea556f7dc7f5536a472026aa0b608bf24dc05ebf35babb8e7b4b	source_unnamed	unique_full_body_sha256
LF9D012H	0x17F670	LF9G003T	0x19314C	FUN_0017f670	FUN_0019314c	FUN_0017f670	84	2e5cb60e1483b52fe8141aa4ca5ece5c652a3c9e548c5585bf512fb06e610694	source_unnamed	unique_full_body_sha256
LF9D012H	0x11E4D4	LF9G003T	0x12C9B0	FUN_0011e4d4	FUN_0012c9b0	FUN_0011e4d4	84	2e83056647e89aac98834759d91d03406ba6c2313dc3b2c99ccca6ab308bb824	source_unnamed	unique_full_body_sha256
LF9D012H	0xD2F90	LF9G003T	0xE0A04	FUN_000d2f90	FUN_000e0a04	FUN_000d2f90	80	2ea9ccfb7829a535e39c24a2dee186934f9d8f45e8af765010db4e28d57ae0fc	source_unnamed	unique_full_body_sha256
LF9D012H	0x27D578	LF9G003T	0x27D74C	FUN_0027d578	FUN_0027d74c	FUN_0027d578	6	2eedc09d32cb89c0db765081fa3f3528d2f71ea76066b0f00c1ea3073c3cbb1d	source_unnamed	unique_full_body_sha256
LF9D012H	0xA4AB2	LF9G003T	0xB1F8A	FUN_000a4ab2	FUN_000b1f8a	FUN_000a4ab2	118	2f3ea00a4a6894687940a99e52a949e9210cf0dd941e6a3a1c65bee5de198d32	source_unnamed	unique_full_body_sha256
LF9D012H	0x1DE596	LF9G003T	0x1F46B6	FUN_001de596	FUN_001f46b6	FUN_001de596	6	2f57c84850f27da2fe1c75ecda6884cd0ff47d22e19e8e37bd3815bdbb948b11	source_unnamed	unique_full_body_sha256
LF9D012H	0xB3224	LF9G003T	0xC06C8	FUN_000b3224	FUN_000c06c8	FUN_000b3224	194	2f5ef572ecc025e6cd4404d6b3e5aadbf1c9c16fdf53bc3bd2993eac2a305f5d	source_unnamed	unique_full_body_sha256
LF9D012H	0x1DFBC4	LF9G003T	0x1F5CE4	FUN_001dfbc4	FUN_001f5ce4	FUN_001dfbc4	88	2f885b340d0af7bbe00276fdcf7929c38bb09dffa83749a87fb901402a9daff3	source_unnamed	unique_full_body_sha256
LF9D012H	0x1B55EC	LF9G003T	0x1CAA84	FUN_001b55ec	FUN_001caa84	FUN_001b55ec	344	2fb28c1bc7b79233c53acca5555d21c8b4b3ac019e397579d4b673ddd2d3b9b6	source_unnamed	unique_full_body_sha256
LF9D012H	0x776B8	LF9G003T	0x83EEC	FUN_000776b8	FUN_00083eec	FUN_000776b8	104	2fd1977da0a0c40df14d95fa1910f4d955b9394d0de2f6998e8d77e7836f8b97	source_unnamed	unique_full_body_sha256
LF9D012H	0x1D70BA	LF9G003T	0x1ED1DA	FUN_001d70ba	FUN_001ed1da	FUN_001d70ba	18	2febf69703035a8b704a544f6d8bdd1595f7f3748b8e86e0b50811062cd7162f	source_unnamed	unique_full_body_sha256
LF9D012H	0x27D52C	LF9G003T	0x27D700	FUN_0027d52c	FUN_0027d700	FUN_0027d52c	6	30001804a391ebf9fc98d13c83594df5419193661d78c39eb8bd624eb6c637cd	source_unnamed	unique_full_body_sha256
LF9D012H	0x1DFBA4	LF9G003T	0x1F5CC4	FUN_001dfba4	FUN_001f5cc4	FUN_001dfba4	22	30344398948e03c16ba65fa9ddb0219c738ee746e0bc4aa5a43a160a53e1972b	source_unnamed	unique_full_body_sha256
LF9D012H	0x1E3692	LF9G003T	0x1F97B2	FUN_001e3692	FUN_001f97b2	FUN_001e3692	10	3061ffdedece0cd90f2969b94006a693d049d83d96af74323793e357b4b899cc	source_unnamed	unique_full_body_sha256
LF9D012H	0x1F40DC	LF9G003T	0x20A454	u64_greater_than	u64_greater_than	u64_greater_than	30	307c7c0338d34e9e86881e217c58774406ac5ff7ede62f1428b5ff90a9bdfd47	already_named	unique_full_body_sha256
LF9D012H	0x6B94	LF9G003T	0x6B94	FUN_00006b94	FUN_00006b94	FUN_00006b94	78	30a77dc18700ddd875e67e613c34684878e95485a78c18bfc421ea64749ab3e0	source_unnamed	unique_full_body_sha256
LF9D012H	0x76690	LF9G003T	0x82EC4	FUN_00076690	FUN_00082ec4	FUN_00076690	104	30ba46e822a4b20b017a035ff123c619e5b53b0b0292aa57f18da3cef188e59d	source_unnamed	unique_full_body_sha256
LF9D012H	0x1F4E04	LF9G003T	0x20B17C	FUN_001f4e04	FUN_0020b17c	FUN_001f4e04	52	30c0c381a38a9ed62a13531c336c12e8406f44298be9497c57da76c1c686bb7e	source_unnamed	unique_full_body_sha256
LF9D012H	0x1F03A4	LF9G003T	0x2066E4	FUN_001f03a4	FUN_002066e4	FUN_001f03a4	10	30cd4227e477e8e56e32519863ab487587b6771875ce69837edaa64a48252d3e	source_unnamed	unique_full_body_sha256
LF9D012H	0x1E1334	LF9G003T	0x1F7454	FUN_001e1334	FUN_001f7454	FUN_001e1334	162	30dfa719583f8305b2abab06bf43e244e0522e3faa1e8f311493b4528cf24e6b	source_unnamed	unique_full_body_sha256
LF9D012H	0x1D8E94	LF9G003T	0x1EEFB4	FUN_001d8e94	FUN_001eefb4	FUN_001d8e94	162	30e874b1b214b006ce3d3ca17001b06342747d15c2cc272bb04c57671eccd079	source_unnamed	unique_full_body_sha256
LF9D012H	0x1AB97C	LF9G003T	0x1C0C84	FUN_001ab97c	FUN_001c0c84	FUN_001ab97c	94	312ab225a7abd83ddfe7bd77e1665c2a6f37564207b21442034a90f5c86f6f2d	source_unnamed	unique_full_body_sha256
LF9D012H	0xB3D20	LF9G003T	0xC11C4	FUN_000b3d20	FUN_000c11c4	FUN_000b3d20	22	312b7c81d31d35ab20cdcc96bdf2e89c74d8edecca350794fa45b59afcdd7032	source_unnamed	unique_full_body_sha256
LF9D012H	0x1F17F2	LF9G003T	0x207B32	FUN_001f17f2	FUN_00207b32	FUN_001f17f2	24	312e5c2ccff736e1c7430dbfca8ab66baf643227081ee833ae058735c224da25	source_unnamed	unique_full_body_sha256
LF9D012H	0x9E47E	LF9G003T	0xAADA2	FUN_0009e47e	FUN_000aada2	FUN_0009e47e	174	314f188816aab05a3c1a6a037492e4cc5f2e340dd873d0fd2bc1f57a6e0f5629	source_unnamed	unique_full_body_sha256
LF9D012H	0x9E902	LF9G003T	0xAB226	FUN_0009e902	FUN_000ab226	FUN_0009e902	176	315c35ffdf4f9f9953a5fcee40648c03fed4d18e6cec83da95915c25cbff96be	source_unnamed	unique_full_body_sha256
LF9D012H	0x1F10B4	LF9G003T	0x2073F4	FUN_001f10b4	FUN_002073f4	FUN_001f10b4	64	316f21780bca70dced92ec0752334cbe606ed0c761d479f9bdde4ddae93eaa82	source_unnamed	unique_full_body_sha256
LF9D012H	0x1D7C6E	LF9G003T	0x1EDD8E	FUN_001d7c6e	FUN_001edd8e	FUN_001d7c6e	10	3172f64fce8428f511e05a0ac812f38124b5d22fe7569125346984b95232b7b5	source_unnamed	unique_full_body_sha256
LF9D012H	0x1D5C08	LF9G003T	0x1EBD28	serial_wait_tx_ready_mode6	serial_wait_tx_ready_mode6	serial_wait_tx_ready_mode6	58	3199209d68237f5abc285060cdf55cf153c06998cbb1ba9b5f90c85998380e60	already_named	unique_full_body_sha256
LF9D012H	0xE7C44	LF9G003T	0xF56B0	FUN_000e7c44	FUN_000f56b0	FUN_000e7c44	130	31c036a233f62fa2493e23ed50b6af2127bbecf70f12fdb91214ebaa74911c59	source_unnamed	unique_full_body_sha256
LF9D012H	0x193FE4	LF9G003T	0x1A7FDC	FUN_00193fe4	FUN_001a7fdc	FUN_00193fe4	32	32096b2056fdcd112d095bbb5d96d5d6f78c1d7dd19e0fb7808221d221496159	source_unnamed	unique_full_body_sha256
LF9D012H	0x1EEB8C	LF9G003T	0x204ECC	FUN_001eeb8c	FUN_00204ecc	FUN_001eeb8c	270	3257c8416bd0ebf380b9c252efb55b43ebcb9e0317f6e146127615e116f28068	source_unnamed	unique_full_body_sha256
LF9D012H	0x1F0762	LF9G003T	0x206AA2	FUN_001f0762	FUN_00206aa2	FUN_001f0762	16	327e6969f30aa455d04ebe8218e7b9dc7a9c3d55e86119d144ee8073baffe4b8	source_unnamed	unique_full_body_sha256
LF9D012H	0x1DAB24	LF9G003T	0x1F0C44	FUN_001dab24	FUN_001f0c44	FUN_001dab24	44	32928d4de76fcd5f54e5dda431d299b89a46e135a802b1f805c6d2a503dda8c7	source_unnamed	unique_full_body_sha256
LF9D012H	0x1F5112	LF9G003T	0x20B48A	FUN_001f5112	FUN_0020b48a	FUN_001f5112	48	32c2b1a777a3330ffda95fbc58afee7c661bb5dbe4d808552857aa48bb5fc9e8	source_unnamed	unique_full_body_sha256
LF9D012H	0x1B7828	LF9G003T	0x1CCCC0	FUN_001b7828	FUN_001cccc0	FUN_001b7828	344	32d73d326bf74673c13b3193bdbdc63e3d173b6b1edd326cb8219139a2ab1e86	source_unnamed	unique_full_body_sha256
LF9D012H	0xA1A72	LF9G003T	0xAE396	FUN_000a1a72	FUN_000ae396	FUN_000a1a72	12	32ea330d9b3250c2feef25f2ac1565c0a3b9ef06e472b8209c55dd5a737b68d0	source_unnamed	unique_full_body_sha256
LF9D012H	0xE9280	LF9G003T	0xF6CEC	FUN_000e9280	FUN_000f6cec	FUN_000e9280	36	32fd0bde902de217a88d9e986f2dcf4deada1d04a5ad49478b85fdb535758f98	source_unnamed	unique_full_body_sha256
LF9D012H	0x1F219A	LF9G003T	0x2084DA	FUN_001f219a	FUN_002084da	FUN_001f219a	80	330c619e46cdc535b8210230f2cf96850f914b20c1f2f920581695a96dbad4db	source_unnamed	unique_full_body_sha256
LF9D012H	0xD6220	LF9G003T	0xE3C94	FUN_000d6220	FUN_000e3c94	FUN_000d6220	76	3311a2383d3508f9eaa794d3f645cf89812bd1fe20cac34a090154773651bbe2	source_unnamed	unique_full_body_sha256
LF9D012H	0x1DAA98	LF9G003T	0x1F0BB8	FUN_001daa98	FUN_001f0bb8	FUN_001daa98	44	33357ebfc5b0038d1becf496e983f901877dcde65985c9427dddd7e992bc5a85	source_unnamed	unique_full_body_sha256
LF9D012H	0x1B99C4	LF9G003T	0x1CEE5C	FUN_001b99c4	FUN_001cee5c	FUN_001b99c4	56	33528c1a7d09607977a23ec35f84581cbce9f10b828b3883c5bb753245a2802b	source_unnamed	unique_full_body_sha256
LF9D012H	0x8926C	LF9G003T	0x95ACC	FUN_0008926c	FUN_00095acc	FUN_0008926c	34	335992175e7f0dee9ef4eaa73fa83350ee27d20d06f74642c2402c498ec04255	source_unnamed	unique_full_body_sha256
LF9D012H	0x1D7B3C	LF9G003T	0x1EDC5C	FUN_001d7b3c	FUN_001edc5c	FUN_001d7b3c	12	3365926b44f9f629715489773a2702467965dc49e714bf5a2d0dee1617c2d545	source_unnamed	unique_full_body_sha256
LF9D012H	0xBA880	LF9G003T	0xC7D8C	FUN_000ba880	FUN_000c7d8c	FUN_000ba880	18	3387dbca1b32ebb0c3e38e7e4f4a160ad22b58744e9bffb7f18ad7b6659c3c15	source_unnamed	unique_full_body_sha256
LF9D012H	0x1DC034	LF9G003T	0x1F2154	FUN_001dc034	FUN_001f2154	FUN_001dc034	10	33af4df05e504e5cf9ff4e5ada04da185f308948e76e0a74004766a0af91c8ef	source_unnamed	unique_full_body_sha256
LF9D012H	0x10E6EC	LF9G003T	0x11CA8C	FUN_0010e6ec	FUN_0011ca8c	FUN_0010e6ec	50	33bcb3ef1c32fda45246514db9b93c285b700cf761b1b12da5718b64908c22a0	source_unnamed	unique_full_body_sha256
LF9D012H	0x1DFB38	LF9G003T	0x1F5C58	FUN_001dfb38	FUN_001f5c58	FUN_001dfb38	80	33ee9694290b633ab92222e4cc482cc7b6da6a9e82b185f5274758a2b48c9aea	source_unnamed	unique_full_body_sha256
LF9D012H	0x862A0	LF9G003T	0x92AEC	FUN_000862a0	FUN_00092aec	FUN_000862a0	196	342484c836312db83984fac945a384c19b6fdced17c39c4e3e74965c2009bf26	source_unnamed	unique_full_body_sha256
LF9D012H	0x153BD8	LF9G003T	0x1668EC	FUN_00153bd8	FUN_001668ec	FUN_00153bd8	70	34364bd1e26499bc23d13337ebcbeb0a1f37e5ab7dc740a92782c88298947bd6	source_unnamed	unique_full_body_sha256
LF9D012H	0xA7D1A	LF9G003T	0xB516A	FUN_000a7d1a	FUN_000b516a	FUN_000a7d1a	92	3443048990b0c67587ded796b0ba5fd6d278b3728cf61c8c790acdc370bae8dc	source_unnamed	unique_full_body_sha256
LF9D012H	0x12E440	LF9G003T	0x13C908	FUN_0012e440	FUN_0013c908	FUN_0012e440	70	34721e98134b2fcdd5c522525938831c691334662d4e6e7a5b27ef06bf4b3713	source_unnamed	unique_full_body_sha256
LF9D012H	0x1E2776	LF9G003T	0x1F8896	FUN_001e2776	FUN_001f8896	FUN_001e2776	38	3499c6e4bb59aaf79f02d9e99f27006f2ee41bbccd02f749360e3135f53c979e	source_unnamed	unique_full_body_sha256
LF9D012H	0x1B7AE0	LF9G003T	0x1CCF78	interp_2d_ax_u32_u16_data_s_v3	interp_2d_ax_u32_u16_data_s_v3	interp_2d_ax_u32_u16_data_s_v3	328	34d4d3d3f73f31de1f4c660d8c1da0425153ffc78e0dd0ed89bc212c3ebe3634	already_named	unique_full_body_sha256
LF9D012H	0x1D7C48	LF9G003T	0x1EDD68	FUN_001d7c48	FUN_001edd68	FUN_001d7c48	10	34de96c36ed7d1bc128ae5837b4b7f3dbc4fae7d2dc568b9c822a71f1425e746	source_unnamed	unique_full_body_sha256
LF9D012H	0xA493C	LF9G003T	0xB1E14	FUN_000a493c	FUN_000b1e14	FUN_000a493c	374	34e49b5b58dafc68a3282e2254c866c24090f2905758690cf820db271892bce1	source_unnamed	unique_full_body_sha256
LF9D012H	0xCE420	LF9G003T	0xDBE94	FUN_000ce420	FUN_000dbe94	FUN_000ce420	28	350a3e47aeb29ff5d57ba761690f0c5f8622448fa6ad369aa541072858f4e153	source_unnamed	unique_full_body_sha256
LF9D012H	0x6D6F0	LF9G003T	0x79F24	FUN_0006d6f0	FUN_00079f24	FUN_0006d6f0	58	3541e4fdf059e6acce1ead4d17fa580eda3dc93f07355b532b1c4f1b62f1f85b	source_unnamed	unique_full_body_sha256
LF9D012H	0x6FF4	LF9G003T	0x6FBC	FUN_00006ff4	FUN_00006fbc	FUN_00006ff4	14	35445880ca8393bce639fbb414ebcf9baca7757099e6974029f3d7bfd0b7b58d	source_unnamed	unique_full_body_sha256
LF9D012H	0xB9D08	LF9G003T	0xC7214	FUN_000b9d08	FUN_000c7214	FUN_000b9d08	2624	3547f4c6a6a763e6d0b280e619a9969c06cd031caa31ea52f7462a6459876f76	source_unnamed	unique_full_body_sha256
LF9D012H	0xF4ED8	LF9G003T	0x102AD0	FUN_000f4ed8	FUN_00102ad0	FUN_000f4ed8	114	355147ed11a5dbe8b0cb9c17ca2b512fd9fc486e73b38edfb448bbbcb2211ae6	source_unnamed	unique_full_body_sha256
LF9D012H	0x1DC3BC	LF9G003T	0x1F24DC	FUN_001dc3bc	FUN_001f24dc	FUN_001dc3bc	96	358ae2211c15b8571ad2bd9d878b31cb666adf6629e5badf79e44d26d4c7a087	source_unnamed	unique_full_body_sha256
LF9D012H	0xA7496	LF9G003T	0xB48E6	FUN_000a7496	FUN_000b48e6	FUN_000a7496	182	35a07bc6a85fe2e3c128d42f03a65fde67011254b8cb7a510805f32344cbf4f1	source_unnamed	unique_full_body_sha256
LF9D012H	0x94766	LF9G003T	0xA108A	FUN_00094766	FUN_000a108a	FUN_00094766	188	35a618d397d19ac96e3599398485e3126dee939e06f5255d486ce5c0ca2856e8	source_unnamed	unique_full_body_sha256
LF9D012H	0xFB8AC	LF9G003T	0x1094A0	FUN_000fb8ac	FUN_001094a0	FUN_000fb8ac	50	35b4b3e91063ade8c1c7b948821ac3bda9913a05625b90a60c3623061c641dd4	source_unnamed	unique_full_body_sha256
LF9D012H	0x1DC0F2	LF9G003T	0x1F2212	FUN_001dc0f2	FUN_001f2212	FUN_001dc0f2	10	35d7f516ca9253eb9c13cff29a64f3e42a7860ed703152eba402d74027077450	source_unnamed	unique_full_body_sha256
LF9D012H	0x1618A8	LF9G003T	0x174A28	FUN_001618a8	FUN_00174a28	FUN_001618a8	108	35e292e3b5b52d2d4694c12abecb1f839f39d22be41b71a50578bd02eff71aab	source_unnamed	unique_full_body_sha256
LF9D012H	0xB2230	LF9G003T	0xBF6D4	FUN_000b2230	FUN_000bf6d4	FUN_000b2230	234	35f0ee23af4736fd5c83bf91565b03cd678f070909017229e4d8e7d7c9b30f44	source_unnamed	unique_full_body_sha256
LF9D012H	0xA8266	LF9G003T	0xB56B6	FUN_000a8266	FUN_000b56b6	FUN_000a8266	42	35f359a1c7b476e826c6671714be17b625b142d3514d21388722be0aeb7b6b3e	source_unnamed	unique_full_body_sha256
LF9D012H	0x12E558	LF9G003T	0x13CA20	FUN_0012e558	FUN_0013ca20	FUN_0012e558	64	3606959293083dbf26d458f2a42c9ad3d99bee2d29b8ff9f0699d8b663de9ed6	source_unnamed	unique_full_body_sha256
LF9D012H	0x6D344	LF9G003T	0x79B78	FUN_0006d344	FUN_00079b78	FUN_0006d344	46	3610e64324338700d71d766bf0ffcb775443c4e3ef2acbe4e61fea325bcc1935	source_unnamed	unique_full_body_sha256
LF9D012H	0x1EE81A	LF9G003T	0x204B5A	FUN_001ee81a	FUN_00204b5a	FUN_001ee81a	6	3623c5132d837f2558620c062cb94c860dd2d899c7c88ce655023db87fe35eca	source_unnamed	unique_full_body_sha256
LF9D012H	0x1B5284	LF9G003T	0x1CA71C	interp_2d_ax_s16_u16_data_u	interp_2d_ax_s16_u16_data_u	interp_2d_ax_s16_u16_data_u	290	36266245db8b1863b60895469acffd9af8095cd28ee204753f649b4539741a25	already_named	unique_full_body_sha256
LF9D012H	0x832E4	LF9G003T	0x8FB20	FUN_000832e4	FUN_0008fb20	FUN_000832e4	74	3651cf048bc01ed11d7d4755f2a1a74bcab6282047f9cd553f0b5ac487f00b93	source_unnamed	unique_full_body_sha256
LF9D012H	0x729FC	LF9G003T	0x7F230	FUN_000729fc	FUN_0007f230	FUN_000729fc	258	3653061d15ba3b752bce22277c1971d287902fed5cfe95acc9a110ee57d87240	source_unnamed	unique_full_body_sha256
LF9D012H	0x1DB9C0	LF9G003T	0x1F1AE0	FUN_001db9c0	FUN_001f1ae0	FUN_001db9c0	52	365af5aa63e9e886a6ccca2db9c731c5ae34ca348331796e5271364158be6973	source_unnamed	unique_full_body_sha256
LF9D012H	0xAFE00	LF9G003T	0xBD2A4	FUN_000afe00	FUN_000bd2a4	FUN_000afe00	154	367a400ac878d999b3537a83819f6ef2d94fa24388bd8fc2920799bc3d5c51eb	source_unnamed	unique_full_body_sha256
LF9D012H	0x6EDE0	LF9G003T	0x7B614	FUN_0006ede0	FUN_0007b614	FUN_0006ede0	40	36890c07f58b55e17e5d7ad3590e83ee54cce37a5fcc30d89d2b8b57c664f154	source_unnamed	unique_full_body_sha256
LF9D012H	0xA334C	LF9G003T	0xAFC70	FUN_000a334c	FUN_000afc70	FUN_000a334c	8	36c3ab31a3e8c45e7a9f51b9fd1443df0dd2a59a9db580a4162b275df807b882	source_unnamed	unique_full_body_sha256
LF9D012H	0x1D9882	LF9G003T	0x1EF9A2	FUN_001d9882	FUN_001ef9a2	FUN_001d9882	6	36f881c47df3ef1394898f45bc764ab86a6f3cabae7fc7e7ed24e6d6a53e8e69	source_unnamed	unique_full_body_sha256
LF9D012H	0xE442C	LF9G003T	0xF1E98	FUN_000e442c	FUN_000f1e98	FUN_000e442c	94	371fb9385d08d4ffd6d030c25886f9588b7d9a8dc1b9ede435703f34491357d7	source_unnamed	unique_full_body_sha256
LF9D012H	0x1EE7DC	LF9G003T	0x204B1C	FUN_001ee7dc	FUN_00204b1c	FUN_001ee7dc	10	37306520fc5d594eda14276c0aecb4f43705fe33f8754775a2ee5656205406c3	source_unnamed	unique_full_body_sha256
LF9D012H	0x1BC3E8	LF9G003T	0x1D1880	FUN_001bc3e8	FUN_001d1880	FUN_001bc3e8	60	373c2ffa39128387c527cfdc080ab623af0a2aec647f24d7eb5b115764ae600c	source_unnamed	unique_full_body_sha256
LF9D012H	0xD62B8	LF9G003T	0xE3D2C	FUN_000d62b8	FUN_000e3d2c	FUN_000d62b8	76	37422adea4cf054b04f58a530d12c3d83265bcdd31bd5af633dff610c3c3c492	source_unnamed	unique_full_body_sha256
LF9D012H	0x1D2BD8	LF9G003T	0x1E88A0	FUN_001d2bd8	FUN_001e88a0	FUN_001d2bd8	24	37485257e2d70cb1ce08bdc61cc535cbda28a3f0f5551fccd96885785acd867e	source_unnamed	unique_full_body_sha256
LF9D012H	0x133764	LF9G003T	0x141C30	FUN_00133764	FUN_00141c30	FUN_00133764	38	37560b0677a7fbff75163242b1710f34547e8622eeab5e44f534e3d1c517bab6	source_unnamed	unique_full_body_sha256
LF9D012H	0x1544C4	LF9G003T	0x1671D0	FUN_001544c4	FUN_001671d0	FUN_001544c4	60	37622f6afb7c2b457862750499220d7c2ebeca6daf914202c685809e5960f98f	source_unnamed	unique_full_body_sha256
LF9D012H	0x1F3C74	LF9G003T	0x209FB4	FUN_001f3c74	FUN_00209fb4	FUN_001f3c74	286	378a2f761bd2f39af115ebd685576e57eaa5564387bf11ed9f59ad3822106240	source_unnamed	unique_full_body_sha256
LF9D012H	0xC6EDE	LF9G003T	0xD491E	b6_word_decrypt_sbox	b6_word_decrypt_sbox	b6_word_decrypt_sbox	254	379b1d33b20975d4243f091ced71d85d5440a9bed0718fa718c2aa907cffeb62	already_named	unique_full_body_sha256
LF9D012H	0x1DA9A2	LF9G003T	0x1F0AC2	FUN_001da9a2	FUN_001f0ac2	FUN_001da9a2	10	379fba5e058ab3a5d850418f413983571f3884e584f32bfeed546694d9db70b3	source_unnamed	unique_full_body_sha256
LF9D012H	0x6E61A	LF9G003T	0x7AE4E	FUN_0006e61a	FUN_0007ae4e	FUN_0006e61a	148	37a4ffda304d9665d6e1360d5315814c17f08f80e64d020310e40112dd8580a2	source_unnamed	unique_full_body_sha256
LF9D012H	0x130EB8	LF9G003T	0x13F384	FUN_00130eb8	FUN_0013f384	FUN_00130eb8	26	383091e1d5f7a7677df9765b5aa5e9820d5b712e28ec5491e1efdfffe2327ba0	source_unnamed	unique_full_body_sha256
LF9D012H	0x1D6A0C	LF9G003T	0x1ECB2C	sig_set_fwd_1d	sig_set_fwd_1d	sig_set_fwd_1d	6	3848d54f5507524982f66deb778fefa81c3260929b6a234240b8857a3e787884	already_named	unique_full_body_sha256
LF9D012H	0x7548	LF9G003T	0x7510	FUN_00007548	FUN_00007510	FUN_00007548	84	388f491294dd6c4139546c8ec46c4ba53f1b1594463e6ced11f8aacf2b90a400	source_unnamed	unique_full_body_sha256
LF9D012H	0x1D7B9C	LF9G003T	0x1EDCBC	cal_table_get_word1	cal_table_get_word1	cal_table_get_word1	10	38a7b0c6474e54ba642a4f3ea85563966257031242bcecbf4877e4ba94ae2856	already_named	unique_full_body_sha256
LF9D012H	0x11CE34	LF9G003T	0x12B2F0	FUN_0011ce34	FUN_0012b2f0	FUN_0011ce34	114	38a9cfc9dfb9f04c76cdfe034edb9a8dd2bf107cb1def9d96577b81474bb3b93	source_unnamed	unique_full_body_sha256
LF9D012H	0x1F030A	LF9G003T	0x20664A	FUN_001f030a	FUN_0020664a	FUN_001f030a	6	38ac123bda00a8168d0947e07fad391344393883d95753ca6bef43893e5dab09	source_unnamed	unique_full_body_sha256
LF9D012H	0x891DE	LF9G003T	0x95A3E	FUN_000891de	FUN_00095a3e	FUN_000891de	34	38acdb382dbbfaf0ea9a8547199990ff948dc823bffa5529081ad1fef58bf7f2	source_unnamed	unique_full_body_sha256
LF9D012H	0x86440	LF9G003T	0x92C8C	FUN_00086440	FUN_00092c8c	FUN_00086440	80	38d2b241470fc62a7f4a2b0fdc88d12cd9adbf5048aa374cf00ab132493c8a58	source_unnamed	unique_full_body_sha256
LF9D012H	0xC90F8	LF9G003T	0xD6B50	FUN_000c90f8	FUN_000d6b50	FUN_000c90f8	76	38f205a7326b2caa3492151b516515c1a4b5d69666e414c24b97be3432dd42ce	source_unnamed	unique_full_body_sha256
LF9D012H	0x1F02FE	LF9G003T	0x20663E	FUN_001f02fe	FUN_0020663e	FUN_001f02fe	6	38f33ab06cc9bba6a51f7c6d0c7b1dc254ce1859da218c022c1dd6985e18c39c	source_unnamed	unique_full_body_sha256
LF9D012H	0x19EB80	LF9G003T	0x1B2BDC	FUN_0019eb80	FUN_001b2bdc	FUN_0019eb80	118	38fa328a4ca98c6393e6b97d00f4286f8cebb099d65bf871f82af58b00d44767	source_unnamed	unique_full_body_sha256
LF9D012H	0x14F2F0	LF9G003T	0x162008	FUN_0014f2f0	FUN_00162008	FUN_0014f2f0	48	3919e2b8d9cac26bd774a5dd845ec8389a770a4f26910b4578fb3df0946c4269	source_unnamed	unique_full_body_sha256
LF9D012H	0x86942	LF9G003T	0x9318E	FUN_00086942	FUN_0009318e	FUN_00086942	160	392a9e48de6b63889f895125837c7c1dd34e5415595aaa011f75bcb76d5f7edc	source_unnamed	unique_full_body_sha256
LF9D012H	0x1DB84C	LF9G003T	0x1F196C	FUN_001db84c	FUN_001f196c	FUN_001db84c	44	39437019597fc7d881601c6f978c93923e349f04126d8088f37021e684a2ef0e	source_unnamed	unique_full_body_sha256
LF9D012H	0x184A00	LF9G003T	0x1989FC	FUN_00184a00	FUN_001989fc	FUN_00184a00	70	39564edb70db918b964b5adc3bd7bb2106f63c1593e2ba7d372d8b1dc6042013	source_unnamed	unique_full_body_sha256
LF9D012H	0x1EE864	LF9G003T	0x204BA4	FUN_001ee864	FUN_00204ba4	FUN_001ee864	10	395bb7cfd9de7d5c5e7718e452aa5fceca70f71c0285f2dc40b0aa3e12da0bf9	source_unnamed	unique_full_body_sha256
LF9D012H	0x8639A	LF9G003T	0x92BE6	FUN_0008639a	FUN_00092be6	FUN_0008639a	152	3966cc16be94c026bda6380c213e7da34565bd5ad49fa5e9c2209f3dc80769e3	source_unnamed	unique_full_body_sha256
LF9D012H	0x1BC820	LF9G003T	0x1D1CB8	FUN_001bc820	FUN_001d1cb8	FUN_001bc820	60	396a434fa2929bfd5cae6c47d6ea950837f238252aec4730017ec7f3fb3327d7	source_unnamed	unique_full_body_sha256
LF9D012H	0x1D5CC8	LF9G003T	0x1EBDE8	FUN_001d5cc8	FUN_001ebde8	FUN_001d5cc8	16	397c7163a97369e471b3a11e524e5c2f34febbd65da010e1745e63766c7669a7	source_unnamed	unique_full_body_sha256
LF9D012H	0x13C534	LF9G003T	0x14AA00	FUN_0013c534	FUN_0014aa00	FUN_0013c534	68	39d4fde720ed7c8c39c445ffbcf637224e387521693e9c4d3433c824fafd9df6	source_unnamed	unique_full_body_sha256
LF9D012H	0x1F1656	LF9G003T	0x207996	FUN_001f1656	FUN_00207996	FUN_001f1656	10	3a1068aafb4a1385cdd940e293aa36a49e342b9f210ead29153408db53ddeb81	source_unnamed	unique_full_body_sha256
LF9D012H	0x1E16EC	LF9G003T	0x1F780C	FUN_001e16ec	FUN_001f780c	FUN_001e16ec	158	3a6e500472b6efb98a29401793c072c98aee5d7fd3b84c4622a99e0909413c0f	source_unnamed	unique_full_body_sha256
LF9D012H	0xB4B26	LF9G003T	0xC1FD6	FUN_000b4b26	FUN_000c1fd6	FUN_000b4b26	34	3a7b668548107b901bd2a7a6a0a01d9aecdc6f01c3718327f1190d83241aa085	source_unnamed	unique_full_body_sha256
LF9D012H	0x27EDAC	LF9G003T	0x27EF80	FUN_0027edac	FUN_0027ef80	FUN_0027edac	46	3a858dfe31426df8e206293493b179fc2250a8bb3af64a5f39c387fdce10bb2d	source_unnamed	unique_full_body_sha256
LF9D012H	0x18F6D8	LF9G003T	0x1A36D0	FUN_0018f6d8	FUN_001a36d0	FUN_0018f6d8	188	3a8fb32fca4484adf4ca15248fca4855da4411a64d92f07c479bce23d1a4dcae	source_unnamed	unique_full_body_sha256
LF9D012H	0xAFDE4	LF9G003T	0xBD288	FUN_000afde4	FUN_000bd288	FUN_000afde4	28	3a8fe891dde9a9f2363b9d67b9fff78c346a0b5734c4b79fd05872f4e350f5d0	source_unnamed	unique_full_body_sha256
LF9D012H	0xFB944	LF9G003T	0x109538	FUN_000fb944	FUN_00109538	FUN_000fb944	50	3a92c282edb7e9399d04f4afbb0437517c7b10cbdd4c20757f9f1348fc9a4b2f	source_unnamed	unique_full_body_sha256
LF9D012H	0x1DACF2	LF9G003T	0x1F0E12	FUN_001dacf2	FUN_001f0e12	FUN_001dacf2	44	3a938cf3c6b4e085c20e0d01c3991ba3a72056825cd9ece1c17312e49c7b039c	source_unnamed	unique_full_body_sha256
LF9D012H	0x72D34	LF9G003T	0x7F568	FUN_00072d34	FUN_0007f568	FUN_00072d34	36	3a96405f23efbc92c867ca403ad4eb99969bb01c54e16b9b725614af1ded229c	source_unnamed	unique_full_body_sha256
LF9D012H	0x139B50	LF9G003T	0x14801C	FUN_00139b50	FUN_0014801c	FUN_00139b50	22	3abd7cb065c7f9eecb8c5ed7130dd742712f76fd99cc255035decbd36e61335d	source_unnamed	unique_full_body_sha256
LF9D012H	0x7A024	LF9G003T	0x86858	FUN_0007a024	FUN_00086858	FUN_0007a024	188	3ad70c484e87ad5887dab481f459250d19d401f09a77bfc9f32deb8fc4083a59	source_unnamed	unique_full_body_sha256
LF9D012H	0x1DC07A	LF9G003T	0x1F219A	FUN_001dc07a	FUN_001f219a	FUN_001dc07a	10	3afff1c18deef5ff5ea2cc4a9382b831c867b5bc425d88c7ba6ca7cba3968d90	source_unnamed	unique_full_body_sha256
LF9D012H	0xBA090	LF9G003T	0xC759C	FUN_000ba090	FUN_000c759c	FUN_000ba090	86	3b078a97851794edda0cf31e7ed2492e8754915678b1e42609b58e091ba71c35	source_unnamed	unique_full_body_sha256
LF9D012H	0xCEE28	LF9G003T	0xDC89C	FUN_000cee28	FUN_000dc89c	FUN_000cee28	22	3b3e8f6468b05df20c6f235ffc9c940d4d3e2c288b2fdb36a6de5d8322463d46	source_unnamed	unique_full_body_sha256
LF9D012H	0x17FAFC	LF9G003T	0x1936A0	FUN_0017fafc	FUN_001936a0	FUN_0017fafc	44	3b49036a3961a628cecd9a4f5a11940e688dd056e8054a0784a304879d8472bd	source_unnamed	unique_full_body_sha256
LF9D012H	0x6D6B6	LF9G003T	0x79EEA	FUN_0006d6b6	FUN_00079eea	FUN_0006d6b6	58	3b4d411d9784779ec7814ecb4f8a288501447eb6464d681a281cc3ce0af44635	source_unnamed	unique_full_body_sha256
LF9D012H	0x1DA930	LF9G003T	0x1F0A50	FUN_001da930	FUN_001f0a50	FUN_001da930	44	3b728f9850a0f9a4e049b0bb416cf9e2ecae73d64e9b0e02e8342a812153940c	source_unnamed	unique_full_body_sha256
LF9D012H	0x72E60	LF9G003T	0x7F694	FUN_00072e60	FUN_0007f694	FUN_00072e60	152	3b80e2d46b27410ed7277b520888d81ff14c49ea1aa6f736e95f13f8653af88e	source_unnamed	unique_full_body_sha256
LF9D012H	0x1AECB0	LF9G003T	0x1C4140	FUN_001aecb0	FUN_001c4140	FUN_001aecb0	38	3b94504836ee9394af1cb96e4f905e57a8ad11635b69f23e065d3701d5afc19b	source_unnamed	unique_full_body_sha256
LF9D012H	0x1B5D28	LF9G003T	0x1CB1C0	FUN_001b5d28	FUN_001cb1c0	FUN_001b5d28	346	3b9b92924ffa9fefa12889465680f8ced590fc1849520aec787ecb2bc5f929cb	source_unnamed	unique_full_body_sha256
LF9D012H	0x17F414	LF9G003T	0x192E54	FUN_0017f414	FUN_00192e54	FUN_0017f414	18	3ba2af2205a8373c3829874947c0fd7c4978887ced08e244b042838eed9537d7	source_unnamed	unique_full_body_sha256
LF9D012H	0xD5DF4	LF9G003T	0xE3868	FUN_000d5df4	FUN_000e3868	FUN_000d5df4	86	3bbceb85ed62d0b4078531d35d1c11998a2a0112db727a506bbe5441027a5387	source_unnamed	unique_full_body_sha256
LF9D012H	0x183F5C	LF9G003T	0x197F58	FUN_00183f5c	FUN_00197f58	FUN_00183f5c	202	3bee97a6189b3b99f3da8c692f7f5776f82c03a10a8630f4a6e11aa4568c4047	source_unnamed	unique_full_body_sha256
LF9D012H	0x27EE5C	LF9G003T	0x27F030	FUN_0027ee5c	FUN_0027f030	FUN_0027ee5c	128	3c20bc3ac0739ef11af05f4ddd49b83d8562f647fa211f2e59fa3375b2958c78	source_unnamed	unique_full_body_sha256
LF9D012H	0x1CD23C	LF9G003T	0x1E26D4	FUN_001cd23c	FUN_001e26d4	FUN_001cd23c	78	3c715fda0235ce011ab872a8f42670c78ba22bafba9028c8b359165846bd5c56	source_unnamed	unique_full_body_sha256
LF9D012H	0xA3064	LF9G003T	0xAF988	FUN_000a3064	FUN_000af988	FUN_000a3064	12	3c804a7598960fdb79ab7a88ea4e6104d57514fc816890d0a49d30839fcbd31c	source_unnamed	unique_full_body_sha256
LF9D012H	0x189120	LF9G003T	0x19D11C	FUN_00189120	FUN_0019d11c	FUN_00189120	22	3c829d4948b7a9b9b00f91afe72a3e6236b41093466e495dbeff4e163b30d916	source_unnamed	unique_full_body_sha256
LF9D012H	0x12B7D0	LF9G003T	0x139CD4	FUN_0012b7d0	FUN_00139cd4	FUN_0012b7d0	58	3c86dd88b4484c31bf8c10530d2066773ccd278f7d1a3f2bdc106e93d0cb08d3	source_unnamed	unique_full_body_sha256
LF9D012H	0x1F4B78	LF9G003T	0x20AEF0	call_cb_with_lockbit_20000	call_cb_with_lockbit_20000	call_cb_with_lockbit_20000	36	3c8ff59690c872c23e9523876570a49740dff88f0c95fa85da68f2798d53e696	already_named	unique_full_body_sha256
LF9D012H	0x89468	LF9G003T	0x95CC8	FUN_00089468	FUN_00095cc8	FUN_00089468	10	3ceb26bcf8df2073f4ffe7e2edb9e34e625381016782416033d91e0683d3cf82	source_unnamed	unique_full_body_sha256
LF9D012H	0xAF2DA	LF9G003T	0xBC77E	thunk_FUN_000afde4	thunk_FUN_000bd288	thunk_FUN_000afde4	4	3d373990a57b5dc935ee48e85735cd737f9730283de26237136df5728adb08c8	source_unnamed	unique_full_body_sha256
LF9D012H	0x1DEC78	LF9G003T	0x1F4D98	clamp_sensor_or_default	clamp_sensor_or_default	clamp_sensor_or_default	74	3defea97d66d1960b7f71525808ef8882fde57afe66d1e11be090e8b9cd17709	already_named	unique_full_body_sha256
LF9D012H	0xE42B8	LF9G003T	0xF1D24	FUN_000e42b8	FUN_000f1d24	FUN_000e42b8	216	3e26867e70f59ebf82d688b3ccfbbeda61f3a3978713abff74806aa249d51c10	source_unnamed	unique_full_body_sha256
LF9D012H	0x94C74	LF9G003T	0xA1598	FUN_00094c74	FUN_000a1598	FUN_00094c74	8	3e36a6758d878639c8b8152779eeb316eff3b46b1d8aa1aadcee5f35f1cf1a87	source_unnamed	unique_full_body_sha256
LF9D012H	0x6D94	LF9G003T	0x6D94	FUN_00006d94	FUN_00006d94	FUN_00006d94	38	3e3d56cbf587507b5d4967e49a21ab595871142721bcf76ecd8590a870258691	source_unnamed	unique_full_body_sha256
LF9D012H	0x1D6B14	LF9G003T	0x1ECC34	can_op_rc_translate	can_op_rc_translate	can_op_rc_translate	20	3e5679ea801c14ca2eb63ab5b8821a120ef103063942e2321411072b7be94181	already_named	unique_full_body_sha256
LF9D012H	0xB32E6	LF9G003T	0xC078A	FUN_000b32e6	FUN_000c078a	FUN_000b32e6	194	3ed0ee43025e0e87b9227d583435a877ae8cc9e05051282997b7f7bad3ab6e6a	source_unnamed	unique_full_body_sha256
LF9D012H	0xAA10C	LF9G003T	0xB75B0	FUN_000aa10c	FUN_000b75b0	FUN_000aa10c	46	3eddd829f38ef9dce1d3c8428f8574cf8c176c7cf83b5b6c87eaf6ac52de3f6e	source_unnamed	unique_full_body_sha256
LF9D012H	0x1ABCF4	LF9G003T	0x1C0FFC	FUN_001abcf4	FUN_001c0ffc	FUN_001abcf4	106	3efa8598a19b0379740c3b32bb53077b179e0efc010ba7d6650d113b467da190	source_unnamed	unique_full_body_sha256
LF9D012H	0x27E7D0	LF9G003T	0x27E9A4	FUN_0027e7d0	FUN_0027e9a4	FUN_0027e7d0	162	3f4c39a8e291088cf5d861b7a74aed234c8bd41e8605f1fa0b5687dfad2ad588	source_unnamed	unique_full_body_sha256
LF9D012H	0x1DBD1E	LF9G003T	0x1F1E3E	can_bus_wake_status_read	can_bus_wake_status_read	can_bus_wake_status_read	6	3f6d66ca10d7a1b020bef118e4f092f36945145f6eff883b0941e37f59683629	already_named	unique_full_body_sha256
LF9D012H	0xD5CA4	LF9G003T	0xE3718	FUN_000d5ca4	FUN_000e3718	FUN_000d5ca4	126	3f94f17d3d429902ba65c1661e04fb5b949190bdd82e12d9ae99a8097be46717	source_unnamed	unique_full_body_sha256
LF9D012H	0x74C7A	LF9G003T	0x814AE	FUN_00074c7a	FUN_000814ae	FUN_00074c7a	28	3fb5d5f6098cc9c40558303d5039db65e1d1d771084a38c702ee3b8aa699720a	source_unnamed	unique_full_body_sha256
LF9D012H	0x27EEE0	LF9G003T	0x27F0B4	pwm_disable_channel_b	pwm_disable_channel_b	pwm_disable_channel_b	56	3fd6ba4f23dae36c8c8349a50a5de95189062f0e73a330d28c36f4978760525e	already_named	unique_full_body_sha256
LF9D012H	0x6E04	LF9G003T	0x6E04	FUN_00006e04	FUN_00006e04	FUN_00006e04	34	3fec450553a65c81e86b2b7ea028ab3be47d1a5df8036190840465dfa1e82a73	source_unnamed	unique_full_body_sha256
LF9D012H	0x1CCE34	LF9G003T	0x1E22CC	FUN_001cce34	FUN_001e22cc	FUN_001cce34	10	4009423836995f5d4effbe869320696bf4482b6384e1dd596c9e30acf05e6cfc	source_unnamed	unique_full_body_sha256
LF9D012H	0x6D5B6	LF9G003T	0x79DEA	FUN_0006d5b6	FUN_00079dea	FUN_0006d5b6	56	400ceeb224e39cfd59002a476195798e6026ff3c05ee6482cb2b35558493cf75	source_unnamed	unique_full_body_sha256
LF9D012H	0x18C0BC	LF9G003T	0x1A00B4	FUN_0018c0bc	FUN_001a00b4	FUN_0018c0bc	60	405d0242b99064fc2cac428c3005e5d7a9a53392e1c86ae7cbbb2686ada3c35d	source_unnamed	unique_full_body_sha256
LF9D012H	0x96036	LF9G003T	0xA295A	FUN_00096036	FUN_000a295a	FUN_00096036	284	40652112cfdad26f6df45db7b69b0d9b5659b1746ff67133da3483ced556c227	source_unnamed	unique_full_body_sha256
LF9D012H	0xDBCEC	LF9G003T	0xE9760	FUN_000dbcec	FUN_000e9760	FUN_000dbcec	22	4072d88510bcbf71e6f69f1fe20d3257436cda631da620ba433662783b40d0e0	source_unnamed	unique_full_body_sha256
LF9D012H	0x1DE62E	LF9G003T	0x1F474E	FUN_001de62e	FUN_001f474e	FUN_001de62e	6	408cfb862862d55c8358f8a0de3e1f22636c3a4c7e3f0c67039d242e7d53434d	source_unnamed	unique_full_body_sha256
LF9D012H	0x6EAB8	LF9G003T	0x7B2EC	FUN_0006eab8	FUN_0007b2ec	FUN_0006eab8	40	409ed87c4cf2336cf21b874b2de7b08e4d944383366c0241e81964def975c749	source_unnamed	unique_full_body_sha256
LF9D012H	0xB37EE	LF9G003T	0xC0C92	FUN_000b37ee	FUN_000c0c92	FUN_000b37ee	168	40b621929bfe66a57b17dccf480588d896be509ea3f7f92a9711865c77ef5585	source_unnamed	unique_full_body_sha256
LF9D012H	0x1B6AA0	LF9G003T	0x1CBF38	interp_2d_ax_u8_u8_data_u_v2	interp_2d_ax_u8_u8_data_u_v2	interp_2d_ax_u8_u8_data_u_v2	280	40c0f798e1a504bb5d0adb0dc817fed26041e51c7dfc37d1866a4cff2cfeaf46	already_named	unique_full_body_sha256
LF9D012H	0x6EB08	LF9G003T	0x7B33C	FUN_0006eb08	FUN_0007b33c	FUN_0006eb08	40	40fda888aebd1d93b75f9fdf76d499bc5fcb265560a5ad8952a1c54057aa6774	source_unnamed	unique_full_body_sha256
LF9D012H	0x1DD39E	LF9G003T	0x1F34BE	build_frame_7bit_fields	build_frame_7bit_fields	build_frame_7bit_fields	86	41201db9099b56371ad04a3d0f48449c6269082f866c4802a5e338d15788d730	already_named	unique_full_body_sha256
LF9D012H	0x1314EC	LF9G003T	0x13F9B8	FUN_001314ec	FUN_0013f9b8	FUN_001314ec	42	4122e0ced5fdd32a918387dd8dbc9ab1791c9922f5c4f52f71f854ae34b7060a	source_unnamed	unique_full_body_sha256
LF9D012H	0x1CBDBC	LF9G003T	0x1E1254	FUN_001cbdbc	FUN_001e1254	FUN_001cbdbc	90	4125aff1ed34c28a4ec867fec995141423912eca6c9921e7205f70888dd0388b	source_unnamed	unique_full_body_sha256
LF9D012H	0x14A258	LF9G003T	0x15B2B8	FUN_0014a258	FUN_0015b2b8	FUN_0014a258	78	413cef56c9757083787e13ee1b9c03ac44a439b1edc58fcd6a0d4efbc4cec0ac	source_unnamed	unique_full_body_sha256
LF9D012H	0x1C93B8	LF9G003T	0x1DE850	FUN_001c93b8	FUN_001de850	FUN_001c93b8	54	4140a5a0bb775e8b65e24c48dbba01cc41f81fc2f3a806e706c264bac9fc27c9	source_unnamed	unique_full_body_sha256
LF9D012H	0xB7B26	LF9G003T	0xC5032	FUN_000b7b26	FUN_000c5032	FUN_000b7b26	70	4156039f8ddf02badf5ad0047857427568c8f1dd294db4711c927ae0cf3feee2	source_unnamed	unique_full_body_sha256
LF9D012H	0x1099B8	LF9G003T	0x1176E8	scale_offset_binary_4ch	scale_offset_binary_4ch	scale_offset_binary_4ch	776	4170eed3047eb5c15d14b584a2e645699e3e3c72c7796d81652ea73eaed8a082	already_named	unique_full_body_sha256
LF9D012H	0x1D8040	LF9G003T	0x1EE160	thunk_FUN_001e33de	thunk_FUN_001f94fe	thunk_FUN_001e33de	6	41aeca4baa7c4a981977854781580b4013ff6817c888f6462b4a932644f67610	source_unnamed	unique_full_body_sha256
LF9D012H	0x1CA0B4	LF9G003T	0x1DF54C	FUN_001ca0b4	FUN_001df54c	FUN_001ca0b4	78	41cf0608c30b3fe227ac5e635819d72a82104e57bdf840e0b0fe8f065e60e308	source_unnamed	unique_full_body_sha256
LF9D012H	0x1D2EB4	LF9G003T	0x1E8B7C	FUN_001d2eb4	FUN_001e8b7c	FUN_001d2eb4	12	41db5943c873ecd170aefd67555ebf6829146483dab6d43ae66d0f37cbb1a757	source_unnamed	unique_full_body_sha256
LF9D012H	0xB30E2	LF9G003T	0xC0586	FUN_000b30e2	FUN_000c0586	FUN_000b30e2	194	41ecaf5f4439ea8db8a1ab99946b1dcb8013fe8d53df9d8ef380224ad2ab6c93	source_unnamed	unique_full_body_sha256
LF9D012H	0x1F08E0	LF9G003T	0x206C20	FUN_001f08e0	FUN_00206c20	FUN_001f08e0	48	41f8685c73801d8f792a24f0f121f63efb098947e46bd7023eaf4f0ff5c70bdf	source_unnamed	unique_full_body_sha256
LF9D012H	0x766F8	LF9G003T	0x82F2C	FUN_000766f8	FUN_00082f2c	FUN_000766f8	92	42022a6ce33f914b0c3cc733f486e19547eb974627678e6a6fc82c0fcf7b2571	source_unnamed	unique_full_body_sha256
LF9D012H	0x1D7B6C	LF9G003T	0x1EDC8C	FUN_001d7b6c	FUN_001edc8c	FUN_001d7b6c	10	421b67bcb00acf3e81e58c16f7cb644303d9e14d3381f95fa7131d9d1e902a1d	source_unnamed	unique_full_body_sha256
LF9D012H	0x14FE30	LF9G003T	0x162B48	FUN_0014fe30	FUN_00162b48	FUN_0014fe30	28	42303385c0cd9ddfb53537d186cd0155de084dab511d3628e70d08d4ab0e9b52	source_unnamed	unique_full_body_sha256
LF9D012H	0x183110	LF9G003T	0x197184	FUN_00183110	FUN_00197184	FUN_00183110	62	4239a2db7208860faa4cf8e8647250b6e8a719780ee3ebdcd68e725d6b3ebe52	source_unnamed	unique_full_body_sha256
LF9D012H	0x1E4CBE	LF9G003T	0x1FADDE	FUN_001e4cbe	FUN_001fadde	FUN_001e4cbe	96	42ae70da2c002a110ade3a2dac14602d7d38779197d27b7d03e45e1e53d1614c	source_unnamed	unique_full_body_sha256
LF9D012H	0x1F1684	LF9G003T	0x2079C4	FUN_001f1684	FUN_002079c4	FUN_001f1684	6	42d437d4d3bb8807b6d8790f1fa380958a9b550583070add1bdd56aab9670f8e	source_unnamed	unique_full_body_sha256
LF9D012H	0x1E2032	LF9G003T	0x1F8152	FUN_001e2032	FUN_001f8152	FUN_001e2032	218	43042f2b5fec39d5c37ecf8ea5196d4b747625fea43ebb19ea3c3f3502705a6a	source_unnamed	unique_full_body_sha256
LF9D012H	0xA3394	LF9G003T	0xAFCB8	FUN_000a3394	FUN_000afcb8	FUN_000a3394	106	4309aae7d77d6377551d8f188114ef9d13601795751ff21e70189d924e0f6b0a	source_unnamed	unique_full_body_sha256
LF9D012H	0x1E1AFE	LF9G003T	0x1F7C1E	FUN_001e1afe	FUN_001f7c1e	FUN_001e1afe	8	430b5683a3304dc502009e9fd0cb0e8804b6fd5e4e3b7f77c9eef6e0d55833db	source_unnamed	unique_full_body_sha256
LF9D012H	0x70910	LF9G003T	0x7D144	FUN_00070910	FUN_0007d144	FUN_00070910	96	43165c6cae049a4cb5f96a4a02264304822c17b188dc3fbead31d27f9cd58145	source_unnamed	unique_full_body_sha256
LF9D012H	0x18E3B0	LF9G003T	0x1A23A8	FUN_0018e3b0	FUN_001a23a8	FUN_0018e3b0	26	432c1c2ab3e35b2869c3d61d3938b67d91af0613817c83897d9942b723ab1721	source_unnamed	unique_full_body_sha256
LF9D012H	0x12B760	LF9G003T	0x139C64	FUN_0012b760	FUN_00139c64	FUN_0012b760	24	4344cb2e8d24cc64733d7dd452d377d5d691d10e7f3e79a66383d13e834c2037	source_unnamed	unique_full_body_sha256
LF9D012H	0x76BD8	LF9G003T	0x8340C	FUN_00076bd8	FUN_0008340c	FUN_00076bd8	412	434e60fb14f1b014c66090f562e8d153586e538392014e49b6441855216fd7fb	source_unnamed	unique_full_body_sha256
LF9D012H	0x1F1F50	LF9G003T	0x208290	FUN_001f1f50	FUN_00208290	FUN_001f1f50	82	43749d2619794567b61c56fc1137d74be521655bcc50a9a20ab56c8da78e65c9	source_unnamed	unique_full_body_sha256
LF9D012H	0x7234E	LF9G003T	0x7EB82	FUN_0007234e	FUN_0007eb82	FUN_0007234e	14	438ce4d7c90e2b4cce61d44fff84756d315357e478280a50a140f98409435ca9	source_unnamed	unique_full_body_sha256
LF9D012H	0x1AEFD0	LF9G003T	0x1C4460	FUN_001aefd0	FUN_001c4460	FUN_001aefd0	46	4392c45e9d68c3bcb9287f7ee1e593f2dcfbaa136d9dc1e970920cb5f910f32a	source_unnamed	unique_full_body_sha256
LF9D012H	0xB1396	LF9G003T	0xBE83A	FUN_000b1396	FUN_000be83a	FUN_000b1396	48	439aead454a234a14de76f538dde8620d6fc35a644f046e3514f0f148accefef	source_unnamed	unique_full_body_sha256
LF9D012H	0x10CAF0	LF9G003T	0x11AE48	FUN_0010caf0	FUN_0011ae48	FUN_0010caf0	106	43a584ab644e9388e196254f2872662ee09afd8d7af928ad403570fbd81cff6e	source_unnamed	unique_full_body_sha256
LF9D012H	0xD1B60	LF9G003T	0xDF5D4	FUN_000d1b60	FUN_000df5d4	FUN_000d1b60	78	43b57359ae969862fc6aed3928f2f73f712d09157002b7134dbd4253cdbc1636	source_unnamed	unique_full_body_sha256
LF9D012H	0x12E48C	LF9G003T	0x13C954	FUN_0012e48c	FUN_0013c954	FUN_0012e48c	70	43c4312ee46dd431b7623d469bc88f8a4fa68403178dad72926a82cc0ef33589	source_unnamed	unique_full_body_sha256
LF9D012H	0x1DBDEA	LF9G003T	0x1F1F0A	FUN_001dbdea	FUN_001f1f0a	FUN_001dbdea	44	44243f986238fd6f4ced419c90a7d6db564d770d5130bd86df7b8a3b2dd91d8c	source_unnamed	unique_full_body_sha256
LF9D012H	0x185F24	LF9G003T	0x199F20	FUN_00185f24	FUN_00199f20	FUN_00185f24	34	442c138875efad235ff215dabdeaf226599824eb1f4a4234ffb7f9b106810395	source_unnamed	unique_full_body_sha256
LF9D012H	0xA3246	LF9G003T	0xAFB6A	FUN_000a3246	FUN_000afb6a	FUN_000a3246	82	443717f2a7204a2c426d20bc1bdd86c6bccc47dde6ebaf58dc3a9a5798222a90	source_unnamed	unique_full_body_sha256
LF9D012H	0x1CCD70	LF9G003T	0x1E2208	FUN_001ccd70	FUN_001e2208	FUN_001ccd70	10	443ae41d18c57e577b932a1e8b8efbc1b583bdd7a928c5444261e932ddff01d3	source_unnamed	unique_full_body_sha256
LF9D012H	0x1136A4	LF9G003T	0x121AA4	FUN_001136a4	FUN_00121aa4	FUN_001136a4	32	4442507d8e6fc3e43a763e63160ee256619f885b57e6c445f6e6c6678c8a10b7	source_unnamed	unique_full_body_sha256
LF9D012H	0x1CCE28	LF9G003T	0x1E22C0	FUN_001cce28	FUN_001e22c0	FUN_001cce28	10	4450d9306ffc55f830232521964f65fa356a657847dbe6a72f780cf957c3fe3a	source_unnamed	unique_full_body_sha256
LF9D012H	0x6D460	LF9G003T	0x79C94	FUN_0006d460	FUN_00079c94	FUN_0006d460	48	44908496c7452c938d2a02ee7752558764fc199479b82cac38eadbb004070918	source_unnamed	unique_full_body_sha256
LF9D012H	0x1DE5D6	LF9G003T	0x1F46F6	FUN_001de5d6	FUN_001f46f6	FUN_001de5d6	10	44974b4654b960d91cc40dd4cf586545451424d6601568ba201795caf36e2a14	source_unnamed	unique_full_body_sha256
LF9D012H	0x18AD64	LF9G003T	0x19ED50	FUN_0018ad64	FUN_0019ed50	FUN_0018ad64	74	44b6e92af88b406f1d6f99624f76371565100ce107dce3aa6c1cb04df4e9a44b	source_unnamed	unique_full_body_sha256
LF9D012H	0x1DE8DE	LF9G003T	0x1F49FE	FUN_001de8de	FUN_001f49fe	FUN_001de8de	6	4503d111f5e96684e3f0aa7d39c3d77aecbfd579a96fffbb1fcb3919ae01312a	source_unnamed	unique_full_body_sha256
LF9D012H	0xC6FDC	LF9G003T	0xD4A1C	buffer_compare_mismatch	buffer_compare_mismatch	buffer_compare_mismatch	36	458604f0f2e40eebf0a1efb57d68d69bdc0955e2d4b4d098311a75337ab82b5d	already_named	unique_full_body_sha256
LF9D012H	0x122C24	LF9G003T	0x131100	FUN_00122c24	FUN_00131100	FUN_00122c24	8	45a8045e12010d9b4df6ce4e89775f1eaf7f9270a5eb44459f471899e9453742	source_unnamed	unique_full_body_sha256
LF9D012H	0x6D846	LF9G003T	0x7A07A	FUN_0006d846	FUN_0007a07a	FUN_0006d846	58	45acb7a05465fe50062e26aa365eda7c7bbbf510d187ff9eefb2ec0ee84e719b	source_unnamed	unique_full_body_sha256
LF9D012H	0xC703C	LF9G003T	0xD4A7C	FUN_000c703c	FUN_000d4a7c	FUN_000c703c	28	45cbca7e3483a7b7d47aa4d2fd8160ca06f6118f9aedc0e09fb557e03ad9b64f	source_unnamed	unique_full_body_sha256
LF9D012H	0xB5F84	LF9G003T	0xC3490	FUN_000b5f84	FUN_000c3490	FUN_000b5f84	212	45dbb66c868adf5ec21ad80b4592d60aba724aec48ad89ed4ccbb81e0eebc76f	source_unnamed	unique_full_body_sha256
LF9D012H	0x88876	LF9G003T	0x950D6	FUN_00088876	FUN_000950d6	FUN_00088876	38	46076be1db79448889dce673a451174e1c6270c2b0bd5dbeba23253d14988aa0	source_unnamed	unique_full_body_sha256
LF9D012H	0x1F0D48	LF9G003T	0x207088	FUN_001f0d48	FUN_00207088	FUN_001f0d48	40	460c656316cc2bc1de35d72ce1184ea3a9934c919e5f9dd05d2a0090a04e7d0c	source_unnamed	unique_full_body_sha256
LF9D012H	0x1F4DB4	LF9G003T	0x20B12C	FUN_001f4db4	FUN_0020b12c	FUN_001f4db4	38	460eafb8579aa753b5eb0dc31cf53184f5c01e8ea7bc0fde0833631a72c538ee	source_unnamed	unique_full_body_sha256
LF9D012H	0x6F01E	LF9G003T	0x7B852	FUN_0006f01e	FUN_0007b852	FUN_0006f01e	22	461ab1165b3dc55d48bb91c9991b179c7a710e7abfe9091988f6d512feb6225c	source_unnamed	unique_full_body_sha256
LF9D012H	0x77650	LF9G003T	0x83E84	FUN_00077650	FUN_00083e84	FUN_00077650	104	4621640eb74564637d9e87ee45c7bca196fcaf090af596cd7b25ebdbc6661bb5	source_unnamed	unique_full_body_sha256
LF9D012H	0x7004	LF9G003T	0x6FCC	FUN_00007004	FUN_00006fcc	FUN_00007004	12	464b0db81c1046fa658ac76761016362f9e17693c6b0eb2c0c3a8efac03645c8	source_unnamed	unique_full_body_sha256
LF9D012H	0x19F088	LF9G003T	0x1B30E4	FUN_0019f088	FUN_001b30e4	FUN_0019f088	94	464fdba67bd39e1ee4141b1d872d15e2de55207705942e6d249bef93fff5ffb5	source_unnamed	unique_full_body_sha256
LF9D012H	0x1DE69A	LF9G003T	0x1F47BA	FUN_001de69a	FUN_001f47ba	FUN_001de69a	6	465849ed2ef71ba7ed06e94f3172f0d9d87390b52495632c54db4c189a15dd79	source_unnamed	unique_full_body_sha256
LF9D012H	0x1ACFD8	LF9G003T	0x1C22DC	FUN_001acfd8	FUN_001c22dc	FUN_001acfd8	44	468412e0eca75d38476df6c6d280d2c0e28662956d7f8d41083f480d0f57bac5	source_unnamed	unique_full_body_sha256
LF9D012H	0x1D769C	LF9G003T	0x1ED7BC	FUN_001d769c	FUN_001ed7bc	FUN_001d769c	120	46cf080dfe0f39b8f5f5f02db450e121d57b7343e17a0ffe81470763da45fdb8	source_unnamed	unique_full_body_sha256
LF9D012H	0x1AD200	LF9G003T	0x1C2504	FUN_001ad200	FUN_001c2504	FUN_001ad200	46	46d42f28265983a710a6f3e07f3d64a7e681c5a1986119f66fc845305c9e8f81	source_unnamed	unique_full_body_sha256
LF9D012H	0x1D6F4C	LF9G003T	0x1ED06C	FUN_001d6f4c	FUN_001ed06c	FUN_001d6f4c	14	4701354b3b9996c575be2cc811ce1fb3d79a4ade03a9dd96a3af73fcdd2a22ce	source_unnamed	unique_full_body_sha256
LF9D012H	0x1DAB50	LF9G003T	0x1F0C70	FUN_001dab50	FUN_001f0c70	FUN_001dab50	10	4743a4cdc854bdae8882a3350d1fe386a46782ff75a1d2615e4fc435c839c2b1	source_unnamed	unique_full_body_sha256
LF9D012H	0x107574	LF9G003T	0x1152A4	FUN_00107574	FUN_001152a4	FUN_00107574	92	47729743ed5e2595f881864a439753b3bc6626249242a1bfc9973eff56c96885	source_unnamed	unique_full_body_sha256
LF9D012H	0x1DBF66	LF9G003T	0x1F2086	FUN_001dbf66	FUN_001f2086	FUN_001dbf66	44	47769a61be4a054e307ccf72d9e1e1e50697dce618cbb994f76ca026864e92f6	source_unnamed	unique_full_body_sha256
LF9D012H	0x130F38	LF9G003T	0x13F404	FUN_00130f38	FUN_0013f404	FUN_00130f38	16	477f9e83c4e74beaafd470e35b8a08a39bf4223730048175b6efa9956efc50a6	source_unnamed	unique_full_body_sha256
LF9D012H	0x1F0310	LF9G003T	0x206650	FUN_001f0310	FUN_00206650	FUN_001f0310	6	47d35af49c5cd14a97b2a69f946fe60171c747c98ea3c8b3ed5753f27883f8a8	source_unnamed	unique_full_body_sha256
LF9D012H	0x189A98	LF9G003T	0x19DA94	FUN_00189a98	FUN_0019da94	FUN_00189a98	100	47eaac60a2dc8d774feb3a02ed8a292a393cf784bd8110edc32a449d253bd5c4	source_unnamed	unique_full_body_sha256
LF9D012H	0x1F5092	LF9G003T	0x20B40A	FUN_001f5092	FUN_0020b40a	FUN_001f5092	128	47fd21a8778f910e4c0d01c9e08a338c328f35f26579de9298c77f8d1713484e	source_unnamed	unique_full_body_sha256
LF9D012H	0x1B82B4	LF9G003T	0x1CD74C	FUN_001b82b4	FUN_001cd74c	FUN_001b82b4	346	47fea5a8d8a509d87e57581045b0975ee2e9813454d352350a5c532871a1d519	source_unnamed	unique_full_body_sha256
LF9D012H	0x1D8A02	LF9G003T	0x1EEB22	FUN_001d8a02	FUN_001eeb22	FUN_001d8a02	42	4832afbf460cfcbca3f47b8c6ad6b021da0b8ef57cee2ba9e2401221f09ac929	source_unnamed	unique_full_body_sha256
LF9D012H	0x1AD1D4	LF9G003T	0x1C24D8	FUN_001ad1d4	FUN_001c24d8	FUN_001ad1d4	38	48762ea87b8e2aac5b45fa7c90b5e174c86aa087c5340ff3b0b74188a0271abd	source_unnamed	unique_full_body_sha256
LF9D012H	0x184028	LF9G003T	0x198024	FUN_00184028	FUN_00198024	FUN_00184028	270	48801b4a07616f7ae058767bb8970c01a8144a64f2118841521e5292ca11852b	source_unnamed	unique_full_body_sha256
LF9D012H	0x1B0C28	LF9G003T	0x1C60B8	FUN_001b0c28	FUN_001c60b8	FUN_001b0c28	44	48a87acbfae0b03f812411d2d84a3b16c8cd2f0a89821b6151d51f3802e2c2a3	source_unnamed	unique_full_body_sha256
LF9D012H	0x1F0632	LF9G003T	0x206972	FUN_001f0632	FUN_00206972	FUN_001f0632	70	48b00a85a8e24e6c6f1a670debffca950c473cfe5a22c5c858aa62e3a3ca2b6a	source_unnamed	unique_full_body_sha256
LF9D012H	0x1F1160	LF9G003T	0x2074A0	FUN_001f1160	FUN_002074a0	FUN_001f1160	344	48b29e083408b6a2573041f4cf930bd8b5f9f65c39c71aca14a63913329cacdd	source_unnamed	unique_full_body_sha256
LF9D012H	0x86C12	LF9G003T	0x9345E	FUN_00086c12	FUN_0009345e	FUN_00086c12	58	48c0ed7513c2ee02cfc8abb7705ec867ab1d63da4b144ecef0e5431e03b0c796	source_unnamed	unique_full_body_sha256
LF9D012H	0x27EBC4	LF9G003T	0x27ED98	FUN_0027ebc4	FUN_0027ed98	FUN_0027ebc4	36	48ce3ab5f079beb74bd90c5bd74fbb138da117679bcb78535923b37da3ab2456	source_unnamed	unique_full_body_sha256
LF9D012H	0x177880	LF9G003T	0x18AA7C	FUN_00177880	FUN_0018aa7c	FUN_00177880	50	48ef06bfe33b3454e1bc195339ac9c3a9db43c9a5ea24dba427fb0b1bd5b2001	source_unnamed	unique_full_body_sha256
LF9D012H	0x777E8	LF9G003T	0x8401C	FUN_000777e8	FUN_0008401c	FUN_000777e8	100	49195920a608cbb021d2fc30ec7808037852c84ac9d6081a33b13476bf601d11	source_unnamed	unique_full_body_sha256
LF9D012H	0xAB3F8	LF9G003T	0xB889C	FUN_000ab3f8	FUN_000b889c	FUN_000ab3f8	62	491f4d8703d00756d0c77c1e332df4510832bdf05df365f57c7ae5279fe7d13e	source_unnamed	unique_full_body_sha256
LF9D012H	0x1106DC	LF9G003T	0x11EA90	FUN_001106dc	FUN_0011ea90	FUN_001106dc	64	493e9dbd591f47fef0d220f21b57bd8c314ceb898ea0011d1986ebc0538657be	source_unnamed	unique_full_body_sha256
LF9D012H	0x1E4B5C	LF9G003T	0x1FAC7C	FUN_001e4b5c	FUN_001fac7c	FUN_001e4b5c	26	4944d17b8cdd7c8d3b861b3de1cf58a3e68c23c82c47d2ae8e530fa7f5e19414	source_unnamed	unique_full_body_sha256
LF9D012H	0x6AEC	LF9G003T	0x6AEC	FUN_00006aec	FUN_00006aec	FUN_00006aec	80	495c808fdb6a9db2752ab9160618b29178aced1f8202795ce473935669ad62f6	source_unnamed	unique_full_body_sha256
LF9D012H	0x9ED14	LF9G003T	0xAB638	FUN_0009ed14	FUN_000ab638	FUN_0009ed14	80	49631267412f464a519f64fc0c415e0d0d0147314c58f7258e9494ddc771cc36	source_unnamed	unique_full_body_sha256
LF9D012H	0x1D88B6	LF9G003T	0x1EE9D6	FUN_001d88b6	FUN_001ee9d6	FUN_001d88b6	28	4968fdfa76843a58e5d85f82d94433ab92d5aa4cd1a01cdc3d6e7256f54db45f	source_unnamed	unique_full_body_sha256
LF9D012H	0xB3944	LF9G003T	0xC0DE8	FUN_000b3944	FUN_000c0de8	FUN_000b3944	350	496b94d74bdc933e9705768d0aa88fa49112e902bac7b8409e5c3fcc29992a6e	source_unnamed	unique_full_body_sha256
LF9D012H	0x6D372	LF9G003T	0x79BA6	FUN_0006d372	FUN_00079ba6	FUN_0006d372	46	497b73b2fb6273c02c8dd1b82fed53f0bff53f6079f141942f40901655de0590	source_unnamed	unique_full_body_sha256
LF9D012H	0x12C440	LF9G003T	0x13A944	FUN_0012c440	FUN_0013a944	FUN_0012c440	134	499816739913164541e43ecfef14a3bd497e526ad592b0017695fd85c640f96d	source_unnamed	unique_full_body_sha256
LF9D012H	0x1DA884	LF9G003T	0x1F09A4	FUN_001da884	FUN_001f09a4	FUN_001da884	6	49a62d24a01a075c0a074041c44d593a35b859839a47639a292d29ecaef24f1f	source_unnamed	unique_full_body_sha256
LF9D012H	0x887CE	LF9G003T	0x9502E	FUN_000887ce	FUN_0009502e	FUN_000887ce	168	49b16814a29aee92253315a7d33e4b9659b007d512a257bf77553b6398f614c2	source_unnamed	unique_full_body_sha256
LF9D012H	0xB6058	LF9G003T	0xC3564	FUN_000b6058	FUN_000c3564	FUN_000b6058	92	49c0e96001cce8012bf3b37d756700eaa55914191be6551796b2c81731f46f76	source_unnamed	unique_full_body_sha256
LF9D012H	0xDC648	LF9G003T	0xEA0BC	FUN_000dc648	FUN_000ea0bc	FUN_000dc648	114	49e374e8e9855920c1e64cc4065a8ce0c1209617e6cc8d1e4d84fd213bf860fd	source_unnamed	unique_full_body_sha256
LF9D012H	0x11A514	LF9G003T	0x1289A0	FUN_0011a514	FUN_001289a0	FUN_0011a514	76	4a180623c39a48fcbc5103f945671836291a686b9a2c46b58ba8b1f99d580e47	source_unnamed	unique_full_body_sha256
LF9D012H	0x77720	LF9G003T	0x83F54	FUN_00077720	FUN_00083f54	FUN_00077720	100	4a669b99f1c338f4ab992a4ce2251b371431b0646bedc32fcec767dfaff2f7b0	source_unnamed	unique_full_body_sha256
LF9D012H	0x129644	LF9G003T	0x137B48	FUN_00129644	FUN_00137b48	FUN_00129644	54	4a68297c23058d89fed186545e5cbbbf634f12cc2c8f5df17fe7396bc2fad342	source_unnamed	unique_full_body_sha256
LF9D012H	0xA7F70	LF9G003T	0xB53C0	FUN_000a7f70	FUN_000b53c0	FUN_000a7f70	92	4a6c7bf6dd39dfa3934d0c481b29bc5f21f80499cbf4860de5bbaedeed22f37d	source_unnamed	unique_full_body_sha256
LF9D012H	0xB7A5E	LF9G003T	0xC4F6A	FUN_000b7a5e	FUN_000c4f6a	FUN_000b7a5e	16	4a8a3cd552f901e5919632617a0e01317368df8012c99cb1a84b899ae52ec38b	source_unnamed	unique_full_body_sha256
LF9D012H	0x79070	LF9G003T	0x858A4	dtc_monitor_eval_a	dtc_monitor_eval_a	dtc_monitor_eval_a	542	4a9af2a1c1b1737b7d125df34b02797c431c8c81d2cea9b10320273a5849f0a9	already_named	unique_full_body_sha256
LF9D012H	0x74280	LF9G003T	0x80AB4	FUN_00074280	FUN_00080ab4	FUN_00074280	28	4aa851779c1af9d543b9a963085da054cd3b988858e899ffa0ce8addeb55459a	source_unnamed	unique_full_body_sha256
LF9D012H	0xA223C	LF9G003T	0xAEB60	sa_level_key_handler_b	sa_level_key_handler_b	sa_level_key_handler_b	132	4ad3e71ddc4ffa737bc48e8f06539ee0ef863b1b85b32a5f38d4df07a616285a	already_named	unique_full_body_sha256
LF9D012H	0x1777B0	LF9G003T	0x18A9AC	FUN_001777b0	FUN_0018a9ac	FUN_001777b0	50	4ae5e638e4765d030eb888e141707e89133c7ab639d10a33da9dbb90602b81b9	source_unnamed	unique_full_body_sha256
LF9D012H	0x1DAADE	LF9G003T	0x1F0BFE	FUN_001daade	FUN_001f0bfe	FUN_001daade	44	4b0dfa34d04ea98c07215c30e51d7f07b5773269885d730f715dc108f66f3838	source_unnamed	unique_full_body_sha256
LF9D012H	0xEBA44	LF9G003T	0xF94B0	FUN_000eba44	FUN_000f94b0	FUN_000eba44	16	4b37f98f0931e476c6bddc2d7ad035813be54b356026e8e4ab99034008238c35	source_unnamed	unique_full_body_sha256
LF9D012H	0xA682C	LF9G003T	0xB3C50	FUN_000a682c	FUN_000b3c50	FUN_000a682c	360	4b39fe6aa6b13aa869a8460a49513415526fa915c107cc034dda79ab56f63086	source_unnamed	unique_full_body_sha256
LF9D012H	0x846A0	LF9G003T	0x90EEC	FUN_000846a0	FUN_00090eec	FUN_000846a0	72	4b512532db3263c1ae6bebd996682320707c7172eeabf75d19c252ce78e3fab0	source_unnamed	unique_full_body_sha256
LF9D012H	0x1DAD1E	LF9G003T	0x1F0E3E	FUN_001dad1e	FUN_001f0e3e	FUN_001dad1e	10	4b516567d2f73fce40f5fd329ad036ef9a17ad0fff199986cd21e2bf6d70e6d1	source_unnamed	unique_full_body_sha256
LF9D012H	0xDBC60	LF9G003T	0xE96D4	FUN_000dbc60	FUN_000e96d4	FUN_000dbc60	76	4b5b3d62d7bcf6c0b624db7d552d9934b317f32fe5547df27f8ddc5cf85c82ae	source_unnamed	unique_full_body_sha256
LF9D012H	0x27E530	LF9G003T	0x27E704	FUN_0027e530	FUN_0027e704	FUN_0027e530	120	4b5df0444cc9d62f12ea6a24e6f0c4a7d1f689b878a4ba3a6b0b50c0210558a3	source_unnamed	unique_full_body_sha256
LF9D012H	0x1B3348	LF9G003T	0x1C87E0	interp_1d_axis_s8_data_u8	interp_1d_axis_s8_data_u8	interp_1d_axis_s8_data_u8	120	4b8114345487b5054472c2afc4cecb6f74ecc5586c61a281d7382e27e7108b48	already_named	unique_full_body_sha256
LF9D012H	0xA341C	LF9G003T	0xAFD40	sa_key_schedule_rotate	sa_key_schedule_rotate	sa_key_schedule_rotate	72	4baa1291101a81585d61f918d2763299fb889ed255e2c51e06b9316e30f564cc	already_named	unique_full_body_sha256
LF9D012H	0x1EE9D8	LF9G003T	0x204D18	thunk_FUN_001efa54	thunk_FUN_00205d94	thunk_FUN_001efa54	6	4bd9bd317fa86fba574ffec6824c92691b2e733b98f2b572239fa5049614153e	source_unnamed	unique_full_body_sha256
LF9D012H	0xAA2AC	LF9G003T	0xB7750	FUN_000aa2ac	FUN_000b7750	FUN_000aa2ac	38	4be8b0904427402a682b39bf8c71b3ea55c56ec9e6fea4fd953574b84bffae42	source_unnamed	unique_full_body_sha256
LF9D012H	0x1DF728	LF9G003T	0x1F5848	FUN_001df728	FUN_001f5848	FUN_001df728	22	4c14d6446c510feecccf5e71e82a09612282fde49550fea4a8fd4a8ca2586d90	source_unnamed	unique_full_body_sha256
LF9D012H	0x1D7CB2	LF9G003T	0x1EDDD2	FUN_001d7cb2	FUN_001eddd2	FUN_001d7cb2	6	4c2fe4f79377a69593debe410319af1bbcef9fbffa58b3527c053733f5545a0c	source_unnamed	unique_full_body_sha256
LF9D012H	0x1310C8	LF9G003T	0x13F594	FUN_001310c8	FUN_0013f594	FUN_001310c8	32	4c3f8900262d3e515806f7a1d8f5656e3e4838c14b18a8d2fcd6166eebf8f7f9	source_unnamed	unique_full_body_sha256
LF9D012H	0x1E199A	LF9G003T	0x1F7ABA	FUN_001e199a	FUN_001f7aba	FUN_001e199a	6	4c3ffce2d243ac8ebfd15c5739b76a00a435291e69d6ac4df0282cd57883ac83	source_unnamed	unique_full_body_sha256
LF9D012H	0x1F3EE0	LF9G003T	0x20A220	udiv64_normalize_dispatch	udiv64_normalize_dispatch	udiv64_normalize_dispatch	248	4c41313aab5c710c4cc29b1c2640ef0db95d5c2d9b5e28d84442cb84b25dfabb	already_named	unique_full_body_sha256
LF9D012H	0xA30E4	LF9G003T	0xAFA08	FUN_000a30e4	FUN_000afa08	FUN_000a30e4	32	4c4bfed02ed1b0fb03f356c0a2ff9aedc1b687ed73f4dc5addedb3fd18ecc32c	source_unnamed	unique_full_body_sha256
LF9D012H	0x88C6A	LF9G003T	0x954CA	FUN_00088c6a	FUN_000954ca	FUN_00088c6a	78	4cbf3d731c11891f241f128ba7168a8c427c3ecaed8bc1458619909c51aa5170	source_unnamed	unique_full_body_sha256
LF9D012H	0x106CC0	LF9G003T	0x1149F0	FUN_00106cc0	FUN_001149f0	FUN_00106cc0	108	4cc4396b4c718782c8bc08b5549e7ca942acd26cee5e54ec663740ded6d40d71	source_unnamed	unique_full_body_sha256
LF9D012H	0x6D08C	LF9G003T	0x798C0	FUN_0006d08c	FUN_000798c0	FUN_0006d08c	48	4cc80c49aaae427822d27eebc4c136f8c63497e9dd227ea48da92e71bfd5a62f	source_unnamed	unique_full_body_sha256
LF9D012H	0x847F6	LF9G003T	0x91042	FUN_000847f6	FUN_00091042	FUN_000847f6	80	4ce145a218edd256f026f42990f017e4ee76fd54d6689f5917554c63e2b969b0	source_unnamed	unique_full_body_sha256
LF9D012H	0x1B63E0	LF9G003T	0x1CB878	FUN_001b63e0	FUN_001cb878	FUN_001b63e0	350	4ceba9477cfb3b485401bd5c0635a9c087a3abdbe7956ab8a20a6b96682e197e	source_unnamed	unique_full_body_sha256
LF9D012H	0x6D952	LF9G003T	0x7A186	FUN_0006d952	FUN_0007a186	FUN_0006d952	160	4d5265e9be7abf039788fb74f3590c55ed0e6132918304d40604e57cc05061e0	source_unnamed	unique_full_body_sha256
LF9D012H	0x1296E4	LF9G003T	0x137BE8	FUN_001296e4	FUN_00137be8	FUN_001296e4	110	4d548de97fdcbadede207b88962b0a074dc66c0052b35a25c27c05df39e5f742	source_unnamed	unique_full_body_sha256
LF9D012H	0x1F53BC	LF9G003T	0x20B734	FUN_001f53bc	FUN_0020b734	FUN_001f53bc	28	4dcd07b11d6d253bd64d3ee6cc31c258a3dad69045b8669e2c2c0ba065d780db	source_unnamed	unique_full_body_sha256
LF9D012H	0x27E3BC	LF9G003T	0x27E590	FUN_0027e3bc	FUN_0027e590	FUN_0027e3bc	192	4dcd111445837f450bae7c5519bf5b9813a3a36944f332c599eb0a57798ddf1c	source_unnamed	unique_full_body_sha256
LF9D012H	0x19B7D8	LF9G003T	0x1AF83C	FUN_0019b7d8	FUN_001af83c	FUN_0019b7d8	64	4dd11bda6f8b97f1d3ac10f93d6967bcd9213b885288d67aa3e27fe2154993f6	source_unnamed	unique_full_body_sha256
LF9D012H	0x1E26F8	LF9G003T	0x1F8818	thunk_FUN_001e338c	thunk_FUN_001f94ac	thunk_FUN_001e338c	6	4dd50cb29653da926723cbfafa2a9d6d12a690827ad44f4105e2852377f45d4c	source_unnamed	unique_full_body_sha256
LF9D012H	0x9DCF6	LF9G003T	0xAA61A	FUN_0009dcf6	FUN_000aa61a	FUN_0009dcf6	32	4de87e39a7d8b05bb24ffcd52273b24743b969ca3ea8d92b90f2c8b3f0af517a	source_unnamed	unique_full_body_sha256
LF9D012H	0x1E089A	LF9G003T	0x1F69BA	FUN_001e089a	FUN_001f69ba	FUN_001e089a	36	4e3668abb87d699bd96e628dba7c64fed7478cec38847f3da38b3a9ef57572d3	source_unnamed	unique_full_body_sha256
LF9D012H	0x173274	LF9G003T	0x186470	FUN_00173274	FUN_00186470	FUN_00173274	54	4e5381f4ca0b7b16b16e34d91f11c9711e744a3e03214d3c28073abede2b5c7a	source_unnamed	unique_full_body_sha256
LF9D012H	0xAAB04	LF9G003T	0xB7FA8	FUN_000aab04	FUN_000b7fa8	FUN_000aab04	78	4ea753876b2cc57dec3c921a8ff129cc3cfb9c19bd061348efa847b44cb05f72	source_unnamed	unique_full_body_sha256
LF9D012H	0x1B54AC	LF9G003T	0x1CA944	FUN_001b54ac	FUN_001ca944	FUN_001b54ac	318	4ed35044f6a7ca459982b80c3165c8c793b6144007a12056edce0bf29eab231f	source_unnamed	unique_full_body_sha256
LF9D012H	0xAF858	LF9G003T	0xBCCFC	FUN_000af858	FUN_000bccfc	FUN_000af858	280	4ed8915041fa34a9d05e6cb46d1b10eef41f985cff386657c40162195845149a	source_unnamed	unique_full_body_sha256
LF9D012H	0xF4A38	LF9G003T	0x102630	FUN_000f4a38	FUN_00102630	FUN_000f4a38	66	4eeec4352bfe39540f036adb231dd0816ef4b7e16aa07446c2fea87562626e66	source_unnamed	unique_full_body_sha256
LF9D012H	0xA2B0E	LF9G003T	0xAF432	comm_clear_tx_status	comm_clear_tx_status	comm_clear_tx_status	10	4f44e4cfdbd1186c18172fefeda75bef82cb94858e8ddb1c3bedaf966584a410	already_named	unique_full_body_sha256
LF9D012H	0x1D7BE4	LF9G003T	0x1EDD04	cal_table_get_byte	cal_table_get_byte	cal_table_get_byte	8	4f53da13e181619685542d69048c4246d1b130c83f0c1c2ba428e34878bd9366	already_named	unique_full_body_sha256
LF9D012H	0xAAD04	LF9G003T	0xB81A8	FUN_000aad04	FUN_000b81a8	FUN_000aad04	74	4f5650de2735c30d07db58be8cb9b79adafb896f9ba4daf9252ec1887e5d613c	source_unnamed	unique_full_body_sha256
LF9D012H	0x1BB240	LF9G003T	0x1D06D8	FUN_001bb240	FUN_001d06d8	FUN_001bb240	56	4f7ec2baeb6ce338c6e64a8f3ba73415e1629a560b3af6703956df0d089615e8	source_unnamed	unique_full_body_sha256
LF9D012H	0x14F508	LF9G003T	0x162220	FUN_0014f508	FUN_00162220	FUN_0014f508	178	4f7fde6279e69b51e747384045c5fb6c63fc64ef7cae79e3f63367b9fe285835	source_unnamed	unique_full_body_sha256
LF9D012H	0x1F48CC	LF9G003T	0x20AC44	kernel_exit_and_dispatch	kernel_exit_and_dispatch	kernel_exit_and_dispatch	128	4f846727ed6174dc5795b407878deeadc3706b2a5e1d9a6164d940f38326e015	already_named	unique_full_body_sha256
LF9D012H	0x19D774	LF9G003T	0x1B17D8	FUN_0019d774	FUN_001b17d8	FUN_0019d774	36	4f9b8fd6f1ca519de04031c8d4d0b52d98d14fd72b8e92e643ee0c2bfe9762a5	source_unnamed	unique_full_body_sha256
LF9D012H	0x1B39EC	LF9G003T	0x1C8E84	interp_1d_axis_u32_data_u32_via_helper	interp_1d_axis_u32_data_u32_via_helper	interp_1d_axis_u32_data_u32_via_helper	142	4fa2db22057712bd8e0b8b75e8134868d7e3d6da2fa38f9f3b26b69c5f45ba1c	already_named	unique_full_body_sha256
LF9D012H	0x6EB30	LF9G003T	0x7B364	FUN_0006eb30	FUN_0007b364	FUN_0006eb30	40	4fbb799a3b57b924af4e009b6426b4f6cfefde21418599d6cd1820098f3f83e3	source_unnamed	unique_full_body_sha256
LF9D012H	0x11AF1C	LF9G003T	0x1293A8	FUN_0011af1c	FUN_001293a8	FUN_0011af1c	84	4fbce132397cd1478bdc69ac18b8f8a513c3761b3d4dca4d751537fa912d6dbe	source_unnamed	unique_full_body_sha256
LF9D012H	0x1EC4C8	LF9G003T	0x202808	FUN_001ec4c8	FUN_00202808	FUN_001ec4c8	162	4fbfdca72e66fa7786f0206f2af0bfc92f0e5030421659b83383e7019076e8d2	source_unnamed	unique_full_body_sha256
LF9D012H	0x6E2D6	LF9G003T	0x7AB0A	FUN_0006e2d6	FUN_0007ab0a	FUN_0006e2d6	58	4fc5451509c476a58131bec2395f730588479f4a9c28ab68d1a915d5f2845024	source_unnamed	unique_full_body_sha256
LF9D012H	0x12D3C0	LF9G003T	0x13B888	FUN_0012d3c0	FUN_0013b888	FUN_0012d3c0	20	4fcf10474e7777ac1a4a9322da2dcf17bab89d94fd4b49177617aa766e038fda	source_unnamed	unique_full_body_sha256
LF9D012H	0x94822	LF9G003T	0xA1146	FUN_00094822	FUN_000a1146	FUN_00094822	78	4fda1a99ce086f62813e0e09fc98417d3b20f17eb7c4f8a0a8f97fba61398dd8	source_unnamed	unique_full_body_sha256
LF9D012H	0x11376C	LF9G003T	0x121B6C	FUN_0011376c	FUN_00121b6c	FUN_0011376c	50	501651f2a95273240013a7c492204f4bd2b1a846f1849ab013eced7e63f8e635	source_unnamed	unique_full_body_sha256
LF9D012H	0x6DC4	LF9G003T	0x6DC4	FUN_00006dc4	FUN_00006dc4	FUN_00006dc4	24	501839f13763247ec1cc805778459949924bf36fe3cc70b599af621c41022e91	source_unnamed	unique_full_body_sha256
LF9D012H	0x1DFA3E	LF9G003T	0x1F5B5E	FUN_001dfa3e	FUN_001f5b5e	FUN_001dfa3e	70	506f4698867001748880c31ac5fab8a05ab247b500e8f6cab055bf112edd0757	source_unnamed	unique_full_body_sha256
LF9D012H	0x1EE7D6	LF9G003T	0x204B16	FUN_001ee7d6	FUN_00204b16	FUN_001ee7d6	6	5083a742400456fa642953058745ef655d72ecc9adc96f7f8d3422ffa5c2e4c2	source_unnamed	unique_full_body_sha256
LF9D012H	0xAA9A8	LF9G003T	0xB7E4C	FUN_000aa9a8	FUN_000b7e4c	FUN_000aa9a8	100	509d12719df38d380d1b475f0f81d288725794e0e2ed72a59f8cfff9c3298855	source_unnamed	unique_full_body_sha256
LF9D012H	0x12DCE0	LF9G003T	0x13C1A8	FUN_0012dce0	FUN_0013c1a8	FUN_0012dce0	94	50ae9dce71b65d5179a82c4c2972c5a87aed05252d1b419b94508b4d970381d1	source_unnamed	unique_full_body_sha256
LF9D012H	0x1B3DA0	LF9G003T	0x1C9238	interp_1d_axis_s16_data_s16	interp_1d_axis_s16_data_s16	interp_1d_axis_s16_data_s16	124	50b6ea08e4e0cc1a17796ab3c90d2e44db076fab6484d736bc9127291808d52c	already_named	unique_full_body_sha256
LF9D012H	0x1EE9DE	LF9G003T	0x204D1E	FUN_001ee9de	FUN_00204d1e	FUN_001ee9de	14	50db86e57e838e1c7670bda622c54b37bf66342bef8e491d79d7d060c71ac0cf	source_unnamed	unique_full_body_sha256
LF9D012H	0x71D8	LF9G003T	0x71A0	FUN_000071d8	FUN_000071a0	FUN_000071d8	216	51049d2c7d16b087cc501e9a10fcf20970eca65712764b81fdaacbc85bea273b	source_unnamed	unique_full_body_sha256
LF9D012H	0x27CE34	LF9G003T	0x27D008	FUN_0027ce34	FUN_0027d008	FUN_0027ce34	40	510c8d6b718c6d677f20b2992011c2a46903a2f7c57f600eb4c822e08d593f8c	source_unnamed	unique_full_body_sha256
LF9D012H	0x1B7980	LF9G003T	0x1CCE18	interp_2d_ax_u32_u8_data_s	interp_2d_ax_u32_u8_data_s	interp_2d_ax_u32_u8_data_s	352	5122ab159ccdb0acffa4926a53d18e3dd5a732467b6c7b59ee3f3aac53b96b8b	already_named	unique_full_body_sha256
LF9D012H	0x1D711E	LF9G003T	0x1ED23E	FUN_001d711e	FUN_001ed23e	FUN_001d711e	10	5147faa8edd3689729cbafbe0598aa2b6b709b91b23c42d380e47ac73ad26871	source_unnamed	unique_full_body_sha256
LF9D012H	0x1E3714	LF9G003T	0x1F9834	FUN_001e3714	FUN_001f9834	FUN_001e3714	42	514d8a2d6a8e12685a4c2408bdb304c2081f1a7f3c5830c94d5c3a96c7f61072	source_unnamed	unique_full_body_sha256
LF9D012H	0x1E338C	LF9G003T	0x1F94AC	FUN_001e338c	FUN_001f94ac	FUN_001e338c	28	514f1a6ee68e44468cd5e23c1ae6ad41d8fff1bdd4509ac00c7ad8ed8ed4fa62	source_unnamed	unique_full_body_sha256
LF9D012H	0x768EC	LF9G003T	0x83120	FUN_000768ec	FUN_00083120	FUN_000768ec	170	515c324c3abd236cac0aad435ca357ffb734f3c5f59bfebab5658c377455c0d3	source_unnamed	unique_full_body_sha256
LF9D012H	0x1E0AFE	LF9G003T	0x1F6C1E	FUN_001e0afe	FUN_001f6c1e	FUN_001e0afe	6	51723fe9b89f0d2d1ebecb9bf12f57c7ad123e3c6dfdd7db830835466bc08c09	source_unnamed	unique_full_body_sha256
LF9D012H	0x1DE418	LF9G003T	0x1F4538	hcan0_halt	hcan0_halt	hcan0_halt	18	51869e3b1acbaa6f8e53745e06139a48b7de3aecbba9ed7cbafac1ca6e9cdc7a	already_named	unique_full_body_sha256
LF9D012H	0x9D9E6	LF9G003T	0xAA30A	FUN_0009d9e6	FUN_000aa30a	FUN_0009d9e6	168	51ad4d2d789b70aa1822fcd7fd3553189d2a41a5c8542801cb9de6dbf4959bce	source_unnamed	unique_full_body_sha256
LF9D012H	0x6ED18	LF9G003T	0x7B54C	FUN_0006ed18	FUN_0007b54c	FUN_0006ed18	40	520809b12baaa32144e5c0efe1590ea2cf9db053c03e9dc811f57846a9e4bb4e	source_unnamed	unique_full_body_sha256
LF9D012H	0xA8F06	LF9G003T	0xB6356	FUN_000a8f06	FUN_000b6356	FUN_000a8f06	222	521fed7351bfcb86ce74bf7743a8eb7debd22371356ede6de2541bb64734d076	source_unnamed	unique_full_body_sha256
LF9D012H	0x8998E	LF9G003T	0x961EE	FUN_0008998e	FUN_000961ee	FUN_0008998e	32	523c147275f1f4b7895745159c7f8b167ed95fc6e7ee69237767bc95b7272477	source_unnamed	unique_full_body_sha256
LF9D012H	0xAB1B2	LF9G003T	0xB8656	FUN_000ab1b2	FUN_000b8656	FUN_000ab1b2	114	524d10e37cacde77b641a9c63c855015befc59d9f436bd8c296f2331c66af630	source_unnamed	unique_full_body_sha256
LF9D012H	0x1B4784	LF9G003T	0x1C9C1C	FUN_001b4784	FUN_001c9c1c	FUN_001b4784	276	526b46d88510ffc8d4922e57e215c82665a41aca5c65ef7b4379c29c1d189d37	source_unnamed	unique_full_body_sha256
LF9D012H	0x1B5BD4	LF9G003T	0x1CB06C	interp_2d_ax_u32_u16_data_s	interp_2d_ax_u32_u16_data_s	interp_2d_ax_u32_u16_data_s	340	529b640b716d6d86671d65b730a1cbcb55cb0cde0ea52fe3cf8fc148b047127c	already_named	unique_full_body_sha256
LF9D012H	0x1B0EE4	LF9G003T	0x1C6374	FUN_001b0ee4	FUN_001c6374	FUN_001b0ee4	98	52a71a3a8bc2691944da537660877059297c9d583a8c2241426b596a300fe51a	source_unnamed	unique_full_body_sha256
LF9D012H	0x1CCFB4	LF9G003T	0x1E244C	FUN_001ccfb4	FUN_001e244c	FUN_001ccfb4	122	52b6f0e053b53d1897e9df2ec862b9b865bd20392f1ebb35156218c559d755a3	source_unnamed	unique_full_body_sha256
LF9D012H	0x189DF8	LF9G003T	0x19DDF4	FUN_00189df8	FUN_0019ddf4	FUN_00189df8	14	52dc69acbfc3e92c35005f8d851c505bf8466b150e681010fc9336cbaf5cb0f9	source_unnamed	unique_full_body_sha256
LF9D012H	0xB61D4	LF9G003T	0xC36E0	FUN_000b61d4	FUN_000c36e0	FUN_000b61d4	324	52f015e5faa74b942698144fac0530025751e79dee117cda6699098df5c18684	source_unnamed	unique_full_body_sha256
LF9D012H	0xE6324	LF9G003T	0xF3D90	FUN_000e6324	FUN_000f3d90	FUN_000e6324	264	52f4edf0e1d4f69698d7b10374c318346546e8dce2009626ce74351e61b4b2d3	source_unnamed	unique_full_body_sha256
LF9D012H	0x10813C	LF9G003T	0x115E6C	FUN_0010813c	FUN_00115e6c	FUN_0010813c	148	530e050bbdec60cf6198f394e63f775f2e11ba04b1782c719ee8e70e754b9b9e	source_unnamed	unique_full_body_sha256
LF9D012H	0x192C0C	LF9G003T	0x1A6C04	FUN_00192c0c	FUN_001a6c04	FUN_00192c0c	248	533e2af9a3b8c7afee8fbf8bd9fb703fa244cd29ac092bfb9bf0a9f6d3e91048	source_unnamed	unique_full_body_sha256
LF9D012H	0xAF9DA	LF9G003T	0xBCE7E	FUN_000af9da	FUN_000bce7e	FUN_000af9da	42	538291108c90dec44cb9c49751a1ab9abbf964a71dd87ca393b3c14557023b84	source_unnamed	unique_full_body_sha256
LF9D012H	0x12942C	LF9G003T	0x137930	FUN_0012942c	FUN_00137930	FUN_0012942c	46	53bd7cdaadf72533e5967abc5187c0268d0dc3fd82c4e5049b61ccdfe0e4cbc0	source_unnamed	unique_full_body_sha256
LF9D012H	0x1D80BA	LF9G003T	0x1EE1DA	FUN_001d80ba	FUN_001ee1da	FUN_001d80ba	62	53dd90ffc4063bf2fa747ded4f12b25f434a3d187a71d3dbe61c597e9d82560a	source_unnamed	unique_full_body_sha256
LF9D012H	0x1D6A5E	LF9G003T	0x1ECB7E	hcan_stat_bit10_read	hcan_stat_bit10_read	hcan_stat_bit10_read	10	543a0a29f80f636b4cfbabee844435ce3e89f7296cb7468dc366aa6c34ec360d	already_named	unique_full_body_sha256
LF9D012H	0x6DD60	LF9G003T	0x7A594	FUN_0006dd60	FUN_0007a594	FUN_0006dd60	150	544a195bdfdd6c2582957e86368b2f4e60ba468542361426e2bc3ef2367cdd85	source_unnamed	unique_full_body_sha256
LF9D012H	0x707BC	LF9G003T	0x7CFF0	FUN_000707bc	FUN_0007cff0	FUN_000707bc	130	544e5747f3290c64c39a74e69f92691b6e5e6f9149eff5989e096c770174217a	source_unnamed	unique_full_body_sha256
LF9D012H	0x18347C	LF9G003T	0x1974F0	FUN_0018347c	FUN_001974f0	FUN_0018347c	48	54503d2d5356990168c3d078caf81f982590bb6d4f8b5ad320278e4fd74f0782	source_unnamed	unique_full_body_sha256
LF9D012H	0x1B75F0	LF9G003T	0x1CCA88	FUN_001b75f0	FUN_001cca88	FUN_001b75f0	306	545e0d03be045ba18159c98f009b3d2f13298e82a21d0a34c8a280fb343dc925	source_unnamed	unique_full_body_sha256
LF9D012H	0x1D2C14	LF9G003T	0x1E88DC	FUN_001d2c14	FUN_001e88dc	FUN_001d2c14	44	548d5b88cf41e349ad282a8842240da1f26648e6035035f8f27f71e35c869f79	source_unnamed	unique_full_body_sha256
LF9D012H	0x18F818	LF9G003T	0x1A3810	FUN_0018f818	FUN_001a3810	FUN_0018f818	82	54bfbc91cb433a5e75ea0917afed78f53e4159e62f934de6874d1467a1675c59	source_unnamed	unique_full_body_sha256
LF9D012H	0x8936C	LF9G003T	0x95BCC	FUN_0008936c	FUN_00095bcc	FUN_0008936c	10	54ce2f499158d7e611a4f79e662800023448f1071f975ab2236a3d107c01324f	source_unnamed	unique_full_body_sha256
LF9D012H	0x727A8	LF9G003T	0x7EFDC	FUN_000727a8	FUN_0007efdc	FUN_000727a8	20	54d02bce276112b57d8fbd619480135f16c9b98fa5b21ec15e3a896ad587bca1	source_unnamed	unique_full_body_sha256
LF9D012H	0xC9D64	LF9G003T	0xD77BC	saturating_shl1_u16	saturating_shl1_u16	saturating_shl1_u16	24	54d2747ca5638100a8180e29775668ba140c2dd5f34fd8a286a098044053933f	already_named	unique_full_body_sha256
LF9D012H	0x7429C	LF9G003T	0x80AD0	FUN_0007429c	FUN_00080ad0	FUN_0007429c	10	54eb5ff1965f6608b134c70bbee6b64331404fdfe2cfc0162eb5909222a5084c	source_unnamed	unique_full_body_sha256
LF9D012H	0x1F21EA	LF9G003T	0x20852A	FUN_001f21ea	FUN_0020852a	FUN_001f21ea	68	54fd4f65f369be74ec50a2dfa1aef7e642b65d987156bbbc20bcc1073cbace99	source_unnamed	unique_full_body_sha256
LF9D012H	0x1DC05C	LF9G003T	0x1F217C	FUN_001dc05c	FUN_001f217c	FUN_001dc05c	10	553cf4c2d798205fa2d7810572fbd6afd61fdd70ae7ff56c1a3ab27c9e63722f	source_unnamed	unique_full_body_sha256
LF9D012H	0x9DC58	LF9G003T	0xAA57C	thunk_FUN_0009dd9c	thunk_FUN_000aa6c0	thunk_FUN_0009dd9c	4	55683b7887fbf6cc6c3f80919a7fbab30c1e4c1d10ee642fff53cb6021060dd1	source_unnamed	unique_full_body_sha256
LF9D012H	0x1D6DBE	LF9G003T	0x1ECEDE	FUN_001d6dbe	FUN_001ecede	FUN_001d6dbe	8	55937b7f97d01cd562da9342dc1f4efb41985c0b2c3efa6006571f770eb7a7e5	source_unnamed	unique_full_body_sha256
LF9D012H	0x17FFEC	LF9G003T	0x193B90	FUN_0017ffec	FUN_00193b90	FUN_0017ffec	60	559d4699ed0e0a1ef560180218015217ad846dce55c5045fa5caa5a355084bbd	source_unnamed	unique_full_body_sha256
LF9D012H	0x1E1ADC	LF9G003T	0x1F7BFC	FUN_001e1adc	FUN_001f7bfc	FUN_001e1adc	10	55a5eaa63dda771126ad54cff09590e6c229f140cce7053a5819ababb0ff6100	source_unnamed	unique_full_body_sha256
LF9D012H	0x1DD560	LF9G003T	0x1F3680	build_frame_descriptor_ctrl	build_frame_descriptor_ctrl	build_frame_descriptor_ctrl	172	55aa8cc0cb9f7060609ad7da1439d2e5a31b04391a8686a8c57d2714eafc7f3d	already_named	unique_full_body_sha256
LF9D012H	0x7083E	LF9G003T	0x7D072	FUN_0007083e	FUN_0007d072	FUN_0007083e	210	55b38cd889c03cc72540fd6eae28ee057464c04f997cefeaabdd17348b4a54af	source_unnamed	unique_full_body_sha256
LF9D012H	0xE7AE0	LF9G003T	0xF554C	FUN_000e7ae0	FUN_000f554c	FUN_000e7ae0	30	55c2477bf4d4eb210a5b22bd1b1335f733b4d1fd066105b0a12f16d46cc84b9b	source_unnamed	unique_full_body_sha256
LF9D012H	0x122C5C	LF9G003T	0x131138	FUN_00122c5c	FUN_00131138	FUN_00122c5c	36	55c722321c30efa081fc12094a5b931fd678ff798da989815ff626eff29ec07f	source_unnamed	unique_full_body_sha256
LF9D012H	0x12D82C	LF9G003T	0x13BCF4	FUN_0012d82c	FUN_0013bcf4	FUN_0012d82c	52	55f0244c7b5cf4fbf172b6beae8183908632318ed8e72d7500d9a99ed12afbf3	source_unnamed	unique_full_body_sha256
LF9D012H	0xB33A8	LF9G003T	0xC084C	FUN_000b33a8	FUN_000c084c	FUN_000b33a8	52	55feb71782cffcd7fa054d2619ed8d65483744d9e172514f937cead63bb7ab62	source_unnamed	unique_full_body_sha256
LF9D012H	0x10AED4	LF9G003T	0x118C04	FUN_0010aed4	FUN_00118c04	FUN_0010aed4	62	560b56fe0099f9ffe11ed0c87d5440b29d21add6b47cf71ae2177c4792a7925a	source_unnamed	unique_full_body_sha256
LF9D012H	0x1C9FF4	LF9G003T	0x1DF48C	FUN_001c9ff4	FUN_001df48c	FUN_001c9ff4	130	5616d8b87915946817a869ab602d145c769494e0dd2f81b4a5a4eff2a6329b9f	source_unnamed	unique_full_body_sha256
LF9D012H	0x77F7A	LF9G003T	0x847AE	FUN_00077f7a	FUN_000847ae	FUN_00077f7a	10	5637e7aac49b0256ca0fb960f3d0949455463edea367d2daf4451c730a4a2c87	source_unnamed	unique_full_body_sha256
LF9D012H	0x1D5C42	LF9G003T	0x1EBD62	serial_wait_tx_ready_mode4	serial_wait_tx_ready_mode4	serial_wait_tx_ready_mode4	52	5683d5bfdefa37ac362c3010e180c6b7fe305b5ee02595c11568317cebdc1020	already_named	unique_full_body_sha256
LF9D012H	0x181C50	LF9G003T	0x195CD0	FUN_00181c50	FUN_00195cd0	FUN_00181c50	52	56d2bcde55a6838603da5ff8b70f4f33c17c5917fda3c4fe51f2188b1ec36264	source_unnamed	unique_full_body_sha256
LF9D012H	0xDFD64	LF9G003T	0xED7D0	FUN_000dfd64	FUN_000ed7d0	FUN_000dfd64	160	56df29c3cae9c555144a2c8a283cae476d94e0942d85bb6c1a97f1148b5b3f40	source_unnamed	unique_full_body_sha256
LF9D012H	0x1078FC	LF9G003T	0x11562C	FUN_001078fc	FUN_0011562c	FUN_001078fc	30	56f42420c670eaf202bb1c25805cf1c35e20d20c0e3cd3ee6a07a5c5af2b08d5	source_unnamed	unique_full_body_sha256
LF9D012H	0x1B6DD8	LF9G003T	0x1CC270	interp_2d_ax_u16_u32_data_u	interp_2d_ax_u16_u32_data_u	interp_2d_ax_u16_u32_data_u	262	5707b62a7916024415566a8e2e5b60f11654bb8af0f2c15a67642ee8aada4918	already_named	unique_full_body_sha256
LF9D012H	0x1F38B4	LF9G003T	0x209BF4	FUN_001f38b4	FUN_00209bf4	FUN_001f38b4	260	571e3de5440833dc2ca9ea72ac7b4f6983bf695c0a7de04953f6d8e7d5772f60	source_unnamed	unique_full_body_sha256
LF9D012H	0x72BDE	LF9G003T	0x7F412	FUN_00072bde	FUN_0007f412	FUN_00072bde	158	5723a859c906f2e626dd274ceba19ad5a99412084fba2138c4452b53536420e4	source_unnamed	unique_full_body_sha256
LF9D012H	0x1B8410	LF9G003T	0x1CD8A8	FUN_001b8410	FUN_001cd8a8	FUN_001b8410	316	5728e5bc6949972f42954cdd0a8bbc8b465f7de7db94e3beb136c68e2537a7c5	source_unnamed	unique_full_body_sha256
LF9D012H	0x1089B4	LF9G003T	0x1166E4	FUN_001089b4	FUN_001166e4	FUN_001089b4	266	5729f00825c1987a224e911c25b19ec95fb14c761ff986e1fe4d68f845c47867	source_unnamed	unique_full_body_sha256
LF9D012H	0x1DBF06	LF9G003T	0x1F2026	FUN_001dbf06	FUN_001f2026	FUN_001dbf06	48	5746ab11fe7153233838565350bb1f0e26872cfa75591202f0ec1606f4fd7edf	source_unnamed	unique_full_body_sha256
LF9D012H	0x1DF7DC	LF9G003T	0x1F58FC	FUN_001df7dc	FUN_001f58fc	FUN_001df7dc	14	575a1007c74b4dd900ff98f1bb73a5541edfa2ac4700c5bc51bb60cb6eb74ea4	source_unnamed	unique_full_body_sha256
LF9D012H	0x1C9F20	LF9G003T	0x1DF3B8	FUN_001c9f20	FUN_001df3b8	FUN_001c9f20	66	5764fd209581a32c02bf42dbebd2f9e192d3be160e26af7226270d8732d147e4	source_unnamed	unique_full_body_sha256
LF9D012H	0x1DAA8E	LF9G003T	0x1F0BAE	FUN_001daa8e	FUN_001f0bae	FUN_001daa8e	10	5769ef54cf58b74b3f25791211123a0b81d17426e759ceffae637c44846a7a8e	source_unnamed	unique_full_body_sha256
LF9D012H	0xB81D4	LF9G003T	0xC56E0	FUN_000b81d4	FUN_000c56e0	FUN_000b81d4	282	577a3a0c7d15b87436428d6f172974dcdb3cc34432faf197cad6f00445ebec64	source_unnamed	unique_full_body_sha256
LF9D012H	0xAE1E4	LF9G003T	0xBB688	FUN_000ae1e4	FUN_000bb688	FUN_000ae1e4	208	577b6438b1f22cddbf4b1309e75ee310dff15b300143621a96ff5b7e99b9ab58	source_unnamed	unique_full_body_sha256
LF9D012H	0xA2BC8	LF9G003T	0xAF4EC	sa_read_request	sa_read_request	sa_read_request	120	5785c91d3ceb54fe5065b853ddc101584432cb282d7a5d117f594ae53c411e98	already_named	unique_full_body_sha256
LF9D012H	0x1D941A	LF9G003T	0x1EF53A	FUN_001d941a	FUN_001ef53a	FUN_001d941a	66	5786b3d117ef1f414214ae3d61eb746956769628c9fc4977e7c9c1ea456c5a99	source_unnamed	unique_full_body_sha256
LF9D012H	0x1EDD88	LF9G003T	0x2040C8	FUN_001edd88	FUN_002040c8	FUN_001edd88	28	578882114bc81054351de57c4946141d3d8797a355f531fc6d42362f3ec09942	source_unnamed	unique_full_body_sha256
LF9D012H	0x1B35EC	LF9G003T	0x1C8A84	interp_1d_hires_u32axis_via_helper	interp_1d_hires_u32axis_via_helper	interp_1d_hires_u32axis_via_helper	154	57afc5b7006894639292ead28a8ef2e645cf6ec1554b068b350c32c34aee08a5	already_named	unique_full_body_sha256
LF9D012H	0x6E23E	LF9G003T	0x7AA72	FUN_0006e23e	FUN_0007aa72	FUN_0006e23e	152	57f00c7161e0af8cfc234cd03e137190627e6c9b78fbe7e004d2fe90975358ef	source_unnamed	unique_full_body_sha256
LF9D012H	0x19F86C	LF9G003T	0x1B3980	FUN_0019f86c	FUN_001b3980	FUN_0019f86c	76	581118a4fb87024942025cbb412a8eac4eb27fd706ed2e288e1c8732f36a9203	source_unnamed	unique_full_body_sha256
LF9D012H	0x143A44	LF9G003T	0x154AB8	FUN_00143a44	FUN_00154ab8	FUN_00143a44	42	581e68b76dc666e7f0be0e3c068c6ce62a24a988ee8fa9f14396ff1b8952550f	source_unnamed	unique_full_body_sha256
LF9D012H	0xA79E4	LF9G003T	0xB4E34	FUN_000a79e4	FUN_000b4e34	FUN_000a79e4	18	581eb7b54859941fb913976b44725239cb64d9a43ff7a7882921e8326e12b546	source_unnamed	unique_full_body_sha256
LF9D012H	0x1E4B08	LF9G003T	0x1FAC28	FUN_001e4b08	FUN_001fac28	FUN_001e4b08	84	5826403241ad8db271275997d6a285fb69676cd9e399841832087ca3ede8bc43	source_unnamed	unique_full_body_sha256
LF9D012H	0x1CC698	LF9G003T	0x1E1B30	FUN_001cc698	FUN_001e1b30	FUN_001cc698	26	582dcf45cbf7b1e1672ee3e1a0f06cb221a0e197c13a9348e221eaccb28a5be2	source_unnamed	unique_full_body_sha256
LF9D012H	0x1316B0	LF9G003T	0x13FB7C	FUN_001316b0	FUN_0013fb7c	FUN_001316b0	14	583224725ff6e9f4f300870e375faf87867891f3296cc9b3f803785a1733f5a5	source_unnamed	unique_full_body_sha256
LF9D012H	0x1D7720	LF9G003T	0x1ED840	FUN_001d7720	FUN_001ed840	FUN_001d7720	130	583a9f5239ab0bc7f148aadda9541db940ff5e0d5b23e580e037757b918cda5a	source_unnamed	unique_full_body_sha256
LF9D012H	0x1F52E4	LF9G003T	0x20B65C	FUN_001f52e4	FUN_0020b65c	FUN_001f52e4	154	585ef5583466372bd78807f58214337e88c55355b0ae2478603aab3bf73fc42e	source_unnamed	unique_full_body_sha256
LF9D012H	0x8266C	LF9G003T	0x8EE9C	FUN_0008266c	FUN_0008ee9c	FUN_0008266c	32	5867941972fc2059d20af36ba7346746c4edd56f2c035a0ab95c82d0cb70318e	source_unnamed	unique_full_body_sha256
LF9D012H	0xC752A	LF9G003T	0xD4F6A	FUN_000c752a	FUN_000d4f6a	FUN_000c752a	28	5867b07bc6d5f313012c6638908a39136b45b446cacbb18dcba1ec1b35206462	source_unnamed	unique_full_body_sha256
LF9D012H	0x88B2C	LF9G003T	0x9538C	FUN_00088b2c	FUN_0009538c	FUN_00088b2c	296	58741c06e727638aab95a0e34d2cfc55b32c1e845e67fca7cd103827b10a645c	source_unnamed	unique_full_body_sha256
LF9D012H	0x1DBE7A	LF9G003T	0x1F1F9A	FUN_001dbe7a	FUN_001f1f9a	FUN_001dbe7a	48	58a7b2566cf76b7cafa0ca104750baefd1abc1832b418c70c83017d736cb6be2	source_unnamed	unique_full_body_sha256
LF9D012H	0x1F046C	LF9G003T	0x2067AC	thunk_FUN_001f0632	thunk_FUN_00206972	thunk_FUN_001f0632	6	58f0ef6ef18cd22622589d3fc52e3a280a0c9e3c4a9ee6f262c323a49505438a	source_unnamed	unique_full_body_sha256
LF9D012H	0x131A38	LF9G003T	0x13FF04	FUN_00131a38	FUN_0013ff04	FUN_00131a38	32	58fa5c48448f84e8130c97adc2b5c521606a3992f51fcbe4f8eb3ff0748e8a78	source_unnamed	unique_full_body_sha256
LF9D012H	0xAFD50	LF9G003T	0xBD1F4	FUN_000afd50	FUN_000bd1f4	FUN_000afd50	120	5921b692fd1ec5f4928047e22577309e7859263a7b585a6ea29b488aabd0241e	source_unnamed	unique_full_body_sha256
LF9D012H	0x1E3782	LF9G003T	0x1F98A2	FUN_001e3782	FUN_001f98a2	FUN_001e3782	82	594fe41c9c5121d0a1c1b4f2ca68a670bd3cdc2bbef9a6d5d1a14b6e4f1f0b38	source_unnamed	unique_full_body_sha256
LF9D012H	0x89D5C	LF9G003T	0x965BC	FUN_00089d5c	FUN_000965bc	FUN_00089d5c	170	596d6c8be76f90f12d4dc61aef21a9851440a59569e3f2cd504793507006315d	source_unnamed	unique_full_body_sha256
LF9D012H	0x27E47C	LF9G003T	0x27E650	FUN_0027e47c	FUN_0027e650	FUN_0027e47c	18	59bb212663d98b95f061f36c39be4a16779edec2d2efda3875c9202ec695c720	source_unnamed	unique_full_body_sha256
LF9D012H	0x17FE60	LF9G003T	0x193A04	FUN_0017fe60	FUN_00193a04	FUN_0017fe60	20	59d986cfb7785d8a028c075c69b2fff4362d7e2b112f3aedf513b4c73b686bea	source_unnamed	unique_full_body_sha256
LF9D012H	0x18A720	LF9G003T	0x19E70C	FUN_0018a720	FUN_0019e70c	FUN_0018a720	138	59dcff763cb6647519b49d1feecf0bf520091ebf46457dca6a150ed048487886	source_unnamed	unique_full_body_sha256
LF9D012H	0x1E0E54	LF9G003T	0x1F6F74	timer_capture_read_all	timer_capture_read_all	timer_capture_read_all	492	59f821d114c631cc1811c1d78b48969626f048eaf4152e6194a48d0441136dd5	already_named	unique_full_body_sha256
LF9D012H	0x1D6D82	LF9G003T	0x1ECEA2	FUN_001d6d82	FUN_001ecea2	FUN_001d6d82	30	5a053876c56c72dd763623f800d7bf6c190e428072b34483ed6496af8b0375ef	source_unnamed	unique_full_body_sha256
LF9D012H	0x1DE310	LF9G003T	0x1F4430	hcan0_controller_init	hcan0_controller_init	hcan0_controller_init	220	5a2ecdb890610bd8c8b8e1d8e5e8d7d3fb5fc6d0d1799c1ed9d5669120e227dd	already_named	unique_full_body_sha256
LF9D012H	0x9533A	LF9G003T	0xA1C5E	FUN_0009533a	FUN_000a1c5e	FUN_0009533a	10	5a3427938f1a95b2eea8704435fc7a3c09e5feaee0ac7df1881c4ec82e7bcff4	source_unnamed	unique_full_body_sha256
LF9D012H	0x1E17A4	LF9G003T	0x1F78C4	FUN_001e17a4	FUN_001f78c4	FUN_001e17a4	54	5a5f23b016a69e6ded15f62ce6b349ba4ad317d0de06567e6efdd02bcc809700	source_unnamed	unique_full_body_sha256
LF9D012H	0x1F4758	LF9G003T	0x20AAD0	FUN_001f4758	FUN_0020aad0	FUN_001f4758	328	5a8e0654814629dfe5ad603afc5384c8d92a57af47a6b0f60c135b06d9f30ad9	source_unnamed	unique_full_body_sha256
LF9D012H	0x1B8790	LF9G003T	0x1CDC28	FUN_001b8790	FUN_001cdc28	FUN_001b8790	276	5a9219b391e099ca93a51d43dd6597f68410155b81ffda3d83253bb5d52f5a40	source_unnamed	unique_full_body_sha256
LF9D012H	0xAD6FE	LF9G003T	0xBABA2	FUN_000ad6fe	FUN_000baba2	FUN_000ad6fe	62	5ab30b30adb559cac13613fde7c1438c84ca468200a70e209d8437a5b3d954ba	source_unnamed	unique_full_body_sha256
LF9D012H	0x1AB504	LF9G003T	0x1C080C	FUN_001ab504	FUN_001c080c	FUN_001ab504	94	5acb0609f01ecb72298175ddc154b7dc86a8ed504c5de8e8f86795591ea6ecff	source_unnamed	unique_full_body_sha256
LF9D012H	0x82FA4	LF9G003T	0x8F7E0	FUN_00082fa4	FUN_0008f7e0	FUN_00082fa4	256	5ad3b5a7e1ac5e0902540657214df3bc09142b84247b26b3bf9b4a772ac27d59	source_unnamed	unique_full_body_sha256
LF9D012H	0xB715E	LF9G003T	0xC466A	FUN_000b715e	FUN_000c466a	FUN_000b715e	140	5ae5a8530f5dc1586530e421c8ea995cfeaaa5c6f0830353ec87842ea355491f	source_unnamed	unique_full_body_sha256
LF9D012H	0x1E9C08	LF9G003T	0x1FFF48	FUN_001e9c08	FUN_001fff48	FUN_001e9c08	154	5af5d63f5bf766906133b1ec8a46f5c5753c9ed2c6b999403eacf32f66802a5c	source_unnamed	unique_full_body_sha256
LF9D012H	0x1D69E4	LF9G003T	0x1ECB04	sig_set_fwd_2a	sig_set_fwd_2a	sig_set_fwd_2a	8	5b1cab0f40ec93e6fd11d5a49f4adc55106c4b91e509a3f269a2f15ea65d9d3e	already_named	unique_full_body_sha256
LF9D012H	0x1F0C9C	LF9G003T	0x206FDC	FUN_001f0c9c	FUN_00206fdc	FUN_001f0c9c	10	5b2c8ef72c1d134120454e74832be20315a264473c13cd3efd545a8c9910aa1a	source_unnamed	unique_full_body_sha256
LF9D012H	0xA2A5E	LF9G003T	0xAF382	comm_service_step	comm_service_step	comm_service_step	86	5b56676dd362dd2329aac61d0a77f27b8379bde13e59f35085a21d522436bbcb	already_named	unique_full_body_sha256
LF9D012H	0x77BC	LF9G003T	0x7784	FUN_000077bc	FUN_00007784	FUN_000077bc	12	5b85a1a141d2fa63d40d9c3b4272321bda6f76fe8599a09b2f150ca49269a193	source_unnamed	unique_full_body_sha256
LF9D012H	0x1459A8	LF9G003T	0x156A08	FUN_001459a8	FUN_00156a08	FUN_001459a8	54	5b884b61339cdea9c6e4cc60bacd1584e4b16f968e38058957be59b1e7d1a515	source_unnamed	unique_full_body_sha256
LF9D012H	0x1E0D30	LF9G003T	0x1F6E50	timer_channel_init	timer_channel_init	timer_channel_init	120	5bac97c8c374522c06af4c816c5e2b7ffe004df0565309509b557238429a2c4a	already_named	unique_full_body_sha256
LF9D012H	0xFE46C	LF9G003T	0x10C060	FUN_000fe46c	FUN_0010c060	FUN_000fe46c	84	5baf6b4621cb358508b0c9a5821333d42651f897c84c3a94391aec1a3de00117	source_unnamed	unique_full_body_sha256
LF9D012H	0x1772B4	LF9G003T	0x18A4B0	FUN_001772b4	FUN_0018a4b0	FUN_001772b4	12	5bb449f233e226507082157366ec7aa86508056c0bbaa3a9c4a47ed73f3ee8a1	source_unnamed	unique_full_body_sha256
LF9D012H	0x1DAD74	LF9G003T	0x1F0E94	FUN_001dad74	FUN_001f0e94	FUN_001dad74	6	5bcd0ca88eca60e44d43ce196a2a64bd7c1db9aa939427af2e46e2105e5325b8	source_unnamed	unique_full_body_sha256
LF9D012H	0xA3C0E	LF9G003T	0xB0532	FUN_000a3c0e	FUN_000b0532	FUN_000a3c0e	92	5bd52459e189d3f6e7f5c1829d0b919d9ed349246465153b04316311b3fa466e	source_unnamed	unique_full_body_sha256
LF9D012H	0x1F0480	LF9G003T	0x2067C0	FUN_001f0480	FUN_002067c0	FUN_001f0480	434	5c0a14d06456c17583d2c815bc5232cd07a4c54b2bf0cd7e16e8507ca34cc605	source_unnamed	unique_full_body_sha256
LF9D012H	0x6ED68	LF9G003T	0x7B59C	FUN_0006ed68	FUN_0007b59c	FUN_0006ed68	40	5c0afc53f604b9eec557f19e852361bd8cef040641180b66d6d12abf1c013406	source_unnamed	unique_full_body_sha256
LF9D012H	0x1DBAC0	LF9G003T	0x1F1BE0	FUN_001dbac0	FUN_001f1be0	FUN_001dbac0	52	5c7c5c92c04d4b008258696db574590d3d6cef02d71a788e33df72061c981b23	source_unnamed	unique_full_body_sha256
LF9D012H	0x12A8F8	LF9G003T	0x138DFC	FUN_0012a8f8	FUN_00138dfc	FUN_0012a8f8	170	5c7dd38940a94e441672513ad56d53d5ba0486b2d3ed3bd58b0ad124d8d11df6	source_unnamed	unique_full_body_sha256
LF9D012H	0x1DC084	LF9G003T	0x1F21A4	FUN_001dc084	FUN_001f21a4	FUN_001dc084	10	5c92a6323de31d70f28da23226250a9526c70378ed5603b8e4434f1f0c5f161b	source_unnamed	unique_full_body_sha256
LF9D012H	0x11A634	LF9G003T	0x128AC0	FUN_0011a634	FUN_00128ac0	FUN_0011a634	72	5c99232a0c4d2851f957548eccfe72cc83b6d3da2eeb62b639348348aee21e4b	source_unnamed	unique_full_body_sha256
LF9D012H	0x1ACD98	LF9G003T	0x1C209C	FUN_001acd98	FUN_001c209c	FUN_001acd98	112	5ca518629e4d14cc7d40d44cf8577f63d94b027030fc8dd9fa0a93fa42d50eed	source_unnamed	unique_full_body_sha256
LF9D012H	0x9F956	LF9G003T	0xAC27A	FUN_0009f956	FUN_000ac27a	FUN_0009f956	30	5caa6b3846600da2cccd539cb4aea831191cbc0ead20471d31ec256d9f5973e3	source_unnamed	unique_full_body_sha256
LF9D012H	0x145188	LF9G003T	0x1561E8	FUN_00145188	FUN_001561e8	FUN_00145188	384	5d0815d6099c257fffed1752d25ff1291ee11442744fd971c2acefc21a84ffa3	source_unnamed	unique_full_body_sha256
LF9D012H	0x12D864	LF9G003T	0x13BD2C	FUN_0012d864	FUN_0013bd2c	FUN_0012d864	20	5d189d3061a0ce3a349827748822b017fdaed6a209c5aa2f531f3774ef57cdfb	source_unnamed	unique_full_body_sha256
LF9D012H	0x12C4CC	LF9G003T	0x13A9D0	FUN_0012c4cc	FUN_0013a9d0	FUN_0012c4cc	134	5d49840f4ce74d4ca9d14f179b8d55744178ecbc92659f936c383a0077cc951c	source_unnamed	unique_full_body_sha256
LF9D012H	0x7D7A2	LF9G003T	0x89FD2	FUN_0007d7a2	FUN_00089fd2	FUN_0007d7a2	36	5d52b7cffc3f3b5932fd9d2703dd82c6a6250cff449a67b2c5f20dfda7591203	source_unnamed	unique_full_body_sha256
LF9D012H	0x1DC0FC	LF9G003T	0x1F221C	FUN_001dc0fc	FUN_001f221c	FUN_001dc0fc	10	5d59dc0539d5e68a47584b5870c82ff37ad7fbf7f7f3301ef8b7b3b72a24bbed	source_unnamed	unique_full_body_sha256
LF9D012H	0x6E126	LF9G003T	0x7A95A	FUN_0006e126	FUN_0007a95a	FUN_0006e126	134	5d5af070f07d62367e625e9e7095e7a2f63a3acadf4ffc658b016c381efc1660	source_unnamed	unique_full_body_sha256
LF9D012H	0x94C7C	LF9G003T	0xA15A0	FUN_00094c7c	FUN_000a15a0	FUN_00094c7c	42	5d697dc9a7312793218d8846cf9ea888e2998d558144c98217111e182e7d3741	source_unnamed	unique_full_body_sha256
LF9D012H	0xC7506	LF9G003T	0xD4F46	FUN_000c7506	FUN_000d4f46	FUN_000c7506	36	5d6baf3d025397bf00ad2bc06508d840c284418c1327592025b74b9a734f08ca	source_unnamed	unique_full_body_sha256
LF9D012H	0x1D6A54	LF9G003T	0x1ECB74	hcan_stat_bit8_read	hcan_stat_bit8_read	hcan_stat_bit8_read	10	5d6c254d19bff9285c368ca291960e061cf3d7011b43c22f9fa92f3ddee1950d	already_named	unique_full_body_sha256
LF9D012H	0x1F3B08	LF9G003T	0x209E48	FUN_001f3b08	FUN_00209e48	FUN_001f3b08	92	5d6e0895373366a9c23f001b45eb371e932e56b1693f6d967b1f13c253bab356	source_unnamed	unique_full_body_sha256
LF9D012H	0xA9F1A	LF9G003T	0xB73BE	FUN_000a9f1a	FUN_000b73be	FUN_000a9f1a	128	5d785892678d471a8d4eb843b7c4c149f90c9151ecde571ba1a6d2b30333a827	source_unnamed	unique_full_body_sha256
LF9D012H	0x1EC44A	LF9G003T	0x20278A	FUN_001ec44a	FUN_0020278a	FUN_001ec44a	126	5d97d13d32299fb23c31dc1675b1b061649db0293fd21667fdf56a8dc0570ad4	source_unnamed	unique_full_body_sha256
LF9D012H	0xE6014	LF9G003T	0xF3A80	FUN_000e6014	FUN_000f3a80	FUN_000e6014	264	5d9a0b6d727ae38a21a640b6fe06d4d90605460aa648892d26fe284bc308b925	source_unnamed	unique_full_body_sha256
LF9D012H	0x27EC0A	LF9G003T	0x27EDDE	FUN_0027ec0a	FUN_0027edde	FUN_0027ec0a	16	5da18081222aed98f974eca5db9f1ff89e4bf8577c08b44dbd3680338e2e13f2	source_unnamed	unique_full_body_sha256
LF9D012H	0x1DAF1C	LF9G003T	0x1F103C	FUN_001daf1c	FUN_001f103c	FUN_001daf1c	44	5db2733124323850dd5263fcbe4cb786cce961c5f2616e8e6dbf55966e21899d	source_unnamed	unique_full_body_sha256
LF9D012H	0xA7488	LF9G003T	0xB48D8	FUN_000a7488	FUN_000b48d8	FUN_000a7488	14	5df1e39768b22e0d4fb9851840f6787ca6fba99dcd1ca80b2c54d2cc9d1d1549	source_unnamed	unique_full_body_sha256
LF9D012H	0x9EF0E	LF9G003T	0xAB832	FUN_0009ef0e	FUN_000ab832	FUN_0009ef0e	70	5e32d625715e10356a48d9637ada942e33ac0349cff214be6affadb7cdbf5a4b	source_unnamed	unique_full_body_sha256
LF9D012H	0xEB498	LF9G003T	0xF8F04	FUN_000eb498	FUN_000f8f04	FUN_000eb498	30	5e399291210964c60273d5d12b88cfb36a26e4a3235a3d95491fd6d70f624b96	source_unnamed	unique_full_body_sha256
LF9D012H	0x1E3674	LF9G003T	0x1F9794	FUN_001e3674	FUN_001f9794	FUN_001e3674	10	5e420df0013c8a63a78132da4535d469442602063c9c3fbe632e8a34b962df14	source_unnamed	unique_full_body_sha256
LF9D012H	0x71BF8	LF9G003T	0x7E42C	FUN_00071bf8	FUN_0007e42c	FUN_00071bf8	128	5e87eba83bf9e562b6c5db3e4616ec98491c40005083bde3c5c64d81a5ef21d7	source_unnamed	unique_full_body_sha256
LF9D012H	0xB24C4	LF9G003T	0xBF968	FUN_000b24c4	FUN_000bf968	FUN_000b24c4	16	5e9181c91c360f71f57239aa0605c6514525d20bd1826ddef6dab464769db97f	source_unnamed	unique_full_body_sha256
LF9D012H	0x1E1C3A	LF9G003T	0x1F7D5A	FUN_001e1c3a	FUN_001f7d5a	FUN_001e1c3a	8	5eb80a9e860f0b456e1db60ada03d22448fb9d0ecfc908121d76d3b0d66cb22a	source_unnamed	unique_full_body_sha256
LF9D012H	0x27D532	LF9G003T	0x27D706	FUN_0027d532	FUN_0027d706	FUN_0027d532	6	5ec01c57288ed49324a950ea1e40ca76eb395994baec3780b9128c8e3854532e	source_unnamed	unique_full_body_sha256
LF9D012H	0xB64F6	LF9G003T	0xC3A02	FUN_000b64f6	FUN_000c3a02	FUN_000b64f6	424	5ec57cb9a33a371eb6ed86a7df2e05b73c7d167a1a0f90f2b749f0a22f2de774	source_unnamed	unique_full_body_sha256
LF9D012H	0x17FC24	LF9G003T	0x1937C8	FUN_0017fc24	FUN_001937c8	FUN_0017fc24	16	5edbf964cca8b1f9a2b63a2d383de9994bc24bf7f9891dcc8e5a071b491e7700	source_unnamed	unique_full_body_sha256
LF9D012H	0x1D92D4	LF9G003T	0x1EF3F4	FUN_001d92d4	FUN_001ef3f4	FUN_001d92d4	18	5f03f1d5cc8330acf1bb33d841239bc69c306b1c4d98ea189eb74c5fbf369045	source_unnamed	unique_full_body_sha256
LF9D012H	0x1E3688	LF9G003T	0x1F97A8	FUN_001e3688	FUN_001f97a8	FUN_001e3688	10	5f15732b4d8a5b96cbea2922c6ba23780ed102417172fb3a1765b6037b3d66ee	source_unnamed	unique_full_body_sha256
LF9D012H	0xFD6AC	LF9G003T	0x10B2A0	FUN_000fd6ac	FUN_0010b2a0	FUN_000fd6ac	510	5f19dbfede7bb0b91db8b5bf56bfb7fd9727b5524b8c8bc87414fef86062dc82	source_unnamed	unique_full_body_sha256
LF9D012H	0xB8CFE	LF9G003T	0xC620A	FUN_000b8cfe	FUN_000c620a	FUN_000b8cfe	70	5f3b74b10a08940343bd82f5a293daefbdd07af873e47f0d8800069a41160d1a	source_unnamed	unique_full_body_sha256
LF9D012H	0x70F4	LF9G003T	0x70BC	FUN_000070f4	FUN_000070bc	FUN_000070f4	216	5f54208f26b5356876f5df454608b8292302aa4a3bb46d9533ed699c9784d466	source_unnamed	unique_full_body_sha256
LF9D012H	0x14A3A0	LF9G003T	0x15B400	FUN_0014a3a0	FUN_0015b400	FUN_0014a3a0	78	5f7916cae1f9499230e58d1b5f858103e9e2be698d47896c81f0b68718cb4eb8	source_unnamed	unique_full_body_sha256
LF9D012H	0x1EEE84	LF9G003T	0x2051C4	FUN_001eee84	FUN_002051c4	FUN_001eee84	36	5f8ef3905dea549110be7c0cacbcdea3f5138ca98d84c098dcb0ade0bb90d058	source_unnamed	unique_full_body_sha256
LF9D012H	0x6D72A	LF9G003T	0x79F5E	FUN_0006d72a	FUN_00079f5e	FUN_0006d72a	58	5f9d4a6991698749c4d71f992232ac774689b7d57ed2821e3600032611fe7275	source_unnamed	unique_full_body_sha256
LF9D012H	0xB3F2C	LF9G003T	0xC13D0	FUN_000b3f2c	FUN_000c13d0	FUN_000b3f2c	432	5fa090871a45aa24af2bf8e3c898d00857781538b3738c78293b17af809f6990	source_unnamed	unique_full_body_sha256
LF9D012H	0x1DE5E6	LF9G003T	0x1F4706	FUN_001de5e6	FUN_001f4706	FUN_001de5e6	6	5fa1c92f7b6031f19f4f9d42e941b5216d9b180797b44c0323833f381451ee32	source_unnamed	unique_full_body_sha256
LF9D012H	0xA85D8	LF9G003T	0xB5A28	FUN_000a85d8	FUN_000b5a28	FUN_000a85d8	102	5fa3a726584eea4631ab7fc1edc4638cfc967b6a95fd52de6db6cda69d82be7b	source_unnamed	unique_full_body_sha256
LF9D012H	0x12DAC0	LF9G003T	0x13BF88	FUN_0012dac0	FUN_0013bf88	FUN_0012dac0	24	5fb816e9d668b9dc580d82888534995a8665cc413cada16ced9528d81dfe4c08	source_unnamed	unique_full_body_sha256
LF9D012H	0x1DDAAC	LF9G003T	0x1F3BCC	FUN_001ddaac	FUN_001f3bcc	FUN_001ddaac	208	5fbcdead34fe68873c9526ad17e15ce3cd779c65238181cb71ce2471d12ea927	source_unnamed	unique_full_body_sha256
LF9D012H	0x19FE4C	LF9G003T	0x1B3F60	FUN_0019fe4c	FUN_001b3f60	FUN_0019fe4c	132	5fec0499619150c0d656375a60727dfc6b5dfa39148a7160809bfa42e18f15a6	source_unnamed	unique_full_body_sha256
LF9D012H	0x1DC098	LF9G003T	0x1F21B8	FUN_001dc098	FUN_001f21b8	FUN_001dc098	10	605372fb0a66f3b0f8442844c945bd80dd4e81e2c030f64882d16606391b34e3	source_unnamed	unique_full_body_sha256
LF9D012H	0x157DF8	LF9G003T	0x16ADD4	FUN_00157df8	FUN_0016add4	FUN_00157df8	38	6073bca0efc4e2b3486fda01ab9b23d9aacd561ced6b503514513b50878b0705	source_unnamed	unique_full_body_sha256
LF9D012H	0x1552B4	LF9G003T	0x167FBC	FUN_001552b4	FUN_00167fbc	FUN_001552b4	58	607f26b2d45a4f3dab07082a8439c6cdfd66ea89ff664004707d425273029aa8	source_unnamed	unique_full_body_sha256
LF9D012H	0x1BA498	LF9G003T	0x1CF930	FUN_001ba498	FUN_001cf930	FUN_001ba498	54	6084b5543e5317d68d67fd7fbade69dc72cbc4cab2aca767d67aa58aa34fb7ad	source_unnamed	unique_full_body_sha256
LF9D012H	0x1D7CDE	LF9G003T	0x1EDDFE	FUN_001d7cde	FUN_001eddfe	FUN_001d7cde	6	60adc480c59c1d8df38a426058ed69e3063a5f44eb43f4fc10a184ef2bb4351a	source_unnamed	unique_full_body_sha256
LF9D012H	0x1B3F28	LF9G003T	0x1C93C0	interp_1d_desc_axis_u16_data_u8	interp_1d_desc_axis_u16_data_u8	interp_1d_desc_axis_u16_data_u8	98	60bedf2aa7c5a26a8e3580915a5edd2b94f789149e1dd924f25f694baa6f4b25	already_named	unique_full_body_sha256
LF9D012H	0x1F0A20	LF9G003T	0x206D60	FUN_001f0a20	FUN_00206d60	FUN_001f0a20	10	60dd26b548c1465e1ed52c84d2fddcad223284dd7b04ea8e49a3127758677fdf	source_unnamed	unique_full_body_sha256
LF9D012H	0x27ED24	LF9G003T	0x27EEF8	FUN_0027ed24	FUN_0027eef8	FUN_0027ed24	62	60e3c6cf3702e26edf8ba082f62e5da6ca51897bb64742a3e0786a0fcaf057a7	source_unnamed	unique_full_body_sha256
LF9D012H	0x1EEEDA	LF9G003T	0x20521A	FUN_001eeeda	FUN_0020521a	FUN_001eeeda	30	60f40b58dd044169f5eca7bf7f92a501cc1db4bc6543932c161ebeefabad282a	source_unnamed	unique_full_body_sha256
LF9D012H	0x18F0C0	LF9G003T	0x1A30B8	FUN_0018f0c0	FUN_001a30b8	FUN_0018f0c0	26	6106fe4d8444f68ecbffb4612238ca382a09ff531ed01d176749bd66aab2a10c	source_unnamed	unique_full_body_sha256
LF9D012H	0x1D6ADC	LF9G003T	0x1ECBFC	can_write_rc_wrap	can_write_rc_wrap	can_write_rc_wrap	24	61675a5c8b8c6b1a6d36f3be42ffae76a36e7644e8d67007b71fde388f8e3fc5	already_named	unique_full_body_sha256
LF9D012H	0x1F180A	LF9G003T	0x207B4A	FUN_001f180a	FUN_00207b4a	FUN_001f180a	50	616abafdbc1aa10671cf0c081be860ab0fdaef5eeb21d7ba6820fe0498bc8b5a	source_unnamed	unique_full_body_sha256
LF9D012H	0xC8920	LF9G003T	0xD6378	flag_mirror_update_2way	flag_mirror_update_2way	flag_mirror_update_2way	22	6180199f5f0b83359e4cd99c633149c46f2f07b41fd3e75b2c107d427d771c10	already_named	unique_full_body_sha256
LF9D012H	0x1DE9B2	LF9G003T	0x1F4AD2	FUN_001de9b2	FUN_001f4ad2	FUN_001de9b2	8	61e7b956bb3835657d4e64b223603c86f88f4728705edffcd51c9143e97a3d09	source_unnamed	unique_full_body_sha256
LF9D012H	0x1DE5D0	LF9G003T	0x1F46F0	FUN_001de5d0	FUN_001f46f0	FUN_001de5d0	6	6228264d74e16040612ab32b122b471564127c9210e567e8e8adbd638ed49c3a	source_unnamed	unique_full_body_sha256
LF9D012H	0x7137E	LF9G003T	0x7DBB2	FUN_0007137e	FUN_0007dbb2	FUN_0007137e	282	6243f4e9f45c48ddab637a223b92d65c58b4fc658688004883e39726bbf2449d	source_unnamed	unique_full_body_sha256
LF9D012H	0x1CBE20	LF9G003T	0x1E12B8	FUN_001cbe20	FUN_001e12b8	FUN_001cbe20	90	62605e4c726ef82821f859a4d94b8269739d9a7155a2f9e8c75e1785fb485e85	source_unnamed	unique_full_body_sha256
LF9D012H	0x8262A	LF9G003T	0x8EE5A	FUN_0008262a	FUN_0008ee5a	FUN_0008262a	68	626682a940d73477929254294afaebca6dfc73e8b83ea329297bbca144e43f12	source_unnamed	unique_full_body_sha256
LF9D012H	0x1F4D58	LF9G003T	0x20B0D0	check_wait_allowed	check_wait_allowed	check_wait_allowed	24	6294c092a010f1d769c3b5bebdabcee8e987b7afea46947193c76bbd352aa280	already_named	unique_full_body_sha256
LF9D012H	0x90276	LF9G003T	0x9CB9A	FUN_00090276	FUN_0009cb9a	FUN_00090276	554	62959095f475048d237949d9f486d65fa879a8e574e8cb3a487847408e4d04e5	source_unnamed	unique_full_body_sha256
LF9D012H	0xBAB44	LF9G003T	0xC8050	FUN_000bab44	FUN_000c8050	FUN_000bab44	170	629ba48ca434d2a4d00a3064ad5c7e4753bab32e6d4770a314cc0548e459fa5c	source_unnamed	unique_full_body_sha256
LF9D012H	0xD270C	LF9G003T	0xE0180	FUN_000d270c	FUN_000e0180	FUN_000d270c	52	62a5a5eafc6795133f5c6d01a47b2198233f675db3c377c3dd35689558346d72	source_unnamed	unique_full_body_sha256
LF9D012H	0x6D880	LF9G003T	0x7A0B4	FUN_0006d880	FUN_0007a0b4	FUN_0006d880	152	62debae641ca3c150c4c5c114d4456ee98feedd322e91cf6d15bf1a7dc646572	source_unnamed	unique_full_body_sha256
LF9D012H	0x1F1C62	LF9G003T	0x207FA2	FUN_001f1c62	FUN_00207fa2	FUN_001f1c62	26	62e6734adf0af6a705efc288062dff4f0605509514c953a481ed08e621cd294d	source_unnamed	unique_full_body_sha256
LF9D012H	0x27D538	LF9G003T	0x27D70C	FUN_0027d538	FUN_0027d70c	FUN_0027d538	6	62ed5561922cf04471225fd9dd583c7cd9924ec9347a9b582f0805ad58e45d50	source_unnamed	unique_full_body_sha256
LF9D012H	0x73F4	LF9G003T	0x73BC	FUN_000073f4	FUN_000073bc	FUN_000073f4	38	630255e4a10da2cb51a2ac7ec8b0a7787d0a9792f95efb660652a4ca97703055	source_unnamed	unique_full_body_sha256
LF9D012H	0x1344CC	LF9G003T	0x142998	FUN_001344cc	FUN_00142998	FUN_001344cc	64	6354e148dbf721cb74074b912499ed9264a8c060e0a13fb69ef8b32193da0284	source_unnamed	unique_full_body_sha256
LF9D012H	0x1DDCF6	LF9G003T	0x1F3E16	frame_gear_block_zero	frame_gear_block_zero	frame_gear_block_zero	72	6369821b7c7be2d78cd11a599dd46d6eb7ab635eb82295b75a3aee98311b03a3	already_named	unique_full_body_sha256
LF9D012H	0x1E9080	LF9G003T	0x1FF3C0	FUN_001e9080	FUN_001ff3c0	FUN_001e9080	110	638b3b6905f7920efc142299ead8f9111c61087c457101cc78d71c922c0c2ddc	source_unnamed	unique_full_body_sha256
LF9D012H	0x1CCD58	LF9G003T	0x1E21F0	FUN_001ccd58	FUN_001e21f0	FUN_001ccd58	10	63b4380c582f921437247ce4a3236a65f55bf45d9fcfe751122f569ed05360c8	source_unnamed	unique_full_body_sha256
LF9D012H	0x1484B0	LF9G003T	0x159510	FUN_001484b0	FUN_00159510	FUN_001484b0	44	63b6aab74cf7f6a1b3c7009674c3628209adba2ea862fb834b6fd4c390f9ce58	source_unnamed	unique_full_body_sha256
LF9D012H	0x1DB820	LF9G003T	0x1F1940	FUN_001db820	FUN_001f1940	FUN_001db820	44	63f34354b698840f37a60428851c345f69b3f409e824a1e0f19375b7c395f595	source_unnamed	unique_full_body_sha256
LF9D012H	0x1DC18C	LF9G003T	0x1F22AC	FUN_001dc18c	FUN_001f22ac	FUN_001dc18c	44	6472d27c0a0ecf71e14a8f30d5b8f152ce08999e56819949aa011c426f0b580f	source_unnamed	unique_full_body_sha256
LF9D012H	0x1987D4	LF9G003T	0x1AC7C8	FUN_001987d4	FUN_001ac7c8	FUN_001987d4	46	648f692f0661de67f57f93eeaff6d5d8ed8320b9d12309e5e8cb8f7faf481c23	source_unnamed	unique_full_body_sha256
LF9D012H	0x8982C	LF9G003T	0x9608C	FUN_0008982c	FUN_0009608c	FUN_0008982c	354	64b5a90e3898d960ca3710e9a492a92a4d3c7faab2c46ba7828ded0d50400dcb	source_unnamed	unique_full_body_sha256
LF9D012H	0x6F034	LF9G003T	0x7B868	FUN_0006f034	FUN_0007b868	FUN_0006f034	58	64c23834af964da3e5a93600a74121510ed620cb6f7e126185abf0e4013194f8	source_unnamed	unique_full_body_sha256
LF9D012H	0x128E5C	LF9G003T	0x137320	FUN_00128e5c	FUN_00137320	FUN_00128e5c	32	64f1377c5aa619db7643b2dc8f658228a474d8e12c2398eac34008d7dbd80609	source_unnamed	unique_full_body_sha256
LF9D012H	0x1F037C	LF9G003T	0x2066BC	FUN_001f037c	FUN_002066bc	FUN_001f037c	10	6531eab80e5aedf2002498f5fab623840db2ebfb47e86e02211b4f03e62e202f	source_unnamed	unique_full_body_sha256
LF9D012H	0x1E3768	LF9G003T	0x1F9888	FUN_001e3768	FUN_001f9888	FUN_001e3768	26	6532002d2279b907413f2674df922cd227deaef5ffa9c6a25c4aad9a20abf8fb	source_unnamed	unique_full_body_sha256
LF9D012H	0xD5A64	LF9G003T	0xE34D8	FUN_000d5a64	FUN_000e34d8	FUN_000d5a64	26	6535495161c2d72255843f3e85121a06d4e7f9c55fb50958af13585c4b47e0b8	source_unnamed	unique_full_body_sha256
LF9D012H	0x156C00	LF9G003T	0x169BDC	FUN_00156c00	FUN_00169bdc	FUN_00156c00	80	655146de51c676e711b299b94a4fb6dac94c6c8faf34205620b7ce04c2c72b75	source_unnamed	unique_full_body_sha256
LF9D012H	0xAB510	LF9G003T	0xB89B4	saturating_signed_mul	saturating_signed_mul	saturating_signed_mul	52	6555130a973eb84932bd96670228a4df85ce99cc081efe62b9ca5fb5658c6b0b	already_named	unique_full_body_sha256
LF9D012H	0x1DE524	LF9G003T	0x1F4644	FUN_001de524	FUN_001f4644	FUN_001de524	8	6555dfb4c3f1d2cc4bb04fe160b5678c9e585e842fe4bc2e93ebb663fba2fbc5	source_unnamed	unique_full_body_sha256
LF9D012H	0x1B8670	LF9G003T	0x1CDB08	interp_2d_ax_u16_u8_data_u_v5	interp_2d_ax_u16_u8_data_u_v5	interp_2d_ax_u16_u8_data_u_v5	288	658f3a0e680dcff320f190071e30aed50208a09a9a1cc5165d8720cb59a0787a	already_named	unique_full_body_sha256
LF9D012H	0x76290	LF9G003T	0x82AC4	FUN_00076290	FUN_00082ac4	FUN_00076290	132	65a69f7ec0e30117b8a1751c17e159eaf0f3eb96b5cf6f0d562cfcc4250dc5b8	source_unnamed	unique_full_body_sha256
LF9D012H	0x131760	LF9G003T	0x13FC2C	FUN_00131760	FUN_0013fc2c	FUN_00131760	16	65f700fa7b95423ed86e78572d28f1808d7f71876671b5ca5cfc6c325183b176	source_unnamed	unique_full_body_sha256
LF9D012H	0x1F32A8	LF9G003T	0x2095E8	umul_32x32_to_64	umul_32x32_to_64	umul_32x32_to_64	98	65fe803d261dab1955d4021646af63b07f92f1796c7aed2461ed8382d7a21837	already_named	unique_full_body_sha256
LF9D012H	0x27E334	LF9G003T	0x27E508	FUN_0027e334	FUN_0027e508	FUN_0027e334	104	6615839cc81f5d9bcf7b6970e516326404f49fbd920afbe2a3a805288fab7120	source_unnamed	unique_full_body_sha256
LF9D012H	0x73CC	LF9G003T	0x7394	FUN_000073cc	FUN_00007394	FUN_000073cc	26	6645ef2e61d2359b87314540f34677aa05ccf09de9ee0d80bc4a523f7c9bfb3e	source_unnamed	unique_full_body_sha256
LF9D012H	0x1F19D8	LF9G003T	0x207D18	FUN_001f19d8	FUN_00207d18	FUN_001f19d8	138	664eb11786fc1d9bbfe374053bd82761935b7d4cf2e8ea1408c5f9daf78c527e	source_unnamed	unique_full_body_sha256
LF9D012H	0x94CA6	LF9G003T	0xA15CA	FUN_00094ca6	FUN_000a15ca	FUN_00094ca6	108	6675690ea693f02d4420428f4795b49905c369376c72b941e70416bd9bf9d62a	source_unnamed	unique_full_body_sha256
LF9D012H	0x189A54	LF9G003T	0x19DA50	FUN_00189a54	FUN_0019da50	FUN_00189a54	32	669126694667e1774118ce49dd40ed0d90af32c2c63c5c2ecb5845f4a8a285cc	source_unnamed	unique_full_body_sha256
LF9D012H	0x1D7BB0	LF9G003T	0x1EDCD0	cal_table_get_word3	cal_table_get_word3	cal_table_get_word3	10	66917733222e83fdc5826c000bd5298f2ff0a8b2d7d4314cda7bac759a4cb7b8	already_named	unique_full_body_sha256
LF9D012H	0xA1968	LF9G003T	0xAE28C	FUN_000a1968	FUN_000ae28c	FUN_000a1968	14	66cbc1cfa35955ca49fc8f335580a13eec7f1f5798ac6d5ccb941031129e22f2	source_unnamed	unique_full_body_sha256
LF9D012H	0x88700	LF9G003T	0x94F60	FUN_00088700	FUN_00094f60	FUN_00088700	54	66d8c2f6336d5d9ac799f59f8cfe4c3b90367f1cac11e7b49b0a76af17e4b0dc	source_unnamed	unique_full_body_sha256
LF9D012H	0x27E304	LF9G003T	0x27E4D8	FUN_0027e304	FUN_0027e4d8	FUN_0027e304	40	6707011455198772da383d5a370bc0ecbabcd92af3553eff5ec3dfa81deb268b	source_unnamed	unique_full_body_sha256
LF9D012H	0x1EE82C	LF9G003T	0x204B6C	FUN_001ee82c	FUN_00204b6c	FUN_001ee82c	10	677bc26272e82f46c2c464e4c4fcba616c078f9d4044f2134240cc459663c26d	source_unnamed	unique_full_body_sha256
LF9D012H	0x12D9F4	LF9G003T	0x13BEBC	FUN_0012d9f4	FUN_0013bebc	FUN_0012d9f4	22	67ab07164d687dc13352a6b7e70ba4ab54b587a2704af133954841dfaa77ccb6	source_unnamed	unique_full_body_sha256
LF9D012H	0x1E1474	LF9G003T	0x1F7594	FUN_001e1474	FUN_001f7594	FUN_001e1474	156	67c3c184364f8cddc33472c43fc00362ead62ffa9fe45fbd7f3cf7743d8ce118	source_unnamed	unique_full_body_sha256
LF9D012H	0x6F194	LF9G003T	0x7B9C8	FUN_0006f194	FUN_0007b9c8	FUN_0006f194	258	67efff82e6c3523394f651b496635f70ea79ea2a2176d80cfb7d6e1c5cec0b40	source_unnamed	unique_full_body_sha256
LF9D012H	0x1F3DF0	LF9G003T	0x20A130	FUN_001f3df0	FUN_0020a130	FUN_001f3df0	104	67f9efdc72f07be4a05ae373e30653c46bde94a5fe74b2e3ae3ae5345558845e	source_unnamed	unique_full_body_sha256
LF9D012H	0x1F3C18	LF9G003T	0x209F58	FUN_001f3c18	FUN_00209f58	FUN_001f3c18	68	6821df1e68627099aab3fd33b558b1ff7967be4a6cf2b052257c9af82fdc81eb	source_unnamed	unique_full_body_sha256
LF9D012H	0xA7B6C	LF9G003T	0xB4FBC	FUN_000a7b6c	FUN_000b4fbc	FUN_000a7b6c	66	68490a0abf141bc842f789e388bc5564e9a033dfb91efc6adc01c57542acecd7	source_unnamed	unique_full_body_sha256
LF9D012H	0x1DE8F2	LF9G003T	0x1F4A12	FUN_001de8f2	FUN_001f4a12	FUN_001de8f2	6	686bd4d55fcad052ae0147fd55818a8b6a9758f7e098529f666aab9d89c98b21	source_unnamed	unique_full_body_sha256
LF9D012H	0x1E8DB8	LF9G003T	0x1FEFF8	thunk_FUN_000729fc	thunk_FUN_0007f230	thunk_FUN_000729fc	6	6875283254a9dfc98fe0e764fdaa2c562bf1f5c51b4e0afd0beee419a77fd80d	source_unnamed	unique_full_body_sha256
LF9D012H	0x75A7C	LF9G003T	0x822B0	FUN_00075a7c	FUN_000822b0	FUN_00075a7c	48	68acdb241954e34a9369756680e152aa00c152d7be0fd3de00e603c67adec539	source_unnamed	unique_full_body_sha256
LF9D012H	0xB6D98	LF9G003T	0xC42A4	FUN_000b6d98	FUN_000c42a4	FUN_000b6d98	116	68df751819621fe7374c94c60605611cc2c481375094e5e0ebd88796ddf014b1	source_unnamed	unique_full_body_sha256
LF9D012H	0xE6D08	LF9G003T	0xF4774	FUN_000e6d08	FUN_000f4774	FUN_000e6d08	36	68df8114a1504232fb5ceb11a50ae99dfa9b152de6ab2546f2e2be7f761a2a0c	source_unnamed	unique_full_body_sha256
LF9D012H	0x1BFAA4	LF9G003T	0x1D4F3C	FUN_001bfaa4	FUN_001d4f3c	FUN_001bfaa4	100	68f414950130776d200f08c8b8781e7a383f4e279d3372d0e463fe84593aaf03	source_unnamed	unique_full_body_sha256
LF9D012H	0x905F0	LF9G003T	0x9CF14	FUN_000905f0	FUN_0009cf14	FUN_000905f0	192	68f9ff349b1ff03e55037ae12abf8beb23c1e637892415aa74d5de55f45d262d	source_unnamed	unique_full_body_sha256
LF9D012H	0x13753C	LF9G003T	0x145A08	FUN_0013753c	FUN_00145a08	FUN_0013753c	34	692bffaa15a31cf22f6d68c2ebb7e4d647c4b08dfe1139d71939d1d140d90c28	source_unnamed	unique_full_body_sha256
LF9D012H	0x130DF8	LF9G003T	0x13F2C4	FUN_00130df8	FUN_0013f2c4	FUN_00130df8	124	693cb5d3506eba29cd446b58c166a9c7f7bd78cd72d5100662f708f9d26c9746	source_unnamed	unique_full_body_sha256
LF9D012H	0x1E1B2E	LF9G003T	0x1F7C4E	FUN_001e1b2e	FUN_001f7c4e	FUN_001e1b2e	16	6945d062775c7313ca8c77e53174aa724217117a3111fd4b756ad6e8c17c500c	source_unnamed	unique_full_body_sha256
LF9D012H	0x12DC1C	LF9G003T	0x13C0E4	FUN_0012dc1c	FUN_0013c0e4	FUN_0012dc1c	24	69ab3f16d7f460a168bd2d736ceebfcd496b8b79d900500cf775420df36716ee	source_unnamed	unique_full_body_sha256
LF9D012H	0x148408	LF9G003T	0x159468	FUN_00148408	FUN_00159468	FUN_00148408	14	69b8af72593c0dd37d3279e5a71811c2b474b9532c88fa7c413e1fb4b24d9f96	source_unnamed	unique_full_body_sha256
LF9D012H	0x1E36CC	LF9G003T	0x1F97EC	FUN_001e36cc	FUN_001f97ec	FUN_001e36cc	44	69bf5e277854bca8a453d33c071b058668414a8689befe230df00f1cada36a2a	source_unnamed	unique_full_body_sha256
LF9D012H	0xBB7C8	LF9G003T	0xC8CD4	FUN_000bb7c8	FUN_000c8cd4	FUN_000bb7c8	146	69c605426b276248c404e24414d543e75ee15aace7c08ef188b8c2cd5eb44b0e	source_unnamed	unique_full_body_sha256
LF9D012H	0x153D5C	LF9G003T	0x166A6C	FUN_00153d5c	FUN_00166a6c	FUN_00153d5c	70	69c7df5d0367b8d12992cae994cc08df2365a7d3955bc520408d20b5ad75104b	source_unnamed	unique_full_body_sha256
LF9D012H	0x151EE0	LF9G003T	0x164B64	FUN_00151ee0	FUN_00164b64	FUN_00151ee0	46	69cb17744feb33e927e97130a20305cf677adcfe71eb83e474f632d6e477b3ca	source_unnamed	unique_full_body_sha256
LF9D012H	0x1AE3B0	LF9G003T	0x1C3804	FUN_001ae3b0	FUN_001c3804	FUN_001ae3b0	26	69e6181be0cab4a27f72462d65690b1f03d6823e75ad6882c9648d01615e468d	source_unnamed	unique_full_body_sha256
LF9D012H	0x131A5C	LF9G003T	0x13FF28	FUN_00131a5c	FUN_0013ff28	FUN_00131a5c	50	6a0bd40ebdb920dc5c2a2adc580ac5447c430db6a6b507c3b78c95f158db9b94	source_unnamed	unique_full_body_sha256
LF9D012H	0x6B40	LF9G003T	0x6B40	FUN_00006b40	FUN_00006b40	FUN_00006b40	80	6a0df24d4dbc5436ee52fd975d881602f27106a6d2691f9edb98af75b43d330a	source_unnamed	unique_full_body_sha256
LF9D012H	0x95DA4	LF9G003T	0xA26C8	FUN_00095da4	FUN_000a26c8	FUN_00095da4	88	6a2b8d35138021174914c742b1f6d20f7384582635e9df61acf57005f3f66ad0	source_unnamed	unique_full_body_sha256
LF9D012H	0xAEAFE	LF9G003T	0xBBFA2	FUN_000aeafe	FUN_000bbfa2	FUN_000aeafe	16	6a45de6daa1d02d830a8e078eb00b7f76d0b65647ee4f3db0aea7ce1ce5dc4fa	source_unnamed	unique_full_body_sha256
LF9D012H	0xA7308	LF9G003T	0xB4758	FUN_000a7308	FUN_000b4758	FUN_000a7308	384	6a508239723791496a28730e330c358d5ff0ddf99f2cfa74c70461247135639a	source_unnamed	unique_full_body_sha256
LF9D012H	0x1D6DB0	LF9G003T	0x1ECED0	FUN_001d6db0	FUN_001eced0	FUN_001d6db0	14	6a546bd44bd55022288be695a7b11b455fb63f4781a8c528982df802f09ea126	source_unnamed	unique_full_body_sha256
LF9D012H	0x178DC8	LF9G003T	0x18BFC4	FUN_00178dc8	FUN_0018bfc4	FUN_00178dc8	16	6a607f7fb7ae37aae2632f2e9c94654c957e89687a850b8cd0faa10290a71f16	source_unnamed	unique_full_body_sha256
LF9D012H	0x842F0	LF9G003T	0x90B3C	FUN_000842f0	FUN_00090b3c	FUN_000842f0	636	6a7b3ec0f7ad6393d210c5306c065673e7679367869dbe81060fca36827e1587	source_unnamed	unique_full_body_sha256
LF9D012H	0xA94B4	LF9G003T	0xB6904	FUN_000a94b4	FUN_000b6904	FUN_000a94b4	44	6aad1330d2f6d314c8cdc1fc7b7c71cbc33dd369a3121b615a3b7c92a33572df	source_unnamed	unique_full_body_sha256
LF9D012H	0xCACEC	LF9G003T	0xD8760	FUN_000cacec	FUN_000d8760	FUN_000cacec	290	6aada68d605be405418140f355e2a85d97331279a4f65a8519e053f74f26e782	source_unnamed	unique_full_body_sha256
LF9D012H	0x81262	LF9G003T	0x8DA92	FUN_00081262	FUN_0008da92	FUN_00081262	258	6ae6c0c1d84b242ee70e2edd4bad7bbd5807f5153ed89fc62f853f3af709d175	source_unnamed	unique_full_body_sha256
LF9D012H	0x1F079C	LF9G003T	0x206ADC	FUN_001f079c	FUN_00206adc	FUN_001f079c	32	6af5a8085769cdc8623511bc2d79a051b6d31b3753671ff9ff195ad472e7d696	source_unnamed	unique_full_body_sha256
LF9D012H	0x154544	LF9G003T	0x167250	FUN_00154544	FUN_00167250	FUN_00154544	54	6b07a441d7b6e34815a3b77117e5b55f90fc35090afa1cf36f62e76f6af3574a	source_unnamed	unique_full_body_sha256
LF9D012H	0x85BC8	LF9G003T	0x92414	FUN_00085bc8	FUN_00092414	FUN_00085bc8	18	6b0c3e7aae4b2e1b384ef9cb0a27191d511d89b4c3af8c2e847c31533d7746d5	source_unnamed	unique_full_body_sha256
LF9D012H	0x11E5C4	LF9G003T	0x12CAA0	FUN_0011e5c4	FUN_0012caa0	FUN_0011e5c4	60	6b47569d392784daebc06e3aa4d13a514083f09f19b0673bb45ab70a16734535	source_unnamed	unique_full_body_sha256
LF9D012H	0x6F15A	LF9G003T	0x7B98E	FUN_0006f15a	FUN_0007b98e	FUN_0006f15a	58	6b5100f3f1fe9005615cf4cbf9cf0cfef7ad71b293e88837cb070cf3e9e48f93	source_unnamed	unique_full_body_sha256
LF9D012H	0x12179C	LF9G003T	0x12FC78	FUN_0012179c	FUN_0012fc78	FUN_0012179c	84	6b60b353522da101f8725cddc2f1f88fdee2e67eea21939c4113b8dd7497489a	source_unnamed	unique_full_body_sha256
LF9D012H	0x72C7C	LF9G003T	0x7F4B0	FUN_00072c7c	FUN_0007f4b0	FUN_00072c7c	14	6b82f8f0dd32bbd8975e057060cc295b3b6e257a2b804ac284156ea42ef5f699	source_unnamed	unique_full_body_sha256
LF9D012H	0xAA834	LF9G003T	0xB7CD8	FUN_000aa834	FUN_000b7cd8	FUN_000aa834	88	6b88c0634b61c7f99b59dd86df7573cf3039c3f5d8e8f46869954e09ee4859ba	source_unnamed	unique_full_body_sha256
LF9D012H	0xB1C68	LF9G003T	0xBF10C	FUN_000b1c68	FUN_000bf10c	FUN_000b1c68	448	6b8aff4b1337c7742883c4ccb2a5dadb2a982c9b15233cb7d3a85c055970c007	source_unnamed	unique_full_body_sha256
LF9D012H	0x9D9A8	LF9G003T	0xAA2CC	FUN_0009d9a8	FUN_000aa2cc	FUN_0009d9a8	62	6b8e4060e0b4774e01a799e1da458cd9304e282fb92f6925fb87085b43f75455	source_unnamed	unique_full_body_sha256
LF9D012H	0xBB85A	LF9G003T	0xC8D66	FUN_000bb85a	FUN_000c8d66	FUN_000bb85a	266	6ba351b66bb42e7fe90d891b8826cf38aa8d0c3bf9033e1cedf3e56d65cce169	source_unnamed	unique_full_body_sha256
LF9D012H	0x1F169C	LF9G003T	0x2079DC	FUN_001f169c	FUN_002079dc	FUN_001f169c	6	6bab17cbe584a44bc369e6706f21222051fe37015235498d999ae1ca524cb6b6	source_unnamed	unique_full_body_sha256
LF9D012H	0x1F1A62	LF9G003T	0x207DA2	FUN_001f1a62	FUN_00207da2	FUN_001f1a62	116	6bac3abe8d32d1de1e5a66cef7d4d653d3f2dd908bb4e7830c139dde095fd9f6	source_unnamed	unique_full_body_sha256
LF9D012H	0x121CC4	LF9G003T	0x1301A0	FUN_00121cc4	FUN_001301a0	FUN_00121cc4	50	6bac8bbd65b69665252c2265444db35a78e30825de88139c5212897be33bc62f	source_unnamed	unique_full_body_sha256
LF9D012H	0x1E373E	LF9G003T	0x1F985E	FUN_001e373e	FUN_001f985e	FUN_001e373e	42	6bd81cae183be4d45c61d8cf4cb08f083a6dbd99f07f0962eb55fdcefed4feff	source_unnamed	unique_full_body_sha256
LF9D012H	0x1DC020	LF9G003T	0x1F2140	FUN_001dc020	FUN_001f2140	FUN_001dc020	10	6be56eef0658bab32089639f89b189f36cfc8e2a7204171db5ffe634fec018ce	source_unnamed	unique_full_body_sha256
LF9D012H	0x1F4D70	LF9G003T	0x20B0E8	check_priority_valid	check_priority_valid	check_priority_valid	36	6bf009a31da4e15517621e2e8e3014d839d31d395f3892c41281f7e0f1bfc091	already_named	unique_full_body_sha256
LF9D012H	0x1E393E	LF9G003T	0x1F9A5E	FUN_001e393e	FUN_001f9a5e	FUN_001e393e	122	6c203a74e2d38d548fa6d7121110fa864f431231677964e8e788fda2b5936619	source_unnamed	unique_full_body_sha256
LF9D012H	0x6434	LF9G003T	0x6434	FUN_00006434	FUN_00006434	FUN_00006434	36	6c24c689f23a0dd58da23f906f6fea0ec489e5928691c5aa701b607ee72138af	source_unnamed	unique_full_body_sha256
LF9D012H	0x1D7098	LF9G003T	0x1ED1B8	FUN_001d7098	FUN_001ed1b8	FUN_001d7098	12	6c341db9567739dccb12628fc790c7ca7486124d0d9582ff90fce44e60baccea	source_unnamed	unique_full_body_sha256
LF9D012H	0xE0CF4	LF9G003T	0xEE760	FUN_000e0cf4	FUN_000ee760	FUN_000e0cf4	28	6c365db58568c17d242ba5935bbffcb3a5f688e8b4b7729086f4691c19a11cc1	source_unnamed	unique_full_body_sha256
LF9D012H	0xD1CC4	LF9G003T	0xDF738	FUN_000d1cc4	FUN_000df738	FUN_000d1cc4	20	6c5293fec87a31f1b9da2afe69df4d6e7b9438c173c9f9d8eaf5a965cc9df01c	source_unnamed	unique_full_body_sha256
LF9D012H	0x1DE704	LF9G003T	0x1F4824	FUN_001de704	FUN_001f4824	FUN_001de704	10	6c9aba1b2491d449e68d2585ec3d1b8c929b56ba89241b4305fcb5a4efd44ee3	source_unnamed	unique_full_body_sha256
LF9D012H	0x1DB634	LF9G003T	0x1F1754	FUN_001db634	FUN_001f1754	FUN_001db634	282	6cb74a50def401f4c841b760490e15c9c9f8ea6c58932acc90a00b4ad39aa0a8	source_unnamed	unique_full_body_sha256
LF9D012H	0x1E367E	LF9G003T	0x1F979E	FUN_001e367e	FUN_001f979e	FUN_001e367e	10	6cd53786c885ab8e86aca55f190ead2c3b7780dc2014921857e75150eac09e6f	source_unnamed	unique_full_body_sha256
LF9D012H	0x27E79A	LF9G003T	0x27E96E	FUN_0027e79a	FUN_0027e96e	FUN_0027e79a	18	6cd57702ca49f69df4535de5579f598fffbf9469ad2609d365bf53c3e9b017a5	source_unnamed	unique_full_body_sha256
LF9D012H	0x106350	LF9G003T	0x114080	FUN_00106350	FUN_00114080	FUN_00106350	30	6ce2fab7c531b48ad668b98c31ff8d857e2b9cd65bbddc62bbfeb3e128b7dbc5	source_unnamed	unique_full_body_sha256
LF9D012H	0x1E3454	LF9G003T	0x1F9574	FUN_001e3454	FUN_001f9574	FUN_001e3454	6	6cf5b6f50a69e29011d61551f56be9b87b76efb7af8fe4d4e44e8a4dbc1e6295	source_unnamed	unique_full_body_sha256
LF9D012H	0x27D478	LF9G003T	0x27D64C	FUN_0027d478	FUN_0027d64c	FUN_0027d478	36	6d0cd38057ea114771b9ed2b0dc8c05d2f929f048d4c45d0e59db02fcffffcff	source_unnamed	unique_full_body_sha256
LF9D012H	0x1DAE16	LF9G003T	0x1F0F36	FUN_001dae16	FUN_001f0f36	FUN_001dae16	12	6d1ca5278902734680a5a7c5064402ee9bd5299e293199e7925fb5c81974cfeb	source_unnamed	unique_full_body_sha256
LF9D012H	0x9DCB6	LF9G003T	0xAA5DA	FUN_0009dcb6	FUN_000aa5da	FUN_0009dcb6	32	6d2cf4828e7372971986bca32d8ad670593ec67596333fd0891b6c0ca39b8ac1	source_unnamed	unique_full_body_sha256
LF9D012H	0x6D0BC	LF9G003T	0x798F0	FUN_0006d0bc	FUN_000798f0	FUN_0006d0bc	48	6d4a537a45bdda0efd5a4077f9522634da0aa18e5343fb751a14848911f2e2c9	source_unnamed	unique_full_body_sha256
LF9D012H	0x27CEDC	LF9G003T	0x27D0B0	FUN_0027cedc	FUN_0027d0b0	FUN_0027cedc	126	6d5e2cbf6daf94e0ab51b521cf2ae6ce7221ec362f11c461e0bc0e700411111e	source_unnamed	unique_full_body_sha256
LF9D012H	0x1B1C8C	LF9G003T	0x1C711C	FUN_001b1c8c	FUN_001c711c	FUN_001b1c8c	52	6d9ac28e9ba870e9df882dd91f6a0088bcb2689879fcb0ad98c9512a898f6ebd	source_unnamed	unique_full_body_sha256
LF9D012H	0x27EF1C	LF9G003T	0x27F0F0	FUN_0027ef1c	FUN_0027f0f0	FUN_0027ef1c	128	6da7f177612cc2e196c048a3481bfcc7881a6d888f3c70e3c50a1c62ebe764f2	source_unnamed	unique_full_body_sha256
LF9D012H	0x8688A	LF9G003T	0x930D6	FUN_0008688a	FUN_000930d6	FUN_0008688a	62	6dcc0618ff64706cf9b01656bdd412011ac9cb50bcdec280f1f27a850ad05450	source_unnamed	unique_full_body_sha256
LF9D012H	0x9ED64	LF9G003T	0xAB688	FUN_0009ed64	FUN_000ab688	FUN_0009ed64	426	6dd98ae16b6f800c0f513f7a651e8810f26ec1032da9eb25466f276afb8015fe	source_unnamed	unique_full_body_sha256
LF9D012H	0x10AE94	LF9G003T	0x118BC4	FUN_0010ae94	FUN_00118bc4	FUN_0010ae94	62	6e09d88b33f6f2eb66d642f3034f14640faef1d0613310583baf228ede8dcd65	source_unnamed	unique_full_body_sha256
LF9D012H	0x969CA	LF9G003T	0xA32EE	FUN_000969ca	FUN_000a32ee	FUN_000969ca	14	6e1bc4fbe7cbf4c9425db8907b530faca99eb6ce9ecd5cb2532c624a7d211b0a	source_unnamed	unique_full_body_sha256
LF9D012H	0x1D9888	LF9G003T	0x1EF9A8	FUN_001d9888	FUN_001ef9a8	FUN_001d9888	32	6e75a4057c70e647ac456a9974f3bf1f6162193adf5edf1cc63e657e8a31d731	source_unnamed	unique_full_body_sha256
LF9D012H	0x8909C	LF9G003T	0x958FC	FUN_0008909c	FUN_000958fc	FUN_0008909c	146	6e78abd4ccc876ea8516e3da689360d4562716fcb70bb6585652d346be4e371e	source_unnamed	unique_full_body_sha256
LF9D012H	0x88F0C	LF9G003T	0x9576C	FUN_00088f0c	FUN_0009576c	FUN_00088f0c	98	6e7cc206553f186fd0164c8096913c7dbf11d5baa3151d7df732bd487f3bf740	source_unnamed	unique_full_body_sha256
LF9D012H	0x1D7C82	LF9G003T	0x1EDDA2	FUN_001d7c82	FUN_001edda2	FUN_001d7c82	8	6e975991c8aff15d72361b94573c31be5efb19d90586a1d34d40bc55d9ea610a	source_unnamed	unique_full_body_sha256
LF9D012H	0xAADB4	LF9G003T	0xB8258	thunk_FUN_000b005e	thunk_FUN_000bd502	thunk_FUN_000b005e	6	6ead8676472f33a4bd491a6b09c08ea2542514006b2dc52e791037a94a5a27a1	source_unnamed	unique_full_body_sha256
LF9D012H	0xE1D40	LF9G003T	0xEF7AC	FUN_000e1d40	FUN_000ef7ac	FUN_000e1d40	52	6ec74ed2299afc831a95cf0d5cfba5e5bd5fa64e3473a89cf058c16eaea9f1e2	source_unnamed	unique_full_body_sha256
LF9D012H	0x1DC0DE	LF9G003T	0x1F21FE	FUN_001dc0de	FUN_001f21fe	FUN_001dc0de	10	6ed41d75349a8d11d1516e1fd1f267d212445de248f7027451f27f59fb19952f	source_unnamed	unique_full_body_sha256
LF9D012H	0x1B4BFC	LF9G003T	0x1CA094	FUN_001b4bfc	FUN_001ca094	FUN_001b4bfc	308	6ef24803a6ae9d85d12e1064684e9f79375c83f68638d8707bf00034e074c91b	source_unnamed	unique_full_body_sha256
LF9D012H	0x1D58D0	LF9G003T	0x1EB9F0	FUN_001d58d0	FUN_001eb9f0	FUN_001d58d0	10	6ef31409e362576a61985c13061615f78b3d6fc764fd6e242dc7436cd57f9812	source_unnamed	unique_full_body_sha256
LF9D012H	0x1DAD7A	LF9G003T	0x1F0E9A	FUN_001dad7a	FUN_001f0e9a	FUN_001dad7a	44	6ef7380e7beb6d49591220d0e78ba26a67e2804446fcdd636aa3635bb8b77fdb	source_unnamed	unique_full_body_sha256
LF9D012H	0x1DE9BA	LF9G003T	0x1F4ADA	FUN_001de9ba	FUN_001f4ada	FUN_001de9ba	6	6f15eba8b9ca1c070c18f4cfe30e3a3de938e1a3fc89ba0dd6c653442dbcfe7e	source_unnamed	unique_full_body_sha256
LF9D012H	0x1F40BC	LF9G003T	0x20A434	u64_less_than	u64_less_than	u64_less_than	30	6f226c2b52e312a948c4c3b0735f82dbabc3e93748c3ee30a3f755eb5429e40f	already_named	unique_full_body_sha256
LF9D012H	0x1F35AC	LF9G003T	0x2098EC	udiv_multiword_helper	udiv_multiword_helper	udiv_multiword_helper	144	6f72cba33c39227f48025b826183787e3be0fd019ff860e1435fd1de4168946f	already_named	unique_full_body_sha256
LF9D012H	0x196428	LF9G003T	0x1AA420	FUN_00196428	FUN_001aa420	FUN_00196428	96	6f73007c5e4cca41f7a3bd0adf0c0b582be09e064296c09457efe6ad67649ab0	source_unnamed	unique_full_body_sha256
LF9D012H	0x1AF254	LF9G003T	0x1C46E4	FUN_001af254	FUN_001c46e4	FUN_001af254	188	6f8fb0a4c0d247910aa3f397e2e8baaf50242a8c0296e0e4f0e814435de62162	source_unnamed	unique_full_body_sha256
LF9D012H	0xAE978	LF9G003T	0xBBE1C	FUN_000ae978	FUN_000bbe1c	FUN_000ae978	98	6facccfb17cf4140c50eff4a2b575379dc4d85434bbd89c74cf5e85108584982	source_unnamed	unique_full_body_sha256
LF9D012H	0x27E958	LF9G003T	0x27EB2C	FUN_0027e958	FUN_0027eb2c	FUN_0027e958	56	6fc885e08324208ceb9548e973c20fee9fa7143dc2bd78ca99a6f3178aa5968a	source_unnamed	unique_full_body_sha256
LF9D012H	0x1288F8	LF9G003T	0x136DBC	FUN_001288f8	FUN_00136dbc	FUN_001288f8	68	6feef67444177e86e96583b7e04c9384ea67535c325e1c2de0bdbdab9d42cbf9	source_unnamed	unique_full_body_sha256
LF9D012H	0x1DA9BC	LF9G003T	0x1F0ADC	FUN_001da9bc	FUN_001f0adc	FUN_001da9bc	44	704c325255f713bc906cd3542d59146b2d1af8af6799aab47f75918fe0d589a2	source_unnamed	unique_full_body_sha256
LF9D012H	0x1DE8D2	LF9G003T	0x1F49F2	FUN_001de8d2	FUN_001f49f2	FUN_001de8d2	6	7053fdd01447e3456986ed3c87168b3d344e53f6f68cc2358cd223e9689942a3	source_unnamed	unique_full_body_sha256
LF9D012H	0x1D6EB4	LF9G003T	0x1ECFD4	FUN_001d6eb4	FUN_001ecfd4	FUN_001d6eb4	100	7063667099498011fae6939c27d027fd97bc0059dff5b81b66a937740a5bc9cd	source_unnamed	unique_full_body_sha256
LF9D012H	0x1E08EA	LF9G003T	0x1F6A0A	FUN_001e08ea	FUN_001f6a0a	FUN_001e08ea	6	70a078b3ec9a6862d82d34e086eb8c04a30da3a11d4eda4b82277fe5bf8dd20d	source_unnamed	unique_full_body_sha256
LF9D012H	0xC756A	LF9G003T	0xD4FAA	parity_bits_compute	parity_bits_compute	parity_bits_compute	90	70a34cd13d2bca0f6c299eaf254dc370439c140ab475b8a66882c7bbff73d5bb	already_named	unique_full_body_sha256
LF9D012H	0x1D6F68	LF9G003T	0x1ED088	FUN_001d6f68	FUN_001ed088	FUN_001d6f68	20	70a557b3c79d3cde851901484ba11597889266f351d8a9fb20546a35b43736e4	source_unnamed	unique_full_body_sha256
LF9D012H	0x1DE9C0	LF9G003T	0x1F4AE0	FUN_001de9c0	FUN_001f4ae0	FUN_001de9c0	6	70a6c491d7e1b9a39b865311899c7ecbf47b3f69c45593f0051a3e7c1f3c488c	source_unnamed	unique_full_body_sha256
LF9D012H	0x1DF066	LF9G003T	0x1F5186	adc_sample_and_convert	adc_sample_and_convert	adc_sample_and_convert	248	70b541546f4b717c396e3cee3ea5b9e156e2e744297b22fa89ea0957ec216688	already_named	unique_full_body_sha256
LF9D012H	0x81B04	LF9G003T	0x8E334	FUN_00081b04	FUN_0008e334	FUN_00081b04	80	71189cf5dffce8e4ffacd87f729b879354544db66fde4ba059da8a3605ed581a	source_unnamed	unique_full_body_sha256
LF9D012H	0x14F8F8	LF9G003T	0x162610	FUN_0014f8f8	FUN_00162610	FUN_0014f8f8	74	7132ea4c74664fd4add9e03030e72b5ad4da29bec982d40d981e15e96332786f	source_unnamed	unique_full_body_sha256
LF9D012H	0x6DE8A	LF9G003T	0x7A6BE	FUN_0006de8a	FUN_0007a6be	FUN_0006de8a	140	71414b1b41a35223eedc128699863a2d0683d060299b90db655cb5052d1aa8b6	source_unnamed	unique_full_body_sha256
LF9D012H	0xE5D04	LF9G003T	0xF3770	FUN_000e5d04	FUN_000f3770	FUN_000e5d04	264	7142d89e3be2a9b3f9a8f2e15b28a056b818a65829ff574ee95885a4c2cc5f71	source_unnamed	unique_full_body_sha256
LF9D012H	0x76394	LF9G003T	0x82BC8	FUN_00076394	FUN_00082bc8	FUN_00076394	132	714e035ae46ce8cdf1c0a718c6a52ad30c9149ddc8c3d3eacbf2ac5a7cc21b44	source_unnamed	unique_full_body_sha256
LF9D012H	0x27E5E8	LF9G003T	0x27E7BC	FUN_0027e5e8	FUN_0027e7bc	FUN_0027e5e8	172	7153c233a81b2521517ce2336649b037d67e75c633a0483dfe243d5e07466b11	source_unnamed	unique_full_body_sha256
LF9D012H	0x77930	LF9G003T	0x84164	FUN_00077930	FUN_00084164	FUN_00077930	208	7156e963f0a0e918398c53c5181ee72bdf10cbe1e1516d98590b01f830944320	source_unnamed	unique_full_body_sha256
LF9D012H	0x1DE8CC	LF9G003T	0x1F49EC	FUN_001de8cc	FUN_001f49ec	FUN_001de8cc	6	7164a74fbe51f6b0256bea32a418a03d5280586d065240ef116c794beb134a0f	source_unnamed	unique_full_body_sha256
LF9D012H	0x767B0	LF9G003T	0x82FE4	FUN_000767b0	FUN_00082fe4	FUN_000767b0	170	716adbedbe316426600c904df7449e14eb675f45d65bea0a0cf0fed1ebc7a5c6	source_unnamed	unique_full_body_sha256
LF9D012H	0x12B968	LF9G003T	0x139E6C	FUN_0012b968	FUN_00139e6c	FUN_0012b968	30	716b047533dcd31fddcc6cd72be035718d7164e0600609c327974f38e6279c02	source_unnamed	unique_full_body_sha256
LF9D012H	0xA3A88	LF9G003T	0xB03AC	FUN_000a3a88	FUN_000b03ac	FUN_000a3a88	42	717ca8a16a047d56359bf03c8e30794df8b8583facef6975a17d68c9049fa278	source_unnamed	unique_full_body_sha256
LF9D012H	0x1E33AC	LF9G003T	0x1F94CC	FUN_001e33ac	FUN_001f94cc	FUN_001e33ac	50	7182584854a4f275134733180a76a747e95f1a92e8854c6adf2c3b2ada59e17c	source_unnamed	unique_full_body_sha256
LF9D012H	0x17FFCC	LF9G003T	0x193B70	FUN_0017ffcc	FUN_00193b70	FUN_0017ffcc	30	719ea5c87ac2cc7a5d94b8eac1b4b6cb12b00032d41353cd5c0a06c6ff713b4d	source_unnamed	unique_full_body_sha256
LF9D012H	0x1F5168	LF9G003T	0x20B4E0	FUN_001f5168	FUN_0020b4e0	FUN_001f5168	184	71a3cf4a63d35e96f07e83537c9a637521fc4dc10fff55069ba9ab2f4e885578	source_unnamed	unique_full_body_sha256
LF9D012H	0xAFB56	LF9G003T	0xBCFFA	FUN_000afb56	FUN_000bcffa	FUN_000afb56	320	71a85b6fb5d5b596d6e47037a35625bef9013eb8ec3bef61f88b805599e70d3a	source_unnamed	unique_full_body_sha256
LF9D012H	0x1ADE84	LF9G003T	0x1C31D0	FUN_001ade84	FUN_001c31d0	FUN_001ade84	54	71d4f0d9b5e96a02b679ed59f954dc628bbd64b6da68c8d737cb5ccdb37f8b0d	source_unnamed	unique_full_body_sha256
LF9D012H	0x1CB9FC	LF9G003T	0x1E0E94	FUN_001cb9fc	FUN_001e0e94	FUN_001cb9fc	138	72085fa953e40bead6f4e46da727674b12055e78f032da77e96a6ee4c2454391	source_unnamed	unique_full_body_sha256
LF9D012H	0x1D6D30	LF9G003T	0x1ECE50	FUN_001d6d30	FUN_001ece50	FUN_001d6d30	34	721cc4c15f01b9e315cce8bab490600c4bc7830581208f9c29a7b634ac310f00	source_unnamed	unique_full_body_sha256
LF9D012H	0x77238	LF9G003T	0x83A6C	FUN_00077238	FUN_00083a6c	FUN_00077238	104	722d7cebadb3ea02926167e4c64534c2f5a46e379c16d8e1882b819722997e6b	source_unnamed	unique_full_body_sha256
LF9D012H	0x1CB704	LF9G003T	0x1E0B9C	FUN_001cb704	FUN_001e0b9c	FUN_001cb704	26	723ae5d3ca5b921d9d4e39ec3129668e38721cd4e179bab7c7b923d7a89816a8	source_unnamed	unique_full_body_sha256
LF9D012H	0x130F74	LF9G003T	0x13F440	FUN_00130f74	FUN_0013f440	FUN_00130f74	32	723e7e9a384147c6723aa0fd24c2d80beba8e0c24f7230031190fcfaac5e6a72	source_unnamed	unique_full_body_sha256
LF9D012H	0x1EEEB4	LF9G003T	0x2051F4	FUN_001eeeb4	FUN_002051f4	FUN_001eeeb4	38	725c3c9683576dde62c5eee6e9c2f34e6aec3cf120187edb7c92738a34c5387c	source_unnamed	unique_full_body_sha256
LF9D012H	0x1E1C42	LF9G003T	0x1F7D62	FUN_001e1c42	FUN_001f7d62	FUN_001e1c42	10	727c5a3edbe3fec0aac613ee01e799f4afd1b093f083d03c2381b7defed15ad5	source_unnamed	unique_full_body_sha256
LF9D012H	0x193EA0	LF9G003T	0x1A7E98	FUN_00193ea0	FUN_001a7e98	FUN_00193ea0	40	7280e63f7ed200108d2d3fac87dc8f5f14ebed9d14700afefaa1d11a741fc9c6	source_unnamed	unique_full_body_sha256
LF9D012H	0x6EFB0	LF9G003T	0x7B7E4	lookup_short_from_index_table	lookup_short_from_index_table	lookup_short_from_index_table	24	72ce500aeea4ed34ef03d0c42c58dc495681931bd57a883c6231e1458ac3a33b	already_named	unique_full_body_sha256
LF9D012H	0x1DC5CA	LF9G003T	0x1F26EA	can_driver_restart_seq	can_driver_restart_seq	can_driver_restart_seq	72	72df81bd233e2ca2bc87f970e15ec7016e13b375256990dd24c6548b72a0a7a2	already_named	unique_full_body_sha256
LF9D012H	0x641C	LF9G003T	0x641C	FUN_0000641c	FUN_0000641c	FUN_0000641c	22	72fdf978e797cde760d7958dfee3a30e7afe6f259d6f77044a1d5222fc04d2fd	source_unnamed	unique_full_body_sha256
LF9D012H	0x1490FC	LF9G003T	0x15A15C	FUN_001490fc	FUN_0015a15c	FUN_001490fc	36	730d6ca1af185887366b01b3708f49cc020c9412b1af8eacfdbce0f6a4398036	source_unnamed	unique_full_body_sha256
LF9D012H	0x1E27D8	LF9G003T	0x1F88F8	FUN_001e27d8	FUN_001f88f8	FUN_001e27d8	572	731abf67ce938b0cc5b0db0bb36d3f6c10ebb9955cb971517cb92e43e48c2b68	source_unnamed	unique_full_body_sha256
LF9D012H	0xA3BB4	LF9G003T	0xB04D8	FUN_000a3bb4	FUN_000b04d8	FUN_000a3bb4	8	732176a9b0d8c47ca134b4c8576e0c46dd4da8ebc4f2e19bd4de34f1a4c47df1	source_unnamed	unique_full_body_sha256
LF9D012H	0xE720C	LF9G003T	0xF4C78	FUN_000e720c	FUN_000f4c78	FUN_000e720c	252	7324302bfbfaca5aa735a02615ef7f74f1b095eaaca9f59b73cc82b4a65a98f0	source_unnamed	unique_full_body_sha256
LF9D012H	0xB9CE8	LF9G003T	0xC71F4	FUN_000b9ce8	FUN_000c71f4	FUN_000b9ce8	24	73336bac324877d46cfafed59fa877aa6ef829b933f3fd05f2efbe92661d9928	source_unnamed	unique_full_body_sha256
LF9D012H	0x1349E8	LF9G003T	0x142EB4	FUN_001349e8	FUN_00142eb4	FUN_001349e8	76	735c9f71e87035b410f2340d90c77c2a8513bb902fc4b497b14321038d7fd9e0	source_unnamed	unique_full_body_sha256
LF9D012H	0x81B54	LF9G003T	0x8E384	FUN_00081b54	FUN_0008e384	FUN_00081b54	80	7370da8a823255792384a029f75b6e62c945e09e74de84d5f92b30e7ba5447be	source_unnamed	unique_full_body_sha256
LF9D012H	0x1F043C	LF9G003T	0x20677C	FUN_001f043c	FUN_0020677c	FUN_001f043c	6	73821f6697bdeb36f210aceb3e5dd29df8c82753157c4bea508da257fe458161	source_unnamed	unique_full_body_sha256
LF9D012H	0xA9E26	LF9G003T	0xB72CA	FUN_000a9e26	FUN_000b72ca	FUN_000a9e26	244	738facef9d6100d032046bf587d983b562b2f697caf28ff25930f5933d497e92	source_unnamed	unique_full_body_sha256
LF9D012H	0x1DE6C8	LF9G003T	0x1F47E8	FUN_001de6c8	FUN_001f47e8	FUN_001de6c8	12	739b963e3b3007d950686c6b41cd691bf71ded4df80dfae5475dd87634229287	source_unnamed	unique_full_body_sha256
LF9D012H	0x6E204	LF9G003T	0x7AA38	FUN_0006e204	FUN_0007aa38	FUN_0006e204	58	73a84a455e613727f07e9990a00634dc72f46399004db9117638af2954172579	source_unnamed	unique_full_body_sha256
LF9D012H	0x1E1C1E	LF9G003T	0x1F7D3E	FUN_001e1c1e	FUN_001f7d3e	FUN_001e1c1e	10	73befd1c502aad49722cbad398b1835773841934305dfe9dec6a9bf53d4e117c	source_unnamed	unique_full_body_sha256
LF9D012H	0x19189C	LF9G003T	0x1A5894	FUN_0019189c	FUN_001a5894	FUN_0019189c	30	73d6274715dd0fb425f87593fc8c91edb0a9a972a4d552782fafda831ba5ed1f	source_unnamed	unique_full_body_sha256
LF9D012H	0xAA400	LF9G003T	0xB78A4	FUN_000aa400	FUN_000b78a4	FUN_000aa400	8	73da30ade65b333c65d6257c6b419a6071bf1dbd3464f2cad694c04703c4c811	source_unnamed	unique_full_body_sha256
LF9D012H	0x11AE68	LF9G003T	0x1292F4	FUN_0011ae68	FUN_001292f4	FUN_0011ae68	40	73e3292a856dc21202822b0e9b5539b00d72b1ccdabc3d4799dba1bb867efac6	source_unnamed	unique_full_body_sha256
LF9D012H	0x1DC808	LF9G003T	0x1F2928	build_frame_status_b	build_frame_status_b	build_frame_status_b	358	7406ec5dfcf9bcf2e6c7d273920efa76ffc33c8b31350b271316b469f2f36f7d	already_named	unique_full_body_sha256
LF9D012H	0x1396E8	LF9G003T	0x147BB4	FUN_001396e8	FUN_00147bb4	FUN_001396e8	32	74072705d3250eed65a9989ac5dd69b495f7684d9dd2fa7932b3ce671430ba54	source_unnamed	unique_full_body_sha256
LF9D012H	0x130740	LF9G003T	0x13EC0C	FUN_00130740	FUN_0013ec0c	FUN_00130740	76	740c8cd97b3c17becd5ac6ea00d62711dd153d82fc66e8a9092752a805e8d45f	source_unnamed	unique_full_body_sha256
LF9D012H	0x1D948C	LF9G003T	0x1EF5AC	thunk_FUN_001d8e94	thunk_FUN_001eefb4	thunk_FUN_001d8e94	4	740e59771cea1d672d3c4992ecefe98a5b084d0a8139fec15e3c86e8a94e00f6	source_unnamed	unique_full_body_sha256
LF9D012H	0x89398	LF9G003T	0x95BF8	FUN_00089398	FUN_00095bf8	FUN_00089398	10	7419318d3499737c6e68a818a4b35f37dfeb86c9cf24ac07dc3e5985a80f27ec	source_unnamed	unique_full_body_sha256
LF9D012H	0x1DF9A0	LF9G003T	0x1F5AC0	FUN_001df9a0	FUN_001f5ac0	FUN_001df9a0	70	743437a9632728d530f1860115dd51fe049b7d7dd3ca76197f3f44f4bf858d68	source_unnamed	unique_full_body_sha256
LF9D012H	0xA7740	LF9G003T	0xB4B90	FUN_000a7740	FUN_000b4b90	FUN_000a7740	70	745f339e262fd74db0f64b84318946130417abfdee36bba5cffdfa5b613c7635	source_unnamed	unique_full_body_sha256
LF9D012H	0x133804	LF9G003T	0x141CD0	FUN_00133804	FUN_00141cd0	FUN_00133804	52	747c935b686da35e6944d1d258ece06907eee2bbea45a8d343fb6d6b254935f2	source_unnamed	unique_full_body_sha256
LF9D012H	0xB12CC	LF9G003T	0xBE770	FUN_000b12cc	FUN_000be770	FUN_000b12cc	66	747e5cdbc3f75673aa85e12e6f693a5c79243b8106895fc66cd9cfae6fb58bf7	source_unnamed	unique_full_body_sha256
LF9D012H	0x9E242	LF9G003T	0xAAB66	FUN_0009e242	FUN_000aab66	FUN_0009e242	176	74a55edba1f7fe67a286a43b2f38289db4bdbb9cf84e9ca135239eab915e2a37	source_unnamed	unique_full_body_sha256
LF9D012H	0x94D12	LF9G003T	0xA1636	FUN_00094d12	FUN_000a1636	FUN_00094d12	86	74bea2ebbfdbb840bbbd13caa34a166a10750401a819bb8f7f9151f9dbd8709a	source_unnamed	unique_full_body_sha256
LF9D012H	0xE3A98	LF9G003T	0xF1504	FUN_000e3a98	FUN_000f1504	FUN_000e3a98	24	74c310b4845142eed41a075298e01f8de7ef14946683e42b6a67214729e95ef0	source_unnamed	unique_full_body_sha256
LF9D012H	0x1B3948	LF9G003T	0x1C8DE0	interp_1d_axis_u16_data_u32_via_helper	interp_1d_axis_u16_data_u32_via_helper	interp_1d_axis_u16_data_u32_via_helper	152	74d0c76f4abcc11c2a4b38b2876b1c5f78f2f3030bb9734e5090db1fe1e74dd9	already_named	unique_full_body_sha256
LF9D012H	0x1E3878	LF9G003T	0x1F9998	FUN_001e3878	FUN_001f9998	FUN_001e3878	18	75537ae8d37b1261a8c8bedd700536e79ab6ce10da98ff83d4a035df8429b87e	source_unnamed	unique_full_body_sha256
LF9D012H	0x81216	LF9G003T	0x8DA46	FUN_00081216	FUN_0008da46	FUN_00081216	76	756ffd899d989f6c73356a466b00087da183e1b20968b14768f000d872e0d200	source_unnamed	unique_full_body_sha256
LF9D012H	0xA7FCC	LF9G003T	0xB541C	FUN_000a7fcc	FUN_000b541c	FUN_000a7fcc	32	75b9d3af55ddd3f14c26ae1ee7f8e3fe952f764e406f53e192de6e9747ae7fc8	source_unnamed	unique_full_body_sha256
LF9D012H	0xB9B54	LF9G003T	0xC7060	FUN_000b9b54	FUN_000c7060	FUN_000b9b54	92	75df9754171ea1ea9434a887ba62e6d855f6540bde1e541128b05c293b29341b	source_unnamed	unique_full_body_sha256
LF9D012H	0x77EE2	LF9G003T	0x84716	FUN_00077ee2	FUN_00084716	FUN_00077ee2	60	767eb49a173f3293bc40e213cb34b3b15a2faf8f29460a3e4e7df6e5aa280ba1	source_unnamed	unique_full_body_sha256
LF9D012H	0x1F09A4	LF9G003T	0x206CE4	FUN_001f09a4	FUN_00206ce4	FUN_001f09a4	58	76891477a651160ca100f1b680fb848ccfd89d1f6cb923935b75f1d297502539	source_unnamed	unique_full_body_sha256
LF9D012H	0xAA21A	LF9G003T	0xB76BE	FUN_000aa21a	FUN_000b76be	FUN_000aa21a	104	768ce6363b4309ace5650da31f29979776bb88a065bce6663705fdd233b8f0fb	source_unnamed	unique_full_body_sha256
LF9D012H	0x130730	LF9G003T	0x13EBFC	FUN_00130730	FUN_0013ebfc	FUN_00130730	16	769469e5a30347b5f777781c854dd704b0cfe83c829099d938bf032c620cb752	source_unnamed	unique_full_body_sha256
LF9D012H	0x1DBFBE	LF9G003T	0x1F20DE	FUN_001dbfbe	FUN_001f20de	FUN_001dbfbe	10	76964ee770af61f4dbb91908a8a001d649ddba7f71d36a8d1a4cf33317a2b0a3	source_unnamed	unique_full_body_sha256
LF9D012H	0x27DB84	LF9G003T	0x27DD58	FUN_0027db84	FUN_0027dd58	FUN_0027db84	214	76aa1b26f50aaf8147a333779d12f4c028b82937ff436d7df64ce235fd6e3b23	source_unnamed	unique_full_body_sha256
LF9D012H	0x1DA8A4	LF9G003T	0x1F09C4	FUN_001da8a4	FUN_001f09c4	FUN_001da8a4	44	76e48f4295ad815ec1b5986c359d3e43f238a4ac95717a2ba9e1211b59442e17	source_unnamed	unique_full_body_sha256
LF9D012H	0x19B048	LF9G003T	0x1AF0AC	FUN_0019b048	FUN_001af0ac	FUN_0019b048	286	76fccecd92fbf787b7799a9a2568c0590546aacd9c6807ee7a75c4db9e94de1e	source_unnamed	unique_full_body_sha256
LF9D012H	0xA33FE	LF9G003T	0xAFD22	sa_bit_test	sa_bit_test	sa_bit_test	30	775fdc4e9cfdf68f4799767152390a030dcfa6d85c6ddd2b76e0e97eca62a60c	already_named	unique_full_body_sha256
LF9D012H	0xE3AE4	LF9G003T	0xF1550	FUN_000e3ae4	FUN_000f1550	FUN_000e3ae4	24	7782c82425114c469586f7420d70200d01c6ab991294e5e58aff561f842caeba	source_unnamed	unique_full_body_sha256
LF9D012H	0xFD8B4	LF9G003T	0x10B4A8	FUN_000fd8b4	FUN_0010b4a8	FUN_000fd8b4	60	77865821803c9e733f54a8c92dd76b0468d6629f8a898f070913a8b42507162a	source_unnamed	unique_full_body_sha256
LF9D012H	0x1DA9E8	LF9G003T	0x1F0B08	FUN_001da9e8	FUN_001f0b08	FUN_001da9e8	10	77eb837ed09e05891f028e58e13dedb26287544e85a2abd6544db8e580052a91	source_unnamed	unique_full_body_sha256
LF9D012H	0xE41DC	LF9G003T	0xF1C48	FUN_000e41dc	FUN_000f1c48	FUN_000e41dc	220	78237dbb14fbbc3a57ed8a48a69c61252c780580e7bc50090a00129ce9d0b128	source_unnamed	unique_full_body_sha256
LF9D012H	0x6E0EC	LF9G003T	0x7A920	FUN_0006e0ec	FUN_0007a920	FUN_0006e0ec	58	784b344d3c1506af3dde56091696cb7731a8910847d8f98918277b7e602ca5c4	source_unnamed	unique_full_body_sha256
LF9D012H	0x1CCDAC	LF9G003T	0x1E2244	FUN_001ccdac	FUN_001e2244	FUN_001ccdac	10	785054838c091be63d52fad55ac5eb45e2aa5994f07b64fed2801a3b43603fe3	source_unnamed	unique_full_body_sha256
LF9D012H	0x89376	LF9G003T	0x95BD6	FUN_00089376	FUN_00095bd6	FUN_00089376	34	7871e4979413e5ff8c84fc75c191ac9d338ae5b521b2874064c91c43767350a3	source_unnamed	unique_full_body_sha256
LF9D012H	0xC901A	LF9G003T	0xD6A72	flag_mirror_bit7to3	flag_mirror_bit7to3	flag_mirror_bit7to3	14	78822ed0b0f729abcf293a8a2430debb34b235d5e4931ece93c58ade118a2c2f	already_named	unique_full_body_sha256
LF9D012H	0x1D7026	LF9G003T	0x1ED146	FUN_001d7026	FUN_001ed146	FUN_001d7026	62	78f2f3e1aec1f0085a65e8c0b9e7d95c81d66727a7df5f916938f3a5841c20f4	source_unnamed	unique_full_body_sha256
LF9D012H	0x1D95B6	LF9G003T	0x1EF6D6	FUN_001d95b6	FUN_001ef6d6	FUN_001d95b6	10	790a24bb9e6a095e2705349324ffab358882ba7ca30102212f6c16296f838624	source_unnamed	unique_full_body_sha256
LF9D012H	0xAD134	LF9G003T	0xBA5D8	FUN_000ad134	FUN_000ba5d8	FUN_000ad134	120	7924bf0cb329b1e983fc7934c4ff8453e5145306ce34cbba4c7cea45238ac350	source_unnamed	unique_full_body_sha256
LF9D012H	0x1B4318	LF9G003T	0x1C97B0	FUN_001b4318	FUN_001c97b0	FUN_001b4318	124	794c184a5a767aea17e74264a83ea1bce66d1dc2c5aa9874e3270d55e0642a5e	source_unnamed	unique_full_body_sha256
LF9D012H	0xC61DE	LF9G003T	0xD3BB2	FUN_000c61de	FUN_000d3bb2	FUN_000c61de	282	796bacff5d8531f9390833d83918009785be6846068880755b46c4a47d5ce687	source_unnamed	unique_full_body_sha256
LF9D012H	0x1EE3B8	LF9G003T	0x2046F8	FUN_001ee3b8	FUN_002046f8	FUN_001ee3b8	42	7979d0563a936bc17167b1005907aeab51249344b8db7116c362a7e0b024ba89	source_unnamed	unique_full_body_sha256
LF9D012H	0x27DAD0	LF9G003T	0x27DCA4	FUN_0027dad0	FUN_0027dca4	FUN_0027dad0	26	79b20fd69b73b8a498192a9e37470184307ae69f35ddbe1a37ee76c51c6ef92d	source_unnamed	unique_full_body_sha256
LF9D012H	0x156594	LF9G003T	0x1693B8	FUN_00156594	FUN_001693b8	FUN_00156594	74	79b7eed974734939867f8e6cdc1ae3df6053e84b273f5f78682558c4d5f598da	source_unnamed	unique_full_body_sha256
LF9D012H	0x1D6B00	LF9G003T	0x1ECC20	can_op_rc_neq1	can_op_rc_neq1	can_op_rc_neq1	20	79c53c969136c1f5b02c3a0f7f7e8e916e2e0581088907aadeab853771758264	already_named	unique_full_body_sha256
LF9D012H	0x132120	LF9G003T	0x1405EC	FUN_00132120	FUN_001405ec	FUN_00132120	22	79dd4079748e51c38cf2f247241f7c1ab48ec298c1ff1be931d78b97e18fb9c1	source_unnamed	unique_full_body_sha256
LF9D012H	0xD3D80	LF9G003T	0xE17F4	FUN_000d3d80	FUN_000e17f4	FUN_000d3d80	126	79f16d9dff858281d32cfe2d9814f235a646b4c28adb1906ee418ea4e7772230	source_unnamed	unique_full_body_sha256
LF9D012H	0xB81AA	LF9G003T	0xC56B6	FUN_000b81aa	FUN_000c56b6	FUN_000b81aa	42	79f5eaa7840347b8ea916aedb14d76e415fe55a85bc247407e6a6a0166b42023	source_unnamed	unique_full_body_sha256
LF9D012H	0x12BF98	LF9G003T	0x13A49C	FUN_0012bf98	FUN_0013a49c	FUN_0012bf98	34	79f9cb056c841510420a8234c0f69384f7916005f1f1bd80eead2892bd62ebb6	source_unnamed	unique_full_body_sha256
LF9D012H	0x1CB698	LF9G003T	0x1E0B30	FUN_001cb698	FUN_001e0b30	FUN_001cb698	104	79fd13418d5469d9753634e7765c907eb48ede863759f19c19cf5b1be238c380	source_unnamed	unique_full_body_sha256
LF9D012H	0x10F0BC	LF9G003T	0x11D468	FUN_0010f0bc	FUN_0011d468	FUN_0010f0bc	40	7a1321cc78efc3bac334b40766084bc4b02e26bcdb1a2b6af9cf364247ae4308	source_unnamed	unique_full_body_sha256
LF9D012H	0x19EA68	LF9G003T	0x1B2AC4	FUN_0019ea68	FUN_001b2ac4	FUN_0019ea68	52	7a1ed587d5a0c8929b8c813839f79a5b510d6fc760c6c4e40da1f0ee085d2eed	source_unnamed	unique_full_body_sha256
LF9D012H	0x1EEC9A	LF9G003T	0x204FDA	FUN_001eec9a	FUN_00204fda	FUN_001eec9a	44	7a25331eca8bb42abd8704002ed458c42644a932fc3cd8948d998f872641eff3	source_unnamed	unique_full_body_sha256
LF9D012H	0x8509A	LF9G003T	0x918E6	FUN_0008509a	FUN_000918e6	FUN_0008509a	66	7a379ab99c9b61a772d58899a12f53bebc62cea7ea36aac3572febe477266bd2	source_unnamed	unique_full_body_sha256
LF9D012H	0x74F98	LF9G003T	0x817CC	FUN_00074f98	FUN_000817cc	FUN_00074f98	188	7a5ced28bdd4787effa27752a7365b26d807ba6b8d7e0bfef25b933e7e9490ca	source_unnamed	unique_full_body_sha256
LF9D012H	0xB1470	LF9G003T	0xBE914	FUN_000b1470	FUN_000be914	FUN_000b1470	184	7a762a4d88325c7cf8aeb94c2fb1797ebb2040d61690d9b57ec9974f3c508780	source_unnamed	unique_full_body_sha256
LF9D012H	0x1D799C	LF9G003T	0x1EDABC	FUN_001d799c	FUN_001edabc	FUN_001d799c	314	7a7e0c33fd72ce0b64e7bf6afb78e531001b2f3c1c6c320438e79bb17f45dd00	source_unnamed	unique_full_body_sha256
LF9D012H	0x85D68	LF9G003T	0x925B4	FUN_00085d68	FUN_000925b4	FUN_00085d68	10	7ab3022c350b227f323c685db4cd71194ddb03ba5d8671528d9369c365e84f55	source_unnamed	unique_full_body_sha256
LF9D012H	0x12A680	LF9G003T	0x138B84	FUN_0012a680	FUN_00138b84	FUN_0012a680	14	7ad46891a05fa9538ce5fb0130fd6afc1317f3e4823b4c45a174abe17d5543dc	source_unnamed	unique_full_body_sha256
LF9D012H	0x189078	LF9G003T	0x19D074	FUN_00189078	FUN_0019d074	FUN_00189078	64	7ae8d9e1249eae502c587717b4be996d59aa61cddc99c851c7c7f24993d86370	source_unnamed	unique_full_body_sha256
LF9D012H	0x1131B4	LF9G003T	0x1215B4	FUN_001131b4	FUN_001215b4	FUN_001131b4	22	7afa2851403986f02d78b7d3762921c9e3581073a43290591f813b75258ddad1	source_unnamed	unique_full_body_sha256
LF9D012H	0xED670	LF9G003T	0xFB0DC	FUN_000ed670	FUN_000fb0dc	FUN_000ed670	64	7b00cc43fdbb3a176ca30390ec9d55e07d107d28a8e87358f9e920d89c5eff05	source_unnamed	unique_full_body_sha256
LF9D012H	0xB2A6C	LF9G003T	0xBFF10	FUN_000b2a6c	FUN_000bff10	FUN_000b2a6c	304	7b296234e1b5699bcde283149b10f0dc6f7098a68729d35f713395b5e1447cbf	source_unnamed	unique_full_body_sha256
LF9D012H	0x1DC08E	LF9G003T	0x1F21AE	FUN_001dc08e	FUN_001f21ae	FUN_001dc08e	10	7b3d85164ea6d9f60b49c69b47d997cb0a6f2193de55493d99896f86beff9bc6	source_unnamed	unique_full_body_sha256
LF9D012H	0x1DEDE4	LF9G003T	0x1F4F04	adc_sensor_scale_group	adc_sensor_scale_group	adc_sensor_scale_group	220	7b79d559962ccd6b61b68e41bf8b92c9958d3531567b6146e85451188acab3f0	already_named	unique_full_body_sha256
LF9D012H	0xC9BB0	LF9G003T	0xD7608	FUN_000c9bb0	FUN_000d7608	FUN_000c9bb0	50	7b89236aa9091e8923bead3210da82298263e9ab1d72a3870af4bb31190ffb85	source_unnamed	unique_full_body_sha256
LF9D012H	0x6CABE	LF9G003T	0x792F2	FUN_0006cabe	FUN_000792f2	FUN_0006cabe	90	7b982dbd56721db5cded06bb675411983a3b2361a38e4636805c265b4ea8db91	source_unnamed	unique_full_body_sha256
LF9D012H	0x1F073A	LF9G003T	0x206A7A	FUN_001f073a	FUN_00206a7a	FUN_001f073a	6	7bbe8c4edc24467632c5fc9814e13ab027ab9e67bde55e2f4d4629a4a85c9001	source_unnamed	unique_full_body_sha256
LF9D012H	0x11ADFC	LF9G003T	0x129288	FUN_0011adfc	FUN_00129288	FUN_0011adfc	24	7bcb6a7b61340ce9c904dd396952e4a9a8929511547b300b4716d266992105c8	source_unnamed	unique_full_body_sha256
LF9D012H	0x1F188C	LF9G003T	0x207BCC	FUN_001f188c	FUN_00207bcc	FUN_001f188c	22	7be57e7b6605c8fb2c73016e184849524244119e021fc92aa5c511a134f8a43b	source_unnamed	unique_full_body_sha256
LF9D012H	0x1D760C	LF9G003T	0x1ED72C	FUN_001d760c	FUN_001ed72c	FUN_001d760c	114	7be93b2254c8b312db77770fcfe6348debad9f59abdc5f5b5eb9f1524e15dd94	source_unnamed	unique_full_body_sha256
LF9D012H	0x18A068	LF9G003T	0x19E070	FUN_0018a068	FUN_0019e070	FUN_0018a068	142	7bf8f8f63114237d4c8fd9c0d5c8e28f514d27c7c26e72108ca450a389a1a9ea	source_unnamed	unique_full_body_sha256
LF9D012H	0xEB824	LF9G003T	0xF9290	FUN_000eb824	FUN_000f9290	FUN_000eb824	26	7c2cd2beee7addf317bd9222fe309396013c51df8450aa04620a2242a4616f07	source_unnamed	unique_full_body_sha256
LF9D012H	0x1DD488	LF9G003T	0x1F35A8	FUN_001dd488	FUN_001f35a8	FUN_001dd488	148	7c2f23ede6376b52860f5258381834263858f46c81986861b307d2c5da96960c	source_unnamed	unique_full_body_sha256
LF9D012H	0x1DAE22	LF9G003T	0x1F0F42	FUN_001dae22	FUN_001f0f42	FUN_001dae22	12	7c373c55ac042c68f572fbb2c990fe6367e819062240b3787bb98e0f100e7cd0	source_unnamed	unique_full_body_sha256
LF9D012H	0x1ADA5C	LF9G003T	0x1C2DA8	FUN_001ada5c	FUN_001c2da8	FUN_001ada5c	38	7c4af0b39f342a95bb4103816ff7ee46a6819c04d1fafba87d16087d91f8db5b	source_unnamed	unique_full_body_sha256
LF9D012H	0xDDF34	LF9G003T	0xEB9A8	FUN_000ddf34	FUN_000eb9a8	FUN_000ddf34	236	7cdbbba9209f1cbee2c9c99f25e4a7ed39d79c50b70830a90ff73f84f68d19b9	source_unnamed	unique_full_body_sha256
LF9D012H	0x27D4AC	LF9G003T	0x27D680	FUN_0027d4ac	FUN_0027d680	FUN_0027d4ac	58	7ce85c211ff0a1b83cc5536442945c28f4fc4061b60f8c0362eabbd936b67d70	source_unnamed	unique_full_body_sha256
LF9D012H	0xA7B4C	LF9G003T	0xB4F9C	FUN_000a7b4c	FUN_000b4f9c	FUN_000a7b4c	32	7cf4d0f7d7d42ab56b8ea03cfc2f3380cc9ea09cdc4a36789185233a44fa6d2d	source_unnamed	unique_full_body_sha256
LF9D012H	0x1D6A72	LF9G003T	0x1ECB92	FUN_001d6a72	FUN_001ecb92	FUN_001d6a72	10	7d0763108d36bc9f563f4da5f2eb539b0832cc8b7edd8baa54bb638e93425c60	source_unnamed	unique_full_body_sha256
LF9D012H	0xA1874	LF9G003T	0xAE198	FUN_000a1874	FUN_000ae198	FUN_000a1874	244	7d13786e1ef9445260b39f9cfda4529bf7fdea21a0d70cb33da248644b55c983	source_unnamed	unique_full_body_sha256
LF9D012H	0x1F0D70	LF9G003T	0x2070B0	FUN_001f0d70	FUN_002070b0	FUN_001f0d70	64	7d38cbe270fa296bc2a35f597183171ab520886bdf7d986f69be16e24998cfea	source_unnamed	unique_full_body_sha256
LF9D012H	0x1313F0	LF9G003T	0x13F8BC	FUN_001313f0	FUN_0013f8bc	FUN_001313f0	48	7d47d7c4849b20f1c708562fdd3fe24c19d55136f89033384cc671c40f384a4d	source_unnamed	unique_full_body_sha256
LF9D012H	0x88ED8	LF9G003T	0x95738	FUN_00088ed8	FUN_00095738	FUN_00088ed8	52	7d4ff2f280684060088a881185f41dd476bd850ecc68141d087623f9fb5b953c	source_unnamed	unique_full_body_sha256
LF9D012H	0xB1774	LF9G003T	0xBEC18	FUN_000b1774	FUN_000bec18	FUN_000b1774	236	7d6c73d2a3e490f5bedf7946874d5e427583327b71623692255589a291a75012	source_unnamed	unique_full_body_sha256
LF9D012H	0x1DAF78	LF9G003T	0x1F1098	FUN_001daf78	FUN_001f1098	FUN_001daf78	38	7d984eba5cb2d0c413ee1b30de5062bc6bcdd9dda79771fd13e0991d27a07a69	source_unnamed	unique_full_body_sha256
LF9D012H	0x73E8	LF9G003T	0x73B0	FUN_000073e8	FUN_000073b0	FUN_000073e8	12	7dee71def97b557e970a9b63996564cbfdf01eb3a62371ac24eed179d65f6754	source_unnamed	unique_full_body_sha256
LF9D012H	0x82940	LF9G003T	0x8F170	FUN_00082940	FUN_0008f170	FUN_00082940	24	7e06f7ba6e87fd93452c9b97d505722b56176dc4fc4de0f7a08fc7313c8fe604	source_unnamed	unique_full_body_sha256
LF9D012H	0x27E298	LF9G003T	0x27E46C	FUN_0027e298	FUN_0027e46c	FUN_0027e298	76	7e1087030f3dbe65707ae0001eb9b5799fee5d8d9afc0870ebdd134fc85aa084	source_unnamed	unique_full_body_sha256
LF9D012H	0x1EC7D8	LF9G003T	0x202B18	FUN_001ec7d8	FUN_00202b18	FUN_001ec7d8	80	7e1e0f4c59eee6ce71fff688b6ab68fce6e10004124f4bdf93fe9febfd811a81	source_unnamed	unique_full_body_sha256
LF9D012H	0x1F075C	LF9G003T	0x206A9C	FUN_001f075c	FUN_00206a9c	FUN_001f075c	6	7e1ff1dd43303c0753d2505d5e1d1bb7731ab7ae5971f4cd67d0934e8818481c	source_unnamed	unique_full_body_sha256
LF9D012H	0xB2A62	LF9G003T	0xBFF06	FUN_000b2a62	FUN_000bff06	FUN_000b2a62	10	7e4e68d45767eefab5437fa05722d8693520f36bb6ebbebc0bd9ad32a99da016	source_unnamed	unique_full_body_sha256
LF9D012H	0x17B094	LF9G003T	0x18E290	FUN_0017b094	FUN_0018e290	FUN_0017b094	86	7e55d968a403f55806809dd2d35eeb439068ea8196ee85be86bcd2ce7361f9a6	source_unnamed	unique_full_body_sha256
LF9D012H	0xA8076	LF9G003T	0xB54C6	FUN_000a8076	FUN_000b54c6	FUN_000a8076	72	7e95948eb43588e77e3d882e8f897f66fdd5276c91142bf8a517cfcbc5bcfacc	source_unnamed	unique_full_body_sha256
LF9D012H	0x1F4A64	LF9G003T	0x20ADDC	udiv64_by_u16	udiv64_by_u16	udiv64_by_u16	172	7e98c98d0246a74b396e978073691a16af0cdb69a34ca118e9426034343f83c5	already_named	unique_full_body_sha256
LF9D012H	0x1B3EC0	LF9G003T	0x1C9358	interp_1d_desc_axis_u8_data_u8	interp_1d_desc_axis_u8_data_u8	interp_1d_desc_axis_u8_data_u8	104	7eb135d0762ed1fbff01a4c16fd807af63bc4dafe9e5bd60b4f082fa2d56ab7a	already_named	unique_full_body_sha256
LF9D012H	0x96B50	LF9G003T	0xA3474	FUN_00096b50	FUN_000a3474	FUN_00096b50	162	7ed13a7926e0cc211be8d02ec390a7b995ac84339771344edf4086d980dd5e7e	source_unnamed	unique_full_body_sha256
LF9D012H	0x18F480	LF9G003T	0x1A3478	FUN_0018f480	FUN_001a3478	FUN_0018f480	50	7f0f75be64910a8089fe10884fbc0506fa09db0f49800b52094fb8c6929d7b1e	source_unnamed	unique_full_body_sha256
LF9D012H	0x114C34	LF9G003T	0x123098	FUN_00114c34	FUN_00123098	FUN_00114c34	50	7f47055f7ef397b71032961010f79052b393764f30eb354ce5eae132e76eb912	source_unnamed	unique_full_body_sha256
LF9D012H	0x12DA0C	LF9G003T	0x13BED4	FUN_0012da0c	FUN_0013bed4	FUN_0012da0c	54	7f5dfb004ec3485cd31f97238bf21e0f01c2318e8bce53108f571eec8dfa5867	source_unnamed	unique_full_body_sha256
LF9D012H	0x1E0CB8	LF9G003T	0x1F6DD8	timer_compare_field_config	timer_compare_field_config	timer_compare_field_config	110	7f8671ffe1be86ac3718fc2937ebd945307c9320af0aa39163246a7b3759d5b2	already_named	unique_full_body_sha256
LF9D012H	0x1F071C	LF9G003T	0x206A5C	FUN_001f071c	FUN_00206a5c	FUN_001f071c	6	7fad7e0d1296a737df8ab456fcc1293eec0b4cd93887a18c08f74f960b14656e	source_unnamed	unique_full_body_sha256
LF9D012H	0xE9DC8	LF9G003T	0xF7834	FUN_000e9dc8	FUN_000f7834	FUN_000e9dc8	90	7fb2195b6117881685578a4d4d86ec890e6a4f4b99443ed1d4b7cf1b4e58e212	source_unnamed	unique_full_body_sha256
LF9D012H	0x1DADFE	LF9G003T	0x1F0F1E	FUN_001dadfe	FUN_001f0f1e	FUN_001dadfe	12	7fca17776f256a9108c086adcae195c3f51dd09b84f032d9aed6b81f7446a728	source_unnamed	unique_full_body_sha256
LF9D012H	0xA22C0	LF9G003T	0xAEBE4	sa_seed_send_handler	sa_seed_send_handler	sa_seed_send_handler	224	7fcaf0f19ef9f68c8887ea050eb1a8e705cfa2f84d8514dad35cbfce39021d97	already_named	unique_full_body_sha256
LF9D012H	0x1D7B92	LF9G003T	0x1EDCB2	cal_table_get_word0	cal_table_get_word0	cal_table_get_word0	10	7fe350b04f26dfa26f00d2a85d75e8aba4d2a77106b3f881f9f5b069cd3d41c1	already_named	unique_full_body_sha256
LF9D012H	0x1B8ACC	LF9G003T	0x1CDF64	FUN_001b8acc	FUN_001cdf64	FUN_001b8acc	272	7fe5c6e4f3b29cc7038a07cad566a25fea205d80ec7d3a461a721aaa63774852	source_unnamed	unique_full_body_sha256
LF9D012H	0x1D8046	LF9G003T	0x1EE166	FUN_001d8046	FUN_001ee166	FUN_001d8046	58	7fe68b2303a2962e4a85a4abf6a1d5dec8ed57a5ad431fc96f9b26daa7f03962	source_unnamed	unique_full_body_sha256
LF9D012H	0x1DE9CE	LF9G003T	0x1F4AEE	FUN_001de9ce	FUN_001f4aee	FUN_001de9ce	6	805c36b869848849a099d43d3037bfb2edab0f8c4fa77fb76b3dbdd53884941b	source_unnamed	unique_full_body_sha256
LF9D012H	0x6E5DA	LF9G003T	0x7AE0E	FUN_0006e5da	FUN_0007ae0e	FUN_0006e5da	64	805d0d5fe071b2de211f838cb516f6a588fbd703d1249ff4c1ec3d57eed52b10	source_unnamed	unique_full_body_sha256
LF9D012H	0x112BF8	LF9G003T	0x120FF8	FUN_00112bf8	FUN_00120ff8	FUN_00112bf8	60	806434c1fe4f4b6b6922457324520424da025b4cc5ff98f17c41df0580e5ad74	source_unnamed	unique_full_body_sha256
LF9D012H	0x84D48	LF9G003T	0x91594	FUN_00084d48	FUN_00091594	FUN_00084d48	216	8064d0aef0bfdaa8aaadfa5dc67857dd97365bfdfcf890f3c55c495bd80ac552	source_unnamed	unique_full_body_sha256
LF9D012H	0xAB4A8	LF9G003T	0xB894C	FUN_000ab4a8	FUN_000b894c	FUN_000ab4a8	62	80679393696130faf48e617142089aa36f339bf549465471b4916a60d3db21c5	source_unnamed	unique_full_body_sha256
LF9D012H	0x1D5CBC	LF9G003T	0x1EBDDC	serial_ctrl_clear_bit6	serial_ctrl_clear_bit6	serial_ctrl_clear_bit6	12	80697a204d3b1a147b498e482c5afddecfb01ced7cc9a47f2977ae5afd30310b	already_named	unique_full_body_sha256
LF9D012H	0x1B3FF8	LF9G003T	0x1C9490	interp_1d_desc_axis_u8_data_u16	interp_1d_desc_axis_u8_data_u16	interp_1d_desc_axis_u8_data_u16	100	80b07e979b381c171838c8eae37cb20e4458a458a9b9f8e22f089d9c27e56ea4	already_named	unique_full_body_sha256
LF9D012H	0x18902C	LF9G003T	0x19D028	FUN_0018902c	FUN_0019d028	FUN_0018902c	72	80b3203e53d53c1d1347b636216150ecd7e34df5e7caba4859a4bc0582c52968	source_unnamed	unique_full_body_sha256
LF9D012H	0x155938	LF9G003T	0x168718	FUN_00155938	FUN_00168718	FUN_00155938	42	80daa8658083d8df4a87aaa2900f62cb39762c3a3db25cdf630e87669fcaca1e	source_unnamed	unique_full_body_sha256
LF9D012H	0x1DBD18	LF9G003T	0x1F1E38	FUN_001dbd18	FUN_001f1e38	FUN_001dbd18	6	80f1158c871d4684c7b2246f1af149d1863a45e43b6981a72ed53e713d55464b	source_unnamed	unique_full_body_sha256
LF9D012H	0x17F938	LF9G003T	0x193414	FUN_0017f938	FUN_00193414	FUN_0017f938	14	811de0f85a285f7fcec2c3542577a5e42e0e5a438dd5322125110a6559179735	source_unnamed	unique_full_body_sha256
LF9D012H	0x1EC6CA	LF9G003T	0x202A0A	FUN_001ec6ca	FUN_00202a0a	FUN_001ec6ca	268	8150fed036c0cd59fb246c527fcb612d7e3f5186e0271856bc3ada72ff1eb0c8	source_unnamed	unique_full_body_sha256
LF9D012H	0x1E1064	LF9G003T	0x1F7184	FUN_001e1064	FUN_001f7184	FUN_001e1064	548	81a0734a9de38993c9088f107e7774aabeb003cfe0368b494f7ee8f905d61cce	source_unnamed	unique_full_body_sha256
LF9D012H	0x969D8	LF9G003T	0xA32FC	linear_interp_2pt	linear_interp_2pt	linear_interp_2pt	116	81bcfa04b2fa99e6eb86fc2964325490d6e3a28820f7a0ada93115e48672f9d6	already_named	unique_full_body_sha256
LF9D012H	0xB8D9C	LF9G003T	0xC62A8	FUN_000b8d9c	FUN_000c62a8	FUN_000b8d9c	62	81c356a1d20110a5bf071f28fa4999e44413ef16b4e6e41b6b78da1baba329af	source_unnamed	unique_full_body_sha256
LF9D012H	0x85A98	LF9G003T	0x922E4	FUN_00085a98	FUN_000922e4	FUN_00085a98	304	81e8741c4380d8b3eaec53e6208d9836c9269e3fc7dfdc694ad1c9cc2ce57960	source_unnamed	unique_full_body_sha256
LF9D012H	0x1CCD7C	LF9G003T	0x1E2214	FUN_001ccd7c	FUN_001e2214	FUN_001ccd7c	10	8214d7de2001dc4be2193aa5bddbf35872e0ab08daab186cf648880310fe0783	source_unnamed	unique_full_body_sha256
LF9D012H	0x86E1C	LF9G003T	0x93668	FUN_00086e1c	FUN_00093668	FUN_00086e1c	160	8258086f8dd2e73b9b23349326ce6d4dcc60344cd16a99e31c781994ebd2516e	source_unnamed	unique_full_body_sha256
LF9D012H	0x1F09FC	LF9G003T	0x206D3C	FUN_001f09fc	FUN_00206d3c	FUN_001f09fc	16	826153bbb2a12a1ee4c7d2638bd7dea97d411aa75864cc775bc4a16b5da2032f	source_unnamed	unique_full_body_sha256
LF9D012H	0x1E27A4	LF9G003T	0x1F88C4	thunk_FUN_001e27d8	thunk_FUN_001f88f8	thunk_FUN_001e27d8	4	8274e51aaa31e0702c23eb6a4266e64f177ab9ee9ac205f3b3a41fcd903e6c5e	source_unnamed	unique_full_body_sha256
LF9D012H	0x1D2DAC	LF9G003T	0x1E8A74	FUN_001d2dac	FUN_001e8a74	FUN_001d2dac	190	8279ac0a8f7db08e72b289732d5796d3af7dcab10b51e52fac451a33187fc49c	source_unnamed	unique_full_body_sha256
LF9D012H	0x1436CC	LF9G003T	0x154740	FUN_001436cc	FUN_00154740	FUN_001436cc	46	827a07226f0bbc845bc5dad5ac9ad71570c4275770413b98850b4f623a20c133	source_unnamed	unique_full_body_sha256
LF9D012H	0x95DFC	LF9G003T	0xA2720	FUN_00095dfc	FUN_000a2720	FUN_00095dfc	68	828da9a291522aa41d3c2d93aaa46a554b9c0471fdcdd5ee43d0765f00ad4c47	source_unnamed	unique_full_body_sha256
LF9D012H	0xA3BE2	LF9G003T	0xB0506	FUN_000a3be2	FUN_000b0506	FUN_000a3be2	44	8297f0dfa5390f70a9a81d3a8e608cedee2fc7c787af6fd6b8b66ee15ff852c5	source_unnamed	unique_full_body_sha256
LF9D012H	0xAC82A	LF9G003T	0xB9CCE	FUN_000ac82a	FUN_000b9cce	FUN_000ac82a	546	82996a3dd7a11c6ba32ec586896c16621f7e84493ffe5c464e2e752e417b71f9	source_unnamed	unique_full_body_sha256
LF9D012H	0x1DAC02	LF9G003T	0x1F0D22	FUN_001dac02	FUN_001f0d22	FUN_001dac02	44	82a2bb3b66e62869771f343400160241f54816c963dd4f6df2cc8d7bd0866833	source_unnamed	unique_full_body_sha256
LF9D012H	0x1F1098	LF9G003T	0x2073D8	FUN_001f1098	FUN_002073d8	FUN_001f1098	28	82b98d0176189c7bf87a6f914d3d6bc4fa9b703e7da7e3b7788dca625272d8dd	source_unnamed	unique_full_body_sha256
LF9D012H	0xAFAFC	LF9G003T	0xBCFA0	FUN_000afafc	FUN_000bcfa0	FUN_000afafc	90	82c24a356c40f7fd824a4b7a622c84086adcd7278ad12028f680c63f200b8d9b	source_unnamed	unique_full_body_sha256
LF9D012H	0xA8E6E	LF9G003T	0xB62BE	FUN_000a8e6e	FUN_000b62be	FUN_000a8e6e	152	82dd83a782148490789e33e239f652cb80b16eb5e6b8beda0541ba4475022a0a	source_unnamed	unique_full_body_sha256
LF9D012H	0xAB224	LF9G003T	0xB86C8	FUN_000ab224	FUN_000b86c8	FUN_000ab224	86	82e2669990276d31876802260d07f50e0ae8901d35e885d96a6f6aec87a2c918	source_unnamed	unique_full_body_sha256
LF9D012H	0x1E3F58	LF9G003T	0x1FA078	FUN_001e3f58	FUN_001fa078	FUN_001e3f58	124	82fd6d2c475cf3f34577dd33d4cdc18982f1b825822fceda81d88afd0d749839	source_unnamed	unique_full_body_sha256
LF9D012H	0x89F80	LF9G003T	0x967E0	FUN_00089f80	FUN_000967e0	FUN_00089f80	10	830e07a8ed2e15248a6d3bb05c91b637889e9b262d3c09c0ff4293cbc1193992	source_unnamed	unique_full_body_sha256
LF9D012H	0x668C	LF9G003T	0x668C	FUN_0000668c	FUN_0000668c	FUN_0000668c	226	83159f11ab4a63f77d33b45303b9e2f6f718ecfe0b9e455bd85e5fe47c606623	source_unnamed	unique_full_body_sha256
LF9D012H	0xA7E44	LF9G003T	0xB5294	FUN_000a7e44	FUN_000b5294	FUN_000a7e44	60	8317b125c81414b73e21614b87f171696347396b26b588bfe24f36ef849e1718	source_unnamed	unique_full_body_sha256
LF9D012H	0x6DD20	LF9G003T	0x7A554	FUN_0006dd20	FUN_0007a554	FUN_0006dd20	64	8362ac2a26527979cb2931c1a1f4da1610160e307e739bdcb9fc0ac9f16e80f6	source_unnamed	unique_full_body_sha256
LF9D012H	0x956C4	LF9G003T	0xA1FE8	FUN_000956c4	FUN_000a1fe8	FUN_000956c4	154	8371b91f7b53fb733c88475942ccf0b12ec6b4588bda8ba52b0fcc5faf2b25a8	source_unnamed	unique_full_body_sha256
LF9D012H	0x27DCCC	LF9G003T	0x27DEA0	FUN_0027dccc	FUN_0027dea0	FUN_0027dccc	540	838629b596a8669da2f271db90bf423a30e9b6dff6be6190e9ae1261dfc84856	source_unnamed	unique_full_body_sha256
LF9D012H	0x1E12B0	LF9G003T	0x1F73D0	FUN_001e12b0	FUN_001f73d0	FUN_001e12b0	112	83ab9f05c4ec36e735a0badc827e22ccd70d0bd4a0b788a2a54c9269d9a4c9e3	source_unnamed	unique_full_body_sha256
LF9D012H	0xCE7D0	LF9G003T	0xDC244	FUN_000ce7d0	FUN_000dc244	FUN_000ce7d0	96	83b09614e73182c6995e2f0112f00fbbbcf2989348efc2df356bf04d644ba9e1	source_unnamed	unique_full_body_sha256
LF9D012H	0x137514	LF9G003T	0x1459E0	FUN_00137514	FUN_001459e0	FUN_00137514	36	83c51f210a5999bb389df8ef6a628bae99fee9d7ad7b2cd8a69029fe708de097	source_unnamed	unique_full_body_sha256
LF9D012H	0x1DC066	LF9G003T	0x1F2186	FUN_001dc066	FUN_001f2186	FUN_001dc066	10	83f16ba31825750d7a5ba9999f6bc014c300af6bd9334c0b2f4753cd3a67cc46	source_unnamed	unique_full_body_sha256
LF9D012H	0x1D7C52	LF9G003T	0x1EDD72	FUN_001d7c52	FUN_001edd72	FUN_001d7c52	14	83f217a325903523ea52e34917c7c3dd1e63116ab91f36f1023306717da2f6c7	source_unnamed	unique_full_body_sha256
LF9D012H	0x7D998	LF9G003T	0x8A1C8	FUN_0007d998	FUN_0008a1c8	FUN_0007d998	50	83fb44806c4bcaa212d02b5d78f60ba9bbe8c7bae0ff60d9b82e076d16d48f7d	source_unnamed	unique_full_body_sha256
LF9D012H	0xA23A0	LF9G003T	0xAECC4	sa_seed_generate_from_nonce	sa_seed_generate_from_nonce	sa_seed_generate_from_nonce	92	84289bf39562d4978aba628be269f909d75e0c38c3d07fd091866cbf1b0c9a18	already_named	unique_full_body_sha256
LF9D012H	0x18AB6C	LF9G003T	0x19EB58	FUN_0018ab6c	FUN_0019eb58	FUN_0018ab6c	146	84516615c29e71f9e4fe2382e254f1e986ae1870c22388214b3ba34b53fcd871	source_unnamed	unique_full_body_sha256
LF9D012H	0xBB0AC	LF9G003T	0xC85B8	FUN_000bb0ac	FUN_000c85b8	FUN_000bb0ac	120	845176ba073133fd4ab5c63f432c9bbeb5ea049e078f13c9c383ed6a62fefe86	source_unnamed	unique_full_body_sha256
LF9D012H	0x1E6850	LF9G003T	0x1FC970	FUN_001e6850	FUN_001fc970	FUN_001e6850	132	84f6341b21a8e5234acf777a4fe11ad4da5ef334aad69281d7ddb1e0c6aaf4c3	source_unnamed	unique_full_body_sha256
LF9D012H	0x105E84	LF9G003T	0x113BB4	FUN_00105e84	FUN_00113bb4	FUN_00105e84	190	851af364ed3662dac738e5fd5566ddf6ba442b0de4f13e94adc2a3a3e2608902	source_unnamed	unique_full_body_sha256
LF9D012H	0xA4DE8	LF9G003T	0xB22C0	FUN_000a4de8	FUN_000b22c0	FUN_000a4de8	178	854f9193a426cd1300b93f091e13654e438096a13dd8e1a2cdea6344e54505ab	source_unnamed	unique_full_body_sha256
LF9D012H	0x6F3D0	LF9G003T	0x7BC04	FUN_0006f3d0	FUN_0007bc04	FUN_0006f3d0	18	855502c236d4accae819404482a841b7596c569c3ae0413a7cb7acd4fd05e35a	source_unnamed	unique_full_body_sha256
LF9D012H	0x1B4AB8	LF9G003T	0x1C9F50	FUN_001b4ab8	FUN_001c9f50	FUN_001b4ab8	322	855a0d800cf5c86cf8a495b8cbbdecbdb3db60d0abcd9c9f9fd2a0c060fb0ec9	source_unnamed	unique_full_body_sha256
LF9D012H	0xB094E	LF9G003T	0xBDDF2	FUN_000b094e	FUN_000bddf2	FUN_000b094e	330	857a0db05b7f6cdb1c8c278bde0b1d155157e24ccdc7ba3bc7db9323b9b0093e	source_unnamed	unique_full_body_sha256
LF9D012H	0x1E3312	LF9G003T	0x1F9432	FUN_001e3312	FUN_001f9432	FUN_001e3312	82	8580ab19d01b78dcbb566bc3a02377d44f15ff57f0a8ae44cd5a46bd6dbf4779	source_unnamed	unique_full_body_sha256
LF9D012H	0x1D7B0C	LF9G003T	0x1EDC2C	FUN_001d7b0c	FUN_001edc2c	FUN_001d7b0c	6	85810bd09ed6579ba7a488213cc5e0da91daf1f552498e25d16ffe73c87b97a2	source_unnamed	unique_full_body_sha256
LF9D012H	0x1DC612	LF9G003T	0x1F2732	broadcast_state_machine	broadcast_state_machine	broadcast_state_machine	292	85ab556d49f46913bf75827c2bea39474a724b60bd1895f098bbb964a39945d8	already_named	unique_full_body_sha256
LF9D012H	0x135D74	LF9G003T	0x144240	FUN_00135d74	FUN_00144240	FUN_00135d74	114	85b51c1be90acd34aa7f7c01b041bde807c3e353e12abb967a0576bd647c6414	source_unnamed	unique_full_body_sha256
LF9D012H	0x1D2C44	LF9G003T	0x1E890C	FUN_001d2c44	FUN_001e890c	FUN_001d2c44	8	85b69af109bbbddabdd342efe82b50c4815d45b00868cc5c957251f4764e801c	source_unnamed	unique_full_body_sha256
LF9D012H	0xAA8A8	LF9G003T	0xB7D4C	FUN_000aa8a8	FUN_000b7d4c	FUN_000aa8a8	78	85c453e030e991731dbaee5b22dbea2bbe5f5a80b064bacec9392d38ca5dd8fd	source_unnamed	unique_full_body_sha256
LF9D012H	0xB33DC	LF9G003T	0xC0880	FUN_000b33dc	FUN_000c0880	FUN_000b33dc	106	85d6680b6c16e01d0d6d7a89165ac992a670a8f8556a0f859c9e968b5ccc0659	source_unnamed	unique_full_body_sha256
LF9D012H	0x121F60	LF9G003T	0x13043C	FUN_00121f60	FUN_0013043c	FUN_00121f60	436	85d9fb5e2b35e2509d9284f4fc4f113bd0810b76e38d52867700931bf99f5f1e	source_unnamed	unique_full_body_sha256
LF9D012H	0x131840	LF9G003T	0x13FD0C	FUN_00131840	FUN_0013fd0c	FUN_00131840	8	85e6eb65d4572492335aa3fc7c55cd0424144ed6ae654bb5755b3de926dc67ed	source_unnamed	unique_full_body_sha256
LF9D012H	0x1F0678	LF9G003T	0x2069B8	FUN_001f0678	FUN_002069b8	FUN_001f0678	60	860e7b5d5ef93849b461cfc254bc31679bb8d3dcd7d15484c748647d47bf1f8d	source_unnamed	unique_full_body_sha256
LF9D012H	0x1CBC5C	LF9G003T	0x1E10F4	FUN_001cbc5c	FUN_001e10f4	FUN_001cbc5c	90	8615ea9706cb295746331798bbca4d8326f8039535ec8cecd7c077629bbed5e2	source_unnamed	unique_full_body_sha256
LF9D012H	0x7820A	LF9G003T	0x84A3E	FUN_0007820a	FUN_00084a3e	FUN_0007820a	168	86805252f41882dac1c96f9c2655eabd9ea92f9d39667dcfc6c98649ae63963d	source_unnamed	unique_full_body_sha256
LF9D012H	0x77EA6	LF9G003T	0x846DA	FUN_00077ea6	FUN_000846da	FUN_00077ea6	60	869faa8c26579b8ba1f2d168ff1cbc155065c53e7a0f5a272b472466b80263ff	source_unnamed	unique_full_body_sha256
LF9D012H	0x1A39C8	LF9G003T	0x1B88B0	FUN_001a39c8	FUN_001b88b0	FUN_001a39c8	82	86afd3bf38a72e74f9a4334dcce6c049d4b46894dd52ad2c218c9fb75b71bfb7	source_unnamed	unique_full_body_sha256
LF9D012H	0x1DBAF4	LF9G003T	0x1F1C14	FUN_001dbaf4	FUN_001f1c14	FUN_001dbaf4	52	86b8e7181b0242d734af3319fe29496d433b91d35d42c497c46f6ab967305c25	source_unnamed	unique_full_body_sha256
LF9D012H	0x1D7B48	LF9G003T	0x1EDC68	FUN_001d7b48	FUN_001edc68	FUN_001d7b48	10	86d1393101ba2bc02fad2b138bff15b52cc81ccfe2af00916b252d0e7fc6c70e	source_unnamed	unique_full_body_sha256
LF9D012H	0x953C4	LF9G003T	0xA1CE8	FUN_000953c4	FUN_000a1ce8	FUN_000953c4	162	86d22eed2ac449d26fa8d7f8193d0a4eb5a8ffcb5b1ca440a2ab7e54ae4ce774	source_unnamed	unique_full_body_sha256
LF9D012H	0x1091C0	LF9G003T	0x116EF0	FUN_001091c0	FUN_00116ef0	FUN_001091c0	152	86ec0679c785473855d8b67605d218a1ab98f0c9d5371ac57170a6d99312b0bc	source_unnamed	unique_full_body_sha256
LF9D012H	0xE9324	LF9G003T	0xF6D90	FUN_000e9324	FUN_000f6d90	FUN_000e9324	34	86f429ab2040f7d58a13100867aa80b1f8c0e9e48a66149c6364b1ad290d643c	source_unnamed	unique_full_body_sha256
LF9D012H	0x775C	LF9G003T	0x7724	FUN_0000775c	FUN_00007724	FUN_0000775c	58	86fd22eea6e66b464595aeacf9e26ab80fadfcaa5ae683cd88181bf16bfb39ea	source_unnamed	unique_full_body_sha256
LF9D012H	0x88E7C	LF9G003T	0x956DC	FUN_00088e7c	FUN_000956dc	FUN_00088e7c	92	8739decccba9b32b3361575068ed0050d4df39a8cdc1e54fe8bccb4808163392	source_unnamed	unique_full_body_sha256
LF9D012H	0x1AC80C	LF9G003T	0x1C1B10	FUN_001ac80c	FUN_001c1b10	FUN_001ac80c	104	8755beb40ce92216b994ab14d9af8e60b41327af578909dea97cf59b79f3476f	source_unnamed	unique_full_body_sha256
LF9D012H	0x6D11C	LF9G003T	0x79950	FUN_0006d11c	FUN_00079950	FUN_0006d11c	48	87b656d70b9b506de7fac78eedc35f8a912347994c6544eb714c2db0e493ddab	source_unnamed	unique_full_body_sha256
LF9D012H	0x1A2B80	LF9G003T	0x1B7A5C	FUN_001a2b80	FUN_001b7a5c	FUN_001a2b80	112	87c1e647b261e170c6a60521dd3cba274e9ab7c14f7274a71ca9f8446c5f7149	source_unnamed	unique_full_body_sha256
LF9D012H	0xE3B20	LF9G003T	0xF158C	FUN_000e3b20	FUN_000f158c	FUN_000e3b20	60	87f65dbcb4b7844815a359418da42916311314bd089726a97625288200afc92f	source_unnamed	unique_full_body_sha256
LF9D012H	0x1ECD78	LF9G003T	0x2030B8	FUN_001ecd78	FUN_002030b8	FUN_001ecd78	554	87f739def1f881f01dae86bbbdf27470191796d2b9b8c903d6e15134e474ffdd	source_unnamed	unique_full_body_sha256
LF9D012H	0x1DB8FC	LF9G003T	0x1F1A1C	FUN_001db8fc	FUN_001f1a1c	FUN_001db8fc	44	87ff71635de75b088d33d5f2538e401883b5f60ceebdabd88e6e3a43e2c83325	source_unnamed	unique_full_body_sha256
LF9D012H	0xB1B82	LF9G003T	0xBF026	FUN_000b1b82	FUN_000bf026	FUN_000b1b82	100	8805e111e3ceaa4a2d0028c251733b2a17bee12308debe1cf19dd97dabdbc91b	source_unnamed	unique_full_body_sha256
LF9D012H	0x1318BC	LF9G003T	0x13FD88	FUN_001318bc	FUN_0013fd88	FUN_001318bc	26	8814fc7c281dd73abfd6c89340ea79447b0a278306f108baef53fa3887844314	source_unnamed	unique_full_body_sha256
LF9D012H	0x1DE604	LF9G003T	0x1F4724	FUN_001de604	FUN_001f4724	FUN_001de604	8	882ff5b44963fa4350ceacae3b5ae1440423b7575d2223232b3a5ec6a2cb08a4	source_unnamed	unique_full_body_sha256
LF9D012H	0x189AFC	LF9G003T	0x19DAF8	FUN_00189afc	FUN_0019daf8	FUN_00189afc	22	8837ba7f818f3a1a64c6b4129ae758a70d8731fd0e5473d62524ec82e3927275	source_unnamed	unique_full_body_sha256
LF9D012H	0x139A6C	LF9G003T	0x147F38	FUN_00139a6c	FUN_00147f38	FUN_00139a6c	88	883c808b406ca119db99807f77101d5012ca27adf12551f7d5b33ed8993141f4	source_unnamed	unique_full_body_sha256
LF9D012H	0x10CAD8	LF9G003T	0x11AE30	FUN_0010cad8	FUN_0011ae30	FUN_0010cad8	22	8840e8256129031a7b2f97d473c61c4e1d885ce04a5d198702fd42ef03907709	source_unnamed	unique_full_body_sha256
LF9D012H	0x7235C	LF9G003T	0x7EB90	FUN_0007235c	FUN_0007eb90	FUN_0007235c	10	8845a3c57881c814cff85493e25d10d11d37a4900cb3b6848e96821c0792136c	source_unnamed	unique_full_body_sha256
LF9D012H	0x1B8E04	LF9G003T	0x1CE29C	interp_2d_ax_u16_u16_desc_data_u	interp_2d_ax_u16_u16_desc_data_u	interp_2d_ax_u16_u16_desc_data_u	268	88490aa7f76388aa96676a08e6808ef6a9fa8d2c8c43d33e5da7760e4c00d50c	already_named	unique_full_body_sha256
LF9D012H	0x1DC110	LF9G003T	0x1F2230	FUN_001dc110	FUN_001f2230	FUN_001dc110	10	885a85f12b22cf19701a8c36745f43420150aaf01f976c78cab0373d8844bdd5	source_unnamed	unique_full_body_sha256
LF9D012H	0xA8218	LF9G003T	0xB5668	FUN_000a8218	FUN_000b5668	FUN_000a8218	78	88699196bd68372d1216fe87b14c5b7863991e9ced4baf76d89f38e525bcbbfe	source_unnamed	unique_full_body_sha256
LF9D012H	0x721AE	LF9G003T	0x7E9E2	FUN_000721ae	FUN_0007e9e2	FUN_000721ae	52	8882e87b631ee977731a229ab551736bcf65d5f2f20436072eb59f9768e2d3e7	source_unnamed	unique_full_body_sha256
LF9D012H	0x6A74	LF9G003T	0x6A74	FUN_00006a74	FUN_00006a74	FUN_00006a74	118	8883b1c8b9d2b3add9e38c1465f889d6421650719df201d72b47e606f5dcfa71	source_unnamed	unique_full_body_sha256
LF9D012H	0x1E084C	LF9G003T	0x1F696C	FUN_001e084c	FUN_001f696c	FUN_001e084c	42	8894afa3b28215dceebeac1fc9a9bc865f75b9603b8e36c861797d2c66e3f687	source_unnamed	unique_full_body_sha256
LF9D012H	0x1E09FE	LF9G003T	0x1F6B1E	FUN_001e09fe	FUN_001f6b1e	FUN_001e09fe	88	88bbcb97ac1ba08df2ded3315e8cac27bda22b67b6c529f123aa0ada790ac3e2	source_unnamed	unique_full_body_sha256
LF9D012H	0x13970C	LF9G003T	0x147BD8	FUN_0013970c	FUN_00147bd8	FUN_0013970c	32	89068fff54f54fb182ebd94ebac3acceddbf7f246997774991e076a9cc309725	source_unnamed	unique_full_body_sha256
LF9D012H	0x9DCD6	LF9G003T	0xAA5FA	FUN_0009dcd6	FUN_000aa5fa	FUN_0009dcd6	32	895cfb7735c4bf9b447ab8d4f04b43f8a1b2110879323ab8deb447101d58312a	source_unnamed	unique_full_body_sha256
LF9D012H	0x1DBD82	LF9G003T	0x1F1EA2	FUN_001dbd82	FUN_001f1ea2	FUN_001dbd82	60	895e71b6c1fafc16abb7249c80166b117246acb755c96ada02eb26f13f84d126	source_unnamed	unique_full_body_sha256
LF9D012H	0x11A1F8	LF9G003T	0x128684	FUN_0011a1f8	FUN_00128684	FUN_0011a1f8	70	8972ac7adbb852d722a71d0b60142e6ad6045686ffd121ffa5bb64790d817f96	source_unnamed	unique_full_body_sha256
LF9D012H	0x1F4FEC	LF9G003T	0x20B364	FUN_001f4fec	FUN_0020b364	FUN_001f4fec	112	897a109d320dcd16506bdab6f603acd6324dbb7b549df9344d64ae0bd38adbdd	source_unnamed	unique_full_body_sha256
LF9D012H	0x182FC8	LF9G003T	0x19703C	FUN_00182fc8	FUN_0019703c	FUN_00182fc8	70	8985c4bb390ce882040714d91c0042b815f6dc6b1c96afe82da5c6f4d835a3a8	source_unnamed	unique_full_body_sha256
LF9D012H	0x104D14	LF9G003T	0x112A44	FUN_00104d14	FUN_00112a44	FUN_00104d14	148	8a146a13726257b66d189eb599e0a54ecd6a9957e7b32c24bbd2efb9f2ac2346	source_unnamed	unique_full_body_sha256
LF9D012H	0x1D7C30	LF9G003T	0x1EDD50	FUN_001d7c30	FUN_001edd50	FUN_001d7c30	14	8a6e119fd3ad8db1d3201ecd408507c6837ffb04e15c24155ecf2aed1a85beae	source_unnamed	unique_full_body_sha256
LF9D012H	0x89436	LF9G003T	0x95C96	FUN_00089436	FUN_00095c96	FUN_00089436	50	8a9205f920dc29318f761bd5353194216c2201443604c2c385bec67cfb5fe2c0	source_unnamed	unique_full_body_sha256
LF9D012H	0x1E1AF2	LF9G003T	0x1F7C12	FUN_001e1af2	FUN_001f7c12	FUN_001e1af2	12	8ab74f9294177494f114bf29f6aef2515850bd6729f283307957d7cf883f1066	source_unnamed	unique_full_body_sha256
LF9D012H	0x1E31C2	LF9G003T	0x1F92E2	FUN_001e31c2	FUN_001f92e2	FUN_001e31c2	14	8ab8055e04fc7b5358dc913d49207060cf3d32c941f724e6024be2763f3367ce	source_unnamed	unique_full_body_sha256
LF9D012H	0xB6F16	LF9G003T	0xC4422	FUN_000b6f16	FUN_000c4422	FUN_000b6f16	88	8abc41022d723f3dd99e1fe83cbae54b2c43a1dee3fc58929f86b77e167419c9	source_unnamed	unique_full_body_sha256
LF9D012H	0x63E4	LF9G003T	0x63E4	FUN_000063e4	FUN_000063e4	FUN_000063e4	28	8acc42d595df52a93b6faed15d4bfc922af15a4239d1ee90e548a9bf056cd320	source_unnamed	unique_full_body_sha256
LF9D012H	0x1DE51E	LF9G003T	0x1F463E	can_bus_wake_status_read	can_bus_wake_status_read	can_bus_wake_status_read	6	8ad8051c29749e1346ac641ce95125dd895000c05ca05af7ff1b709739a62615	already_named	unique_full_body_sha256
LF9D012H	0x6EF86	LF9G003T	0x7B7BA	FUN_0006ef86	FUN_0007b7ba	FUN_0006ef86	20	8af42e9d5a5e71d1424b61eb71984c48f7b392eca4b61280964735b025de7986	source_unnamed	unique_full_body_sha256
LF9D012H	0x1A0380	LF9G003T	0x1B4494	FUN_001a0380	FUN_001b4494	FUN_001a0380	78	8afa495d63855203db8d23435d1be77bd5648656f6e86a5aa939eac5f7538157	source_unnamed	unique_full_body_sha256
LF9D012H	0x1B6540	LF9G003T	0x1CB9D8	FUN_001b6540	FUN_001cb9d8	FUN_001b6540	362	8b593ac434e48143f4f5339d9e701b79198e551b11572d6a1151b034e8fa498c	source_unnamed	unique_full_body_sha256
LF9D012H	0x137564	LF9G003T	0x145A30	FUN_00137564	FUN_00145a30	FUN_00137564	102	8b773c7f2cd39b2fcebad2b8657ab9a3042a0657c134f30420cafe4f9834c41b	source_unnamed	unique_full_body_sha256
LF9D012H	0x1DE684	LF9G003T	0x1F47A4	FUN_001de684	FUN_001f47a4	FUN_001de684	6	8ba78ee6a678203aa606aba7492ef1d674eb26d01d266e6a42d9db4e4f2cb24d	source_unnamed	unique_full_body_sha256
LF9D012H	0x80F7C	LF9G003T	0x8D7AC	FUN_00080f7c	FUN_0008d7ac	FUN_00080f7c	420	8baee7255c489591b05b159be45f2285d83241a8391c6fca5b4ac8f23142945f	source_unnamed	unique_full_body_sha256
LF9D012H	0x1DAC76	LF9G003T	0x1F0D96	FUN_001dac76	FUN_001f0d96	FUN_001dac76	44	8bc5ba0a81c3fa6af099b04e41e5261e17dcb6cdee525de72ca13dc70458978c	source_unnamed	unique_full_body_sha256
LF9D012H	0x1F3408	LF9G003T	0x209748	udiv_normalize_dispatch	udiv_normalize_dispatch	udiv_normalize_dispatch	188	8bcf3cf0cc19a1ee1d88e3e4e6acc9bb2c2cec7ed34fe841c774038069b1a789	already_named	unique_full_body_sha256
LF9D012H	0x1DE6A6	LF9G003T	0x1F47C6	FUN_001de6a6	FUN_001f47c6	FUN_001de6a6	6	8bdcc69b54d1a79b74b37c91c369a14b267108aca893a71c7ef915e8593fdd9a	source_unnamed	unique_full_body_sha256
LF9D012H	0x893A2	LF9G003T	0x95C02	FUN_000893a2	FUN_00095c02	FUN_000893a2	50	8bddac22f06f44489c92146046a40f772d515b81746661f31bb59fec6edef7d9	source_unnamed	unique_full_body_sha256
LF9D012H	0x1EECE8	LF9G003T	0x205028	FUN_001eece8	FUN_00205028	FUN_001eece8	152	8bf79bf84a2c0f18db4b2171d2d0959f17bf697442005cb13d7e58d7b09d91ff	source_unnamed	unique_full_body_sha256
LF9D012H	0x6C50	LF9G003T	0x6C50	FUN_00006c50	FUN_00006c50	FUN_00006c50	136	8bfc643cc5dfb11b590aa2562a4663ff5897d4eef7d759d7cf3b18c8b6c8f7aa	source_unnamed	unique_full_body_sha256
LF9D012H	0x1CCDE0	LF9G003T	0x1E2278	FUN_001ccde0	FUN_001e2278	FUN_001ccde0	10	8c06c54edac63724952d4fa65c4161f0a6e869c1f11d13f5fe24e9bb9d3c0751	source_unnamed	unique_full_body_sha256
LF9D012H	0x10F444	LF9G003T	0x11D7F0	FUN_0010f444	FUN_0011d7f0	FUN_0010f444	94	8c0ed0d2df8953aa4e101f41599f5dd2f26d3aa8c55de9c764d535c6484612a7	source_unnamed	unique_full_body_sha256
LF9D012H	0x1DF8E8	LF9G003T	0x1F5A08	FUN_001df8e8	FUN_001f5a08	FUN_001df8e8	22	8c372f60ef224b49b1a3e740da997bf2228c8cf00a1c93f60647c54fba81fd76	source_unnamed	unique_full_body_sha256
LF9D012H	0x1DE662	LF9G003T	0x1F4782	FUN_001de662	FUN_001f4782	FUN_001de662	10	8c568e2bdbc1d3bbd795fa2661d6ebfa7efb36d802b7a60913691c486d36bf2c	source_unnamed	unique_full_body_sha256
LF9D012H	0xAAD4E	LF9G003T	0xB81F2	FUN_000aad4e	FUN_000b81f2	FUN_000aad4e	36	8c67aa6d18e0ce9f5b6e6a16970046263b0215423a2019ad0e741c70268573b2	source_unnamed	unique_full_body_sha256
LF9D012H	0x128AD0	LF9G003T	0x136F94	FUN_00128ad0	FUN_00136f94	FUN_00128ad0	40	8c8a0dd0288b9b675c98f2a7de304f6732bf078e714c41a3db2d2b50ddcaa925	source_unnamed	unique_full_body_sha256
LF9D012H	0x136BBC	LF9G003T	0x145088	FUN_00136bbc	FUN_00145088	FUN_00136bbc	38	8cb3532ae8babc7392a4db0540c5a500c2f7c1f2fe0d51baa4077d30026206d5	source_unnamed	unique_full_body_sha256
LF9D012H	0x139140	LF9G003T	0x14760C	FUN_00139140	FUN_0014760c	FUN_00139140	30	8cc500e318baa55bdaf62d8017e698c37beebe966626b218602b7c929d6a8ccd	source_unnamed	unique_full_body_sha256
LF9D012H	0x8F08E	LF9G003T	0x9B9B2	FUN_0008f08e	FUN_0009b9b2	FUN_0008f08e	28	8cd7077507f28f53b03c9935c3e9c5061696c909603c302bacf5d4dddc351ccb	source_unnamed	unique_full_body_sha256
LF9D012H	0x86C4C	LF9G003T	0x93498	FUN_00086c4c	FUN_00093498	FUN_00086c4c	164	8cf37eb67a4dc01fa3c2411c3a001d42c31cc5ae9a3164457da9e6e8764214d7	source_unnamed	unique_full_body_sha256
LF9D012H	0x6E3B0	LF9G003T	0x7ABE4	FUN_0006e3b0	FUN_0007abe4	FUN_0006e3b0	150	8cf74f74f9ad416f8b8ecfeafa1f3eed12fe13fbbba5d0d87ad85b3f99a8f8c6	source_unnamed	unique_full_body_sha256
LF9D012H	0x12E868	LF9G003T	0x13CD30	FUN_0012e868	FUN_0013cd30	FUN_0012e868	94	8cffb17b79ce1c4717d1494d0c799a3b5281b3e3a756f36f180cbaa34bffa163	source_unnamed	unique_full_body_sha256
LF9D012H	0x19BB5C	LF9G003T	0x1AFBC0	FUN_0019bb5c	FUN_001afbc0	FUN_0019bb5c	64	8d220c761db833d898fd5476049d8d9bd314bc7f21b68f21d7c45b127e18bfac	source_unnamed	unique_full_body_sha256
LF9D012H	0xC9F10	LF9G003T	0xD7968	FUN_000c9f10	FUN_000d7968	FUN_000c9f10	334	8d26bfa8a115a66c18aaa433dc098220210912fefeb650144dcfe4a7421c11cf	source_unnamed	unique_full_body_sha256
LF9D012H	0xB48E4	LF9G003T	0xC1D94	FUN_000b48e4	FUN_000c1d94	FUN_000b48e4	232	8d28cb9acc4292168e369e9a6fc8844fe1eba06175c8c8beb6fb6a39c80bff2c	source_unnamed	unique_full_body_sha256
LF9D012H	0x1B4124	LF9G003T	0x1C95BC	interp_1d_desc_axis_s16_data_u16	interp_1d_desc_axis_s16_data_u16	interp_1d_desc_axis_s16_data_u16	124	8d558ea8a5ad21bea6946df7270e5d44910a099a103d327f3dabb81b07692a17	already_named	unique_full_body_sha256
LF9D012H	0xACC90	LF9G003T	0xBA134	FUN_000acc90	FUN_000ba134	FUN_000acc90	578	8d5bedda2cd455a9ed8c3e5bc02f4f5c2340e0bb10c280d7f1e65b880f48540b	source_unnamed	unique_full_body_sha256
LF9D012H	0x820D8	LF9G003T	0x8E908	FUN_000820d8	FUN_0008e908	FUN_000820d8	192	8d835890f6c133fac59a96ccddfa2cb120a4adafac9344b80de6dd50b846a088	source_unnamed	unique_full_body_sha256
LF9D012H	0x153C24	LF9G003T	0x166938	FUN_00153c24	FUN_00166938	FUN_00153c24	52	8d883e20d921dd9361ff07431b5fb216cc1acb51c89ffc86b4f7333eeb7df35c	source_unnamed	unique_full_body_sha256
LF9D012H	0x6CDC	LF9G003T	0x6CDC	FUN_00006cdc	FUN_00006cdc	FUN_00006cdc	90	8dad6a403ad685897010a59ec8a06229058aff53d6b8befba6f38aef05a377a2	source_unnamed	unique_full_body_sha256
LF9D012H	0x1DFC38	LF9G003T	0x1F5D58	FUN_001dfc38	FUN_001f5d58	FUN_001dfc38	22	8dbbdeaeb5cff38ea01fbf0fcccb55fc3b16bd440d50b95ba5d2f0e4221957b6	source_unnamed	unique_full_body_sha256
LF9D012H	0x1B5744	LF9G003T	0x1CABDC	FUN_001b5744	FUN_001cabdc	FUN_001b5744	262	8dd35f7300d2759a14f9f5bc3ccd2c9804453936a5d4331b8d6973c79e2ad223	source_unnamed	unique_full_body_sha256
LF9D012H	0xFB8E0	LF9G003T	0x1094D4	FUN_000fb8e0	FUN_001094d4	FUN_000fb8e0	48	8dd79cb0b2935e2c2e87e0c8daf463efa1c9b3c5871f734c6d86704fd200a076	source_unnamed	unique_full_body_sha256
LF9D012H	0xCBBEC	LF9G003T	0xD9660	FUN_000cbbec	FUN_000d9660	FUN_000cbbec	24	8dd8fda9dc94bf16787b46036d1c08a7ad5ddad85fea5c5f236974aa2931d359	source_unnamed	unique_full_body_sha256
LF9D012H	0x17FF88	LF9G003T	0x193B2C	FUN_0017ff88	FUN_00193b2c	FUN_0017ff88	48	8de27329a889b8854c6d60f95729e0af8c2c89a0ed1f82ec8e9b6f412297960b	source_unnamed	unique_full_body_sha256
LF9D012H	0x6D17C	LF9G003T	0x799B0	FUN_0006d17c	FUN_000799b0	FUN_0006d17c	48	8e063ef2b7eb617501eed02d6db58e28d4281bdcc3100a65bcb89d48d9fc5e41	source_unnamed	unique_full_body_sha256
LF9D012H	0x191550	LF9G003T	0x1A5548	FUN_00191550	FUN_001a5548	FUN_00191550	56	8e08d5bb972e824a31a5c856f1b2e05023e1f315fee396400148e117e37cdecc	source_unnamed	unique_full_body_sha256
LF9D012H	0x156078	LF9G003T	0x168E58	FUN_00156078	FUN_00168e58	FUN_00156078	48	8e16a48cad173094b4704049ebe70c4a32454d9e14e2a4ca4cb483ffb0acb82f	source_unnamed	unique_full_body_sha256
LF9D012H	0x1D7174	LF9G003T	0x1ED294	FUN_001d7174	FUN_001ed294	FUN_001d7174	114	8e1e58dfa1f14e9008c50bb2e64cc31bcd6ded26c107a988681fcb9a65be0b81	source_unnamed	unique_full_body_sha256
LF9D012H	0x18A654	LF9G003T	0x19E640	FUN_0018a654	FUN_0019e640	FUN_0018a654	200	8e2987d57bab02fde00c18b969eb9691502c9c8416643093c4978a305513aff5	source_unnamed	unique_full_body_sha256
LF9D012H	0x1AF8C4	LF9G003T	0x1C4D54	FUN_001af8c4	FUN_001c4d54	FUN_001af8c4	116	8e3814465de474ce604e44a72b42b96a254d8eef05ac5c37eb2354e3c6e1da4d	source_unnamed	unique_full_body_sha256
LF9D012H	0xA3464	LF9G003T	0xAFD88	sa_block_split_halves	sa_block_split_halves	sa_block_split_halves	84	8e74c76520733e72c57b69741edf750bef31780b138821d9a98e62f0834d5db7	already_named	unique_full_body_sha256
LF9D012H	0xA813C	LF9G003T	0xB558C	FUN_000a813c	FUN_000b558c	FUN_000a813c	72	8e7a135adaf498b53299c83e734ac1d78e1d9014dcd047d0805ec0d86af5f400	source_unnamed	unique_full_body_sha256
LF9D012H	0x10B624	LF9G003T	0x1197E4	FUN_0010b624	FUN_001197e4	FUN_0010b624	270	8e83482d13a5435e72f5bc9a62e6f78e1953cf2b08d5ba7ccfdf9927cf9a62cc	source_unnamed	unique_full_body_sha256
LF9D012H	0xAF688	LF9G003T	0xBCB2C	FUN_000af688	FUN_000bcb2c	FUN_000af688	160	8e8d019eed1913d614fb7da6f94285fa25bb114d7f29a7ec8e3e37ce4e2658a2	source_unnamed	unique_full_body_sha256
LF9D012H	0xAF322	LF9G003T	0xBC7C6	FUN_000af322	FUN_000bc7c6	FUN_000af322	26	8e9e14e2c83d7de62f8df2fa1390aac6be05cbac7c0f037765ff1f7b63721368	source_unnamed	unique_full_body_sha256
LF9D012H	0x1DC128	LF9G003T	0x1F2248	FUN_001dc128	FUN_001f2248	FUN_001dc128	6	8ec34406ed315caf6bd2778c5e620c83200753710bd225b99198c4547db1e69a	source_unnamed	unique_full_body_sha256
LF9D012H	0x194528	LF9G003T	0x1A8520	FUN_00194528	FUN_001a8520	FUN_00194528	148	8ed0a865620ceea530a274414ee638b5c1f30039d1c7361983fbc7a004bdd0c8	source_unnamed	unique_full_body_sha256
LF9D012H	0x1482E4	LF9G003T	0x159344	FUN_001482e4	FUN_00159344	FUN_001482e4	18	8eeca252693a5f8cfe018a431af142c433443e0e527c65ee8b3571d56a3130ef	source_unnamed	unique_full_body_sha256
LF9D012H	0x154068	LF9G003T	0x166D74	FUN_00154068	FUN_00166d74	FUN_00154068	70	8eff81a0e62c6622314d5b46536e26b28c869e968cfe5ad79afeb258e2d81cad	source_unnamed	unique_full_body_sha256
LF9D012H	0x27CE5C	LF9G003T	0x27D030	FUN_0027ce5c	FUN_0027d030	FUN_0027ce5c	128	8f3888b231d61acf17afda61eaa81bd7f7342cc877f27e1984e4f1bcb38c7ae2	source_unnamed	unique_full_body_sha256
LF9D012H	0x1F4234	LF9G003T	0x20A5AC	FUN_001f4234	FUN_0020a5ac	FUN_001f4234	150	8f57b1ef886ac5f9455e69e6578529e3c6fe3417975e5956117192916b4601f9	source_unnamed	unique_full_body_sha256
LF9D012H	0x72CB4	LF9G003T	0x7F4E8	FUN_00072cb4	FUN_0007f4e8	FUN_00072cb4	8	8f59e9ab40b39eaeaf9c9d8ddc8872df5ad9cf21ef600c50c7d6a6c148496e7a	source_unnamed	unique_full_body_sha256
LF9D012H	0x1F4B30	LF9G003T	0x20AEA8	FUN_001f4b30	FUN_0020aea8	FUN_001f4b30	28	8f6349b85a23abd1299b368437dc78288095ae3cb6b0065fb24e7e402676c3af	source_unnamed	unique_full_body_sha256
LF9D012H	0x154BF4	LF9G003T	0x1678FC	FUN_00154bf4	FUN_001678fc	FUN_00154bf4	56	8f650aee89a0ccd318983894c2b1b325e332de13f97236c1562a086fe7761e56	source_unnamed	unique_full_body_sha256
LF9D012H	0xB1B4C	LF9G003T	0xBEFF0	FUN_000b1b4c	FUN_000beff0	FUN_000b1b4c	54	8f91b453a6fd638a1433f87623e067809b1e1b115099a0aa3bf8d1790cb4ac8d	source_unnamed	unique_full_body_sha256
LF9D012H	0x15698C	LF9G003T	0x1697F4	FUN_0015698c	FUN_001697f4	FUN_0015698c	44	8fa8435b93bb2bf9692d3b14ca375b8479c90af8415a63931273d780b1182bac	source_unnamed	unique_full_body_sha256
LF9D012H	0x13159C	LF9G003T	0x13FA68	FUN_0013159c	FUN_0013fa68	FUN_0013159c	14	8fb6d6f68bf27ac8c6d9c598bc047beea3c08b29aa72a3f88a10f8d7ba7584a6	source_unnamed	unique_full_body_sha256
LF9D012H	0x12DCC0	LF9G003T	0x13C188	FUN_0012dcc0	FUN_0013c188	FUN_0012dcc0	32	8fd092cc52716ce32df73a3178e333a4ad371b4d9972e30f7f223b379fe7b85a	source_unnamed	unique_full_body_sha256
LF9D012H	0x1DF908	LF9G003T	0x1F5A28	FUN_001df908	FUN_001f5a28	FUN_001df908	22	8fe0235cff19cbbd517f56bb79b6f3310e8ae8e815c63ce2b9d2b14a812b4adb	source_unnamed	unique_full_body_sha256
LF9D012H	0x1DF748	LF9G003T	0x1F5868	FUN_001df748	FUN_001f5868	FUN_001df748	118	9022a6efdd89f392ee1597ed6116190313fc1d0fc4b742c982df7d51750c5b3c	source_unnamed	unique_full_body_sha256
LF9D012H	0x1B66AC	LF9G003T	0x1CBB44	FUN_001b66ac	FUN_001cbb44	FUN_001b66ac	332	902f50b43a51c75402a0cda39409985cce320673251b1736e5b8ab14cda8b295	source_unnamed	unique_full_body_sha256
LF9D012H	0x19B1FC	LF9G003T	0x1AF260	FUN_0019b1fc	FUN_001af260	FUN_0019b1fc	64	903600c4dcbfada90f3cd86d7cac6f7fa9298b7248bdfbceb55cdbbdc5a6f397	source_unnamed	unique_full_body_sha256
LF9D012H	0x13178C	LF9G003T	0x13FC58	FUN_0013178c	FUN_0013fc58	FUN_0013178c	52	9077fe97ce4c27eeb2e3575dfe50758bc01d421bc4dfc1b4bd28eada5a381fde	source_unnamed	unique_full_body_sha256
LF9D012H	0xE90A4	LF9G003T	0xF6B10	FUN_000e90a4	FUN_000f6b10	FUN_000e90a4	68	90a6695502f899f292d189aeb77e9dda139e815a74529839cc5c45b7e3e00d3b	source_unnamed	unique_full_body_sha256
LF9D012H	0x1337B8	LF9G003T	0x141C84	FUN_001337b8	FUN_00141c84	FUN_001337b8	74	90cdb9f7139437e1fbfb381455db34979db05a2fe7a83345ee06c11ac36c4858	source_unnamed	unique_full_body_sha256
LF9D012H	0x19EC4C	LF9G003T	0x1B2CA8	FUN_0019ec4c	FUN_001b2ca8	FUN_0019ec4c	96	90fccc9bf56331a80e9070d6086e824a30185b9cbebda6c92bf8fbb93ddb8ba2	source_unnamed	unique_full_body_sha256
LF9D012H	0x9DBA2	LF9G003T	0xAA4C6	FUN_0009dba2	FUN_000aa4c6	FUN_0009dba2	104	915c6ee8a35b40d1dcc0c7bd98eb086ea56733c2ca2bccedb08721c2c4277391	source_unnamed	unique_full_body_sha256
LF9D012H	0x70032	LF9G003T	0x7C866	latch_byte_to_word_hi	latch_byte_to_word_hi	latch_byte_to_word_hi	32	91a39d88b9bb28374d4b42584e4c4a6cdbd35b0256c20bd0a5cd6c3c72c25d65	already_named	unique_full_body_sha256
LF9D012H	0x9DB10	LF9G003T	0xAA434	FUN_0009db10	FUN_000aa434	FUN_0009db10	146	91d30a7ee62a1efd19242184ade3cb21fc6b87107cfd10f4c02fb8e5d99110c8	source_unnamed	unique_full_body_sha256
LF9D012H	0x1B0458	LF9G003T	0x1C58E8	FUN_001b0458	FUN_001c58e8	FUN_001b0458	72	91eaad59ef0186af3c2676314ac8e9cb3ce402d1063e45e4793675033a90990c	source_unnamed	unique_full_body_sha256
LF9D012H	0x86AE2	LF9G003T	0x9332E	FUN_00086ae2	FUN_0009332e	FUN_00086ae2	10	920314ff20aa3d3e92867e15748ed00b30f684c4763dc656833301f7c0eed4e1	source_unnamed	unique_full_body_sha256
LF9D012H	0x1F3E78	LF9G003T	0x20A1B8	sdiv64_wrapper	sdiv64_wrapper	sdiv64_wrapper	96	9215a35cb5825601f4bf5ef268bbb3a73211e7b25056bf260e0ef887bd802196	already_named	unique_full_body_sha256
LF9D012H	0xBABF4	LF9G003T	0xC8100	FUN_000babf4	FUN_000c8100	FUN_000babf4	50	922589ad2418769d7ef1527f236a0997d71689c6d416747014d1c1a70535072f	source_unnamed	unique_full_body_sha256
LF9D012H	0x1DADBC	LF9G003T	0x1F0EDC	FUN_001dadbc	FUN_001f0edc	FUN_001dadbc	44	92479282058cdd513bd5a4efef5965d1716866b71e3605c7a52d8775577404fc	source_unnamed	unique_full_body_sha256
LF9D012H	0x138E40	LF9G003T	0x14730C	FUN_00138e40	FUN_0014730c	FUN_00138e40	32	925cd3db4fddfce7b408d360c905dbbccccdbc94f98d16de4c1d7d2329a4605a	source_unnamed	unique_full_body_sha256
LF9D012H	0x17FD34	LF9G003T	0x1938D8	FUN_0017fd34	FUN_001938d8	FUN_0017fd34	48	92783f93e5b0bb873e0c3ad5b35369f08c2a66d9d12eddba191c5e6ea72af5a7	source_unnamed	unique_full_body_sha256
LF9D012H	0xD1608	LF9G003T	0xDF07C	FUN_000d1608	FUN_000df07c	FUN_000d1608	46	9299f334e135a08f5186a632094f0550130e870ed1ee9e066d07912886b3abca	source_unnamed	unique_full_body_sha256
LF9D012H	0xA41F4	LF9G003T	0xB0B18	FUN_000a41f4	FUN_000b0b18	FUN_000a41f4	118	92d489faadd9597cc880718de283f8d90e11ba3cb2a59f1996acd357c9f0372b	source_unnamed	unique_full_body_sha256
LF9D012H	0x1CBAB8	LF9G003T	0x1E0F50	FUN_001cbab8	FUN_001e0f50	FUN_001cbab8	90	92d8bb73599d3d24810c5802defc1cd733c6e52cf190762eae1f9f74b654b713	source_unnamed	unique_full_body_sha256
LF9D012H	0x71B58	LF9G003T	0x7E38C	FUN_00071b58	FUN_0007e38c	FUN_00071b58	160	92e86dd8a31d0d44771a39fb58a1a64dc13df53c25619af7c6ae3882235be150	source_unnamed	unique_full_body_sha256
LF9D012H	0x1F42E4	LF9G003T	0x20A65C	FUN_001f42e4	FUN_0020a65c	FUN_001f42e4	440	92ef52620c6cfc6b3e665075802d8ef59febc618f8dcfce26cfb70ae65646b50	source_unnamed	unique_full_body_sha256
LF9D012H	0x813F8	LF9G003T	0x8DC28	FUN_000813f8	FUN_0008dc28	FUN_000813f8	206	935a096d3ae479b2ace80b41b204398dfafa7cdff11e0805bd4832379477bade	source_unnamed	unique_full_body_sha256
LF9D012H	0x9DD9C	LF9G003T	0xAA6C0	FUN_0009dd9c	FUN_000aa6c0	FUN_0009dd9c	44	9376809af30f79579a4070676eb4ba46b37dce7dca731ef0a8173030631f0876	source_unnamed	unique_full_body_sha256
LF9D012H	0x1D7BD0	LF9G003T	0x1EDCF0	cal_table_get_word0_alias	cal_table_get_word0_alias	cal_table_get_word0_alias	10	9379e7ca4f6a4ec54326eb5d3632d6039477087b9bd5d6c13df62e5b2dd16c19	already_named	unique_full_body_sha256
LF9D012H	0x1DAD54	LF9G003T	0x1F0E74	FUN_001dad54	FUN_001f0e74	FUN_001dad54	10	937d469cef4b7c5024c1553e2de0844c9f7671ffaf0355d2e41e7e517f6728c8	source_unnamed	unique_full_body_sha256
LF9D012H	0x1E4A7C	LF9G003T	0x1FAB9C	FUN_001e4a7c	FUN_001fab9c	FUN_001e4a7c	68	9395d74902c3128904586ed60a930a2586eea1135a31bba9a2a5521e17b5f5ad	source_unnamed	unique_full_body_sha256
LF9D012H	0x1D66F2	LF9G003T	0x1EC812	FUN_001d66f2	FUN_001ec812	FUN_001d66f2	346	939e3e1a4319ba69805609e128ca2b70bf45c034a62347b9c4f350e8618bc020	source_unnamed	unique_full_body_sha256
LF9D012H	0x1569F4	LF9G003T	0x169914	FUN_001569f4	FUN_00169914	FUN_001569f4	44	93a694f0575bacb3ae15ca01994c0ac8dc2aee9b835453fd2dcdc910ef67015d	source_unnamed	unique_full_body_sha256
LF9D012H	0xA863E	LF9G003T	0xB5A8E	FUN_000a863e	FUN_000b5a8e	FUN_000a863e	12	93e95098659d37098bc7451536fbbad66c8d1df138225e5bc73ca694e6a401ed	source_unnamed	unique_full_body_sha256
LF9D012H	0x130FD0	LF9G003T	0x13F49C	FUN_00130fd0	FUN_0013f49c	FUN_00130fd0	32	9417e565248e4573f374d1b92dc6cd6a4953cde036b96b934a5fbd31c5990fe1	source_unnamed	unique_full_body_sha256
LF9D012H	0x19E678	LF9G003T	0x1B26DC	FUN_0019e678	FUN_001b26dc	FUN_0019e678	42	942248df29bd1262ade5c57b4d394731a914d5c258e387fdaf43512b273775fa	source_unnamed	unique_full_body_sha256
LF9D012H	0xEACBC	LF9G003T	0xF8728	FUN_000eacbc	FUN_000f8728	FUN_000eacbc	538	946399d36ab5e51776603b8fb8e003629a53a2ccf9e503e8c26503ede3be8983	source_unnamed	unique_full_body_sha256
LF9D012H	0x869E2	LF9G003T	0x9322E	FUN_000869e2	FUN_0009322e	FUN_000869e2	58	946bc7a96df94a38f2472e114db054f7148cf9a6d466cd68c43d587f05c57453	source_unnamed	unique_full_body_sha256
LF9D012H	0x72792	LF9G003T	0x7EFC6	FUN_00072792	FUN_0007efc6	FUN_00072792	22	94754b285d1540095ec95893fc1b24995d7f6f8959e5d291c226cd4af2a55216	source_unnamed	unique_full_body_sha256
LF9D012H	0x27E5DC	LF9G003T	0x27E7B0	FUN_0027e5dc	FUN_0027e7b0	FUN_0027e5dc	6	947b039f51cf5cb7e26d750e2ca84d76140aa24dd245c2addbc983138f2621ef	source_unnamed	unique_full_body_sha256
LF9D012H	0x12DA84	LF9G003T	0x13BF4C	FUN_0012da84	FUN_0013bf4c	FUN_0012da84	54	947ba5d8acf36dfc68ec8d7254498b9b752e6b6193122e0163377b725331fdc0	source_unnamed	unique_full_body_sha256
LF9D012H	0x1DA71C	LF9G003T	0x1F083C	FUN_001da71c	FUN_001f083c	FUN_001da71c	46	94819e7a431df7988a938a316f4f33e2818a8715fef0b7c985f6a7ff35c6113d	source_unnamed	unique_full_body_sha256
LF9D012H	0x1ADEC0	LF9G003T	0x1C320C	FUN_001adec0	FUN_001c320c	FUN_001adec0	54	94905a46102b2234e79933611ab8de6a0a4ae5b67487b81e59f282ef24287e81	source_unnamed	unique_full_body_sha256
LF9D012H	0x1DE556	LF9G003T	0x1F4676	FUN_001de556	FUN_001f4676	FUN_001de556	6	949fc3d0d1328e534e4475583c708533112f0f80ab735787c0bc04ffc299ab0f	source_unnamed	unique_full_body_sha256
LF9D012H	0x84E8E	LF9G003T	0x916DA	sensor_read_scale_byteidx	sensor_read_scale_byteidx	sensor_read_scale_byteidx	34	94a0988fc15710f9c1249c841c12263b25e1ec8f1d67080f357226bcf7e6b073	already_named	unique_full_body_sha256
LF9D012H	0xD5A80	LF9G003T	0xE34F4	FUN_000d5a80	FUN_000e34f4	FUN_000d5a80	20	94bce2bb8714062f3961251f4b2b6cc2f347b0417feb4bfd6a59c9bff3364369	source_unnamed	unique_full_body_sha256
LF9D012H	0x14F980	LF9G003T	0x162698	FUN_0014f980	FUN_00162698	FUN_0014f980	48	94d7b280a78924c153bc1737d44e5d452ce4aea30142570a260f70145e63c673	source_unnamed	unique_full_body_sha256
LF9D012H	0xC9088	LF9G003T	0xD6AE0	FUN_000c9088	FUN_000d6ae0	FUN_000c9088	14	94dc0eb82d99872f7622d1366c060d0c4163d140446b6447ea0fe6c9e0eafdf9	source_unnamed	unique_full_body_sha256
LF9D012H	0x1B92F0	LF9G003T	0x1CE788	FUN_001b92f0	FUN_001ce788	FUN_001b92f0	332	94e013d0f33106f8b3dcffc432ef73f1033d3b056501ef67ba90a8f69205500b	source_unnamed	unique_full_body_sha256
LF9D012H	0x27E138	LF9G003T	0x27E30C	FUN_0027e138	FUN_0027e30c	FUN_0027e138	110	94e2169268b099da4a2978c6a1e59f58aac1a26909b675d6b84b7debbaf5ec0e	source_unnamed	unique_full_body_sha256
LF9D012H	0x12E318	LF9G003T	0x13C7E0	FUN_0012e318	FUN_0013c7e0	FUN_0012e318	94	9501354613167a16786ebdbd05c203889d5bffd21261bfa6eab960c7580ee706	source_unnamed	unique_full_body_sha256
LF9D012H	0x127C20	LF9G003T	0x1360F4	FUN_00127c20	FUN_001360f4	FUN_00127c20	88	9508467e8d99405efc5fa4c8a1bbce8372956b0f34aa93a2fb62073f2362bde7	source_unnamed	unique_full_body_sha256
LF9D012H	0x1DACE8	LF9G003T	0x1F0E08	FUN_001dace8	FUN_001f0e08	FUN_001dace8	10	953fe242200ba95889aca92196afdd2247cb6f9cb08315333eac2a5fb4e3fbc7	source_unnamed	unique_full_body_sha256
LF9D012H	0x1E3FD4	LF9G003T	0x1FA0F4	FUN_001e3fd4	FUN_001fa0f4	FUN_001e3fd4	60	956a5ca7a5ee19877215a2ba8120c3ef91a1df6fdcdade6b22f436c5b9723ff5	source_unnamed	unique_full_body_sha256
LF9D012H	0x84F78	LF9G003T	0x917C4	FUN_00084f78	FUN_000917c4	FUN_00084f78	54	9585bbc02c0282a77bf99b3208069ccd2496cc70a9884c5c1c0daba4924536c8	source_unnamed	unique_full_body_sha256
LF9D012H	0x76418	LF9G003T	0x82C4C	FUN_00076418	FUN_00082c4c	FUN_00076418	104	959a38935d035a92383ff9ce98279bad567e330254688fbcfc1f0f15b6ce8739	source_unnamed	unique_full_body_sha256
LF9D012H	0x155110	LF9G003T	0x167E18	FUN_00155110	FUN_00167e18	FUN_00155110	54	95abd0571eb1e208d05fbdeb0c5a40221683291d077a9b68ffc2495b11916cb4	source_unnamed	unique_full_body_sha256
LF9D012H	0x18009C	LF9G003T	0x193D00	FUN_0018009c	FUN_00193d00	FUN_0018009c	106	95bacd001b944910fbe4cde8ac3a877e472ee5feab50ac9e16bc1658af8c7d37	source_unnamed	unique_full_body_sha256
LF9D012H	0xAB8EC	LF9G003T	0xB8D90	FUN_000ab8ec	FUN_000b8d90	FUN_000ab8ec	378	965270ea33f6e8183f0713a1b0ede03124d5e699d2ccc7ff80db629972ec723f	source_unnamed	unique_full_body_sha256
LF9D012H	0xA82C2	LF9G003T	0xB5712	FUN_000a82c2	FUN_000b5712	FUN_000a82c2	80	965c6ee6fda190b05ba09afb3961ec48f8e2d14ef224093dfd6c9adbf50c4431	source_unnamed	unique_full_body_sha256
LF9D012H	0xAA1EE	LF9G003T	0xB7692	FUN_000aa1ee	FUN_000b7692	FUN_000aa1ee	44	967d6077ee1f3bcc2aa6f9de972b98fdd7113bd08a02098db0d4279640e51e82	source_unnamed	unique_full_body_sha256
LF9D012H	0x1D5934	LF9G003T	0x1EBA54	FUN_001d5934	FUN_001eba54	FUN_001d5934	348	96c1f09168eb439b2cb8d48025a41a6dce23cffa654d89f3bf6c4a3ea98c8d5e	source_unnamed	unique_full_body_sha256
LF9D012H	0x6D14C	LF9G003T	0x79980	FUN_0006d14c	FUN_00079980	FUN_0006d14c	48	96cc90edacd30d3f70acf6bf5287e5d521e1a30b99db4c1a730ab5f6faca1dd4	source_unnamed	unique_full_body_sha256
LF9D012H	0x1C9EDC	LF9G003T	0x1DF374	FUN_001c9edc	FUN_001df374	FUN_001c9edc	66	96df15027c478a66398c4df93da8c03a8537625d1efd43c51192905b25c48fe6	source_unnamed	unique_full_body_sha256
LF9D012H	0x18A9C0	LF9G003T	0x19E9AC	FUN_0018a9c0	FUN_0019e9ac	FUN_0018a9c0	88	97179a3700eaec1814851a85a4f6cf1d5f79eeab16076fa748aa36693f18eb29	source_unnamed	unique_full_body_sha256
LF9D012H	0x1EE528	LF9G003T	0x204868	FUN_001ee528	FUN_00204868	FUN_001ee528	32	971ed0142166df00bd9257eb5e95620a84fc3590612d6d86c9868bcd14c96291	source_unnamed	unique_full_body_sha256
LF9D012H	0xA3B64	LF9G003T	0xB0488	FUN_000a3b64	FUN_000b0488	FUN_000a3b64	80	9727f9ea1241dfb76dd43eca9cac3e43ce7f089f13caa7257a4bed85abfd7c32	source_unnamed	unique_full_body_sha256
LF9D012H	0x10AF14	LF9G003T	0x118C44	FUN_0010af14	FUN_00118c44	FUN_0010af14	356	9728de6914dbff084f6f5f9b87588d190e3831c6c1dd183445428a1a65d81180	source_unnamed	unique_full_body_sha256
LF9D012H	0x13369C	LF9G003T	0x141B68	FUN_0013369c	FUN_00141b68	FUN_0013369c	62	975478d37e193e9cf3a8274a6c6dc28496bd4425359a7e07bb01f8b210fb1c88	source_unnamed	unique_full_body_sha256
LF9D012H	0x1EE3A4	LF9G003T	0x2046E4	FUN_001ee3a4	FUN_002046e4	FUN_001ee3a4	20	9756bf08ee4cff53ab6d0050ad75d7a5db08aae2cfbe22a7b15ac73096e5ef69	source_unnamed	unique_full_body_sha256
LF9D012H	0x12DD94	LF9G003T	0x13C25C	FUN_0012dd94	FUN_0013c25c	FUN_0012dd94	26	975d891c182fbedd8e1b8161d7de322207c24c63c44e831c3512cdd28cc95965	source_unnamed	unique_full_body_sha256
LF9D012H	0x1F096C	LF9G003T	0x206CAC	FUN_001f096c	FUN_00206cac	FUN_001f096c	48	976436322aa7bf1fd45dad7adedd7f5793dd75c17bb3cca6a79c87fa191a09fd	source_unnamed	unique_full_body_sha256
LF9D012H	0x1DBA28	LF9G003T	0x1F1B48	FUN_001dba28	FUN_001f1b48	FUN_001dba28	52	9773f49e9d359dd80d9211cd12d47fb73c5a7c9619d1a8b7ba39b2226c6289ad	source_unnamed	unique_full_body_sha256
LF9D012H	0x76996	LF9G003T	0x831CA	FUN_00076996	FUN_000831ca	FUN_00076996	436	97765a8879df4f7ddebe859fe8d2babfc3647b5abf96be88779cce8b9f7dc197	source_unnamed	unique_full_body_sha256
LF9D012H	0x127ABC	LF9G003T	0x135F90	FUN_00127abc	FUN_00135f90	FUN_00127abc	262	97a67df092c33b6efab18ba23525ba1d07e2f6efd2ab2e5e77da44020292d4f3	source_unnamed	unique_full_body_sha256
LF9D012H	0xCBB34	LF9G003T	0xD95A8	FUN_000cbb34	FUN_000d95a8	FUN_000cbb34	10	97eea8dc5f0b3d56f08efb5a92399ac9fd64d7f0acf8318f8252aef8745a841e	source_unnamed	unique_full_body_sha256
LF9D012H	0x1B6CCC	LF9G003T	0x1CC164	interp_2d_ax_u8_u32_data_u	interp_2d_ax_u8_u32_data_u	interp_2d_ax_u8_u32_data_u	268	980495b02fbabfc5df20d1a6b5d1dfaadfdf8dab4c058b85c38597b21b9c6d72	already_named	unique_full_body_sha256
LF9D012H	0x1B89B4	LF9G003T	0x1CDE4C	FUN_001b89b4	FUN_001cde4c	FUN_001b89b4	278	983882f3e7260bd5c4c70f5e55f48d46c53f30007c36537754237a783353eb06	source_unnamed	unique_full_body_sha256
LF9D012H	0x70B3A	LF9G003T	0x7D36E	FUN_00070b3a	FUN_0007d36e	FUN_00070b3a	46	9865da059d516f60e202b7d5b9e19356b3171a019c8a80f01a6c6f9e593deff4	source_unnamed	unique_full_body_sha256
LF9D012H	0x12E3F4	LF9G003T	0x13C8BC	FUN_0012e3f4	FUN_0013c8bc	FUN_0012e3f4	70	98a520020bea2a2d5ae2b1702817996dfdae560faed6806f4497f1702b07999b	source_unnamed	unique_full_body_sha256
LF9D012H	0x109734	LF9G003T	0x117464	FUN_00109734	FUN_00117464	FUN_00109734	32	98aa58d4daa6bf868932443f188b9f5a1bb5281375e2f87afb5ac3827f17e062	source_unnamed	unique_full_body_sha256
LF9D012H	0x10CAAC	LF9G003T	0x11AE04	FUN_0010caac	FUN_0011ae04	FUN_0010caac	38	990cb1937aeeeed123bc1617f7601a82119a30158097310a42d863f7b20f74ea	source_unnamed	unique_full_body_sha256
LF9D012H	0xAD040	LF9G003T	0xBA4E4	FUN_000ad040	FUN_000ba4e4	FUN_000ad040	62	991440f43d43e641c26ce36573d9d211ef7ad9c9d8f16284407f9fe0870db89c	source_unnamed	unique_full_body_sha256
LF9D012H	0x133C4C	LF9G003T	0x142118	FUN_00133c4c	FUN_00142118	FUN_00133c4c	14	9922e42c84ca2a51b0817954e5b758562b50f1569317ec57dfc25ff2a9c1cffe	source_unnamed	unique_full_body_sha256
LF9D012H	0x12A630	LF9G003T	0x138B34	FUN_0012a630	FUN_00138b34	FUN_0012a630	74	9923943689e2593fcb66721e5bca8aedca05f6abfe071bd421f89abfd24f78c2	source_unnamed	unique_full_body_sha256
LF9D012H	0x86CF0	LF9G003T	0x9353C	FUN_00086cf0	FUN_0009353c	FUN_00086cf0	70	9936c9abc5314bd951cb3fa90f61abe05e225b6c61a183f14ec0b045f3a88414	source_unnamed	unique_full_body_sha256
LF9D012H	0xAADE2	LF9G003T	0xB8286	FUN_000aade2	FUN_000b8286	FUN_000aade2	28	993ff0caaf684bfb645e952e1b355e9de1d98fa72a3f6cb135a4959cc4f6e5ad	source_unnamed	unique_full_body_sha256
LF9D012H	0xB16C0	LF9G003T	0xBEB64	FUN_000b16c0	FUN_000beb64	FUN_000b16c0	8	994b136cd8d57769c795aa3ad14429c9e57bae8e2f4877fa21faa25e569fd597	source_unnamed	unique_full_body_sha256
LF9D012H	0x1DC0D4	LF9G003T	0x1F21F4	FUN_001dc0d4	FUN_001f21f4	FUN_001dc0d4	10	99710c43275568edd25c0af2976fe65a1bc2ee0e46a47d1be9107cef030497f9	source_unnamed	unique_full_body_sha256
LF9D012H	0xA4D20	LF9G003T	0xB21F8	FUN_000a4d20	FUN_000b21f8	FUN_000a4d20	112	998a920a697468a82d3e8be7f84c7a125b95834f30672ccf921c757f312cc53f	source_unnamed	unique_full_body_sha256
LF9D012H	0x868C8	LF9G003T	0x93114	FUN_000868c8	FUN_00093114	FUN_000868c8	34	999d0570432be51390562a1e9563ec09633c299e459a8442b69358964dea9966	source_unnamed	unique_full_body_sha256
LF9D012H	0x6EE0	LF9G003T	0x6EA8	FUN_00006ee0	FUN_00006ea8	FUN_00006ee0	56	99b0501d0b40662b860baa8e1eaf2949426ee16f9f1e0610f5883bb2f7564688	source_unnamed	unique_full_body_sha256
LF9D012H	0x11CAD0	LF9G003T	0x12AF8C	FUN_0011cad0	FUN_0012af8c	FUN_0011cad0	84	99b216732d6da73cab6fd9c443973c279c584f598821fb0f0e6625da026d260a	source_unnamed	unique_full_body_sha256
LF9D012H	0xB8F24	LF9G003T	0xC6430	FUN_000b8f24	FUN_000c6430	FUN_000b8f24	22	99c2999b9fdeeecf10ebb5e8b3b67da641b36707764174abb3fa65033f9fa685	source_unnamed	unique_full_body_sha256
LF9D012H	0x726FA	LF9G003T	0x7EF2E	FUN_000726fa	FUN_0007ef2e	FUN_000726fa	152	99f293c6706ec1c792bba3abc0a2331f92d67b01268454c50af3279d0fae8a37	source_unnamed	unique_full_body_sha256
LF9D012H	0x949E0	LF9G003T	0xA1304	FUN_000949e0	FUN_000a1304	FUN_000949e0	22	9a033ac12f8cee93a77c03d27e89cdb14150f48738e6bbdb829f2f26f88323e7	source_unnamed	unique_full_body_sha256
LF9D012H	0x1F4CA0	LF9G003T	0x20B018	enter_dispatcher_locked_classify	enter_dispatcher_locked_classify	enter_dispatcher_locked_classify	104	9a24c690d6545e4c38b2d9e18a622117e06e32b3718b298351ca55c3d4962423	already_named	unique_full_body_sha256
LF9D012H	0x1D7C0E	LF9G003T	0x1EDD2E	FUN_001d7c0e	FUN_001edd2e	FUN_001d7c0e	10	9a36cd114e9e9d5e55575e4b31922ac5b20b5430933a5d6e13f6ce20c80ec084	source_unnamed	unique_full_body_sha256
LF9D012H	0x18BCC4	LF9G003T	0x19FCBC	FUN_0018bcc4	FUN_0019fcbc	FUN_0018bcc4	42	9a5e6d5e658bdaf381e376ff43a164a9a1cb3eb0ef088473aac87f9cc4c2c08c	source_unnamed	unique_full_body_sha256
LF9D012H	0xA7E80	LF9G003T	0xB52D0	FUN_000a7e80	FUN_000b52d0	FUN_000a7e80	64	9a7ace5679fc99a5d2e6505bcccdc7b62f7975377eafdf838311b05ebd18b6a4	source_unnamed	unique_full_body_sha256
LF9D012H	0x77F36	LF9G003T	0x8476A	FUN_00077f36	FUN_0008476a	FUN_00077f36	68	9aa7cba82120199ce23d0c55909508796b73441bf5493ecb21002920146293eb	source_unnamed	unique_full_body_sha256
LF9D012H	0xB7FBA	LF9G003T	0xC54C6	FUN_000b7fba	FUN_000c54c6	FUN_000b7fba	36	9abf42885e9f7cd7fe55f70d5fb61855e4fcaea115ca18e01d7bc5f4f46ac1b8	source_unnamed	unique_full_body_sha256
LF9D012H	0x1F4D94	LF9G003T	0x20B10C	check_id_nonzero_bounds	check_id_nonzero_bounds	check_id_nonzero_bounds	32	9b039b1ec46299403f839218b56198726937e472b09c1e9bb8c96508392e3e24	already_named	unique_full_body_sha256
LF9D012H	0x13AC10	LF9G003T	0x1490DC	FUN_0013ac10	FUN_001490dc	FUN_0013ac10	18	9b454c823f5993c5932a203468f56015bd44f4c8796753a4b788603015650cf3	source_unnamed	unique_full_body_sha256
LF9D012H	0x1DCEEC	LF9G003T	0x1F300C	build_frame_powertrain_status	build_frame_powertrain_status	build_frame_powertrain_status	714	9b4c224254787d61a718418c48722fa27a1252d92d1a7a796e563a0e0f3cc7a2	already_named	unique_full_body_sha256
LF9D012H	0x1DBF92	LF9G003T	0x1F20B2	FUN_001dbf92	FUN_001f20b2	FUN_001dbf92	44	9b8c9107ea091441c94185ce95a7ca9aa69e88a913bf439955ca5e8db4605155	source_unnamed	unique_full_body_sha256
LF9D012H	0x1E4B76	LF9G003T	0x1FAC96	FUN_001e4b76	FUN_001fac96	FUN_001e4b76	34	9bd89758689c085151ab8218d01f6c3547c645a9e04b9af06afea008e3d18410	source_unnamed	unique_full_body_sha256
LF9D012H	0x127754	LF9G003T	0x135C28	counter_increment_saturating	counter_increment_saturating	counter_increment_saturating	50	9bee18da246d8b3fb85ea598cfe899c36b7d17488017c3a45b7f4bfd7137ab26	already_named	unique_full_body_sha256
LF9D012H	0x6CF72	LF9G003T	0x797A6	diag_monitor_mature_rec02	diag_monitor_mature_rec02	diag_monitor_mature_rec02	46	9c0fec87dd8faa610f1f3530564e3687caafdf75d4866d77d53098b578d9211e	already_named	unique_full_body_sha256
LF9D012H	0x1EE8D4	LF9G003T	0x204C14	FUN_001ee8d4	FUN_00204c14	FUN_001ee8d4	110	9c12299a995663c96a11a9878542a5b068d0e10422e30d7f7c27858e114a8517	source_unnamed	unique_full_body_sha256
LF9D012H	0x1DC070	LF9G003T	0x1F2190	FUN_001dc070	FUN_001f2190	FUN_001dc070	10	9c7555bc6aa771a2eaa6ab08a391852fab5625eb53e9e45c9df7efb6e63a0f56	source_unnamed	unique_full_body_sha256
LF9D012H	0xE76A4	LF9G003T	0xF5110	FUN_000e76a4	FUN_000f5110	FUN_000e76a4	70	9c77330d2c729c919fdf6590b9640a14b7204db4ecac7a8942224bd33f155623	source_unnamed	unique_full_body_sha256
LF9D012H	0x12E9C8	LF9G003T	0x13CE90	FUN_0012e9c8	FUN_0013ce90	FUN_0012e9c8	108	9c7a493651a1c54923a9d30f8405ae89aeec93297ac69257e3ab0934850e7c9e	source_unnamed	unique_full_body_sha256
LF9D012H	0x112FCC	LF9G003T	0x1213CC	FUN_00112fcc	FUN_001213cc	FUN_00112fcc	80	9cb232c2014d316006705ef424c4451ab9d18a77d075d363c4d5b5a082d6773e	source_unnamed	unique_full_body_sha256
LF9D012H	0x1E1D2A	LF9G003T	0x1F7E4A	FUN_001e1d2a	FUN_001f7e4a	FUN_001e1d2a	70	9cd5462afc5b84627f4381aa6bb755fd196ce8af970f472ba3ad9bea9fe2afbe	source_unnamed	unique_full_body_sha256
LF9D012H	0x1DA2DA	LF9G003T	0x1F03FA	FUN_001da2da	FUN_001f03fa	FUN_001da2da	48	9ce0a7afbd0289cb8e3baadcf7118eab6526248f154ccb6a95a22bbb5fe5c3da	source_unnamed	unique_full_body_sha256
LF9D012H	0x19F2D4	LF9G003T	0x1B33E8	FUN_0019f2d4	FUN_001b33e8	FUN_0019f2d4	104	9cf24e5c2e3afffeeb6b571172847dcbf1291820a55f2ac951c453795436bb32	source_unnamed	unique_full_body_sha256
LF9D012H	0x1D6D54	LF9G003T	0x1ECE74	FUN_001d6d54	FUN_001ece74	FUN_001d6d54	44	9d6d800ebd434977676c2481a64563d333033c6f229672103a138af41d320a76	source_unnamed	unique_full_body_sha256
LF9D012H	0x10C668	LF9G003T	0x11A9C0	FUN_0010c668	FUN_0011a9c0	FUN_0010c668	106	9d71f4986faa82634ff7ff162db6a5d4b840c36319e821efe91a080ccf6dd180	source_unnamed	unique_full_body_sha256
LF9D012H	0xAF28E	LF9G003T	0xBC732	FUN_000af28e	FUN_000bc732	FUN_000af28e	18	9d9076bd63d5db3e358678c815e91addf6f7fe7fc0113a46efbfe0cecb46434a	source_unnamed	unique_full_body_sha256
LF9D012H	0x13C478	LF9G003T	0x14A944	FUN_0013c478	FUN_0014a944	FUN_0013c478	114	9dd0fb4768ccc3fddc99591d9ef9d27ca48ecde87a12a7bd08b59bbf4eb3e9bb	source_unnamed	unique_full_body_sha256
LF9D012H	0x1DAAC4	LF9G003T	0x1F0BE4	FUN_001daac4	FUN_001f0be4	FUN_001daac4	10	9e05b40877c0b844fd5e00e6698b2e8479d5c8711e8d5cab70893fc726b2b737	source_unnamed	unique_full_body_sha256
LF9D012H	0x1D6F7C	LF9G003T	0x1ED09C	FUN_001d6f7c	FUN_001ed09c	FUN_001d6f7c	20	9e2b2d04ac00641b91148c3ffc77091af8f1dcea93322d380a2730629505e90d	source_unnamed	unique_full_body_sha256
LF9D012H	0x84A12	LF9G003T	0x9125E	FUN_00084a12	FUN_0009125e	FUN_00084a12	52	9e369a679f6b214e7f065f3ae6f67d83d7de4ab155172101268b8e511ee38fcb	source_unnamed	unique_full_body_sha256
LF9D012H	0xA3BBC	LF9G003T	0xB04E0	FUN_000a3bbc	FUN_000b04e0	FUN_000a3bbc	38	9e4eaf39ed8e54cc25d85870e07110910b1c1274774e6c6061c43986515e7629	source_unnamed	unique_full_body_sha256
LF9D012H	0x12A8D4	LF9G003T	0x138DD8	FUN_0012a8d4	FUN_00138dd8	FUN_0012a8d4	30	9e50293bc1b89db94ced2b9260562983edb7dab7f85bca7441dad0fe8295adf8	source_unnamed	unique_full_body_sha256
LF9D012H	0x27D454	LF9G003T	0x27D628	FUN_0027d454	FUN_0027d628	FUN_0027d454	36	9e50a0b0e9bca0a522a9f1d14a8b4f2cf5a4ba04aa12186edfdab461e94365a8	source_unnamed	unique_full_body_sha256
LF9D012H	0x17FFB8	LF9G003T	0x193B5C	FUN_0017ffb8	FUN_00193b5c	FUN_0017ffb8	18	9e7e0891b2aa7824f4f41314f4c648ff7143f49d5809add43cf12068efeab691	source_unnamed	unique_full_body_sha256
LF9D012H	0x1D70D0	LF9G003T	0x1ED1F0	FUN_001d70d0	FUN_001ed1f0	FUN_001d70d0	18	9e950c89e142397436f1eecfe73d4a3385a867bce508dca4ab70388630d16599	source_unnamed	unique_full_body_sha256
LF9D012H	0x27CF9C	LF9G003T	0x27D170	peripheral_state_helper	peripheral_state_helper	peripheral_state_helper	136	9ed054c8e6cfe3189dcfe71fdf2b123aadf807dc191e69619114581b1009b5ef	already_named	unique_full_body_sha256
LF9D012H	0x852B0	LF9G003T	0x91AFC	FUN_000852b0	FUN_00091afc	FUN_000852b0	30	9ee1a52a5f618892e961d53b2156e607e945a332bdd16d7012f3ca2b5ec1afed	source_unnamed	unique_full_body_sha256
LF9D012H	0xB362A	LF9G003T	0xC0ACE	FUN_000b362a	FUN_000c0ace	FUN_000b362a	106	9f7d4cc8ec6ee7ccb8779f3919277a1b816b376c4ee369fa0123f156cb13482b	source_unnamed	unique_full_body_sha256
LF9D012H	0x1F3328	LF9G003T	0x209668	umul_64_accumulate	umul_64_accumulate	umul_64_accumulate	220	9f9551c2551e1a86d58d55bb41ecf3f5191c27c3f0ee97b7fd75f830f3c78ba1	already_named	unique_full_body_sha256
LF9D012H	0x13C578	LF9G003T	0x14AA44	FUN_0013c578	FUN_0014aa44	FUN_0013c578	202	9fcd984bb877b2ac235f2364d18400a5dbeed36868b189013ee29b5d208716b7	source_unnamed	unique_full_body_sha256
LF9D012H	0xB673C	LF9G003T	0xC3C48	FUN_000b673c	FUN_000c3c48	FUN_000b673c	126	9fd564dd2cc45340b8d7ff0da8b442c012bdd9cbd5ba90273682c90119500b94	source_unnamed	unique_full_body_sha256
LF9D012H	0x741F8	LF9G003T	0x80A2C	FUN_000741f8	FUN_00080a2c	FUN_000741f8	136	9fe15fa8148079abc2c6915eeda101b4753d4f72bbb568ec1e113f6b8bb1a016	source_unnamed	unique_full_body_sha256
LF9D012H	0x17DBD4	LF9G003T	0x190DD0	FUN_0017dbd4	FUN_00190dd0	FUN_0017dbd4	244	9ff31d0ae14320859cac2539ddac758eebbc1dd03039d72548d473a4f4b77f57	source_unnamed	unique_full_body_sha256
LF9D012H	0x1EE9CA	LF9G003T	0x204D0A	FUN_001ee9ca	FUN_00204d0a	FUN_001ee9ca	14	9ffd804013c4eb28d0d6a63e7d80239a6d310237bacf889610b59e04daf4d129	source_unnamed	unique_full_body_sha256
LF9D012H	0xAF3BC	LF9G003T	0xBC860	FUN_000af3bc	FUN_000bc860	FUN_000af3bc	124	a01b330237ededff1cce174370963eb57a8b397d611a9ef73e966c3a1a547c70	source_unnamed	unique_full_body_sha256
LF9D012H	0x153DA8	LF9G003T	0x166AB8	FUN_00153da8	FUN_00166ab8	FUN_00153da8	50	a041293b60088df2f0c534bcfb756ed14a456b0775998351f2207058db702cbd	source_unnamed	unique_full_body_sha256
LF9D012H	0x1F02F8	LF9G003T	0x206638	FUN_001f02f8	FUN_00206638	FUN_001f02f8	6	a061ac6f39c7b97ba04d6d1d081612ce2def1e04611e4b3ddb4ae97a81cbc4e3	source_unnamed	unique_full_body_sha256
LF9D012H	0x1D5C76	LF9G003T	0x1EBD96	FUN_001d5c76	FUN_001ebd96	FUN_001d5c76	70	a06e6f013c3299eddbc6595b79d04c08b3b4db6219421aa7ece58800974bbf6d	source_unnamed	unique_full_body_sha256
LF9D012H	0xE3AB4	LF9G003T	0xF1520	FUN_000e3ab4	FUN_000f1520	FUN_000e3ab4	44	a079db6e1ede7952e8b083557832a6cd9f853432b7fab48c94abd0013a9386b0	source_unnamed	unique_full_body_sha256
LF9D012H	0xF4F98	LF9G003T	0x102B90	FUN_000f4f98	FUN_00102b90	FUN_000f4f98	16	a08a99b1494723abe6479008331c8b117db0541c6aab4c32ee85844dd7b89ef3	source_unnamed	unique_full_body_sha256
LF9D012H	0xB70BC	LF9G003T	0xC45C8	FUN_000b70bc	FUN_000c45c8	FUN_000b70bc	146	a0e9afde015f546e1517b3b223aff182399dff8d2449f8b7a1a1e5019afea2b9	source_unnamed	unique_full_body_sha256
LF9D012H	0x1F0740	LF9G003T	0x206A80	FUN_001f0740	FUN_00206a80	FUN_001f0740	12	a10d729c8e2357d1c10d279abdeefdf758b352429c62158dbbd18347c9817bfa	source_unnamed	unique_full_body_sha256
LF9D012H	0x1E26E0	LF9G003T	0x1F8800	FUN_001e26e0	FUN_001f8800	FUN_001e26e0	6	a10f8181922f34dda311d9c6170897cb4538431372fb78753b927b3e6fcb2942	source_unnamed	unique_full_body_sha256
LF9D012H	0xAE1BA	LF9G003T	0xBB65E	FUN_000ae1ba	FUN_000bb65e	FUN_000ae1ba	42	a11ef04e1d4ac03da881958191b3160b8d8bc6329a09f558276b422f3923935b	source_unnamed	unique_full_body_sha256
LF9D012H	0x1F3B88	LF9G003T	0x209EC8	FUN_001f3b88	FUN_00209ec8	FUN_001f3b88	110	a12e0758039743030314c485464a43894d84674891d65090bc13236bbece9e63	source_unnamed	unique_full_body_sha256
LF9D012H	0x1F4E4C	LF9G003T	0x20B1C4	FUN_001f4e4c	FUN_0020b1c4	FUN_001f4e4c	36	a140b14ff9e8b966f2c1cf8c403901c14ff0faea2d9f0920282c3d9ca381e0ba	source_unnamed	unique_full_body_sha256
LF9D012H	0xAA13A	LF9G003T	0xB75DE	FUN_000aa13a	FUN_000b75de	FUN_000aa13a	34	a164e497a5c89c822a23bacb35f2eea1a4f9163e3fd464d74aa1c3992db6b050	source_unnamed	unique_full_body_sha256
LF9D012H	0x1DAFAC	LF9G003T	0x1F10CC	FUN_001dafac	FUN_001f10cc	FUN_001dafac	222	a171724e8b88adff05a190b2f8eec487c3171eaa8306c150c5845e022caa6a81	source_unnamed	unique_full_body_sha256
LF9D012H	0x1D70E6	LF9G003T	0x1ED206	FUN_001d70e6	FUN_001ed206	FUN_001d70e6	12	a19aa3d01f9aa08c48e1f7af481b226030d3986465bed80f46e35e1899953176	source_unnamed	unique_full_body_sha256
LF9D012H	0xC7ACA	LF9G003T	0xD5522	checksum8_carry_fold	checksum8_carry_fold	checksum8_carry_fold	100	a1bfb171f0aee09125f7161867bf50c936943ecbb6a5b56a5b658eb813bb9241	already_named	unique_full_body_sha256
LF9D012H	0x81C7A	LF9G003T	0x8E4AA	FUN_00081c7a	FUN_0008e4aa	FUN_00081c7a	80	a1e5e8891754773f87210ba5278237b39992a46aeae8c87f10f12e408919b438	source_unnamed	unique_full_body_sha256
LF9D012H	0x1E1668	LF9G003T	0x1F7788	FUN_001e1668	FUN_001f7788	FUN_001e1668	112	a20a2d7cbb1ba635b592fb2b266b7bc026c4db4216894595ff35eb8e193986cd	source_unnamed	unique_full_body_sha256
LF9D012H	0x17C650	LF9G003T	0x18F84C	FUN_0017c650	FUN_0018f84c	FUN_0017c650	34	a222a090a264fb51302e24341cfa39e337fa445b83d7609ba1d1eebc6e7eff24	source_unnamed	unique_full_body_sha256
LF9D012H	0x1E9388	LF9G003T	0x1FF6C8	FUN_001e9388	FUN_001ff6c8	FUN_001e9388	66	a22be868de300c7d32bd2600f96eb86fb689d8cb3aee13564a8900cf51d45885	source_unnamed	unique_full_body_sha256
LF9D012H	0xD3E04	LF9G003T	0xE1878	FUN_000d3e04	FUN_000e1878	FUN_000d3e04	76	a27727976c844a281843710d1db2fddc68a9d700248237fc2ef1b08b84ee2d0d	source_unnamed	unique_full_body_sha256
LF9D012H	0x1D7BBA	LF9G003T	0x1EDCDA	FUN_001d7bba	FUN_001edcda	FUN_001d7bba	6	a278d90c7dd0472bf28ce60e0112273c1c14370845c1a1f889ab6a7fec59674c	source_unnamed	unique_full_body_sha256
LF9D012H	0x17F948	LF9G003T	0x193424	FUN_0017f948	FUN_00193424	FUN_0017f948	54	a27d77f4e26b6ddf2a8a85782b8d6e78ff996da1752f44a2ae9c264ab56fc884	source_unnamed	unique_full_body_sha256
LF9D012H	0xE12F8	LF9G003T	0xEED64	FUN_000e12f8	FUN_000eed64	FUN_000e12f8	56	a27f302ab07af220a104ee83a8e9abe7040d22c0dfe5270ff03bf337704ab18f	source_unnamed	unique_full_body_sha256
LF9D012H	0x1527C4	LF9G003T	0x165448	FUN_001527c4	FUN_00165448	FUN_001527c4	70	a28b031669572b5510a5250af4832fc6af82d2f3c23555e68f30a0a9b00ff71c	source_unnamed	unique_full_body_sha256
LF9D012H	0x1F1C24	LF9G003T	0x207F64	FUN_001f1c24	FUN_00207f64	FUN_001f1c24	10	a28bffbcbe44d91b43521c8f2d1ae4e6ea09f00023d0a668f1fdd4a01da30406	source_unnamed	unique_full_body_sha256
LF9D012H	0x11AAB4	LF9G003T	0x128F40	FUN_0011aab4	FUN_00128f40	FUN_0011aab4	18	a28f2021253399e29f2a658801b8233b919f0a99e41fe2e3ee732ce38cf79f76	source_unnamed	unique_full_body_sha256
LF9D012H	0x6A1C	LF9G003T	0x6A1C	FUN_00006a1c	FUN_00006a1c	FUN_00006a1c	82	a2bcf2bc2dec5ebaa334b124e174ac483894a5af07183d308a4c325bae36e607	source_unnamed	unique_full_body_sha256
LF9D012H	0x7079A	LF9G003T	0x7CFCE	thunk_FUN_0006fb84	thunk_FUN_0007c3b8	thunk_FUN_0006fb84	4	a3083f7c947c6f705aa929b0eb5864f0e7e1bf86f3540465a349ce266478d761	source_unnamed	unique_full_body_sha256
LF9D012H	0x133C38	LF9G003T	0x142104	FUN_00133c38	FUN_00142104	FUN_00133c38	18	a309dbb164b9281d12e20c78d153c7b4ad2bf852f0e1a62e92b115a4e97eaf2c	source_unnamed	unique_full_body_sha256
LF9D012H	0x1AB8CC	LF9G003T	0x1C0BD4	FUN_001ab8cc	FUN_001c0bd4	FUN_001ab8cc	92	a30a17b45003ba1dbe8837f4594fc2c31132d610ef512ee2733ab63cefb4b227	source_unnamed	unique_full_body_sha256
LF9D012H	0xB7B7A	LF9G003T	0xC5086	FUN_000b7b7a	FUN_000c5086	FUN_000b7b7a	112	a3283f8114a7af702b89d4856895fe92124ce517a2db3bb4cce3a8cc788a651a	source_unnamed	unique_full_body_sha256
LF9D012H	0x1E27A8	LF9G003T	0x1F88C8	FUN_001e27a8	FUN_001f88c8	FUN_001e27a8	48	a34083af95fdae41c9304570056f17fe20e3c9d5f20c8ec6bb0f3e047d4b8878	source_unnamed	unique_full_body_sha256
LF9D012H	0x1F4D24	LF9G003T	0x20B09C	check_task_id_valid	check_task_id_valid	check_task_id_valid	28	a3488f7bf38d72a181f160ce0218f1cc1c8234a6688b18c3fc5183deca301ec6	already_named	unique_full_body_sha256
LF9D012H	0x1E4844	LF9G003T	0x1FA964	FUN_001e4844	FUN_001fa964	FUN_001e4844	448	a3733f4352d3849e0adc890bd0601003cf8d47f67a01a77bfc446f570f43b2c3	source_unnamed	unique_full_body_sha256
LF9D012H	0xAAA0C	LF9G003T	0xB7EB0	FUN_000aaa0c	FUN_000b7eb0	FUN_000aaa0c	78	a3b403e48c4041ce2027cd7d63fb8c65401ccf73201bd80f079bf7ad3c97d28b	source_unnamed	unique_full_body_sha256
LF9D012H	0xB2B9C	LF9G003T	0xC0040	FUN_000b2b9c	FUN_000c0040	FUN_000b2b9c	14	a3bee3b4cfeb26a9fceb1a656473ffa8d6c8303267c8a9463437ccbc27a9c232	source_unnamed	unique_full_body_sha256
LF9D012H	0x1AAB18	LF9G003T	0x1BFE20	FUN_001aab18	FUN_001bfe20	FUN_001aab18	138	a3ca7d7f77a5b886dddf3690c50cea49fcb700e6916fb9806ddb2f62d945d9af	source_unnamed	unique_full_body_sha256
LF9D012H	0x1EE704	LF9G003T	0x204A44	thunk_FUN_000b4b26	thunk_FUN_000c1fd6	thunk_FUN_000b4b26	6	a3d353c698d8f10dad66aa7ae8a9b803f85b0e38ddbd27215c73058013f1431e	source_unnamed	unique_full_body_sha256
LF9D012H	0x12A2FC	LF9G003T	0x138800	FUN_0012a2fc	FUN_00138800	FUN_0012a2fc	42	a3f31040786b7915fa5b46417504df410a318a3ccc397e774972a7e33eadb475	source_unnamed	unique_full_body_sha256
LF9D012H	0xE6634	LF9G003T	0xF40A0	FUN_000e6634	FUN_000f40a0	FUN_000e6634	264	a48d3db23b9ccf2f7858b3fa77003eaf1f0915b86a21d4bba52f819eddfffec0	source_unnamed	unique_full_body_sha256
LF9D012H	0x19B6C4	LF9G003T	0x1AF728	FUN_0019b6c4	FUN_001af728	FUN_0019b6c4	64	a4af232c0c79e841ae3db49e25bf5455fb114c8ffe189013bf36e3bf10948f1f	source_unnamed	unique_full_body_sha256
LF9D012H	0x75C1A	LF9G003T	0x8244E	FUN_00075c1a	FUN_0008244e	FUN_00075c1a	44	a4f0b1d5105a62ff97815abb637acc663053fbae947214b9c846ab04951e5f8b	source_unnamed	unique_full_body_sha256
LF9D012H	0x9EB86	LF9G003T	0xAB4AA	FUN_0009eb86	FUN_000ab4aa	FUN_0009eb86	174	a507e3bb20284703426f8e58f33beac8896cd9cb25edeeb276801228e460fc28	source_unnamed	unique_full_body_sha256
LF9D012H	0x27ECC4	LF9G003T	0x27EE98	FUN_0027ecc4	FUN_0027ee98	FUN_0027ecc4	16	a509ba0b673f40d1698822302890edf33ccd5b8bdb5194727c45e8ef3ebf12d6	source_unnamed	unique_full_body_sha256
LF9D012H	0x1DC1EC	LF9G003T	0x1F230C	FUN_001dc1ec	FUN_001f230c	FUN_001dc1ec	202	a5382b55cc20c952c54ce5e4f17fb24ea5770c7ab65b8c0d0b19571cb1e1199c	source_unnamed	unique_full_body_sha256
LF9D012H	0x1DE97C	LF9G003T	0x1F4A9C	FUN_001de97c	FUN_001f4a9c	FUN_001de97c	10	a5612c7ea4e74d5300d75317f67eb721120061df9bf7ac7420064e8d4c7a9385	source_unnamed	unique_full_body_sha256
LF9D012H	0xB5CC2	LF9G003T	0xC31CE	FUN_000b5cc2	FUN_000c31ce	FUN_000b5cc2	132	a567a29baa6fd304aaffde151cd60476a7a71b1a4b8137c28639069bb8eb1673	source_unnamed	unique_full_body_sha256
LF9D012H	0x74C9E	LF9G003T	0x814D2	FUN_00074c9e	FUN_000814d2	FUN_00074c9e	38	a5a97a5c0c7d067a5e63f45d81133922aadd36b32c44051b13f7e2b12f259dfa	source_unnamed	unique_full_body_sha256
LF9D012H	0x104CAC	LF9G003T	0x1129DC	FUN_00104cac	FUN_001129dc	FUN_00104cac	100	a5d01e0f170dda3e45d8193a9ce398e3cebe9c54bcb8bba3aae2838f1ab8b6f8	source_unnamed	unique_full_body_sha256
LF9D012H	0x1CCE10	LF9G003T	0x1E22A8	FUN_001cce10	FUN_001e22a8	FUN_001cce10	10	a5d74f00ea517170e603971159311efc9d2872b2e5c3be60361547bc2577b2d6	source_unnamed	unique_full_body_sha256
LF9D012H	0x6E078	LF9G003T	0x7A8AC	FUN_0006e078	FUN_0007a8ac	FUN_0006e078	58	a5e2e4d8fea35b446017d11996b65969eb9f41a7123229739c2166d145ef3f63	source_unnamed	unique_full_body_sha256
LF9D012H	0x89262	LF9G003T	0x95AC2	FUN_00089262	FUN_00095ac2	FUN_00089262	10	a60d98a3e0ac29ee3fbf2463d04be44292deb1b6083b5c26b6fab13ad51c59d6	source_unnamed	unique_full_body_sha256
LF9D012H	0x27EAB8	LF9G003T	0x27EC8C	FUN_0027eab8	FUN_0027ec8c	FUN_0027eab8	70	a61192c682e76fa7972bffdabc1a895dd95d7e7204e04f4fabd707e698ae9619	source_unnamed	unique_full_body_sha256
LF9D012H	0x1CCDB8	LF9G003T	0x1E2250	FUN_001ccdb8	FUN_001e2250	FUN_001ccdb8	10	a6119c0183aefff7011f7c623ebd8f065688b2e5efb04da6b4f5d3fd144e5c36	source_unnamed	unique_full_body_sha256
LF9D012H	0x1F5078	LF9G003T	0x20B3F0	FUN_001f5078	FUN_0020b3f0	FUN_001f5078	26	a625d53221f59f1198585f524a98d46bb2a28dcae195928cb10c876ee8b6b2d0	source_unnamed	unique_full_body_sha256
LF9D012H	0xB3D36	LF9G003T	0xC11DA	FUN_000b3d36	FUN_000c11da	FUN_000b3d36	58	a63e4f992b1aa80a77cbe72ab613a08219505da4101d45fe4946d1add4efd59c	source_unnamed	unique_full_body_sha256
LF9D012H	0x7130A	LF9G003T	0x7DB3E	FUN_0007130a	FUN_0007db3e	FUN_0007130a	62	a698b39f8995856112907e3fbf2acd938a18aae2827416570aea4be011199451	source_unnamed	unique_full_body_sha256
LF9D012H	0x12A690	LF9G003T	0x138B94	FUN_0012a690	FUN_00138b94	FUN_0012a690	22	a6ba8dcd1b2301eb2aa86af726dc35b4997fa87d2362953d171033fc1e8e5ead	source_unnamed	unique_full_body_sha256
LF9D012H	0x1F40FC	LF9G003T	0x20A474	int_abs	int_abs	int_abs	12	a6d50132a98cdd62a1ec00576a814d47deed844af7ceb844713a6a38c4290c69	already_named	unique_full_body_sha256
LF9D012H	0x1DE690	LF9G003T	0x1F47B0	FUN_001de690	FUN_001f47b0	FUN_001de690	10	a6fdb247a5317ee79c30d75889b2101c559e664591988d17ca7a1323169cfc87	source_unnamed	unique_full_body_sha256
LF9D012H	0x12E7A8	LF9G003T	0x13CC70	FUN_0012e7a8	FUN_0013cc70	FUN_0012e7a8	62	a73967fb2980d55ebd61444be64db52094ffd29570872415679e7cf7e16c0c3a	source_unnamed	unique_full_body_sha256
LF9D012H	0x131094	LF9G003T	0x13F560	FUN_00131094	FUN_0013f560	FUN_00131094	32	a73d66a1fdcbe8ea732358dc455b6d252b5a5948d61e75fbfc90e71e988fcefe	source_unnamed	unique_full_body_sha256
LF9D012H	0xA67D6	LF9G003T	0xB3BFA	FUN_000a67d6	FUN_000b3bfa	FUN_000a67d6	54	a7438f639237d6f275cb0fd643f9bba1250d5bcff22dcb6eb266e54174b3f4ba	source_unnamed	unique_full_body_sha256
LF9D012H	0xAF2A0	LF9G003T	0xBC744	FUN_000af2a0	FUN_000bc744	FUN_000af2a0	58	a77975172d5692a0308fa42638c628c1f170e7841dc58a82d0dd5bf2593f5a77	source_unnamed	unique_full_body_sha256
LF9D012H	0x12A328	LF9G003T	0x13882C	FUN_0012a328	FUN_0013882c	FUN_0012a328	24	a786f4651ddee0ca99358df2fe93da641f1b0ae614717a137267b2fcf3f3ac91	source_unnamed	unique_full_body_sha256
LF9D012H	0xB231A	LF9G003T	0xBF7BE	FUN_000b231a	FUN_000bf7be	FUN_000b231a	16	a799702bed257e737a58e16bbbb0a9cbc343e4824f09eb76135fc11dff9abc8d	source_unnamed	unique_full_body_sha256
LF9D012H	0x17EB64	LF9G003T	0x191D60	FUN_0017eb64	FUN_00191d60	FUN_0017eb64	88	a7bc373e330b3e20012f5ea03ace53abb56cc29f487acb73d294837cd92e2d0f	source_unnamed	unique_full_body_sha256
LF9D012H	0x88E22	LF9G003T	0x95682	FUN_00088e22	FUN_00095682	FUN_00088e22	90	a809ea46a30b5e225709967fa7ce94da2b09bfeac19715c8a46460897d4f2003	source_unnamed	unique_full_body_sha256
LF9D012H	0xB13C6	LF9G003T	0xBE86A	FUN_000b13c6	FUN_000be86a	FUN_000b13c6	8	a853689368acd09fc1d7579172a85734346819c92582b6f3a953b9b569510324	source_unnamed	unique_full_body_sha256
LF9D012H	0x1A10EC	LF9G003T	0x1B5200	FUN_001a10ec	FUN_001b5200	FUN_001a10ec	26	a8628968974c43701ae90e4b768b213b00dbe7b5b8cacbe753e195b69be747ce	source_unnamed	unique_full_body_sha256
LF9D012H	0x74DA0	LF9G003T	0x815D4	FUN_00074da0	FUN_000815d4	FUN_00074da0	168	a89aa3de76205ceb5354cff60390515674ebeee1801782d6204948d574f530f1	source_unnamed	unique_full_body_sha256
LF9D012H	0xFC388	LF9G003T	0x109F7C	FUN_000fc388	FUN_00109f7c	FUN_000fc388	42	a8d94af808d90bf4410df2a7c27f020e2600e8668ccb3ee56cd52acad2720ddf	source_unnamed	unique_full_body_sha256
LF9D012H	0x1D7B58	LF9G003T	0x1EDC78	FUN_001d7b58	FUN_001edc78	FUN_001d7b58	10	a904c7605aa75421a2626c3882a30f44b7867a202bcc9198911fd9df225f860a	source_unnamed	unique_full_body_sha256
LF9D012H	0x1DD878	LF9G003T	0x1F3998	FUN_001dd878	FUN_001f3998	FUN_001dd878	478	a917426624d296e0c10d864a38733ee5254fa4a71914c82c6dc219f315f505f5	source_unnamed	unique_full_body_sha256
LF9D012H	0x1DE5BE	LF9G003T	0x1F46DE	FUN_001de5be	FUN_001f46de	FUN_001de5be	6	a91c9317cf1607afd5ef32ccb310a68712aea79f1c579d961d900f8007b7e269	source_unnamed	unique_full_body_sha256
LF9D012H	0xA173A	LF9G003T	0xAE05E	FUN_000a173a	FUN_000ae05e	FUN_000a173a	244	a9536753b755514f7872b30735a6ca5d1d567e177b2dc115476216fbd5005ea2	source_unnamed	unique_full_body_sha256
LF9D012H	0x181C24	LF9G003T	0x195CA4	FUN_00181c24	FUN_00195ca4	FUN_00181c24	38	a97886b47431b2dbc4f7be808aca81b357f2cd4a64aee061b96bec13ef1cbcee	source_unnamed	unique_full_body_sha256
LF9D012H	0xB1E66	LF9G003T	0xBF30A	FUN_000b1e66	FUN_000bf30a	FUN_000b1e66	140	a98e3b4bd608a045364276d40f8d8d3962e69ca6ed41de2823d1b2d28cc7d68c	source_unnamed	unique_full_body_sha256
LF9D012H	0xA1646	LF9G003T	0xADF6A	FUN_000a1646	FUN_000adf6a	FUN_000a1646	244	a998a34caf13a115199b6b542e2276848309599aae8eeb80890c4024c5c6e413	source_unnamed	unique_full_body_sha256
LF9D012H	0x7D42E	LF9G003T	0x89C5E	FUN_0007d42e	FUN_00089c5e	FUN_0007d42e	186	aa0389ba3904405d3da60c7cc9f7f5040bb561301a79225befbd926c3533a2e8	source_unnamed	unique_full_body_sha256
LF9D012H	0x154504	LF9G003T	0x167210	FUN_00154504	FUN_00167210	FUN_00154504	60	aa071c6f6a0e1b42beb53e5e428789702e6f5c931da2cefaccc7127c2c7bd55e	source_unnamed	unique_full_body_sha256
LF9D012H	0xADC48	LF9G003T	0xBB0EC	FUN_000adc48	FUN_000bb0ec	FUN_000adc48	510	aa38378b1e111a38f33315fd3521392dfd888dbadb20f12c022dbb1ce9946204	source_unnamed	unique_full_body_sha256
LF9D012H	0xAE9DA	LF9G003T	0xBBE7E	FUN_000ae9da	FUN_000bbe7e	FUN_000ae9da	292	aa3d7bc1ec6e66f42a95cffca97b1e599b28da14047a0c06a17d1847282f9a1e	source_unnamed	unique_full_body_sha256
LF9D012H	0x1DE460	LF9G003T	0x1F4580	can_xcvr_standby_clear	can_xcvr_standby_clear	can_xcvr_standby_clear	10	aa6b3750a8dd9c1e9adab7daf8ff7bcefdb99afe670a594160b29d95d6153963	already_named	unique_full_body_sha256
LF9D012H	0x1DE9C6	LF9G003T	0x1F4AE6	FUN_001de9c6	FUN_001f4ae6	FUN_001de9c6	8	aa7a4d15f4e6f7458c4dcb942b68677a9eb8bb5780bacf3ce01bc002091aaa21	source_unnamed	unique_full_body_sha256
LF9D012H	0x1B3C9C	LF9G003T	0x1C9134	interp_1d_axis_u16_data_s16	interp_1d_axis_u16_data_s16	interp_1d_axis_u16_data_s16	134	aa984d8bd3d90a42f710ac21508e03758ee6815697c3cf4492ec29341778abb5	already_named	unique_full_body_sha256
LF9D012H	0xC9BE4	LF9G003T	0xD763C	FUN_000c9be4	FUN_000d763c	FUN_000c9be4	56	aab9eb8df50617a0f79d93d753b10df1d1959fd9e7281141251b6d400669e9b5	source_unnamed	unique_full_body_sha256
LF9D012H	0x6778	LF9G003T	0x6778	FUN_00006778	FUN_00006778	FUN_00006778	198	aac958d2dbe1dab9237247736893e655d91163d4483482d67f2f92ba02336f62	source_unnamed	unique_full_body_sha256
LF9D012H	0xA31FC	LF9G003T	0xAFB20	sa_feistel_round_f	sa_feistel_round_f	sa_feistel_round_f	74	aadf8d4dd20d1c553d47733feaaad88e088cf14b5734b2a71821f56f91fc26bf	already_named	unique_full_body_sha256
LF9D012H	0x771D0	LF9G003T	0x83A04	FUN_000771d0	FUN_00083a04	FUN_000771d0	104	aae5d313d5ba963220fcc2ec00361007fc518dfe94420ca6588c4396ef25f54f	source_unnamed	unique_full_body_sha256
LF9D012H	0x792F4	LF9G003T	0x85B28	dtc_monitor_eval_b	dtc_monitor_eval_b	dtc_monitor_eval_b	524	ab3098e526ac88bdb110fa641babc6320c0644374ab06476a1cd8358e2dd15cb	already_named	unique_full_body_sha256
LF9D012H	0x6EAE0	LF9G003T	0x7B314	FUN_0006eae0	FUN_0007b314	FUN_0006eae0	40	ab5c4433032f1a371ac0ee47a22905754d642baec9d99cce4f07804846dd21c6	source_unnamed	unique_full_body_sha256
LF9D012H	0xA1976	LF9G003T	0xAE29A	FUN_000a1976	FUN_000ae29a	FUN_000a1976	252	abb2c32d5cc83ba91d0a8412e4a05324f9907cb03266dfea03c408f10905192d	source_unnamed	unique_full_body_sha256
LF9D012H	0x6EF80	LF9G003T	0x7B7B4	thunk_FUN_00096aa4	thunk_FUN_000a33c8	thunk_FUN_00096aa4	6	abc5a66288b6c285cf01ca84dc7a39bc05c5b615fa2b4be2b421c91c08461121	source_unnamed	unique_full_body_sha256
LF9D012H	0x189A1C	LF9G003T	0x19DA18	FUN_00189a1c	FUN_0019da18	FUN_00189a1c	52	abe7c98847359c8b2979647377ee2197a0769f9aa8a1427c3ad05b2d231d5756	source_unnamed	unique_full_body_sha256
LF9D012H	0x1F407C	LF9G003T	0x20A3BC	sdiv64_by_u16_wrapper	sdiv64_by_u16_wrapper	sdiv64_by_u16_wrapper	56	ac1a94529a988bc0dfe5ddbcf547830e91da78d3512ca2b38943a4de506686c3	already_named	unique_full_body_sha256
LF9D012H	0xA9454	LF9G003T	0xB68A4	FUN_000a9454	FUN_000b68a4	FUN_000a9454	56	ac2382d2daa6cbd32dcf95bc611d48275c129f50804b9f5e3346776a640445ab	source_unnamed	unique_full_body_sha256
LF9D012H	0x14B394	LF9G003T	0x15C3F4	FUN_0014b394	FUN_0015c3f4	FUN_0014b394	52	ac43105ffffd127800310bb35bbf50ccd942986317e7c6a4e0e4de7008f5c9e3	source_unnamed	unique_full_body_sha256
LF9D012H	0xAF97A	LF9G003T	0xBCE1E	FUN_000af97a	FUN_000bce1e	FUN_000af97a	96	ac72b5566c4d0048610cd5028e06a6de0fb9a0c7914f7f9570703a5b2e753970	source_unnamed	unique_full_body_sha256
LF9D012H	0x123624	LF9G003T	0x131B00	FUN_00123624	FUN_00131b00	FUN_00123624	98	aca48b964764e02df9079529353ed25a5e93054cf7aafe500f779ee1d87c740f	source_unnamed	unique_full_body_sha256
LF9D012H	0xB2C58	LF9G003T	0xC00FC	FUN_000b2c58	FUN_000c00fc	FUN_000b2c58	346	aca8efc863603fc3e3f0213092107673b24c36519de052afcfbed2aaf269e4df	source_unnamed	unique_full_body_sha256
LF9D012H	0x1F0C8E	LF9G003T	0x206FCE	FUN_001f0c8e	FUN_00206fce	FUN_001f0c8e	14	acedd8909662836d112cfc713ca89f461a1a6b8bd98bccd65abf752455520d11	source_unnamed	unique_full_body_sha256
LF9D012H	0x1D5D68	LF9G003T	0x1EBE88	FUN_001d5d68	FUN_001ebe88	FUN_001d5d68	562	ad1628cd4d4325218c9fda9f52ac0b05d4d26727573bce9ca20b8f92a4e6958b	source_unnamed	unique_full_body_sha256
LF9D012H	0x1D7C00	LF9G003T	0x1EDD20	cal_array_get_signed_byte	cal_array_get_signed_byte	cal_array_get_signed_byte	8	ad2b6005d2d23c2dda05cb61e9f151af3af6f5c4d2b0d76cf6a3032164a82f4f	already_named	unique_full_body_sha256
LF9D012H	0x6C988	LF9G003T	0x791BC	FUN_0006c988	FUN_000791bc	FUN_0006c988	164	ad2fadeb6cfc5b4c1d3bcecbf50fcf43c7922c98410074019626627b923b3721	source_unnamed	unique_full_body_sha256
LF9D012H	0x12C808	LF9G003T	0x13AD0C	FUN_0012c808	FUN_0013ad0c	FUN_0012c808	98	ad3f202a37b84a3d0ef74496b129ab89c906d85240408788c3d8293a49b1db9b	source_unnamed	unique_full_body_sha256
LF9D012H	0xB699A	LF9G003T	0xC3EA6	FUN_000b699a	FUN_000c3ea6	FUN_000b699a	82	ad43ccea792f1710083177e4badfbfa4dd3190a6df3050d608ceaa2f313fe779	source_unnamed	unique_full_body_sha256
LF9D012H	0x1D7CD8	LF9G003T	0x1EDDF8	FUN_001d7cd8	FUN_001eddf8	FUN_001d7cd8	6	ad88f188d597549d3e2c7521b6c6e98faf96378cda79b5e2d875f3b44295e653	source_unnamed	unique_full_body_sha256
LF9D012H	0x156AB0	LF9G003T	0x169A8C	FUN_00156ab0	FUN_00169a8c	FUN_00156ab0	46	adbf279dfd988b94977d622be8254f065b9c304001ab51c14099b5792b95893f	source_unnamed	unique_full_body_sha256
LF9D012H	0x1D6BFE	LF9G003T	0x1ECD1E	FUN_001d6bfe	FUN_001ecd1e	FUN_001d6bfe	20	adc42a7f4da37bc9a49c936cbb336e5ae2578a88a7926f5bdec155c5057d52b3	source_unnamed	unique_full_body_sha256
LF9D012H	0x1DB95E	LF9G003T	0x1F1A7E	FUN_001db95e	FUN_001f1a7e	FUN_001db95e	54	adc6351d63ea3a7d020b3604e18d95391a4f3b1fbfaab0d43dc77314d824bdc3	source_unnamed	unique_full_body_sha256
LF9D012H	0x1F1674	LF9G003T	0x2079B4	FUN_001f1674	FUN_002079b4	FUN_001f1674	10	adc7767b822cb560f18a1a74d764bbb3f188fdc5e64e7ddcc1ca426cc1d78ba0	source_unnamed	unique_full_body_sha256
LF9D012H	0x1DECDA	LF9G003T	0x1F4DFA	adc_sensor_scale_a	adc_sensor_scale_a	adc_sensor_scale_a	128	ade5f6fa631c72c259cac8f24bba3305b944a01ec948d2449eb64ffb5f1a763f	already_named	unique_full_body_sha256
LF9D012H	0x6E498	LF9G003T	0x7ACCC	FUN_0006e498	FUN_0007accc	FUN_0006e498	160	adf866947e74e5eaf37a1f3aea9f3aef4f8a8787fe2edc00031876901cfb4f0e	source_unnamed	unique_full_body_sha256
LF9D012H	0xA7794	LF9G003T	0xB4BE4	FUN_000a7794	FUN_000b4be4	FUN_000a7794	80	adffac14095f04f019f9fb2b396ba279b7fd10727eec662225ee25748290944b	source_unnamed	unique_full_body_sha256
LF9D012H	0xA8346	LF9G003T	0xB5796	FUN_000a8346	FUN_000b5796	FUN_000a8346	34	ae24044837d6c79b4b44d5ebfd1d31886794e38eb33a9ef0087488a1416c698b	source_unnamed	unique_full_body_sha256
LF9D012H	0x1DC0AC	LF9G003T	0x1F21CC	FUN_001dc0ac	FUN_001f21cc	FUN_001dc0ac	10	ae29ce2adb628480124cd095bcf23f35c8ac16030e8f3dbd754cceffd967b83f	source_unnamed	unique_full_body_sha256
LF9D012H	0x72D58	LF9G003T	0x7F58C	FUN_00072d58	FUN_0007f58c	FUN_00072d58	82	ae4ab96b95d01ce6f7928828fee4c371f32bdfc1d076153d5282f021baca59f3	source_unnamed	unique_full_body_sha256
LF9D012H	0x1F3D92	LF9G003T	0x20A0D2	FUN_001f3d92	FUN_0020a0d2	FUN_001f3d92	24	ae5df7e03b63f76947391d251e5429f344df4b9de8eb07c53bcb4fd5f363ec3d	source_unnamed	unique_full_body_sha256
LF9D012H	0x9E0DA	LF9G003T	0xAA9FE	FUN_0009e0da	FUN_000aa9fe	FUN_0009e0da	360	ae96c4648c967ff3cf4c1c3f0c13bd0e722db4498fccfee5853a605b17169e5b	source_unnamed	unique_full_body_sha256
LF9D012H	0xB96F8	LF9G003T	0xC6C04	FUN_000b96f8	FUN_000c6c04	FUN_000b96f8	298	aeb34849312ab6ca938d4cbb2e34a2795683ccc1b335ebb2bffb304e2f383e8f	source_unnamed	unique_full_body_sha256
LF9D012H	0x6FD0	LF9G003T	0x6F98	FUN_00006fd0	FUN_00006f98	FUN_00006fd0	4	aed4b75ae7ccbb052f25fc0630859cf1d1c5f46462aba8eb2fe6e5f763d5aded	source_unnamed	unique_full_body_sha256
LF9D012H	0x6DADE	LF9G003T	0x7A312	FUN_0006dade	FUN_0007a312	FUN_0006dade	160	aef923ff0b75211c538e8e8086fd00922cb09efdcf02c05f6f638abca2602137	source_unnamed	unique_full_body_sha256
LF9D012H	0x1801A8	LF9G003T	0x193E0C	FUN_001801a8	FUN_00193e0c	FUN_001801a8	92	af4dce679a015b6a0e2c3e35bdd66a658624ca5f9396db06f1b9722c39b4b2de	source_unnamed	unique_full_body_sha256
LF9D012H	0x10B1F4	LF9G003T	0x1192CC	FUN_0010b1f4	FUN_001192cc	FUN_0010b1f4	56	af522fc25073fe84d6b2d52ea5fa1c2572c7e49a347fc2b1b5a4d96066520e4f	source_unnamed	unique_full_body_sha256
LF9D012H	0x122C2C	LF9G003T	0x131108	FUN_00122c2c	FUN_00131108	FUN_00122c2c	48	af845eec4620157025885e57e458ec56b8589f7f050ebfa8b48964734c20af8d	source_unnamed	unique_full_body_sha256
LF9D012H	0x1D7C22	LF9G003T	0x1EDD42	FUN_001d7c22	FUN_001edd42	FUN_001d7c22	14	afdf084cc281c9c8462b0c2730d2e4be5a1c7151c9f1fa02e0641996f0c120be	source_unnamed	unique_full_body_sha256
LF9D012H	0x1D946E	LF9G003T	0x1EF58E	FUN_001d946e	FUN_001ef58e	FUN_001d946e	30	b0116b40e5e0e0ef69762fbb04cf03312c4d1d7cbe4c689aedaed5fef142941b	source_unnamed	unique_full_body_sha256
LF9D012H	0xD6338	LF9G003T	0xE3DAC	FUN_000d6338	FUN_000e3dac	FUN_000d6338	60	b0252783a9ff3b9f8f6f1f0557af9c855196531d11eaafc383bf2f380c153f29	source_unnamed	unique_full_body_sha256
LF9D012H	0x1DAD6E	LF9G003T	0x1F0E8E	FUN_001dad6e	FUN_001f0e8e	FUN_001dad6e	6	b03e0afc2b47906b9444eea818c3f8518724b86052301922f469c699a7ee45aa	source_unnamed	unique_full_body_sha256
LF9D012H	0x1D6BE8	LF9G003T	0x1ECD08	FUN_001d6be8	FUN_001ecd08	FUN_001d6be8	22	b04219fad3062cfb8c8ebdf19df2aad1556e3411749b52afdada576e32f51a28	source_unnamed	unique_full_body_sha256
LF9D012H	0x88248	LF9G003T	0x94AA8	FUN_00088248	FUN_00094aa8	FUN_00088248	340	b06582819ef340cfeba4cf251ca28b369ddd9c8de7126c384a970d262815bc6a	source_unnamed	unique_full_body_sha256
LF9D012H	0x78CC	LF9G003T	0x7894	FUN_000078cc	FUN_00007894	FUN_000078cc	74	b07096437e88b8a739136b80a2f4dc9073cf42230a0129d3f53749a1f3096b58	source_unnamed	unique_full_body_sha256
LF9D012H	0xB67BA	LF9G003T	0xC3CC6	FUN_000b67ba	FUN_000c3cc6	FUN_000b67ba	128	b078093a3a8eaecf85b06c199a73ecec12e7312ce2d0fb8c8526b13c07bc3263	source_unnamed	unique_full_body_sha256
LF9D012H	0x1DEEFE	LF9G003T	0x1F501E	sensor_output_latch_group	sensor_output_latch_group	sensor_output_latch_group	116	b08c9eb299ca3d4d397c0ddc271fca37bc71dc2c8acde1527ed4a31d1c82491f	already_named	unique_full_body_sha256
LF9D012H	0x6E310	LF9G003T	0x7AB44	FUN_0006e310	FUN_0007ab44	FUN_0006e310	160	b094b701e40e2dcf7d659bffb47699609d13c9c248beb339c4fe83e745c399b4	source_unnamed	unique_full_body_sha256
LF9D012H	0x6D20C	LF9G003T	0x79A40	FUN_0006d20c	FUN_00079a40	FUN_0006d20c	48	b0a0e901491db4f97260bcf23bcffe025115c60d8bed6df5ce9260b7783a603c	source_unnamed	unique_full_body_sha256
LF9D012H	0x9F81C	LF9G003T	0xAC140	serial_comm_channel_init	serial_comm_channel_init	serial_comm_channel_init	288	b0cde2b7e4ca95a9757fd33db6fea13b55e0dfbb2285867f55e3766ec5ca01f5	already_named	unique_full_body_sha256
LF9D012H	0xB130E	LF9G003T	0xBE7B2	FUN_000b130e	FUN_000be7b2	FUN_000b130e	68	b0f573f9fca7fd5c43c2686c99b1b3cb358bb8e09b0823d744ff3f9c99978ba2	source_unnamed	unique_full_body_sha256
LF9D012H	0xAF494	LF9G003T	0xBC938	FUN_000af494	FUN_000bc938	FUN_000af494	26	b0f7cde8a98a44ab8222e038b77bdd9dfe23245aa6b5951610e567545f92b6d7	source_unnamed	unique_full_body_sha256
LF9D012H	0x77D0	LF9G003T	0x7798	FUN_000077d0	FUN_00007798	FUN_000077d0	8	b0fd3391f63b0ff6c6ae1924304f8d35223ee4ce1f3088eeab42a29d3f935295	source_unnamed	unique_full_body_sha256
LF9D012H	0x1ABA30	LF9G003T	0x1C0D38	FUN_001aba30	FUN_001c0d38	FUN_001aba30	94	b11393b5e70e87e8ece9e3fe979674cd8b819637f12186da13085829a65a6a03	source_unnamed	unique_full_body_sha256
LF9D012H	0x6F3E2	LF9G003T	0x7BC16	FUN_0006f3e2	FUN_0007bc16	FUN_0006f3e2	84	b1397a7c4f1cc60a1e1c69d69b08a82a38d9ff644ec4b5e1665fe339ed744186	source_unnamed	unique_full_body_sha256
LF9D012H	0x1D7B8C	LF9G003T	0x1EDCAC	thunk_FUN_001d95b6	thunk_FUN_001ef6d6	thunk_FUN_001d95b6	6	b13f698a36e8ed45829cf97cac9817032bc8e8ac47d03e8ae98c424a569491a5	source_unnamed	unique_full_body_sha256
LF9D012H	0x83F42	LF9G003T	0x9078E	FUN_00083f42	FUN_0009078e	FUN_00083f42	68	b15fde81b9e0bf1cf783af56e043fec9a069ebbaafb9c5c709cfa90db918deda	source_unnamed	unique_full_body_sha256
LF9D012H	0x72162	LF9G003T	0x7E996	FUN_00072162	FUN_0007e996	FUN_00072162	76	b16507b2e53d742efecbadf1cc4c4de975f4f8b1a36bd2ce6df9d39492f4fbae	source_unnamed	unique_full_body_sha256
LF9D012H	0x1DC052	LF9G003T	0x1F2172	FUN_001dc052	FUN_001f2172	FUN_001dc052	10	b1db86796d5de395d66eb7116e004f05d0d4b33e31b858911058b64510df5497	source_unnamed	unique_full_body_sha256
LF9D012H	0x1F1C5A	LF9G003T	0x207F9A	FUN_001f1c5a	FUN_00207f9a	FUN_001f1c5a	8	b1e088f4b9100f9284622443bd49ab284a0c0ae7cbdfefac291cee770fb22374	source_unnamed	unique_full_body_sha256
LF9D012H	0x684C	LF9G003T	0x684C	FUN_0000684c	FUN_0000684c	FUN_0000684c	218	b1faa4ec44496ac9067ffb97fbd15bc827abcc76b119047d6f0fc269678e88a7	source_unnamed	unique_full_body_sha256
LF9D012H	0x1C9818	LF9G003T	0x1DECB0	FUN_001c9818	FUN_001decb0	FUN_001c9818	474	b21626b4afc1ef0e75af86f284c038583580a0af11f64f11d4ad6e062db261a7	source_unnamed	unique_full_body_sha256
LF9D012H	0x1DE742	LF9G003T	0x1F4862	FUN_001de742	FUN_001f4862	FUN_001de742	8	b219a8c4fc5319eb3d657009921d48fb0f13107c14796dd91b46faf2afad2d41	source_unnamed	unique_full_body_sha256
LF9D012H	0xDBD04	LF9G003T	0xE9778	FUN_000dbd04	FUN_000e9778	FUN_000dbd04	518	b21f16db34320464d1f7db079621a5ef867336ee890a72c8cc08c42706ba1828	source_unnamed	unique_full_body_sha256
LF9D012H	0xC7A92	LF9G003T	0xD54EA	bitwise_invert_accumulate	bitwise_invert_accumulate	bitwise_invert_accumulate	56	b238a9a23fd2a87467c2892101f70675dc3294883c5e9f60524becf47ad15a87	already_named	unique_full_body_sha256
LF9D012H	0x7D9CA	LF9G003T	0x8A1FA	FUN_0007d9ca	FUN_0008a1fa	FUN_0007d9ca	60	b25d9cd1919b350009d743c8e54d68a7e69bcd0cd61111f820e4234cd0a992a9	source_unnamed	unique_full_body_sha256
LF9D012H	0x1A052C	LF9G003T	0x1B4640	FUN_001a052c	FUN_001b4640	FUN_001a052c	84	b2726fba88dff03c2fd7a88b82844ccef18c0940feb2e96ec70f67d66148a1b6	source_unnamed	unique_full_body_sha256
LF9D012H	0x6D918	LF9G003T	0x7A14C	FUN_0006d918	FUN_0007a14c	FUN_0006d918	58	b275419b60620b26e498faf8e9648ecdb60feff7e4ae1f58726dd6a7ab72ef75	source_unnamed	unique_full_body_sha256
LF9D012H	0x14E244	LF9G003T	0x15F294	FUN_0014e244	FUN_0015f294	FUN_0014e244	42	b2800cd3349e8e97ddfad5c086738469790a5056c71d7130287366c82331295d	source_unnamed	unique_full_body_sha256
LF9D012H	0x1D98A8	LF9G003T	0x1EF9C8	FUN_001d98a8	FUN_001ef9c8	FUN_001d98a8	32	b286cf22f60e3ea2a1896feb8c105c18ce5d1238fc45d725adc8d665fc7fe635	source_unnamed	unique_full_body_sha256
LF9D012H	0x128994	LF9G003T	0x136E58	FUN_00128994	FUN_00136e58	FUN_00128994	72	b2ae7acf336759234c33a2c3bbd5cb316709d5abe149f0c8d05df8b5f9e1a590	source_unnamed	unique_full_body_sha256
LF9D012H	0xA85BA	LF9G003T	0xB5A0A	FUN_000a85ba	FUN_000b5a0a	FUN_000a85ba	30	b2bf7ce94e4f505594f2fa9e4b671492ce42d957f17a47861b61ed362013fbfc	source_unnamed	unique_full_body_sha256
LF9D012H	0xE6B5C	LF9G003T	0xF45C8	FUN_000e6b5c	FUN_000f45c8	FUN_000e6b5c	40	b2f95b082ef33ded06140de289f97019da3bfcd7304a883d83353326ae057ba1	source_unnamed	unique_full_body_sha256
LF9D012H	0x1F0078	LF9G003T	0x2063B8	FUN_001f0078	FUN_002063b8	FUN_001f0078	562	b3169eb32a60b71822152b56910e78a84cf41f7a93e7c8e4db564e8ac24ab91d	source_unnamed	unique_full_body_sha256
LF9D012H	0x1EBF08	LF9G003T	0x202248	FUN_001ebf08	FUN_00202248	FUN_001ebf08	14	b327b70dcf0a11bc3f05a9ae1310b5d9ad18a030f0a0cd7d7885f5f946f12080	source_unnamed	unique_full_body_sha256
LF9D012H	0x27DB00	LF9G003T	0x27DCD4	FUN_0027db00	FUN_0027dcd4	FUN_0027db00	80	b32a7491158a1e63a8ab045b29cc366f99492e9f37c6daa16a45bab62e71f704	source_unnamed	unique_full_body_sha256
LF9D012H	0x17FBD4	LF9G003T	0x193778	FUN_0017fbd4	FUN_00193778	FUN_0017fbd4	58	b37545551fda26892960674541d532f099a3f99ff5236fd251027bd260a43c64	source_unnamed	unique_full_body_sha256
LF9D012H	0x1F1BA4	LF9G003T	0x207EE4	FUN_001f1ba4	FUN_00207ee4	FUN_001f1ba4	78	b39761f8241d47fc405eb82c9d5d5098bcf589a4175f97bbd4171ccf4bdc2ade	source_unnamed	unique_full_body_sha256
LF9D012H	0x1B4434	LF9G003T	0x1C98CC	FUN_001b4434	FUN_001c98cc	FUN_001b4434	68	b3a448cff6346721e30b5edc192a3d56210f315f09971101bb99d94f20276019	source_unnamed	unique_full_body_sha256
LF9D012H	0x1459E4	LF9G003T	0x156A44	FUN_001459e4	FUN_00156a44	FUN_001459e4	26	b3a658da1aac636b80961badfd085c7e875d2666a9e2b351c58625c369f1f6f7	source_unnamed	unique_full_body_sha256
LF9D012H	0x1D70F6	LF9G003T	0x1ED216	FUN_001d70f6	FUN_001ed216	FUN_001d70f6	12	b3d38d438a7c159f2138e36918a93b044b308b2b9d171894bf98dc24cd516fb2	source_unnamed	unique_full_body_sha256
LF9D012H	0xB5DA0	LF9G003T	0xC32AC	FUN_000b5da0	FUN_000c32ac	FUN_000b5da0	152	b3f0ad3bc63469cf429c432262eb91c1019ae1541f7da88e7acf7d8149698287	source_unnamed	unique_full_body_sha256
LF9D012H	0x27ECDC	LF9G003T	0x27EEB0	state_action_timeout_scale	state_action_timeout_scale	state_action_timeout_scale	60	b415b37a722b5f80285f84d46e4e6c8dbbcda87af248936a635a6ed71205cbad	already_named	unique_full_body_sha256
LF9D012H	0x9DDC8	LF9G003T	0xAA6EC	FUN_0009ddc8	FUN_000aa6ec	FUN_0009ddc8	44	b450b769c61cb979db68b93194e4121881d493399ad0a99a59a39212a817b8a7	source_unnamed	unique_full_body_sha256
LF9D012H	0x1996F4	LF9G003T	0x1AD758	FUN_001996f4	FUN_001ad758	FUN_001996f4	34	b48e4a8a86147fda727f8ec943c9ae9839845ca585f8ee06d8fb0dbef0198034	source_unnamed	unique_full_body_sha256
LF9D012H	0x1DD528	LF9G003T	0x1F3648	FUN_001dd528	FUN_001f3648	FUN_001dd528	56	b4d1bfa20bed4f74c623c05451a3e8527da010afb3d7a73f27b36c265c5479de	source_unnamed	unique_full_body_sha256
LF9D012H	0x1AAE10	LF9G003T	0x1C0118	FUN_001aae10	FUN_001c0118	FUN_001aae10	94	b4fe45c2b554cecbd0e7b4d0f18a410facfe3e74d7964ab44fea915ad8d19ee4	source_unnamed	unique_full_body_sha256
LF9D012H	0x1A0330	LF9G003T	0x1B4444	FUN_001a0330	FUN_001b4444	FUN_001a0330	76	b4ff4dae684251ab4bf9f58667213af0cbf797e897b4c6536af1738df7218c7b	source_unnamed	unique_full_body_sha256
LF9D012H	0x1DC0B6	LF9G003T	0x1F21D6	FUN_001dc0b6	FUN_001f21d6	FUN_001dc0b6	10	b52355e39360aaffd053ce26010a49c3de8ffd5f3539711cc972c007f5d2aea9	source_unnamed	unique_full_body_sha256
LF9D012H	0x6ECF0	LF9G003T	0x7B524	FUN_0006ecf0	FUN_0007b524	FUN_0006ecf0	40	b571a822fd42ec76058f87dad881199a712269880cd03e1e14ea7b5995b1596c	source_unnamed	unique_full_body_sha256
LF9D012H	0x82084	LF9G003T	0x8E8B4	FUN_00082084	FUN_0008e8b4	FUN_00082084	84	b5997d4dc75829271d568b475b37a2ab1adec930500b1d28511259a22a9eb474	source_unnamed	unique_full_body_sha256
LF9D012H	0x82690	LF9G003T	0x8EEC0	FUN_00082690	FUN_0008eec0	FUN_00082690	32	b5aac8512f2dfe841ea5b6e097ce09a60e4a661f8a04eb6208a24fab6b5ab86f	source_unnamed	unique_full_body_sha256
LF9D012H	0x1313BC	LF9G003T	0x13F888	FUN_001313bc	FUN_0013f888	FUN_001313bc	32	b5b1e1d21b8cf9f84e979456afe35c84f57de617ab5148fd02cf254dd30c3379	source_unnamed	unique_full_body_sha256
LF9D012H	0x133678	LF9G003T	0x141B44	FUN_00133678	FUN_00141b44	FUN_00133678	34	b5f25e2f9206417618e3dfe7f27598bd4ac39ee931374bcd60b11d960d8c8ba6	source_unnamed	unique_full_body_sha256
LF9D012H	0x1DBD26	LF9G003T	0x1F1E46	FUN_001dbd26	FUN_001f1e46	FUN_001dbd26	44	b6156eef3a47f7499bd3cedb4ac0b5540c48bb5d40daeec2d597fb04f9a6f6bf	source_unnamed	unique_full_body_sha256
LF9D012H	0x1EE43C	LF9G003T	0x20477C	FUN_001ee43c	FUN_0020477c	FUN_001ee43c	6	b61e8b65fa873c4acf8c0f43cdac867bce2bf787a30325d8cd0fc58c02277079	source_unnamed	unique_full_body_sha256
LF9D012H	0x7B044	LF9G003T	0x87878	FUN_0007b044	FUN_00087878	FUN_0007b044	446	b644deef317855619204c8ab452cbe3d70263ceb896037b89f800018fea6dfdf	source_unnamed	unique_full_body_sha256
LF9D012H	0x1D7CC4	LF9G003T	0x1EDDE4	FUN_001d7cc4	FUN_001edde4	FUN_001d7cc4	8	b65c79193c70a210f1d7f9c5545dc2c22a1ecbe5a738cb23c4b0289ef97c094a	source_unnamed	unique_full_body_sha256
LF9D012H	0x151A5C	LF9G003T	0x1646E0	FUN_00151a5c	FUN_001646e0	FUN_00151a5c	142	b68bca3474f08983c847cd5d652209d767ea18ab4db1eaead6b58ce924df66df	source_unnamed	unique_full_body_sha256
LF9D012H	0xE7194	LF9G003T	0xF4C00	FUN_000e7194	FUN_000f4c00	FUN_000e7194	118	b699e29d5980e562da4400db0dbcfc04ab4af00a5e111d9e0f559cfa18416023	source_unnamed	unique_full_body_sha256
LF9D012H	0xAB66C	LF9G003T	0xB8B10	FUN_000ab66c	FUN_000b8b10	FUN_000ab66c	34	b6e7b3a158be3f53e4caad738e444bdd4c07e2effb9e54adbab6bb0303c20cc6	source_unnamed	unique_full_body_sha256
LF9D012H	0x1DDB7C	LF9G003T	0x1F3C9C	build_frame_gear_state	build_frame_gear_state	build_frame_gear_state	378	b6ee420e1447de79452898030c0e05a0c27429ff306e0b7a0fb60e8570561a8d	already_named	unique_full_body_sha256
LF9D012H	0x14B460	LF9G003T	0x15C4C0	FUN_0014b460	FUN_0015c4c0	FUN_0014b460	36	b6fd94bf003aebb2939bf5f5b95368de319af2056578e58256bf2c97f0360a86	source_unnamed	unique_full_body_sha256
LF9D012H	0x78156	LF9G003T	0x8498A	FUN_00078156	FUN_0008498a	FUN_00078156	178	b751d2755e56d24941e4a83ac9e2d89e09817b8de87b54746fd5db9d5275d6f1	source_unnamed	unique_full_body_sha256
LF9D012H	0x1F4A48	LF9G003T	0x20ADC0	negate_int64	negate_int64	negate_int64	26	b76e9d0563a884af3f404b89626a8a4257bf75327b84f0a8b01f3745c9447a1b	already_named	unique_full_body_sha256
LF9D012H	0xB7154	LF9G003T	0xC4660	FUN_000b7154	FUN_000c4660	FUN_000b7154	10	b79e2655e81514e71fa79c345607d644b82e44ffd55a38c323058b2cec9056ea	source_unnamed	unique_full_body_sha256
LF9D012H	0xB7D8A	LF9G003T	0xC5296	FUN_000b7d8a	FUN_000c5296	FUN_000b7d8a	38	b7a205376f472f9c5faa2f101b08fab82f83756a10ed9bfeedb8b1118136fd9e	source_unnamed	unique_full_body_sha256
LF9D012H	0xD3A18	LF9G003T	0xE148C	FUN_000d3a18	FUN_000e148c	FUN_000d3a18	58	b7c05706531ac5f613aab219eb2196629c4122b6355485bc62c6bc3603ac8fce	source_unnamed	unique_full_body_sha256
LF9D012H	0x1D7B18	LF9G003T	0x1EDC38	FUN_001d7b18	FUN_001edc38	FUN_001d7b18	6	b7da35c392bfa545589231efda40044c5451f27c4738e47fd3c3d53a3a94ef68	source_unnamed	unique_full_body_sha256
LF9D012H	0xEBA34	LF9G003T	0xF94A0	FUN_000eba34	FUN_000f94a0	FUN_000eba34	16	b8066f778dda0b6dd02e0a1c6523c01c338e1eca27b300357cd74c0cf24345d5	source_unnamed	unique_full_body_sha256
LF9D012H	0x147BE8	LF9G003T	0x158C48	FUN_00147be8	FUN_00158c48	FUN_00147be8	108	b808d7670fd1b5300955ff43371170e55932a25a6010810bd08d2b718a31a498	source_unnamed	unique_full_body_sha256
LF9D012H	0x1E08F6	LF9G003T	0x1F6A16	FUN_001e08f6	FUN_001f6a16	FUN_001e08f6	88	b81e423a9e924b23c398e9b2bc5578e6f922ff897914fecb0bf8e76a28e07425	source_unnamed	unique_full_body_sha256
LF9D012H	0x1F0390	LF9G003T	0x2066D0	FUN_001f0390	FUN_002066d0	FUN_001f0390	10	b82701768a0f46c216854ea98e4f39cf42892593f048a93f32f7a2d7d28f5ea8	source_unnamed	unique_full_body_sha256
LF9D012H	0x12C05C	LF9G003T	0x13A560	FUN_0012c05c	FUN_0013a560	FUN_0012c05c	110	b8285d9b35a32c8beea1a834ae79d9b24c58ac132c6081cbd47b04d10d8cd4a2	source_unnamed	unique_full_body_sha256
LF9D012H	0x1D7B24	LF9G003T	0x1EDC44	thunk_FUN_001da884	thunk_FUN_001f09a4	thunk_FUN_001da884	6	b828705e44974e8e08ed31d317171ddedb5c52db096025ed1900c61878cdc469	source_unnamed	unique_full_body_sha256
LF9D012H	0x1B4298	LF9G003T	0x1C9730	FUN_001b4298	FUN_001c9730	FUN_001b4298	128	b8333022df59e45ea6e133347d2539485ab97a480807aab4a51d72e310956ab2	source_unnamed	unique_full_body_sha256
LF9D012H	0x77AC	LF9G003T	0x7774	FUN_000077ac	FUN_00007774	FUN_000077ac	14	b83cc327afc1065c0d3a43a902f86050b1e90724211ef9159867566a096d64aa	source_unnamed	unique_full_body_sha256
LF9D012H	0xE449C	LF9G003T	0xF1F08	FUN_000e449c	FUN_000f1f08	FUN_000e449c	164	b84fb9e33cf48e6626e918f2d9286106e7616280b568e038deec845af0a7edbd	source_unnamed	unique_full_body_sha256
LF9D012H	0x10E204	LF9G003T	0x11C5A4	FUN_0010e204	FUN_0011c5a4	FUN_0010e204	62	b860bcc51c4cc4fb0b0766bf99ff66f57422c7baaf419ef9014e89a594d15a69	source_unnamed	unique_full_body_sha256
LF9D012H	0xAE6BC	LF9G003T	0xBBB60	FUN_000ae6bc	FUN_000bbb60	FUN_000ae6bc	566	b871e0cec3119ce4043a4143d1bfe7c2bc136a2592975c070a6760055f2a1a45	source_unnamed	unique_full_body_sha256
LF9D012H	0x1CC4A0	LF9G003T	0x1E1938	FUN_001cc4a0	FUN_001e1938	FUN_001cc4a0	402	b880619a92c184dc4719a6c3d358a39e85ad20b27674c7400abbc94a130c84a1	source_unnamed	unique_full_body_sha256
LF9D012H	0x12E968	LF9G003T	0x13CE30	FUN_0012e968	FUN_0013ce30	FUN_0012e968	30	b8a0f3abd18862d278e096cdeb4bed307fc62d0f6eab289dcc4fc9b5b6442d6f	source_unnamed	unique_full_body_sha256
LF9D012H	0x18BE78	LF9G003T	0x19FE70	FUN_0018be78	FUN_0019fe70	FUN_0018be78	142	b8adbb7fd72dc2f33aaae0a4f893dc0760d403708dcb76847e3dcb04d92de6bf	source_unnamed	unique_full_body_sha256
LF9D012H	0x1E18E6	LF9G003T	0x1F7A06	FUN_001e18e6	FUN_001f7a06	FUN_001e18e6	22	b8b87f5511e00dd3b06e3cb1cf803af7d8078816a0de38fb646c2ca4a10d484a	source_unnamed	unique_full_body_sha256
LF9D012H	0x27ED6C	LF9G003T	0x27EF40	FUN_0027ed6c	FUN_0027ef40	FUN_0027ed6c	52	b8c3beef1ae9eee6ae12bfaf5014897a7dbc3a3b9c7be6780e1f197e9e9455dd	source_unnamed	unique_full_body_sha256
LF9D012H	0x17FC34	LF9G003T	0x1937D8	FUN_0017fc34	FUN_001937d8	FUN_0017fc34	36	b9032505814b73e72feb5ab7e6088dbacbc33484c442e26b0ae78ec1c73ad315	source_unnamed	unique_full_body_sha256
LF9D012H	0x1F0918	LF9G003T	0x206C58	FUN_001f0918	FUN_00206c58	FUN_001f0918	82	b969c3cc5091028cdb6bc0f087abe6156ef905cd7f8cdc561355192ed921eeb5	source_unnamed	unique_full_body_sha256
LF9D012H	0x1E1F34	LF9G003T	0x1F8054	FUN_001e1f34	FUN_001f8054	FUN_001e1f34	30	b980a3bf5e1163b939b415d543e0a4fd1de3cfc71806d2256ffcb70bec347ab9	source_unnamed	unique_full_body_sha256
LF9D012H	0x70656	LF9G003T	0x7CE8A	FUN_00070656	FUN_0007ce8a	FUN_00070656	58	b99a72911ac5c1113966fd425e9fd78037f9f157badde3657af2432d38789169	source_unnamed	unique_full_body_sha256
LF9D012H	0x6D3D0	LF9G003T	0x79C04	FUN_0006d3d0	FUN_00079c04	FUN_0006d3d0	48	ba0deebad7bdbc2a8284a1643fddd47880f605b34a95f441ac4406973713a39f	source_unnamed	unique_full_body_sha256
LF9D012H	0x1D6DC6	LF9G003T	0x1ECEE6	FUN_001d6dc6	FUN_001ecee6	FUN_001d6dc6	8	ba669cf77a046f91f965272877a43df2a3374a71ca9a9201be2f3cf3eb22dc6c	source_unnamed	unique_full_body_sha256
LF9D012H	0x1E18D4	LF9G003T	0x1F79F4	FUN_001e18d4	FUN_001f79f4	FUN_001e18d4	18	ba6cdb6fba20d9d2ffb3fcef3e62ef45a02f8fecafbb1f140fe9257eb54d84fd	source_unnamed	unique_full_body_sha256
LF9D012H	0xA304E	LF9G003T	0xAF972	FUN_000a304e	FUN_000af972	FUN_000a304e	22	baa67379e77885f44bfd2183c0c64b1f78662b95a1ac2eb9f65bb0075c10ffd1	source_unnamed	unique_full_body_sha256
LF9D012H	0x88E0C	LF9G003T	0x9566C	FUN_00088e0c	FUN_0009566c	FUN_00088e0c	22	bad27e213378a89138b092381ba3a965e6aa4d2fc81b78a6378b6f41c39b3799	source_unnamed	unique_full_body_sha256
LF9D012H	0x17F428	LF9G003T	0x192E68	FUN_0017f428	FUN_00192e68	FUN_0017f428	18	bad7d9620c2055b850870e59ff4e44282ed187f7be51b059d57802923b4801ed	source_unnamed	unique_full_body_sha256
LF9D012H	0x10FBD8	LF9G003T	0x11DF8C	FUN_0010fbd8	FUN_0011df8c	FUN_0010fbd8	586	bb39c21daa5bf49c7919b365357b23f8a39cf700ddd14f2427777d06e22b147e	source_unnamed	unique_full_body_sha256
LF9D012H	0xA4CB4	LF9G003T	0xB218C	FUN_000a4cb4	FUN_000b218c	FUN_000a4cb4	108	bb728bcf6a25753c7765e6a5908515ee7f2e0ae260c5dc933a4c328149e322b0	source_unnamed	unique_full_body_sha256
LF9D012H	0x77F1E	LF9G003T	0x84752	FUN_00077f1e	FUN_00084752	FUN_00077f1e	24	bb88d2c262a0ab8b9dce2fbef807deee8111f085d2225eee335ed030e93ccc11	source_unnamed	unique_full_body_sha256
LF9D012H	0x84E20	LF9G003T	0x9166C	FUN_00084e20	FUN_0009166c	FUN_00084e20	100	bb924c8e406b2585c5cb5c4d935d61c29d7c11983f01ee7b98838d8e4e114a0e	source_unnamed	unique_full_body_sha256
LF9D012H	0x1CCD94	LF9G003T	0x1E222C	FUN_001ccd94	FUN_001e222c	FUN_001ccd94	10	bbc7db15a11b226d5aef6f1b0fc5d50137097206094605e9187591ece3249a51	source_unnamed	unique_full_body_sha256
LF9D012H	0x1D6A68	LF9G003T	0x1ECB88	FUN_001d6a68	FUN_001ecb88	FUN_001d6a68	10	bbe62114c74d40f9874d6242d8ab5c7c00431e10f16b8363cfe5c79444a491c1	source_unnamed	unique_full_body_sha256
LF9D012H	0x88F6E	LF9G003T	0x957CE	FUN_00088f6e	FUN_000957ce	FUN_00088f6e	34	bbf01d21e5a8ab1ad57647ecbe329392c58ae3fcdae0aed23ce5431c15a11ab0	source_unnamed	unique_full_body_sha256
LF9D012H	0x13ABFC	LF9G003T	0x1490C8	FUN_0013abfc	FUN_001490c8	FUN_0013abfc	18	bc362c6a6d105ea960447489e960f8e1dff0bbaa7ce91257ba4e7a3a5e6af41d	source_unnamed	unique_full_body_sha256
LF9D012H	0xA3298	LF9G003T	0xAFBBC	sa_sbox_substitute_5bit	sa_sbox_substitute_5bit	sa_sbox_substitute_5bit	172	bc487d9d34b9c1f5bb096a7a31086e993099e166d6857a8415703d61b2e5c310	already_named	unique_full_body_sha256
LF9D012H	0x1F0386	LF9G003T	0x2066C6	FUN_001f0386	FUN_002066c6	FUN_001f0386	10	bc59f7f402505000dec0f5b2d9e4bc0745adaee554bbeb2d8ea85e2a4789051b	source_unnamed	unique_full_body_sha256
LF9D012H	0xB6FEE	LF9G003T	0xC44FA	FUN_000b6fee	FUN_000c44fa	FUN_000b6fee	66	bcb657d3de70f314ff7acf419deb8d439d373cbd39504908511d278e42744c33	source_unnamed	unique_full_body_sha256
LF9D012H	0x1DABE8	LF9G003T	0x1F0D08	FUN_001dabe8	FUN_001f0d08	FUN_001dabe8	10	bd6fd2e0c0dfde20aed48f29d41ad8f13463f91720f852f3dffa8929458d094d	source_unnamed	unique_full_body_sha256
LF9D012H	0x138E64	LF9G003T	0x147330	FUN_00138e64	FUN_00147330	FUN_00138e64	22	bd727ec7a1a3883abf66959e17c1568c109d9f21ad9e775f381b779dc978c5f6	source_unnamed	unique_full_body_sha256
LF9D012H	0x95648	LF9G003T	0xA1F6C	FUN_00095648	FUN_000a1f6c	FUN_00095648	102	bd7df52a89a49a4ea2c35cae7c303636eef61741f1a0f906d01a6ff34467af3f	source_unnamed	unique_full_body_sha256
LF9D012H	0x6F98	LF9G003T	0x6F60	FUN_00006f98	FUN_00006f60	FUN_00006f98	24	bd9d44c3bcd2e2561a3ed1394706278cadb58a08dc3f450982771b826b27c4ae	source_unnamed	unique_full_body_sha256
LF9D012H	0x1E33DE	LF9G003T	0x1F94FE	FUN_001e33de	FUN_001f94fe	FUN_001e33de	114	bdcdbad5be5a9d7bb77ef9b1491b865c58e6860d5ec39f89e7a93cf2ab9871a6	source_unnamed	unique_full_body_sha256
LF9D012H	0x6D490	LF9G003T	0x79CC4	FUN_0006d490	FUN_00079cc4	FUN_0006d490	48	bdcef8bb111ca9a003ffecb6256da40b914ad2297be735185b0dbe71823b7bde	source_unnamed	unique_full_body_sha256
LF9D012H	0x1DBB28	LF9G003T	0x1F1C48	FUN_001dbb28	FUN_001f1c48	FUN_001dbb28	52	bddbd934cc5ec64fc512ab15667ee490950c7344f2d73611fa463423686a91a4	source_unnamed	unique_full_body_sha256
LF9D012H	0x86514	LF9G003T	0x92D60	FUN_00086514	FUN_00092d60	FUN_00086514	92	bdfb0de726d49d1bcaa072ed301c6b6205655743ce4a5c730ef949932aa17c3d	source_unnamed	unique_full_body_sha256
LF9D012H	0x1B8F10	LF9G003T	0x1CE3A8	FUN_001b8f10	FUN_001ce3a8	FUN_001b8f10	290	be236497216d7419bb36ce761463fdf8d74b019f7a302763ad131d8529ee8fed	source_unnamed	unique_full_body_sha256
LF9D012H	0x1D5CD8	LF9G003T	0x1EBDF8	FUN_001d5cd8	FUN_001ebdf8	FUN_001d5cd8	118	be39e86a2b90e54e0069de1f0b979eb50e6abd803f53e82c28d43e2208acb77c	source_unnamed	unique_full_body_sha256
LF9D012H	0x12368C	LF9G003T	0x131B68	FUN_0012368c	FUN_00131b68	FUN_0012368c	40	be3ab464f06b12652058b9dee14b68ceb2f1d15325fccf76e64f8473a6f3fc51	source_unnamed	unique_full_body_sha256
LF9D012H	0x154580	LF9G003T	0x16728C	FUN_00154580	FUN_0016728c	FUN_00154580	54	be4209a341d4981993c7aeb51c8f83c17ce36282876f07d2a5b9778fcbdf7217	source_unnamed	unique_full_body_sha256
LF9D012H	0x142F60	LF9G003T	0x153DA8	FUN_00142f60	FUN_00153da8	FUN_00142f60	76	be45e1331d33b3a377a0f89f43f1910158ef96891c77e82dc1e1e9fd08dc9c22	source_unnamed	unique_full_body_sha256
LF9D012H	0x1DF630	LF9G003T	0x1F5750	FUN_001df630	FUN_001f5750	FUN_001df630	162	be469d4c2414f1137e78e175a2486d460859e98f1d7c731610c643b4a5c2c67b	source_unnamed	unique_full_body_sha256
LF9D012H	0x1D2D30	LF9G003T	0x1E89F8	stream_reader_begin	stream_reader_begin	stream_reader_begin	38	be5a37011d87fac9db97279d77e6d06096e67ee3f6fb22ccea3bf09bac93f7a2	already_named	unique_full_body_sha256
LF9D012H	0x1F4108	LF9G003T	0x20A480	task_activate_and_check	task_activate_and_check	task_activate_and_check	258	be7ffc3e3e8e90349cbc3ded95680d690ba1fdc6922dd3b582aa2ca24c1e387e	already_named	unique_full_body_sha256
LF9D012H	0x81CCA	LF9G003T	0x8E4FA	FUN_00081cca	FUN_0008e4fa	FUN_00081cca	410	be851b7f8bd4259fafe61e6f2f46cc26695056c24fb42ee1835a9096fc8d421d	source_unnamed	unique_full_body_sha256
LF9D012H	0x1C33D0	LF9G003T	0x1D8864	FUN_001c33d0	FUN_001d8864	FUN_001c33d0	76	be89aa184df7b66bc5f090f11b13b588ef19d43ef8c7b85ded1fb9e91de7a935	source_unnamed	unique_full_body_sha256
LF9D012H	0xAA282	LF9G003T	0xB7726	FUN_000aa282	FUN_000b7726	FUN_000aa282	42	bea7b2324ea58272ad22df3c1ba235ee24c71ecbad162cd94608f16e3287f569	source_unnamed	unique_full_body_sha256
LF9D012H	0x1E4C8E	LF9G003T	0x1FADAE	FUN_001e4c8e	FUN_001fadae	FUN_001e4c8e	28	beaea2e9327ebff08f03fcfe62df5068595a371dcfdbbd8fede6dd6388c42b97	source_unnamed	unique_full_body_sha256
LF9D012H	0x7D4E8	LF9G003T	0x89D18	FUN_0007d4e8	FUN_00089d18	FUN_0007d4e8	264	beb7041b1dce2986c6faa3cf25a22ae5d99a985e7210a47c18155d1ac63e6b52	source_unnamed	unique_full_body_sha256
LF9D012H	0x1311B8	LF9G003T	0x13F684	FUN_001311b8	FUN_0013f684	FUN_001311b8	24	bed886b60f1f6a500b2eed78649dcf47cd07fa32aa1c2a9ae7a585c25fe4f4cd	source_unnamed	unique_full_body_sha256
LF9D012H	0x72366	LF9G003T	0x7EB9A	FUN_00072366	FUN_0007eb9a	FUN_00072366	74	bf01c9a067c3f91e7f0212633008739d7347f3e02869acc17f7aa0ce59c7e260	source_unnamed	unique_full_body_sha256
LF9D012H	0x151D5C	LF9G003T	0x1649E0	FUN_00151d5c	FUN_001649e0	FUN_00151d5c	50	bfb01b87b56184adb9cbbd680374d891b43a6718c9d3e0099ff67d9feab10de0	source_unnamed	unique_full_body_sha256
LF9D012H	0x75AEA	LF9G003T	0x8231E	FUN_00075aea	FUN_0008231e	FUN_00075aea	100	bfe3a1a26135558dbfa2b6b9a04db74fdb8fd3dc6ccf8826e8fb92385471b954	source_unnamed	unique_full_body_sha256
LF9D012H	0xA782E	LF9G003T	0xB4C7E	FUN_000a782e	FUN_000b4c7e	FUN_000a782e	22	bff82f44c20091ec1715557f9ffcc06ed7a84d08e077cec9716d6651ad0536df	source_unnamed	unique_full_body_sha256
LF9D012H	0x1E15AC	LF9G003T	0x1F76CC	FUN_001e15ac	FUN_001f76cc	FUN_001e15ac	162	c01eb27d8311cb0123e045fc879a716082747f19f1953292998f016a275d29f2	source_unnamed	unique_full_body_sha256
LF9D012H	0xD5418	LF9G003T	0xE2E8C	FUN_000d5418	FUN_000e2e8c	FUN_000d5418	122	c02975730fc912d92d7bc39c40aee1946029f113b8704d009e114a00919b0ed4	source_unnamed	unique_full_body_sha256
LF9D012H	0x1B4F54	LF9G003T	0x1CA3EC	FUN_001b4f54	FUN_001ca3ec	FUN_001b4f54	272	c052683555b76df609d71e1c4c60aa17dc248456208194d7d612519d83e94c91	source_unnamed	unique_full_body_sha256
LF9D012H	0x1F16C8	LF9G003T	0x207A08	FUN_001f16c8	FUN_00207a08	FUN_001f16c8	18	c0af8147c712d1dc1331cecf15ac5d9157a24afb80755a2ad98da047dbd78427	source_unnamed	unique_full_body_sha256
LF9D012H	0x1F183C	LF9G003T	0x207B7C	FUN_001f183c	FUN_00207b7c	FUN_001f183c	30	c0bb5fdb9238b6b675d643b8530c53aa167986903a03d49a2127da78ae12f57e	source_unnamed	unique_full_body_sha256
LF9D012H	0x868EA	LF9G003T	0x93136	FUN_000868ea	FUN_00093136	FUN_000868ea	88	c0f1bfa9adb9bceff76a617fc01b097230a498d1369f7c81011d526f871b3c41	source_unnamed	unique_full_body_sha256
LF9D012H	0x1DF9F8	LF9G003T	0x1F5B18	FUN_001df9f8	FUN_001f5b18	FUN_001df9f8	70	c1129ab642d6b3e41c0f7fd4ea2ddedb7d994018bb855182b1fb0b5e13f9a603	source_unnamed	unique_full_body_sha256
LF9D012H	0x89150	LF9G003T	0x959B0	FUN_00089150	FUN_000959b0	FUN_00089150	44	c11bc97805bd3c564a8d076ce8f2320d655ed54547ee10bae1396741792b73c1	source_unnamed	unique_full_body_sha256
LF9D012H	0x1E1AA8	LF9G003T	0x1F7BC8	FUN_001e1aa8	FUN_001f7bc8	FUN_001e1aa8	40	c141c1ae1799f6538fc50a73ea97e78f84069ddfdd78e4b3315ed40fa77efff5	source_unnamed	unique_full_body_sha256
LF9D012H	0xAABB6	LF9G003T	0xB805A	FUN_000aabb6	FUN_000b805a	FUN_000aabb6	66	c14690ce44ab0b3c0ae327521d6db94d3dd0ebabd142c384331f3b54ba54117d	source_unnamed	unique_full_body_sha256
LF9D012H	0x1E8E00	LF9G003T	0x1FF040	FUN_001e8e00	FUN_001ff040	FUN_001e8e00	16	c15a21d9c414f210e15953cb1bb13e3bd88520d4e2502256aa2cb971a5d6b49c	source_unnamed	unique_full_body_sha256
LF9D012H	0x178DE0	LF9G003T	0x18BFDC	FUN_00178de0	FUN_0018bfdc	FUN_00178de0	54	c1bb914627591ad0da5da62381086673e4fb6c394ef01326a097e27a9fbd3183	source_unnamed	unique_full_body_sha256
LF9D012H	0x131AB4	LF9G003T	0x13FF80	FUN_00131ab4	FUN_0013ff80	FUN_00131ab4	18	c1bda127b9fa7002754cd450e3a3a20a2647e305d9c66d9a2f24029ace926a6b	source_unnamed	unique_full_body_sha256
LF9D012H	0x1DAD28	LF9G003T	0x1F0E48	FUN_001dad28	FUN_001f0e48	FUN_001dad28	44	c1d04cf15113532cda3222231c5311d43b9f15dda6561acad93e164f92f4a16f	source_unnamed	unique_full_body_sha256
LF9D012H	0xB232A	LF9G003T	0xBF7CE	FUN_000b232a	FUN_000bf7ce	FUN_000b232a	92	c1efad10ca00f0b42dc3184c60bc7de7b477a57b14bf3a3ce0a18d0449fae126	source_unnamed	unique_full_body_sha256
LF9D012H	0x1B4D30	LF9G003T	0x1CA1C8	FUN_001b4d30	FUN_001ca1c8	FUN_001b4d30	276	c1f78a947500528e59e69fe170c22d3cc11709728ae72595916def66fea99603	source_unnamed	unique_full_body_sha256
LF9D012H	0x1D7C3E	LF9G003T	0x1EDD5E	FUN_001d7c3e	FUN_001edd5e	FUN_001d7c3e	10	c21b945519ff2da73d5e5deda7bcb9c01c4c03c065a342e46ee4e12148fb9854	source_unnamed	unique_full_body_sha256
LF9D012H	0x11A2D4	LF9G003T	0x128760	FUN_0011a2d4	FUN_00128760	FUN_0011a2d4	32	c21ef79f857c7fd9965df581c35071e2a6b218e077d58ed95fa669143df26ddb	source_unnamed	unique_full_body_sha256
LF9D012H	0xA81F8	LF9G003T	0xB5648	FUN_000a81f8	FUN_000b5648	FUN_000a81f8	32	c2489e71f0acf162e4e8994bc82c45464b11219688d07b5be59bee89822c9990	source_unnamed	unique_full_body_sha256
LF9D012H	0x1F5260	LF9G003T	0x20B5D8	FUN_001f5260	FUN_0020b5d8	FUN_001f5260	122	c254cf093035fdf87f6d46d5b9f70de8c68d1905bee3fe607229f3b16349bc37	source_unnamed	unique_full_body_sha256
LF9D012H	0x27EA18	LF9G003T	0x27EBEC	FUN_0027ea18	FUN_0027ebec	FUN_0027ea18	88	c25b196c0cb1d6cfb80ba203831c622735d7e31122680688e789c29683b780d6	source_unnamed	unique_full_body_sha256
LF9D012H	0x1DC0C0	LF9G003T	0x1F21E0	FUN_001dc0c0	FUN_001f21e0	FUN_001dc0c0	10	c284346f6c7fb53b83f94bc227316cfdac64a0956b4b5f5efdb1dfccbc5ead99	source_unnamed	unique_full_body_sha256
LF9D012H	0x131358	LF9G003T	0x13F824	FUN_00131358	FUN_0013f824	FUN_00131358	14	c2e32233ec41e022891e7fa5ef6d0bf888b570a4e8315eb8ef2eb5a2fa5237f0	source_unnamed	unique_full_body_sha256
LF9D012H	0x1E13F0	LF9G003T	0x1F7510	FUN_001e13f0	FUN_001f7510	FUN_001e13f0	110	c2ea630ac16a8100232ae2a4e129ab7a6725ce0d4aa25d7a647d399c70dd8a8c	source_unnamed	unique_full_body_sha256
LF9D012H	0x1F1B00	LF9G003T	0x207E40	FUN_001f1b00	FUN_00207e40	FUN_001f1b00	86	c35f6ada26d18d8f1cf06cb519bfffd6fb686eaadd2b644907d042a40de9a8b7	source_unnamed	unique_full_body_sha256
LF9D012H	0x1D71E8	LF9G003T	0x1ED308	FUN_001d71e8	FUN_001ed308	FUN_001d71e8	134	c3694985b75749c707be9d9ca2677d87ec94b6b2cde1edec510bb0ecd383b99c	source_unnamed	unique_full_body_sha256
LF9D012H	0x15B65C	LF9G003T	0x16E778	FUN_0015b65c	FUN_0016e778	FUN_0015b65c	24	c37f4bdb8f896a561f750a63c4328995500f9ee87be632c268ac3122e025620e	source_unnamed	unique_full_body_sha256
LF9D012H	0x1CCD64	LF9G003T	0x1E21FC	FUN_001ccd64	FUN_001e21fc	FUN_001ccd64	10	c3ac38c114def277a526cf6bd15743ec652a4492ae9d5eaf30c1a98a7977c1b4	source_unnamed	unique_full_body_sha256
LF9D012H	0xE6A5C	LF9G003T	0xF44C8	FUN_000e6a5c	FUN_000f44c8	FUN_000e6a5c	252	c3bf4cd898340bcb5c36e181a102462df16f726dd371d60a4f47b76029940bd5	source_unnamed	unique_full_body_sha256
LF9D012H	0x15151C	LF9G003T	0x1641A0	FUN_0015151c	FUN_001641a0	FUN_0015151c	42	c3c1f81b14ee052f0eda2754eb45b8d83063c46efa46135829b0b196a220dba7	source_unnamed	unique_full_body_sha256
LF9D012H	0x1AB208	LF9G003T	0x1C0510	FUN_001ab208	FUN_001c0510	FUN_001ab208	762	c3c8755d2fb7e223a68a98b8a805057807b0301aff6c6170e1182bc56f1aecdc	source_unnamed	unique_full_body_sha256
LF9D012H	0x1DE568	LF9G003T	0x1F4688	FUN_001de568	FUN_001f4688	FUN_001de568	6	c3ca483aef6e1bd20742c8c15449ae0b942178f965a1c61fbaa775d649d10c31	source_unnamed	unique_full_body_sha256
LF9D012H	0x15670C	LF9G003T	0x169530	FUN_0015670c	FUN_00169530	FUN_0015670c	48	c3d91fbcb3a6fd2a79988fcf0f1a379bab6584320df345fac5da6e3dcc13e5c8	source_unnamed	unique_full_body_sha256
LF9D012H	0x1B421C	LF9G003T	0x1C96B4	FUN_001b421c	FUN_001c96b4	FUN_001b421c	124	c3e3654f67f80146e19397f16d38c25d4ac5ba60ed06c06f3b70167d5d036c02	source_unnamed	unique_full_body_sha256
LF9D012H	0xFB88C	LF9G003T	0x109480	FUN_000fb88c	FUN_00109480	FUN_000fb88c	30	c418be1299df15ca39571892f0bca5210327aa0e60df16a1a9538f120e16dd7d	source_unnamed	unique_full_body_sha256
LF9D012H	0x1D6C12	LF9G003T	0x1ECD32	FUN_001d6c12	FUN_001ecd32	FUN_001d6c12	20	c42888c3b68f91d9f35a77156d831e019a79699b6e3d18b25acad933634b1e5f	source_unnamed	unique_full_body_sha256
LF9D012H	0x19E728	LF9G003T	0x1B278C	FUN_0019e728	FUN_001b278c	FUN_0019e728	52	c44ad6e269114f12151715febafd0f3e06710c0366c4584ba70eb62907db4c32	source_unnamed	unique_full_body_sha256
LF9D012H	0x1E35A4	LF9G003T	0x1F96C4	FUN_001e35a4	FUN_001f96c4	FUN_001e35a4	188	c455afe189657664d9e3eaeb557d53cce6c3e5fa496c97c7d450641e320c4f85	source_unnamed	unique_full_body_sha256
LF9D012H	0x1E4BD0	LF9G003T	0x1FACF0	FUN_001e4bd0	FUN_001facf0	FUN_001e4bd0	82	c496153e1256ed3372886a9da1bf465868ff0b2c5d1a353b87aeeb91f183fc3e	source_unnamed	unique_full_body_sha256
LF9D012H	0x133648	LF9G003T	0x141B14	FUN_00133648	FUN_00141b14	FUN_00133648	46	c4a59d8ae296afb14b22296fb0535979aa05523c911a05397095cbacc64f7a06	source_unnamed	unique_full_body_sha256
LF9D012H	0x1D6F5A	LF9G003T	0x1ED07A	FUN_001d6f5a	FUN_001ed07a	FUN_001d6f5a	14	c4b7b13f40dcfe90a29cd953da9b5b5dd8a3b73cae807c7200dbdcff2d1eaa9c	source_unnamed	unique_full_body_sha256
LF9D012H	0x1365D0	LF9G003T	0x144A9C	FUN_001365d0	FUN_00144a9c	FUN_001365d0	38	c4cd8426331ad33aaba4bdcd629f1e4bc948fcb515b0264ef140fc10fd901c5d	source_unnamed	unique_full_body_sha256
LF9D012H	0x1AAEC4	LF9G003T	0x1C01CC	FUN_001aaec4	FUN_001c01cc	FUN_001aaec4	410	c51a3cfc5d7914d1041ed22fcf9110ec4003850b95131d3a258b8be5625857c6	source_unnamed	unique_full_body_sha256
LF9D012H	0xA3B08	LF9G003T	0xB042C	FUN_000a3b08	FUN_000b042c	FUN_000a3b08	92	c525f2bc8d664344844d5637f089ecf2894edb289e9a7576917c4bc88b81c67a	source_unnamed	unique_full_body_sha256
LF9D012H	0x1E1528	LF9G003T	0x1F7648	FUN_001e1528	FUN_001f7648	FUN_001e1528	112	c558d7a977ba1d405a66c7ad3cab7bafea28f810e78e93778d0833e403ad8770	source_unnamed	unique_full_body_sha256
LF9D012H	0x189108	LF9G003T	0x19D104	FUN_00189108	FUN_0019d104	FUN_00189108	22	c56c66fe3035aa9613d40c4994dd5b6303d95f8217d7129c57fd3fa1dd7473e2	source_unnamed	unique_full_body_sha256
LF9D012H	0x1F1606	LF9G003T	0x207946	FUN_001f1606	FUN_00207946	FUN_001f1606	26	c58505c6a3128ec1f92079bfb43e11509de3bbc9aab4de1faf2f14f6eb20b806	source_unnamed	unique_full_body_sha256
LF9D012H	0x1F3FE8	LF9G003T	0x20A328	FUN_001f3fe8	FUN_0020a328	FUN_001f3fe8	140	c5884e5a40f8cbe075631def6557b085ce6fa92d692a8077d1391e9076dd7271	source_unnamed	unique_full_body_sha256
LF9D012H	0x1D6AF4	LF9G003T	0x1ECC14	thunk_FUN_001d6d30	thunk_FUN_001ece50	thunk_FUN_001d6d30	6	c597bc8f8ecaa3bc6303fb38968229511a2c3d4ba9da2b0e20986c8f04d38e2d	source_unnamed	unique_full_body_sha256
LF9D012H	0x1D7B62	LF9G003T	0x1EDC82	FUN_001d7b62	FUN_001edc82	FUN_001d7b62	10	c59fe63fb3d66e941b9555836f2f74c79f85093d46091f7de7f15e151390df6a	source_unnamed	unique_full_body_sha256
LF9D012H	0x8928E	LF9G003T	0x95AEE	FUN_0008928e	FUN_00095aee	FUN_0008928e	10	c60cca4cd055f7d62539181b7141161560f7b00ed52ac7768f3e315f44b0f04a	source_unnamed	unique_full_body_sha256
LF9D012H	0x17BFB4	LF9G003T	0x18F1B0	FUN_0017bfb4	FUN_0018f1b0	FUN_0017bfb4	276	c625e769721877d5bb2e72d5ddb2014a3cbfa77cc001e0f82df263b7459c8a1d	source_unnamed	unique_full_body_sha256
LF9D012H	0x948F8	LF9G003T	0xA121C	FUN_000948f8	FUN_000a121c	FUN_000948f8	88	c643119b3e66953cf3f6889a459e8b8ed2ff0d753ead754da11af0d988f24777	source_unnamed	unique_full_body_sha256
LF9D012H	0x1DC4F2	LF9G003T	0x1F2612	FUN_001dc4f2	FUN_001f2612	FUN_001dc4f2	64	c67c585569b6660146fe7d0b2cd64502ccc5aead30ca1abaf46d8a8f1c45ca66	source_unnamed	unique_full_body_sha256
LF9D012H	0xE4618	LF9G003T	0xF2084	FUN_000e4618	FUN_000f2084	FUN_000e4618	142	c68a98a6bed6483588b9b31f21f756db3242e43599434420d5212a102fca2420	source_unnamed	unique_full_body_sha256
LF9D012H	0x89662	LF9G003T	0x95EC2	FUN_00089662	FUN_00095ec2	FUN_00089662	316	c68d24151fdbad1bda2d84665e7e71e520803c0f15e3ac2fd00a2cca275783c9	source_unnamed	unique_full_body_sha256
LF9D012H	0x17FE74	LF9G003T	0x193A18	FUN_0017fe74	FUN_00193a18	FUN_0017fe74	16	c68f2929ab7c1898e994e8a2f2bc186d979cb06f64321b4404d127095aaa62e1	source_unnamed	unique_full_body_sha256
LF9D012H	0xB6FBA	LF9G003T	0xC44C6	FUN_000b6fba	FUN_000c44c6	FUN_000b6fba	52	c69de437b7902b4d5cd8e8d2dcb5e8afdfcb7baeac219f748a9ba40accabe50f	source_unnamed	unique_full_body_sha256
LF9D012H	0xB6D18	LF9G003T	0xC4224	FUN_000b6d18	FUN_000c4224	FUN_000b6d18	128	c6c5d228ea3930f00939aaf39f8231bceb44059a071e8a2ccd394284c119f4d2	source_unnamed	unique_full_body_sha256
LF9D012H	0x96A4C	LF9G003T	0xA3370	table_lookup_1d_interp	table_lookup_1d_interp	table_lookup_1d_interp	88	c6ca94db864f63f10d01e988494742a83e3d920e27e17f6196eb3e3e10d9aae5	already_named	unique_full_body_sha256
LF9D012H	0x135928	LF9G003T	0x143DF4	FUN_00135928	FUN_00143df4	FUN_00135928	42	c6d0c095ca8eb10e3db3e92a07b61a4391c76be46e6fd09d7bab7d9e183bea3a	source_unnamed	unique_full_body_sha256
LF9D012H	0x18136C	LF9G003T	0x1953C0	FUN_0018136c	FUN_001953c0	FUN_0018136c	14	c6fb6d95cb2967ba12c585efbd28a04c43d7ddd6ee4ba5ca8c2aeff45539eb7f	source_unnamed	unique_full_body_sha256
LF9D012H	0x1CC03C	LF9G003T	0x1E14D4	FUN_001cc03c	FUN_001e14d4	FUN_001cc03c	90	c723dbb439c8614839da2bddd237a731625187418f0dfac8fa652395fc5f2f75	source_unnamed	unique_full_body_sha256
LF9D012H	0x1BBE40	LF9G003T	0x1D12D8	FUN_001bbe40	FUN_001d12d8	FUN_001bbe40	56	c74bcc4acbf56ef248ab77563ac56e0ca6c9c937ae613ba34b80c5605f99974e	source_unnamed	unique_full_body_sha256
LF9D012H	0x1E22F6	LF9G003T	0x1F8416	FUN_001e22f6	FUN_001f8416	FUN_001e22f6	196	c76373c7315a1bd87160fa0c419b7356efa8f1ee23a4f0db9ed4b59392ad60a3	source_unnamed	unique_full_body_sha256
LF9D012H	0x1AACAC	LF9G003T	0x1BFFB4	FUN_001aacac	FUN_001bffb4	FUN_001aacac	94	c76b515bffab444c19a0ee9377c2b2bcd4b860df4debe1551cac9dd7a4a83e35	source_unnamed	unique_full_body_sha256
LF9D012H	0xC70C0	LF9G003T	0xD4B00	FUN_000c70c0	FUN_000d4b00	FUN_000c70c0	32	c76edf756e558caa93702494f419185f13dfff900f415cd60ff66d7767ab6ef7	source_unnamed	unique_full_body_sha256
LF9D012H	0x86B8A	LF9G003T	0x933D6	FUN_00086b8a	FUN_000933d6	FUN_00086b8a	82	c7852c2021f5c9dccc106c1e67a4806b6004dbe54549a9e6a11fbf7ad81ce6ad	source_unnamed	unique_full_body_sha256
LF9D012H	0x1336DC	LF9G003T	0x141BA8	FUN_001336dc	FUN_00141ba8	FUN_001336dc	56	c79e87d88bab161f8497dc7a207d3ccc6f7b6e7565acc323f1912ba272dfd653	source_unnamed	unique_full_body_sha256
LF9D012H	0x1B5E84	LF9G003T	0x1CB31C	FUN_001b5e84	FUN_001cb31c	FUN_001b5e84	330	c7b2a363263b04c320eb8d5c9301a4b691b5b98cb4b4296ab558ae1039f11fb0	source_unnamed	unique_full_body_sha256
LF9D012H	0x1D6C32	LF9G003T	0x1ECD52	thunk_FUN_001d6d54	thunk_FUN_001ece74	thunk_FUN_001d6d54	6	c8053d919a0d8a6ad54296e08e8983867d0c110af2172a28614b576d158136d0	source_unnamed	unique_full_body_sha256
LF9D012H	0x131084	LF9G003T	0x13F550	FUN_00131084	FUN_0013f550	FUN_00131084	14	c8160de56163598eee0ec498f6db898f1a3e3e5402bac781f3ef84efa1515cf2	source_unnamed	unique_full_body_sha256
LF9D012H	0x1E36A6	LF9G003T	0x1F97C6	FUN_001e36a6	FUN_001f97c6	FUN_001e36a6	6	c82115f67178435e80caaf62c93195de620c4f74c44bf76389dcfe42c67a1190	source_unnamed	unique_full_body_sha256
LF9D012H	0x161758	LF9G003T	0x1748D8	FUN_00161758	FUN_001748d8	FUN_00161758	108	c86902f876ee22d9043dd6b4caf67707351ddf1ee8f616c5bb73de5e5d67687e	source_unnamed	unique_full_body_sha256
LF9D012H	0xA40E4	LF9G003T	0xB0A08	FUN_000a40e4	FUN_000b0a08	FUN_000a40e4	272	c8b1739e076b0be0227e59cb2506cc20b7820e1b67094abe0ea97355074ab8c6	source_unnamed	unique_full_body_sha256
LF9D012H	0x10D5F8	LF9G003T	0x11B970	FUN_0010d5f8	FUN_0011b970	FUN_0010d5f8	78	c8b23e1df7e8859ae979cacd586a840a3fb491d81360dd330850fa1af1e3791f	source_unnamed	unique_full_body_sha256
LF9D012H	0x1D6FB4	LF9G003T	0x1ED0D4	FUN_001d6fb4	FUN_001ed0d4	FUN_001d6fb4	116	c8bd30fcbdcff36f9553bace6ff7fc10824266f0b99d00ce2268462c999656ac	source_unnamed	unique_full_body_sha256
LF9D012H	0x113954	LF9G003T	0x121D54	FUN_00113954	FUN_00121d54	FUN_00113954	26	c8c707696924082ac025fb152369c4c38f20bb6f2b8dbe523cdc51902cc3406a	source_unnamed	unique_full_body_sha256
LF9D012H	0xB0930	LF9G003T	0xBDDD4	FUN_000b0930	FUN_000bddd4	FUN_000b0930	30	c8df11506a0a35d151429173c21dc21ff19cee34ea9a0b353526c90306cadf8c	source_unnamed	unique_full_body_sha256
LF9D012H	0xC7546	LF9G003T	0xD4F86	FUN_000c7546	FUN_000d4f86	FUN_000c7546	36	c8ea67725c004c7c0bc48b95271666c724c8d2dade2f79681215f581f02e0967	source_unnamed	unique_full_body_sha256
LF9D012H	0x11AEF0	LF9G003T	0x12937C	FUN_0011aef0	FUN_0012937c	FUN_0011aef0	36	c8ebb904eb7c55d9efbd579a449addaa3d59529f1b0b514c924e458961e10e21	source_unnamed	unique_full_body_sha256
LF9D012H	0x1DE46A	LF9G003T	0x1F458A	FUN_001de46a	FUN_001f458a	FUN_001de46a	90	c8f274ff72db38d973cc0eee95aa2b11db9b418a741354309f458c26c34a5b1a	source_unnamed	unique_full_body_sha256
LF9D012H	0x1D7CCC	LF9G003T	0x1EDDEC	FUN_001d7ccc	FUN_001eddec	FUN_001d7ccc	6	c905f11d657b41cb8c952e012d18e1436df7bf8a5b00ca9c5bcfb2d2c8154a43	source_unnamed	unique_full_body_sha256
LF9D012H	0x1E3D16	LF9G003T	0x1F9E36	FUN_001e3d16	FUN_001f9e36	FUN_001e3d16	118	c92715d0a97c9cb463e65b1d682934be0bd24cff2c27ae6f5422f2bb8ed91cd6	source_unnamed	unique_full_body_sha256
LF9D012H	0x18A7B0	LF9G003T	0x19E79C	FUN_0018a7b0	FUN_0019e79c	FUN_0018a7b0	118	c948f5c80fe61cd657f30a7a7d78b2ef195541a8c3de84f9a3169b96783f8fbd	source_unnamed	unique_full_body_sha256
LF9D012H	0xB610E	LF9G003T	0xC361A	FUN_000b610e	FUN_000c361a	FUN_000b610e	64	c95a180d8b0b1adf2ab4d3f06b5d1f0969b3618fe90bf97c08fce1b1c6490055	source_unnamed	unique_full_body_sha256
LF9D012H	0x1DD620	LF9G003T	0x1F3740	broadcast_sched_copyout	broadcast_sched_copyout	broadcast_sched_copyout	52	c98078d99ffb96d0e7954625339ca19f3c175fddd3dbf6e55480940963cbf4a6	already_named	unique_full_body_sha256
LF9D012H	0x1DF948	LF9G003T	0x1F5A68	FUN_001df948	FUN_001f5a68	FUN_001df948	36	c9926f302d7e32ebc0bc299a6b193770c463b2ba90bde7f0c5a86ffb5ddee947	source_unnamed	unique_full_body_sha256
LF9D012H	0x830A4	LF9G003T	0x8F8E0	FUN_000830a4	FUN_0008f8e0	FUN_000830a4	212	c9960dcf41be380da8a06faeee789be250e0cc15de7b4d0887b90b262a082d99	source_unnamed	unique_full_body_sha256
LF9D012H	0x188FE8	LF9G003T	0x19CFE4	FUN_00188fe8	FUN_0019cfe4	FUN_00188fe8	64	c99ac51bd6df8f49f7976a3fbd579ad6ade8f434e7591ac710ddbeff9c6c3d16	source_unnamed	unique_full_body_sha256
LF9D012H	0x6D64	LF9G003T	0x6D64	FUN_00006d64	FUN_00006d64	FUN_00006d64	30	c9e850b60a77a460c6200a7eaadd5fec37d482cf2f1bb38f37e6e9e5faab29f7	source_unnamed	unique_full_body_sha256
LF9D012H	0x6FB8	LF9G003T	0x6F80	FUN_00006fb8	FUN_00006f80	FUN_00006fb8	22	c9e9aff35f751d5b30c75c6cb4fa4672c8ce0c2a2fb9b58891fcd804b2924c11	source_unnamed	unique_full_body_sha256
LF9D012H	0x6DE0	LF9G003T	0x6DE0	FUN_00006de0	FUN_00006de0	FUN_00006de0	34	c9f83097e8b50602e4a5dd90b1163d84169d9555b4e84074bf6e4217bc7f318b	source_unnamed	unique_full_body_sha256
LF9D012H	0xAFA5C	LF9G003T	0xBCF00	FUN_000afa5c	FUN_000bcf00	FUN_000afa5c	160	c9f9983dea0e8cd1a9aac51070c8d0c432049eea091fe82ae8f8e7835cc5df96	source_unnamed	unique_full_body_sha256
LF9D012H	0xB1F80	LF9G003T	0xBF424	FUN_000b1f80	FUN_000bf424	FUN_000b1f80	542	ca096a2a3127d03e55906b999fecf54792ba399a229225dccf9a8f5e4dd2b4b1	source_unnamed	unique_full_body_sha256
LF9D012H	0x86744	LF9G003T	0x92F90	FUN_00086744	FUN_00092f90	FUN_00086744	34	ca7e3aa7977a2eabbc97bd29b1575f3a05b91e375167dd6b895e4e852e6a30aa	source_unnamed	unique_full_body_sha256
LF9D012H	0x1D7C98	LF9G003T	0x1EDDB8	FUN_001d7c98	FUN_001eddb8	FUN_001d7c98	26	cad618d3143c5ea8fce8e1a1f27198df95c5904509e091718ba28d34b56c8aa8	source_unnamed	unique_full_body_sha256
LF9D012H	0x1F5240	LF9G003T	0x20B5B8	FUN_001f5240	FUN_0020b5b8	FUN_001f5240	32	cae83072e01d0fe30a5260423ac06c03d00d53d23c864f1c102a12771d62b64e	source_unnamed	unique_full_body_sha256
LF9D012H	0x1F0448	LF9G003T	0x206788	FUN_001f0448	FUN_00206788	FUN_001f0448	10	cb1f08dbeec12966af5a84494df834b625aaa1a8d4cb84cad3012a1bbcd630a0	source_unnamed	unique_full_body_sha256
LF9D012H	0x1DBA90	LF9G003T	0x1F1BB0	FUN_001dba90	FUN_001f1bb0	FUN_001dba90	48	cb3612d47cbdbca4d40cdfc6ce98d8ff694ee007d3397c302a4a5ffb7539a024	source_unnamed	unique_full_body_sha256
LF9D012H	0xB3AA2	LF9G003T	0xC0F46	FUN_000b3aa2	FUN_000c0f46	FUN_000b3aa2	102	cb393d84632358e1a0b4c7ebe2e3d3fcf070418d0a435a2410f293316eb0454c	source_unnamed	unique_full_body_sha256
LF9D012H	0xAEC6C	LF9G003T	0xBC110	FUN_000aec6c	FUN_000bc110	FUN_000aec6c	114	cb412d72e120dd4d3403b627acc8c7985f21241f236be9aec5c48ba4f6524f1a	source_unnamed	unique_full_body_sha256
LF9D012H	0x1B5174	LF9G003T	0x1CA60C	interp_2d_ax_u16_u16_data_u	interp_2d_ax_u16_u16_data_u	interp_2d_ax_u16_u16_data_u	270	cb896d94f66b42a9c73357a3f9b3886b32a99c817868ecb858531046ccda842a	already_named	unique_full_body_sha256
LF9D012H	0x10939C	LF9G003T	0x1170CC	FUN_0010939c	FUN_001170cc	FUN_0010939c	92	cbb041fccaa345c99405bea3a9e0f35ccb0d966def8b61a3d8a14ee61ed86e93	source_unnamed	unique_full_body_sha256
LF9D012H	0x1F5754	LF9G003T	0x20BACC	FUN_001f5754	FUN_0020bacc	FUN_001f5754	64	cbba73dab92c1ccf42c6140a6d6d9ad2c3f15752841267ad614ea812d201645d	source_unnamed	unique_full_body_sha256
LF9D012H	0x114C68	LF9G003T	0x1230CC	FUN_00114c68	FUN_001230cc	FUN_00114c68	56	cbe4d07b80b9500bda0079efe0325fe6b2cf1889879c0c9f5371efcfcceab1c9	source_unnamed	unique_full_body_sha256
LF9D012H	0x1DB878	LF9G003T	0x1F1998	FUN_001db878	FUN_001f1998	FUN_001db878	44	cbe4f04d2a19c2a0284922dd72296d3b5447c44d347461b6ffa5a18742650357	source_unnamed	unique_full_body_sha256
LF9D012H	0xD5C38	LF9G003T	0xE36AC	FUN_000d5c38	FUN_000e36ac	FUN_000d5c38	14	cc19f0c3411e24ab25cfa2691f9ed49b8f439e95c5086801f4440f1339ddf886	source_unnamed	unique_full_body_sha256
LF9D012H	0x1F2272	LF9G003T	0x2085B2	FUN_001f2272	FUN_002085b2	FUN_001f2272	68	cc1ecce28292a03b82e9d74251751edb3f0b190151f4f808ee2c609685afa955	source_unnamed	unique_full_body_sha256
LF9D012H	0x199D04	LF9G003T	0x1ADD68	FUN_00199d04	FUN_001add68	FUN_00199d04	34	cc219d1281c4f1f3780039b1c49a09af9a421c3c9f030e193c52784bf1694afb	source_unnamed	unique_full_body_sha256
LF9D012H	0x1DE8EA	LF9G003T	0x1F4A0A	FUN_001de8ea	FUN_001f4a0a	FUN_001de8ea	8	cc2cb14eb147cf20229be094c5391e0c80e647c760162072434be8e240fb0dd8	source_unnamed	unique_full_body_sha256
LF9D012H	0x1E3D8C	LF9G003T	0x1F9EAC	FUN_001e3d8c	FUN_001f9eac	FUN_001e3d8c	108	cc3926ec1c07df7a7ebb8e7b5e2bcb484d04ce5d37d63bd67c2468f4326953bc	source_unnamed	unique_full_body_sha256
LF9D012H	0x27D4EC	LF9G003T	0x27D6C0	FUN_0027d4ec	FUN_0027d6c0	FUN_0027d4ec	58	cc681df60d13f44aac1f1ec91f5e7dea36a9e14907665759ca916d1a1e53d588	source_unnamed	unique_full_body_sha256
LF9D012H	0x6ED90	LF9G003T	0x7B5C4	FUN_0006ed90	FUN_0007b5c4	FUN_0006ed90	40	cc6d7eaef727acde382d4e643fea5401a2625c349a39f16f113ec6db67983d3f	source_unnamed	unique_full_body_sha256
LF9D012H	0xE6D58	LF9G003T	0xF47C4	FUN_000e6d58	FUN_000f47c4	FUN_000e6d58	68	cc7de4a1d7436d8614f7c3dfd6682d3306a94a0d6790cd7943318888411a8e3e	source_unnamed	unique_full_body_sha256
LF9D012H	0x1E0790	LF9G003T	0x1F68B0	FUN_001e0790	FUN_001f68b0	FUN_001e0790	68	cc7df0630c706e0ad53b750d901d2987aa0b3931bebbfc5a0567bf380cc88a3e	source_unnamed	unique_full_body_sha256
LF9D012H	0x1F132C	LF9G003T	0x20766C	FUN_001f132c	FUN_0020766c	FUN_001f132c	20	cc8b6f15c3fd4c18aa8d408d7545d094a22aef5a1f8ed50586502c7c86567efb	source_unnamed	unique_full_body_sha256
LF9D012H	0x1CCD88	LF9G003T	0x1E2220	FUN_001ccd88	FUN_001e2220	FUN_001ccd88	10	cc9df99677926cdeb96973f4aa493c7fb1f5795ac89a8a0ef47a65bf764f08a8	source_unnamed	unique_full_body_sha256
LF9D012H	0xFF1AC	LF9G003T	0x10CDA0	FUN_000ff1ac	FUN_0010cda0	FUN_000ff1ac	98	cca6609a8a3e90ee21f3b2a3d1e0e97967845150eda58b51b8a338d5ee714dac	source_unnamed	unique_full_body_sha256
LF9D012H	0x1DAC48	LF9G003T	0x1F0D68	FUN_001dac48	FUN_001f0d68	FUN_001dac48	36	ccbe7392406184a53c28557210475e901548d599a996b30001fa5f1d44c300e4	source_unnamed	unique_full_body_sha256
LF9D012H	0x6D1DC	LF9G003T	0x79A10	FUN_0006d1dc	FUN_00079a10	FUN_0006d1dc	48	cd23efc50ff567b8c78827f6d6d69aba63a915e59aede4aa28262155a61f0c0c	source_unnamed	unique_full_body_sha256
LF9D012H	0x1DAA02	LF9G003T	0x1F0B22	FUN_001daa02	FUN_001f0b22	FUN_001daa02	44	cd316bfa590951a633638c34d21c73beb96733553781713057c904508bfda9ae	source_unnamed	unique_full_body_sha256
LF9D012H	0x128DD8	LF9G003T	0x13729C	FUN_00128dd8	FUN_0013729c	FUN_00128dd8	76	cd39d3613619f56bf16df33c9de1a8b48e11074ff5daeaaa8e1dc8111e8d8603	source_unnamed	unique_full_body_sha256
LF9D012H	0xAF438	LF9G003T	0xBC8DC	FUN_000af438	FUN_000bc8dc	FUN_000af438	92	cd447d927ba36e139051bda21f3a78c536a14b2b1b5f3305cda3f109b62185f5	source_unnamed	unique_full_body_sha256
LF9D012H	0x1DF928	LF9G003T	0x1F5A48	FUN_001df928	FUN_001f5a48	FUN_001df928	22	cd558ce26b1620df2be6a19c463050edf8a687185e784470ed913e9e98a6885e	source_unnamed	unique_full_body_sha256
LF9D012H	0x1D7C92	LF9G003T	0x1EDDB2	FUN_001d7c92	FUN_001eddb2	FUN_001d7c92	6	cd628e70edd29b778a0139925ad7077a5222df966149c9e6bff14d5ef3f7bd66	source_unnamed	unique_full_body_sha256
LF9D012H	0xB34DC	LF9G003T	0xC0980	FUN_000b34dc	FUN_000c0980	FUN_000b34dc	122	cd8f85d97729a6553ce1bd868bf301448a0932c2eed7b08d589497579601b194	source_unnamed	unique_full_body_sha256
LF9D012H	0xA30B8	LF9G003T	0xAF9DC	FUN_000a30b8	FUN_000af9dc	FUN_000a30b8	44	cde059ced5bb400d820b17999215191987b7d16b8edc05f581887bd6e848f428	source_unnamed	unique_full_body_sha256
LF9D012H	0x1E1990	LF9G003T	0x1F7AB0	FUN_001e1990	FUN_001f7ab0	FUN_001e1990	10	cdf15f46a254a21fc64bd0ea888c3c3e06e0bbcf72ef94fc2e3efa2334719b3d	source_unnamed	unique_full_body_sha256
LF9D012H	0x1F0854	LF9G003T	0x206B94	FUN_001f0854	FUN_00206b94	FUN_001f0854	118	ce05d0e850db6511670f0d94f7874ab54ce74689efa47fefa6256af77b890d69	source_unnamed	unique_full_body_sha256
LF9D012H	0xAA95A	LF9G003T	0xB7DFE	FUN_000aa95a	FUN_000b7dfe	FUN_000aa95a	78	ce252ecd49af6bc192c8c617dde56b8b92e2ffc44aadc9071e3fe94340550dde	source_unnamed	unique_full_body_sha256
LF9D012H	0x74B04	LF9G003T	0x81338	FUN_00074b04	FUN_00081338	FUN_00074b04	40	ce2a84a78b885ec9bf5436055a1df243d2b228e36f54f967abefe2c99bb5ee5c	source_unnamed	unique_full_body_sha256
LF9D012H	0x1F2098	LF9G003T	0x2083D8	FUN_001f2098	FUN_002083d8	FUN_001f2098	258	ce7f601b26ce67c05e1b051c416ec884f8f08459ee2c292ef702033aa9678940	source_unnamed	unique_full_body_sha256
LF9D012H	0x18C718	LF9G003T	0x1A0710	FUN_0018c718	FUN_001a0710	FUN_0018c718	44	ce959273ece51b9ad89295cf1138f13de1f060cbb63e07a313d8a98c00c774f7	source_unnamed	unique_full_body_sha256
LF9D012H	0xB1352	LF9G003T	0xBE7F6	FUN_000b1352	FUN_000be7f6	FUN_000b1352	68	ceab24383b44926a2040cf3c9cdf1926228aef984632cbc8f957bb59c05fdede	source_unnamed	unique_full_body_sha256
LF9D012H	0x27EB10	LF9G003T	0x27ECE4	FUN_0027eb10	FUN_0027ece4	FUN_0027eb10	62	ceb9c6273a41bbd660c8b2cb94f7ae8ad9489be72bc6f79bc9ca06936d414dc3	source_unnamed	unique_full_body_sha256
LF9D012H	0x1EE3F6	LF9G003T	0x204736	FUN_001ee3f6	FUN_00204736	FUN_001ee3f6	68	cf0dbf6263cf519369f1c253d0aa5f4a782222ee05b6597da4ca713fef316e0e	source_unnamed	unique_full_body_sha256
LF9D012H	0x121C98	LF9G003T	0x130174	FUN_00121c98	FUN_00130174	FUN_00121c98	38	cf17365d287836d3aad76d8fb00217f5fdff15b9eb43357031456c9c3a889d8f	source_unnamed	unique_full_body_sha256
LF9D012H	0x128940	LF9G003T	0x136E04	FUN_00128940	FUN_00136e04	FUN_00128940	78	cf19f93e037f7c2c64155075f94eaebf0706cb9d2722f05d1f0f5fe12e7b49a8	source_unnamed	unique_full_body_sha256
LF9D012H	0xB2386	LF9G003T	0xBF82A	FUN_000b2386	FUN_000bf82a	FUN_000b2386	180	cf3d12f51035ea868fd34ba941895f691bedb6e099d13c95fac2af2bfecf9e30	source_unnamed	unique_full_body_sha256
LF9D012H	0xAA636	LF9G003T	0xB7ADA	FUN_000aa636	FUN_000b7ada	FUN_000aa636	388	cf58c08d67673728e2f379e6cd1f72428ea7b4bf017fe24a71d457a82cdb943f	source_unnamed	unique_full_body_sha256
LF9D012H	0x27092C	LF9G003T	0x27092C	FUN_0027092c	FUN_0027092c	FUN_0027092c	6	cf63c8910e96be792fb39f4160eb97b21177d5c082576acbea96a49eea8ff044	source_unnamed	unique_full_body_sha256
LF9D012H	0x95F9E	LF9G003T	0xA28C2	FUN_00095f9e	FUN_000a28c2	FUN_00095f9e	50	cf6da0cca8241a238f5bdbfa4857e5eff3da8069d017a7c9a1074eb886b8f408	source_unnamed	unique_full_body_sha256
LF9D012H	0xACA4C	LF9G003T	0xB9EF0	FUN_000aca4c	FUN_000b9ef0	FUN_000aca4c	42	cfbc6a870b475559277094f046d1794a1d539c82d01c04a262c8677a5bd85e36	source_unnamed	unique_full_body_sha256
LF9D012H	0x19DE34	LF9G003T	0x1B1E98	FUN_0019de34	FUN_001b1e98	FUN_0019de34	290	cfc403115d64d1dcc5cf77a988f3855665c78df6a343bbda256c24d886d69b10	source_unnamed	unique_full_body_sha256
LF9D012H	0x86364	LF9G003T	0x92BB0	FUN_00086364	FUN_00092bb0	FUN_00086364	54	cfdb614f4a4a22b3712aae8e015e83f6343edbe3743f30de5e89ad887b49c191	source_unnamed	unique_full_body_sha256
LF9D012H	0xD1DB8	LF9G003T	0xDF82C	FUN_000d1db8	FUN_000df82c	FUN_000d1db8	302	d007e255c50fd18a273b8f96304beb940b3c2fac395349da4f3f8611cdb13645	source_unnamed	unique_full_body_sha256
LF9D012H	0xAABF8	LF9G003T	0xB809C	FUN_000aabf8	FUN_000b809c	FUN_000aabf8	148	d00efaca74fbb06087ef29da8b209982da450986897a19dd44dca8f878dcc7d2	source_unnamed	unique_full_body_sha256
LF9D012H	0x6EFE4	LF9G003T	0x7B818	FUN_0006efe4	FUN_0007b818	FUN_0006efe4	18	d01b924a1e5215de3aea119f762289df9ae61cf6e3dc580ebefa476cdb7c2c1d	source_unnamed	unique_full_body_sha256
LF9D012H	0x144280	LF9G003T	0x1552F4	FUN_00144280	FUN_001552f4	FUN_00144280	30	d02ce2821c0fb9a9113a7db9cdbc731f1d8f8e7b24e5722a9269b3ea56cd1050	source_unnamed	unique_full_body_sha256
LF9D012H	0x81726	LF9G003T	0x8DF56	FUN_00081726	FUN_0008df56	FUN_00081726	18	d037a39f6177746dcc2a4657f03b4018f8acd252b33de66249d4fb8e37b8b18b	source_unnamed	unique_full_body_sha256
LF9D012H	0x1B8160	LF9G003T	0x1CD5F8	FUN_001b8160	FUN_001cd5f8	FUN_001b8160	338	d06296a00574578c4b63f9ab3e2d2c28e7facc37dd8c81c18d86b4b98f37e771	source_unnamed	unique_full_body_sha256
LF9D012H	0x1CCD4C	LF9G003T	0x1E21E4	FUN_001ccd4c	FUN_001e21e4	FUN_001ccd4c	10	d067f0126f6bc257984eee7ffda11bd364a717635ce1db8933b4e157f9d504db	source_unnamed	unique_full_body_sha256
LF9D012H	0x12371C	LF9G003T	0x131BF8	FUN_0012371c	FUN_00131bf8	FUN_0012371c	234	d06c015ca737b20c12244e844daf7b2668b94ac6e0b4fdf0330799eeb4ea6145	source_unnamed	unique_full_body_sha256
LF9D012H	0x84E84	LF9G003T	0x916D0	FUN_00084e84	FUN_000916d0	FUN_00084e84	10	d090ba6d88cb052e4250fcefa9f15b792a234fd475b803100182c776434afd0c	source_unnamed	unique_full_body_sha256
LF9D012H	0x6D38	LF9G003T	0x6D38	FUN_00006d38	FUN_00006d38	FUN_00006d38	18	d0acb5f7f9d5716c93da4eee6e7faccef6a68d0288723c3c7235c50bf5678a51	source_unnamed	unique_full_body_sha256
LF9D012H	0x1B4898	LF9G003T	0x1C9D30	FUN_001b4898	FUN_001c9d30	FUN_001b4898	272	d0b1ea1120b602063dcb0fd8b2054525a14013f0b4c25f63d5e3f6b5134f4aad	source_unnamed	unique_full_body_sha256
LF9D012H	0x1D7BA6	LF9G003T	0x1EDCC6	cal_table_get_word2	cal_table_get_word2	cal_table_get_word2	10	d1049919b3f7c3f4d83d6195bef9e164b2c031a14789dbe7a2d52291e363015c	already_named	unique_full_body_sha256
LF9D012H	0x70434	LF9G003T	0x7CC68	sensor_proc_task_180	sensor_proc_task_180	sensor_proc_task_180	180	d17914c7c2888dbddeaf63f4f69158eadf6ba0db7a63df5ece88a55b32e5d4fb	already_named	unique_full_body_sha256
LF9D012H	0xDBBF0	LF9G003T	0xE9664	FUN_000dbbf0	FUN_000e9664	FUN_000dbbf0	108	d17db8bce6b362f17640872656d445309596d3f33466b476680b7a6336999b0e	source_unnamed	unique_full_body_sha256
LF9D012H	0x133838	LF9G003T	0x141D04	FUN_00133838	FUN_00141d04	FUN_00133838	46	d1a7a1e61ef64251f2ddc3d23c2c9543719c9e11b7e7b0e7e43fd6f14349e819	source_unnamed	unique_full_body_sha256
LF9D012H	0x1F5794	LF9G003T	0x20BB0C	FUN_001f5794	FUN_0020bb0c	FUN_001f5794	78	d1cb468be48901ad4f97590a6da1cd46837b059f3a20acb6864919b7acc45b1f	source_unnamed	unique_full_body_sha256
LF9D012H	0x18A8F8	LF9G003T	0x19E8E4	FUN_0018a8f8	FUN_0019e8e4	FUN_0018a8f8	194	d1f4dedbb5a8753296aacbc126eaf1bbb217f37c3c3f6b1ddc7787997fcdb579	source_unnamed	unique_full_body_sha256
LF9D012H	0xC90C8	LF9G003T	0xD6B20	FUN_000c90c8	FUN_000d6b20	FUN_000c90c8	46	d20728c0e9eff95c83ebecd0f9fdec085e3ebad026c0f4dd61c23c23d177baa6	source_unnamed	unique_full_body_sha256
LF9D012H	0x77D8	LF9G003T	0x77A0	FUN_000077d8	FUN_000077a0	FUN_000077d8	14	d22395c50be2f0d16d83dfe5a6ed8363a646ad6ad7532f22336ee6fc6b91a236	source_unnamed	unique_full_body_sha256
LF9D012H	0x6F54	LF9G003T	0x6F1C	FUN_00006f54	FUN_00006f1c	FUN_00006f54	66	d2539e96145280b27d46f832e250a598a12b0e34a37ad7d0456cce47afbcc014	source_unnamed	unique_full_body_sha256
LF9D012H	0x1B3C10	LF9G003T	0x1C90A8	interp_1d_axis_u8_data_s16	interp_1d_axis_u8_data_s16	interp_1d_axis_u8_data_s16	138	d26f0f2e9235f18160cb8fd61a0dc47828019d825572a3406cf3c232be67d760	already_named	unique_full_body_sha256
LF9D012H	0x1D94A6	LF9G003T	0x1EF5C6	FUN_001d94a6	FUN_001ef5c6	FUN_001d94a6	272	d27ad728cae9948fea711bdb79861e333840254ca0ddd7795a744b702cc0cacf	source_unnamed	unique_full_body_sha256
LF9D012H	0x1F56D4	LF9G003T	0x20BA4C	FUN_001f56d4	FUN_0020ba4c	FUN_001f56d4	112	d27b27490756e7dc2ecbddaa6f87f38bcf4014ed0f7781e826d51fd1272d27d3	source_unnamed	unique_full_body_sha256
LF9D012H	0x1ECFA2	LF9G003T	0x2032E2	FUN_001ecfa2	FUN_002032e2	FUN_001ecfa2	84	d29b1d7aeceb2a28146e853d14b1202da681cf37e80272883c8520c4c6bc06db	source_unnamed	unique_full_body_sha256
LF9D012H	0x1DE71A	LF9G003T	0x1F483A	FUN_001de71a	FUN_001f483a	FUN_001de71a	10	d2ebc4b98820a619e7aff5254e4bd4e1e64963756adb8d021921c0af77d670da	source_unnamed	unique_full_body_sha256
LF9D012H	0x13336C	LF9G003T	0x141838	FUN_0013336c	FUN_00141838	FUN_0013336c	68	d2fc70062d72e1e315659e972d72caeeb50c87efd13d1f14391e53e9e2ad8548	source_unnamed	unique_full_body_sha256
LF9D012H	0x1DCBA4	LF9G003T	0x1F2CC4	build_frame_multipart	build_frame_multipart	build_frame_multipart	378	d3105e5ae3129fc78e4715119d52b9535dc1bcaf4877d9b7d33ee6a7ed067982	already_named	unique_full_body_sha256
LF9D012H	0x7DF52	LF9G003T	0x8A782	FUN_0007df52	FUN_0008a782	FUN_0007df52	128	d3124bd345c2a2ecb12e8c73863feba5400d7e92283bfbd71bebd8514950a501	source_unnamed	unique_full_body_sha256
LF9D012H	0xB3020	LF9G003T	0xC04C4	FUN_000b3020	FUN_000c04c4	FUN_000b3020	194	d312b66265d7508030ddda4d27e65ea2f573fd9d6699ed0a66a728d6c6006ac5	source_unnamed	unique_full_body_sha256
LF9D012H	0xAD00C	LF9G003T	0xBA4B0	FUN_000ad00c	FUN_000ba4b0	FUN_000ad00c	52	d328322e12404a3592e2bfc22c8b4df67b4b5a484d1b3d3784e462d7796aae2e	source_unnamed	unique_full_body_sha256
LF9D012H	0x14F9B4	LF9G003T	0x1626CC	FUN_0014f9b4	FUN_001626cc	FUN_0014f9b4	48	d330f6f3902ea9650f8c64480359ece867127c0eeb50960bf7a4c378b34531ed	source_unnamed	unique_full_body_sha256
LF9D012H	0x1E4D1E	LF9G003T	0x1FAE3E	FUN_001e4d1e	FUN_001fae3e	FUN_001e4d1e	84	d35812ee52d1283bb6fc56a714c8620ac83e5588ed3fdf927658c5de760401f6	source_unnamed	unique_full_body_sha256
LF9D012H	0xCA3A4	LF9G003T	0xD7DFC	FUN_000ca3a4	FUN_000d7dfc	FUN_000ca3a4	48	d3ad4b6fa4ddb9b0ba2f9e896506c77db324bd06f5b3a1e3dc9b925cbcee4c24	source_unnamed	unique_full_body_sha256
LF9D012H	0x84EB0	LF9G003T	0x916FC	sensor_read_scale_wordidx	sensor_read_scale_wordidx	sensor_read_scale_wordidx	34	d3d3e791ed0c89056d815fd6f361eb9a9f00214f991dd93e79ad3bb8d0b1a15e	already_named	unique_full_body_sha256
LF9D012H	0x6D23C	LF9G003T	0x79A70	FUN_0006d23c	FUN_00079a70	FUN_0006d23c	48	d3dea574ba1e1fa95c850bfac7cab61e460413a6f8103c47f538270bcbff4d03	source_unnamed	unique_full_body_sha256
LF9D012H	0xB7B6C	LF9G003T	0xC5078	FUN_000b7b6c	FUN_000c5078	FUN_000b7b6c	14	d3fb6815ff60210a51b6c8d6a5f6f49a42ee76070cf465ea79153dbf9301cb6e	source_unnamed	unique_full_body_sha256
LF9D012H	0x27E9B2	LF9G003T	0x27EB86	FUN_0027e9b2	FUN_0027eb86	FUN_0027e9b2	52	d4575b17415d9eba05cab18675e4d6982c2686739e6c2af3770107139efbb6e9	source_unnamed	unique_full_body_sha256
LF9D012H	0x6DDF6	LF9G003T	0x7A62A	FUN_0006ddf6	FUN_0007a62a	FUN_0006ddf6	148	d474449e3f0354e27357c758c9fd6bd4e0e91cd7eee3637f4bf17874dd5adf9e	source_unnamed	unique_full_body_sha256
LF9D012H	0x77E86	LF9G003T	0x846BA	FUN_00077e86	FUN_000846ba	FUN_00077e86	32	d485872705a005bba2b0a645ab46d09b0642b97372beab429d808d54e2e56900	source_unnamed	unique_full_body_sha256
LF9D012H	0x6EFF6	LF9G003T	0x7B82A	FUN_0006eff6	FUN_0007b82a	FUN_0006eff6	40	d4a7b759dcf5f1eefd17f0ebd47ce78770f971c3a5d2de7c7ae8b9daaba373f2	source_unnamed	unique_full_body_sha256
LF9D012H	0x1D6BCA	LF9G003T	0x1ECCEA	FUN_001d6bca	FUN_001eccea	FUN_001d6bca	30	d4afd94aa45e813470d4c2f2112f4b91a2f1937532eb9e6c22cb297927672ae4	source_unnamed	unique_full_body_sha256
LF9D012H	0xB8344	LF9G003T	0xC5850	FUN_000b8344	FUN_000c5850	FUN_000b8344	56	d4ca822dd89150f5c623433da7cba18b15b06dde8db4ff4b7643c1fe1ea932b3	source_unnamed	unique_full_body_sha256
LF9D012H	0x6FB02	LF9G003T	0x7C336	signal_cond_helper_a	signal_cond_helper_a	signal_cond_helper_a	130	d4fb54cf9ca6d1147bee44a66b37f4868a53f194e1dc940ab9b53572bc0b0d0c	already_named	unique_full_body_sha256
LF9D012H	0x70A5E	LF9G003T	0x7D292	FUN_00070a5e	FUN_0007d292	FUN_00070a5e	104	d4fecc895ff1d9e99e85c9ae7659b55775e718cb637b6e28cfdc0c8ec7b75e7e	source_unnamed	unique_full_body_sha256
LF9D012H	0xAFDC8	LF9G003T	0xBD26C	FUN_000afdc8	FUN_000bd26c	FUN_000afdc8	28	d5352f5df0f89a17864e30a6480c2fd86065798059f0039e37ed3753a50faae2	source_unnamed	unique_full_body_sha256
LF9D012H	0x27E898	LF9G003T	0x27EA6C	FUN_0027e898	FUN_0027ea6c	FUN_0027e898	70	d53ea3e9e12d02782c73e9d42cb4f7be31361d7704acd71a75f908c25bd55e56	source_unnamed	unique_full_body_sha256
LF9D012H	0xB84A0	LF9G003T	0xC59AC	FUN_000b84a0	FUN_000c59ac	FUN_000b84a0	56	d54ad787c019798e0ad9d493e8de1731ce33aab13b40537ff7de2ad66ad64470	source_unnamed	unique_full_body_sha256
LF9D012H	0x797B4	LF9G003T	0x85FE8	dtc_monitor_eval_d	dtc_monitor_eval_d	dtc_monitor_eval_d	492	d55d159faa6875923c5ae7d0004a270333716636230481edf43ccb1d4e22ef7d	already_named	unique_full_body_sha256
LF9D012H	0x6D05C	LF9G003T	0x79890	FUN_0006d05c	FUN_00079890	FUN_0006d05c	48	d57c2fc9b19c34677089b3c2a0507ddfb271b6fa0bd59313a40a4b8441938728	source_unnamed	unique_full_body_sha256
LF9D012H	0xEB204	LF9G003T	0xF8C70	FUN_000eb204	FUN_000f8c70	FUN_000eb204	52	d5d3f3af003737b74f71d650542029254630993d3a2a5672bdd72b56b7a1a730	source_unnamed	unique_full_body_sha256
LF9D012H	0x27E6C8	LF9G003T	0x27E89C	FUN_0027e6c8	FUN_0027e89c	FUN_0027e6c8	76	d5ecbf356bbc5a3fc4d1285a92aa9f195ded5686b2d9ce1102da62b238d7068b	source_unnamed	unique_full_body_sha256
LF9D012H	0xB15DC	LF9G003T	0xBEA80	FUN_000b15dc	FUN_000bea80	FUN_000b15dc	68	d5ed710c6c3392a0c816e68cccf73c55a576cc27ba1c9014b6829494a0e5a7c1	source_unnamed	unique_full_body_sha256
LF9D012H	0xABBAA	LF9G003T	0xB904E	FUN_000abbaa	FUN_000b904e	FUN_000abbaa	40	d5fba67a84341b97682f9962a1308beaa2c1454ef4ea61fce44667c0b6dfaf31	source_unnamed	unique_full_body_sha256
LF9D012H	0x9E8F4	LF9G003T	0xAB218	FUN_0009e8f4	FUN_000ab218	FUN_0009e8f4	14	d61682ba9f9ed53741bd6ec8d3a98bb9c35f34c08942f1b78003dcefb8f0f2a1	source_unnamed	unique_full_body_sha256
LF9D012H	0xB954E	LF9G003T	0xC6A5A	FUN_000b954e	FUN_000c6a5a	FUN_000b954e	360	d617cbeb470efeca41353bf7a3d55fab757c28c3692f62af1d0945daf97764c8	source_unnamed	unique_full_body_sha256
LF9D012H	0x1DBFD2	LF9G003T	0x1F20F2	FUN_001dbfd2	FUN_001f20f2	FUN_001dbfd2	10	d62d40d4793a88f7896f916f1f38b6663008dc5ad337aa33c93e84ec603050cc	source_unnamed	unique_full_body_sha256
LF9D012H	0x1AF9FC	LF9G003T	0x1C4E8C	FUN_001af9fc	FUN_001c4e8c	FUN_001af9fc	88	d641a82df6ec8d72718909d991bf57fbb104e0baf8f677938fe5396a4aec853e	source_unnamed	unique_full_body_sha256
LF9D012H	0xF5198	LF9G003T	0x102D90	FUN_000f5198	FUN_00102d90	FUN_000f5198	56	d65f37f29d1052d08979f29c43bf360e69cdfa7f07389792e04764cbbec2311d	source_unnamed	unique_full_body_sha256
LF9D012H	0x6EB80	LF9G003T	0x7B3B4	FUN_0006eb80	FUN_0007b3b4	FUN_0006eb80	40	d66ead53aff6c1a1c1e72b2f6e8970a35c0dcaaa8cb96e0f8e4d991796d1f236	source_unnamed	unique_full_body_sha256
LF9D012H	0x1DEBB8	LF9G003T	0x1F4CD8	FUN_001debb8	FUN_001f4cd8	FUN_001debb8	164	d67b2a2e55a41bc36c62c07e934ced00e479e9b3bb7be9d0bb1363dc5a69ef14	source_unnamed	unique_full_body_sha256
LF9D012H	0x84A46	LF9G003T	0x91292	FUN_00084a46	FUN_00091292	FUN_00084a46	156	d695fca47af1ab97383016dc7682028548172a4a8126c0af017ad0f4dfdc432c	source_unnamed	unique_full_body_sha256
LF9D012H	0x6628	LF9G003T	0x6628	FUN_00006628	FUN_00006628	FUN_00006628	70	d7129837e12fea989bf8cb1340c5a35097e8dd47ae066ee0745651c3fdff60b1	source_unnamed	unique_full_body_sha256
LF9D012H	0x88A04	LF9G003T	0x95264	FUN_00088a04	FUN_00095264	FUN_00088a04	196	d71ea18aa4d08d20823ac60f305c7a452b159c7f0e8dd8090714c6738c0bc569	source_unnamed	unique_full_body_sha256
LF9D012H	0x1F166A	LF9G003T	0x2079AA	FUN_001f166a	FUN_002079aa	FUN_001f166a	10	d71f2ca4d3b850206bd5754e9b614ba721b64124a2fe1414770328b370bf6493	source_unnamed	unique_full_body_sha256
LF9D012H	0xA9F9A	LF9G003T	0xB743E	FUN_000a9f9a	FUN_000b743e	FUN_000a9f9a	68	d73a8c942455f11b9792f4b9fb2f66a951532b7f69690e11c9e230e0bcb47723	source_unnamed	unique_full_body_sha256
LF9D012H	0x1CA104	LF9G003T	0x1DF59C	FUN_001ca104	FUN_001df59c	FUN_001ca104	78	d789e32fdf776f70ff869f8f93e7dbe729bc7c9d8f1495644814e0698c75aca5	source_unnamed	unique_full_body_sha256
LF9D012H	0xB71EA	LF9G003T	0xC46F6	FUN_000b71ea	FUN_000c46f6	FUN_000b71ea	30	d78c6df2130cc1964120e66cc81f7915202423f0618f0ed83efeae5e60fa78e9	source_unnamed	unique_full_body_sha256
LF9D012H	0x6CF16	LF9G003T	0x7974A	diag_monitor_mature_rec00	diag_monitor_mature_rec00	diag_monitor_mature_rec00	46	d79937abb02673432d3c10b972e3fd38ffe087beac556cd4db0d075452fe3ece	already_named	unique_full_body_sha256
LF9D012H	0x1E37D4	LF9G003T	0x1F98F4	FUN_001e37d4	FUN_001f98f4	FUN_001e37d4	92	d7c2a37cf42f419842545314fd7f92aaee7b4086bd4458cd1f4b6c81bc8e3577	source_unnamed	unique_full_body_sha256
LF9D012H	0x860B0	LF9G003T	0x928FC	FUN_000860b0	FUN_000928fc	FUN_000860b0	102	d804b2728f56e0285f721ce1bb18c3d7ccdb75cd553418dc9dbc3864d5675851	source_unnamed	unique_full_body_sha256
LF9D012H	0xAEB0E	LF9G003T	0xBBFB2	FUN_000aeb0e	FUN_000bbfb2	FUN_000aeb0e	76	d81a39ad5e89f34a03745dea0bcd0e399084409816bcb90ba7866aacc863434c	source_unnamed	unique_full_body_sha256
LF9D012H	0xD626C	LF9G003T	0xE3CE0	FUN_000d626c	FUN_000e3ce0	FUN_000d626c	76	d81a5bc44638a31344bbe6e9f88c8bb86107a375e37a16b5157ca7adf055b68f	source_unnamed	unique_full_body_sha256
LF9D012H	0x27EFA0	LF9G003T	0x27F174	output_driver_dispatch	output_driver_dispatch	output_driver_dispatch	40	d81f963370bd8818e7d511198c16ac7fc4bf74a3c4369736d201daab3b3956f7	already_named	unique_full_body_sha256
LF9D012H	0xBFE36	LF9G003T	0xCD4AA	uds_22_read_f3xx_did	uds_22_read_f3xx_did	uds_22_read_f3xx_did	202	d872159f153234e60d0fe15798cdce651152d67c7f3c6ad7c54093be5a98ba56	already_named	unique_full_body_sha256
LF9D012H	0x1F4F30	LF9G003T	0x20B2A8	FUN_001f4f30	FUN_0020b2a8	FUN_001f4f30	72	d873e326ebb5a26257f41b3123b0fb0310a0008744f57926ba0a7ae168d1213a	source_unnamed	unique_full_body_sha256
LF9D012H	0x1526D8	LF9G003T	0x16535C	FUN_001526d8	FUN_0016535c	FUN_001526d8	58	d88f6b80dc1d2b2b20cb5b62ed3265ae314410a5779d204c6721339bb18f70dc	source_unnamed	unique_full_body_sha256
LF9D012H	0x107AA0	LF9G003T	0x1157D0	FUN_00107aa0	FUN_001157d0	FUN_00107aa0	38	d8bfaf85e36c60fefa5c3392ab4d3b3390f7b817fd6415626771d03c8e7ee2b7	source_unnamed	unique_full_body_sha256
LF9D012H	0x1E1A08	LF9G003T	0x1F7B28	FUN_001e1a08	FUN_001f7b28	FUN_001e1a08	44	d8d71a90fb5c342f4f09d3d9ad56bf6318bab88e4c2850ba560492a90259246b	source_unnamed	unique_full_body_sha256
LF9D012H	0x127DD4	LF9G003T	0x1362A8	FUN_00127dd4	FUN_001362a8	FUN_00127dd4	108	d8e894fbcaf30516eb6a730644d5e3dd1806bc462f769260154835e38826249b	source_unnamed	unique_full_body_sha256
LF9D012H	0xE75B4	LF9G003T	0xF5020	FUN_000e75b4	FUN_000f5020	FUN_000e75b4	52	d8f0db7702c23d5e1baf43f535ca064d2934802f7395a2f35e74cbbe18b76c2d	source_unnamed	unique_full_body_sha256
LF9D012H	0xBA5A0	LF9G003T	0xC7AAC	FUN_000ba5a0	FUN_000c7aac	FUN_000ba5a0	18	d91ad25a3e5f379c5bd9ce5f4d9b94ca7e4ec71f8b1f91422e758f6c394844a6	source_unnamed	unique_full_body_sha256
LF9D012H	0x949F6	LF9G003T	0xA131A	FUN_000949f6	FUN_000a131a	FUN_000949f6	28	d93e2d0a55e5d2ad5317b0d0813770883889429971b018c8ec70c9145f25a35d	source_unnamed	unique_full_body_sha256
LF9D012H	0x19ECB0	LF9G003T	0x1B2D0C	FUN_0019ecb0	FUN_001b2d0c	FUN_0019ecb0	84	d95c1d7436e9b25203d64bcb614b7c4b6ac46d8b3846d6762c763f33b44049a3	source_unnamed	unique_full_body_sha256
LF9D012H	0x1458CC	LF9G003T	0x15692C	FUN_001458cc	FUN_0015692c	FUN_001458cc	132	d984b785e19f1d0c328b2f8922917cfa301a1c4006796c6aa43daefc7138fa99	source_unnamed	unique_full_body_sha256
LF9D012H	0x10DF2C	LF9G003T	0x11C2CC	FUN_0010df2c	FUN_0011c2cc	FUN_0010df2c	46	d98c96627977b90aac7855315fcd633fab42afefe170e498e8fc68a23c05d573	source_unnamed	unique_full_body_sha256
LF9D012H	0x1B310C	LF9G003T	0x1C85A4	FUN_001b310c	FUN_001c85a4	FUN_001b310c	82	d994ad603373e53ca7ce61f925b648bf1c92082655300c52cbe811a0a817cc1d	source_unnamed	unique_full_body_sha256
LF9D012H	0x27D058	LF9G003T	0x27D22C	FUN_0027d058	FUN_0027d22c	FUN_0027d058	48	d998c6c728bb543d57197d3dc33ab725bf7bd11c731088f4b193988af04c0164	source_unnamed	unique_full_body_sha256
LF9D012H	0x1D58DA	LF9G003T	0x1EB9FA	FUN_001d58da	FUN_001eb9fa	FUN_001d58da	10	d9c53375ed8dc03d08b215a0a336304ff39552fdb230cbd4140dea8f6310696e	source_unnamed	unique_full_body_sha256
LF9D012H	0x153C5C	LF9G003T	0x166970	FUN_00153c5c	FUN_00166970	FUN_00153c5c	70	d9cfcaf2f44d4f2078f1d7d3ab9f25176c98472d88c2dbf0c9c37973b4ac10ea	source_unnamed	unique_full_body_sha256
LF9D012H	0x122214	LF9G003T	0x1306F0	FUN_00122214	FUN_001306f0	FUN_00122214	110	da0b781804d8f86a7b3ce03a2da740ed8251c93d23f01d23686d8eedbc4d1fd9	source_unnamed	unique_full_body_sha256
LF9D012H	0x6F06E	LF9G003T	0x7B8A2	FUN_0006f06e	FUN_0007b8a2	FUN_0006f06e	88	da0bf77b014a380f4d1206b534dfa06cebe0c4b928920cb2042b2668b649c001	source_unnamed	unique_full_body_sha256
LF9D012H	0xB2A14	LF9G003T	0xBFEB8	FUN_000b2a14	FUN_000bfeb8	FUN_000b2a14	78	da2c30cbd695f0a8adb62ee8068559e1459fe36a368546931b47d054fcc71be1	source_unnamed	unique_full_body_sha256
LF9D012H	0xB8CB8	LF9G003T	0xC61C4	FUN_000b8cb8	FUN_000c61c4	FUN_000b8cb8	70	da3df63a44d066ecf750c193db2d6b02fb3a4f87a8d56558be3230d2cd2b4762	source_unnamed	unique_full_body_sha256
LF9D012H	0x70780	LF9G003T	0x7CFB4	FUN_00070780	FUN_0007cfb4	FUN_00070780	26	da555ff4ffcbe3c17fc0139ea57ba5feb376062c8af6e6c3b0dafcafb3e2b96a	source_unnamed	unique_full_body_sha256
LF9D012H	0x11319C	LF9G003T	0x12159C	FUN_0011319c	FUN_0012159c	FUN_0011319c	22	da5777f44e164ad1095d17f85471f1024249ec0c7fc4d8c63818ba3dc0311a4d	source_unnamed	unique_full_body_sha256
LF9D012H	0x1AB588	LF9G003T	0x1C0890	FUN_001ab588	FUN_001c0890	FUN_001ab588	786	da5cbad1acdd69c8397b9204056732cfc5014aa74768f0093c12d5934b164f70	source_unnamed	unique_full_body_sha256
LF9D012H	0x1F17B8	LF9G003T	0x207AF8	FUN_001f17b8	FUN_00207af8	FUN_001f17b8	40	da608bce6c2cd287f3f3886ec54cd3b685fb43ab5fd08ced2d57353566094173	source_unnamed	unique_full_body_sha256
LF9D012H	0x1D8080	LF9G003T	0x1EE1A0	FUN_001d8080	FUN_001ee1a0	FUN_001d8080	46	da67cb2092f18b8039793c890688f370ea56e4525557a3e47d8146a7cc287f39	source_unnamed	unique_full_body_sha256
LF9D012H	0x1BF44C	LF9G003T	0x1D48E4	FUN_001bf44c	FUN_001d48e4	FUN_001bf44c	56	da6c3b5b0c5df66dd3865bf49378040bdc369faa78e9fc74dfbe45d49aa61f2c	source_unnamed	unique_full_body_sha256
LF9D012H	0x1B5854	LF9G003T	0x1CACEC	FUN_001b5854	FUN_001cacec	FUN_001b5854	262	da753852b2d7dbe0ae33a53dbc3679a1d526c6db9a00c8f1092eace55513808c	source_unnamed	unique_full_body_sha256
LF9D012H	0x1F0A40	LF9G003T	0x206D80	FUN_001f0a40	FUN_00206d80	FUN_001f0a40	76	da75d517e80d9b41769d7eedb5448eb780cf8a10ffbd4e1d80b5d414f6bfc0fa	source_unnamed	unique_full_body_sha256
LF9D012H	0x85BDA	LF9G003T	0x92426	FUN_00085bda	FUN_00092426	FUN_00085bda	52	da79093ea726a501dd4c779dd6cc49ac88063e67d676b7152df52d0309d8f9ec	source_unnamed	unique_full_body_sha256
LF9D012H	0x1D802C	LF9G003T	0x1EE14C	FUN_001d802c	FUN_001ee14c	FUN_001d802c	20	da9d7270365c79dfd4e08a816937cc37e309dd39e8406590ae7ccd4bcb2d0f54	source_unnamed	unique_full_body_sha256
LF9D012H	0x1DF708	LF9G003T	0x1F5828	FUN_001df708	FUN_001f5828	FUN_001df708	22	dac3bc950a8608bb03cadb17ddd4cc58de825a919d6f2e9b0ea4ac63a76d5fb0	source_unnamed	unique_full_body_sha256
LF9D012H	0x1F4B9C	LF9G003T	0x20AF14	call_cb_with_lockbit_4000	call_cb_with_lockbit_4000	call_cb_with_lockbit_4000	36	dac3d3bc8aa3c3db3607aa7052bbe2acc4f4858b4560895eef65b7e8fbec7fb7	already_named	unique_full_body_sha256
LF9D012H	0xAF31E	LF9G003T	0xBC7C2	thunk_FUN_000afdc8	thunk_FUN_000bd26c	thunk_FUN_000afdc8	4	dacc899b426b48e51b2551b516633645c64d5c2d15810e66cc3dedbf3d1420b6	source_unnamed	unique_full_body_sha256
LF9D012H	0x183B20	LF9G003T	0x197B1C	FUN_00183b20	FUN_00197b1c	FUN_00183b20	196	dae2e1b30330a2737ed4b430646c382d41ede122803a5ec5d753471a69d9b09e	source_unnamed	unique_full_body_sha256
LF9D012H	0xBF10E	LF9G003T	0xCC77C	FUN_000bf10e	FUN_000cc77c	FUN_000bf10e	22	dae6feb79b17e3a8eb7552e928692c221bd05e140ad4a6d9737b7c5668635438	source_unnamed	unique_full_body_sha256
LF9D012H	0x1F1696	LF9G003T	0x2079D6	FUN_001f1696	FUN_002079d6	FUN_001f1696	6	dafcf4fd2bc0ff10ff6c6d3468a15944a2bf80135d686206061b43ef8c6d7425	source_unnamed	unique_full_body_sha256
LF9D012H	0x1BF8B4	LF9G003T	0x1D4D4C	FUN_001bf8b4	FUN_001d4d4c	FUN_001bf8b4	52	db0eaf8bedba501024e3a6d501291d43cd0e12cb19aa8a75cb7d9f34189641be	source_unnamed	unique_full_body_sha256
LF9D012H	0x27D932	LF9G003T	0x27DB06	FUN_0027d932	FUN_0027db06	FUN_0027d932	172	db10605acd9ba3fe2b25ab4c84198aaf4e2985965a82cdf09c2acb8d0f16419f	source_unnamed	unique_full_body_sha256
LF9D012H	0xC9738	LF9G003T	0xD7190	FUN_000c9738	FUN_000d7190	FUN_000c9738	20	db2c59d5db44caf75841431a5c5570d5c5a2fb657080d5827f7e829692371570	source_unnamed	unique_full_body_sha256
LF9D012H	0x1DD60C	LF9G003T	0x1F372C	frame_set_2byte_field	frame_set_2byte_field	frame_set_2byte_field	14	db43177b0ee7c8024e7a8ea6cb9087e8164243755d58228612c9268b743b2865	already_named	unique_full_body_sha256
LF9D012H	0x27D12E	LF9G003T	0x27D302	FUN_0027d12e	FUN_0027d302	FUN_0027d12e	18	db9ac51352ffb7aefc5db39408024781fd396f931c2f37623431ab9a89dd3fdd	source_unnamed	unique_full_body_sha256
LF9D012H	0x10DCA8	LF9G003T	0x11C048	FUN_0010dca8	FUN_0011c048	FUN_0010dca8	8	dba0830b2c290e68e265c9c619fa6c6ea04f621334d3e034982c65103aca798d	source_unnamed	unique_full_body_sha256
LF9D012H	0x9EA64	LF9G003T	0xAB388	FUN_0009ea64	FUN_000ab388	FUN_0009ea64	232	dbb91f92c9e45baa15da8299a07badac786b666c71f918ddfee735d7945bc9d7	source_unnamed	unique_full_body_sha256
LF9D012H	0x94870	LF9G003T	0xA1194	FUN_00094870	FUN_000a1194	FUN_00094870	136	dbd1c3ce63a0a2c0c507446b88f3f14fb42d1291b1b805c08c2a41195828026f	source_unnamed	unique_full_body_sha256
LF9D012H	0x18F798	LF9G003T	0x1A3790	FUN_0018f798	FUN_001a3790	FUN_0018f798	122	dbf59e76fcbf873e8fcd2187f1470dd6a728f6451bf0fa0759f8b8c9dc77b4b5	source_unnamed	unique_full_body_sha256
LF9D012H	0x1DACA2	LF9G003T	0x1F0DC2	FUN_001daca2	FUN_001f0dc2	FUN_001daca2	10	dbf88a9f237e6bd9906fd2e5df0549b78f38b8046ae9a15acc5442c2ee302695	source_unnamed	unique_full_body_sha256
LF9D012H	0x136E74	LF9G003T	0x145340	FUN_00136e74	FUN_00145340	FUN_00136e74	56	dc10eba47b31e72f3e3ac256e2304d9bee594c0e8dfb910510b37be00d5ebf64	source_unnamed	unique_full_body_sha256
LF9D012H	0xD1B3C	LF9G003T	0xDF5B0	FUN_000d1b3c	FUN_000df5b0	FUN_000d1b3c	34	dc2fd0e73f17baf191f056d09da38bff52aede525d349b405f90bd09e604c06c	source_unnamed	unique_full_body_sha256
LF9D012H	0x86BDC	LF9G003T	0x93428	FUN_00086bdc	FUN_00093428	FUN_00086bdc	54	dc3731a149769c18f1b1391687bdcc63a0f2d5fb7816e02ac196f1f04bb75955	source_unnamed	unique_full_body_sha256
LF9D012H	0x1DAC6C	LF9G003T	0x1F0D8C	FUN_001dac6c	FUN_001f0d8c	FUN_001dac6c	10	dc5ce4bbf21e2a5fbf419c9907fcbbb75141ec65bf638c50682c86e046d9258c	source_unnamed	unique_full_body_sha256
LF9D012H	0x181DC0	LF9G003T	0x195E40	FUN_00181dc0	FUN_00195e40	FUN_00181dc0	266	dc63a49b573d88777e1552f4011ca465cc39bc45ce58345d3884b8f9a74597ac	source_unnamed	unique_full_body_sha256
LF9D012H	0x1DA218	LF9G003T	0x1F0338	FUN_001da218	FUN_001f0338	FUN_001da218	130	dc6803e7c7a67b39c82277893b6b7dc67fcf684af20e2701b7c3d0b3a012e648	source_unnamed	unique_full_body_sha256
LF9D012H	0xFE888	LF9G003T	0x10C47C	FUN_000fe888	FUN_0010c47c	FUN_000fe888	58	dc82a7039db900bced02fc64a086c4278fded6509db2c862ac22c065d812e19f	source_unnamed	unique_full_body_sha256
LF9D012H	0xCE3F4	LF9G003T	0xDBE68	FUN_000ce3f4	FUN_000dbe68	FUN_000ce3f4	42	dcce4555f702e173454be9e6b65d9caa81783923fc5363a8db907be5f2a6125c	source_unnamed	unique_full_body_sha256
LF9D012H	0xB1B34	LF9G003T	0xBEFD8	FUN_000b1b34	FUN_000befd8	FUN_000b1b34	24	dcd14429725ac1c0c62cfd531c34552949e5bf64cd3375a8f2d6da2ed2616349	source_unnamed	unique_full_body_sha256
LF9D012H	0x1DA324	LF9G003T	0x1F0444	FUN_001da324	FUN_001f0444	FUN_001da324	10	dcd41d36760d9186d30cd7c049231aace47a757b99d770f89169a511a9aabfbc	source_unnamed	unique_full_body_sha256
LF9D012H	0x95466	LF9G003T	0xA1D8A	FUN_00095466	FUN_000a1d8a	FUN_00095466	390	dcd62a297ab143d530e226ff1d740d2c6e94b7fe3847069990140ff5bb1c7617	source_unnamed	unique_full_body_sha256
LF9D012H	0x1E19AC	LF9G003T	0x1F7ACC	FUN_001e19ac	FUN_001f7acc	FUN_001e19ac	6	dcdfcfea57cfe11ecab06707e97d6b2ee2938f33684d4fadd6ba5c8cce7cc1fa	source_unnamed	unique_full_body_sha256
LF9D012H	0x1D6DA2	LF9G003T	0x1ECEC2	FUN_001d6da2	FUN_001ecec2	FUN_001d6da2	14	dce570c1eec5e7797665b0d34abc36dd359f4c7dac10a07f6c5ad7a10dd8a903	source_unnamed	unique_full_body_sha256
LF9D012H	0x27E4B8	LF9G003T	0x27E68C	FUN_0027e4b8	FUN_0027e68c	FUN_0027e4b8	92	dced07981cd5a0722e8a6a136fb7ce8bc3b758095905f63249a229856830eea7	source_unnamed	unique_full_body_sha256
LF9D012H	0xAB436	LF9G003T	0xB88DA	FUN_000ab436	FUN_000b88da	FUN_000ab436	114	dd046def442797277709a7197069034834fb744910a35a0fc94428e0ce425432	source_unnamed	unique_full_body_sha256
LF9D012H	0x6D1AC	LF9G003T	0x799E0	FUN_0006d1ac	FUN_000799e0	FUN_0006d1ac	48	dd28e6fd594611c1635af4eeff7bb65920aaa535d95d5a153c0f31e54ce57f35	source_unnamed	unique_full_body_sha256
LF9D012H	0x761B8	LF9G003T	0x829EC	FUN_000761b8	FUN_000829ec	FUN_000761b8	216	dd7f2a52a3a8160057adf4b526935ed19c3a079eb13a44737c9c91e5c45f9f4f	source_unnamed	unique_full_body_sha256
LF9D012H	0x70B68	LF9G003T	0x7D39C	FUN_00070b68	FUN_0007d39c	FUN_00070b68	20	ddc2e9936867042851a85f3ef6d3d12ea912824c8f3b2535e00403d329cfe74d	source_unnamed	unique_full_body_sha256
LF9D012H	0x77784	LF9G003T	0x83FB8	FUN_00077784	FUN_00083fb8	FUN_00077784	100	ddce2003bec44fd73e222f4dcc4cd58d0b3fbd38fa85ddaab53dab6faef6c131	source_unnamed	unique_full_body_sha256
LF9D012H	0x18ADB4	LF9G003T	0x19EDA0	FUN_0018adb4	FUN_0019eda0	FUN_0018adb4	134	ddd3083cacb4dd31adbfb0dec1d79cfc800039d535e3fd3a3980ca4ef0ac62e5	source_unnamed	unique_full_body_sha256
LF9D012H	0x1EC638	LF9G003T	0x202978	FUN_001ec638	FUN_00202978	FUN_001ec638	146	de0750a24e4d7ae9674d926dfc9caf98350f98e209db03d95634f543ab56483d	source_unnamed	unique_full_body_sha256
LF9D012H	0x1DF7EA	LF9G003T	0x1F590A	FUN_001df7ea	FUN_001f590a	FUN_001df7ea	96	de0aa90ccae19f805b99be205f80be736cb6e6aae4ab120bd9c819706da54e53	source_unnamed	unique_full_body_sha256
LF9D012H	0x77C8	LF9G003T	0x7790	FUN_000077c8	FUN_00007790	FUN_000077c8	8	de146f2ed9952632443580cd9d8b91b9b57689798116144f319ceda48df9df65	source_unnamed	unique_full_body_sha256
LF9D012H	0x11E52C	LF9G003T	0x12CA08	FUN_0011e52c	FUN_0012ca08	FUN_0011e52c	88	de4dc9add3021a13961d816b4f96020bde18dfc01a01b9adeb03caeec502fb99	source_unnamed	unique_full_body_sha256
LF9D012H	0x1DB928	LF9G003T	0x1F1A48	FUN_001db928	FUN_001f1a48	FUN_001db928	54	de57e3d4b99efcd83a4803a6119483f9ac9ceb907875cfb08bc95cf9af811ff7	source_unnamed	unique_full_body_sha256
LF9D012H	0xAADBA	LF9G003T	0xB825E	FUN_000aadba	FUN_000b825e	FUN_000aadba	40	de64c4f7aafec434c49a416e0f3548ac8c559feef5b004fe0c3ac408fe8264f7	source_unnamed	unique_full_body_sha256
LF9D012H	0x75A2E	LF9G003T	0x82262	FUN_00075a2e	FUN_00082262	FUN_00075a2e	78	de8450b5036798d0609a37aadab22aa9f7cb5eae3c207ba15e5c3d2f5badfb7f	source_unnamed	unique_full_body_sha256
LF9D012H	0x899AE	LF9G003T	0x9620E	FUN_000899ae	FUN_0009620e	FUN_000899ae	26	dea3f07b1657ce6efca1d927cf3f0920d18d20154d1a9611c8a8fab33350d5e7	source_unnamed	unique_full_body_sha256
LF9D012H	0x1E1B06	LF9G003T	0x1F7C26	FUN_001e1b06	FUN_001f7c26	FUN_001e1b06	10	dea98716aa07e19c8075b1de194c7144ac619461ff3302831040868f4c58a3c3	source_unnamed	unique_full_body_sha256
LF9D012H	0x137448	LF9G003T	0x145914	FUN_00137448	FUN_00145914	FUN_00137448	108	deee92e362764fac40aefecd1f30f8771556dd6f8ba0778fb133c0fbfa746908	source_unnamed	unique_full_body_sha256
LF9D012H	0x1B3B0C	LF9G003T	0x1C8FA4	interp_1d_axis_u16_data_s8b	interp_1d_axis_u16_data_s8b	interp_1d_axis_u16_data_s8b	134	df086bb9a61ccf6ca0d27f0cd4931ec793009d69f7939976c3aab05aa1f1aae4	already_named	unique_full_body_sha256
LF9D012H	0x13CA20	LF9G003T	0x14AEEC	FUN_0013ca20	FUN_0014aeec	FUN_0013ca20	106	df1a1000ed6b04808886346b6e19124f5891108260a1c63bba8d498dcfce6cc9	source_unnamed	unique_full_body_sha256
LF9D012H	0x81738	LF9G003T	0x8DF68	FUN_00081738	FUN_0008df68	FUN_00081738	22	df23add9bd17aed4c0cca762923566907b0f8d505cd156e5628ebe51be78d398	source_unnamed	unique_full_body_sha256
LF9D012H	0x1F17E0	LF9G003T	0x207B20	FUN_001f17e0	FUN_00207b20	FUN_001f17e0	18	df270bbe4e36d36ba0af17895c053cf169a2cf841b7f10c0fc01c3f5bb5939ea	source_unnamed	unique_full_body_sha256
LF9D012H	0x1314A4	LF9G003T	0x13F970	FUN_001314a4	FUN_0013f970	FUN_001314a4	18	df459079d97fcf5ba86cd48d410c2ac19ef28a5ef48fb26f80d3c9e02a7ed198	source_unnamed	unique_full_body_sha256
LF9D012H	0x1B4540	LF9G003T	0x1C99D8	FUN_001b4540	FUN_001c99d8	FUN_001b4540	292	df4da1d9e04c240cdbda24ef422895197d205019e049903dc7cb0cbf55e1c728	source_unnamed	unique_full_body_sha256
LF9D012H	0x121684	LF9G003T	0x12FB60	FUN_00121684	FUN_0012fb60	FUN_00121684	26	df4da9ab225f32b588f9790d6b86c35cf5673ca795485cddf3e73f666697cdf3	source_unnamed	unique_full_body_sha256
LF9D012H	0x1DACBC	LF9G003T	0x1F0DDC	FUN_001dacbc	FUN_001f0ddc	FUN_001dacbc	44	df5bb00a6d9df149bd3ebd182dfedd7bd58201d64fe37f74279f4092777e9932	source_unnamed	unique_full_body_sha256
LF9D012H	0x109DB8	LF9G003T	0x117AE8	FUN_00109db8	FUN_00117ae8	FUN_00109db8	192	df8c460754c571cef94b84ca89e8588616a059092f088380e36949160fa6051e	source_unnamed	unique_full_body_sha256
LF9D012H	0x1DC03E	LF9G003T	0x1F215E	FUN_001dc03e	FUN_001f215e	FUN_001dc03e	10	dfaa09dc42f68fa1f397de20f409b9d44dfa2311c0546c683063df74150b2fba	source_unnamed	unique_full_body_sha256
LF9D012H	0x83178	LF9G003T	0x8F9B4	FUN_00083178	FUN_0008f9b4	FUN_00083178	32	dfda59c302f59dcbc5c7e2ca27d7fc7f1fd84257240ae814ce1b50c845ca78da	source_unnamed	unique_full_body_sha256
LF9D012H	0xE4554	LF9G003T	0xF1FC0	FUN_000e4554	FUN_000f1fc0	FUN_000e4554	72	e0019ed93d1ff0ccab1ebd5f0d31d732a38e411e286caa72ae5e58d3121bfd3b	source_unnamed	unique_full_body_sha256
LF9D012H	0x1EDF2C	LF9G003T	0x20426C	FUN_001edf2c	FUN_0020426c	FUN_001edf2c	32	e02068d7b129c2e4e7b2953c03bffca668d28a44ccf59c6df306cc5de80201a1	source_unnamed	unique_full_body_sha256
LF9D012H	0x1B3F8C	LF9G003T	0x1C9424	FUN_001b3f8c	FUN_001c9424	FUN_001b3f8c	108	e044066ab824d9d5c4adcb5d1706d9ed4c9553d0cc0e6d4e9901d21f68532c39	source_unnamed	unique_full_body_sha256
LF9D012H	0x1DC048	LF9G003T	0x1F2168	FUN_001dc048	FUN_001f2168	FUN_001dc048	10	e061cc3d0b336abc88a600e91c56a44d6405de0ce99adae06bbdfe03c2a17255	source_unnamed	unique_full_body_sha256
LF9D012H	0xB1188	LF9G003T	0xBE62C	FUN_000b1188	FUN_000be62c	FUN_000b1188	258	e0727732b26fc08ab163a0736aec4dd4f2c4436c9aa3895f2eda47b3718f7737	source_unnamed	unique_full_body_sha256
LF9D012H	0x1D69D8	LF9G003T	0x1ECAF8	sig_set_fwd_1a	sig_set_fwd_1a	sig_set_fwd_1a	6	e09d2f899997b86760bc20b911f464286a8f8201a5d30e555532b0a5e95c34a9	already_named	unique_full_body_sha256
LF9D012H	0x1616E8	LF9G003T	0x174868	FUN_001616e8	FUN_00174868	FUN_001616e8	108	e0a21879e51fba2694e5f28e45791bbaa71192a9e0d2c119c87eff3e69576da3	source_unnamed	unique_full_body_sha256
LF9D012H	0x131004	LF9G003T	0x13F4D0	FUN_00131004	FUN_0013f4d0	FUN_00131004	54	e0c4b07218e3b44a99dd77e1b7f3c35d6c51aa7c5ad2fcbaa1cb4fe44b2f0330	source_unnamed	unique_full_body_sha256
LF9D012H	0x14E728	LF9G003T	0x15F778	FUN_0014e728	FUN_0015f778	FUN_0014e728	100	e0e3fda9b57c9ad32121206c6136ebf4c1966fa581ed26551ee55e32238d308a	source_unnamed	unique_full_body_sha256
LF9D012H	0xA34B8	LF9G003T	0xAFDDC	sa_block_join_halves	sa_block_join_halves	sa_block_join_halves	88	e0ebd2fcad1f75f0670a690c1cd0923335999a1a8f7861bb4e59aa6e1f8d4033	already_named	unique_full_body_sha256
LF9D012H	0x13C64C	LF9G003T	0x14AB18	FUN_0013c64c	FUN_0014ab18	FUN_0013c64c	32	e1192c6c9bf0eb10d0d336df747946f31fdd7aa1c600d953c414cdfcca6a6206	source_unnamed	unique_full_body_sha256
LF9D012H	0x1F1628	LF9G003T	0x207968	FUN_001f1628	FUN_00207968	FUN_001f1628	10	e12beb29a98342bad68afcd1c73df6cb4ae9177a01e70644e1c18167a87167f0	source_unnamed	unique_full_body_sha256
LF9D012H	0xE9304	LF9G003T	0xF6D70	FUN_000e9304	FUN_000f6d70	FUN_000e9304	32	e137ca3d5e9cfce5c616989d997d14fdee9c83a66eb476aa92c0d8272845ed4e	source_unnamed	unique_full_body_sha256
LF9D012H	0xFE658	LF9G003T	0x10C24C	FUN_000fe658	FUN_0010c24c	FUN_000fe658	58	e14ec167bf68009eb6b7c13365cc6c597be2053968e1063e90b12b51cea4ae67	source_unnamed	unique_full_body_sha256
LF9D012H	0x1EEFC4	LF9G003T	0x205304	FUN_001eefc4	FUN_00205304	FUN_001eefc4	374	e160b604a5e9fbb9d6f7b1b2a50f4314675827d435e6eff20d8cd84f04a974cd	source_unnamed	unique_full_body_sha256
LF9D012H	0x6E538	LF9G003T	0x7AD6C	FUN_0006e538	FUN_0007ad6c	FUN_0006e538	162	e161a6b1c274065cf1bfe51239ee03ef692b0e8b07071c2a631b2a2298e57dd7	source_unnamed	unique_full_body_sha256
LF9D012H	0x1DF350	LF9G003T	0x1F5470	adc_channel_range_dispatch	adc_channel_range_dispatch	adc_channel_range_dispatch	570	e177ae8e6286199021a84cdb38a24110334074406ab942648a6488d9a2f16327	already_named	unique_full_body_sha256
LF9D012H	0x27D352	LF9G003T	0x27D526	FUN_0027d352	FUN_0027d526	FUN_0027d352	20	e18b8401cbc05a42e1e8c05c2420d5476b4cd879bec17eb87f1080037daab08c	source_unnamed	unique_full_body_sha256
LF9D012H	0x8456C	LF9G003T	0x90DB8	FUN_0008456c	FUN_00090db8	FUN_0008456c	38	e1e0a371883d7bfb2ee7ad52f1460070ec18e5432828a4d4c613a77658e85bd8	source_unnamed	unique_full_body_sha256
LF9D012H	0xA8290	LF9G003T	0xB56E0	FUN_000a8290	FUN_000b56e0	FUN_000a8290	50	e238c7afc0a614016f99903848a78dfc4353127ce5c9576ede23d168814e48a3	source_unnamed	unique_full_body_sha256
LF9D012H	0x76480	LF9G003T	0x82CB4	FUN_00076480	FUN_00082cb4	FUN_00076480	104	e24c1d58e02680ab653eb61f3862d96ee3ee35aa2f1060d497cb396dc02424ca	source_unnamed	unique_full_body_sha256
LF9D012H	0x154F94	LF9G003T	0x167C9C	FUN_00154f94	FUN_00167c9c	FUN_00154f94	210	e24eefee5698681963d21cfe0783413fafaf82c1854c223faa038212009b8629	source_unnamed	unique_full_body_sha256
LF9D012H	0x1F1632	LF9G003T	0x207972	FUN_001f1632	FUN_00207972	FUN_001f1632	10	e2599bfe9b8a18cac10cb100ef415044e4d4d65e7789f8be3e60f5ed1ec63316	source_unnamed	unique_full_body_sha256
LF9D012H	0x1B3204	LF9G003T	0x1C869C	interp_1d_axis_u8_data_s8	interp_1d_axis_u8_data_s8	interp_1d_axis_u8_data_s8	114	e26e59fdd307507dc5eaf03585971958a7c02c84cd02afb9cbc52935135932b7	already_named	unique_full_body_sha256
LF9D012H	0xACED2	LF9G003T	0xBA376	FUN_000aced2	FUN_000ba376	FUN_000aced2	56	e29ee07a5398a11ce9b22b198021783b8f33b1c33b32989795b390036378cde0	source_unnamed	unique_full_body_sha256
LF9D012H	0x1B854C	LF9G003T	0x1CD9E4	FUN_001b854c	FUN_001cd9e4	FUN_001b854c	292	e2dc22bd609ef9d21206331c1b67feee8202086905eb18e1cab58ef776e02cdc	source_unnamed	unique_full_body_sha256
LF9D012H	0xCB960	LF9G003T	0xD93D4	FUN_000cb960	FUN_000d93d4	FUN_000cb960	48	e2eeb8fac5ed0a73f848fe4217f83bd76bb4f25d316097159da9037165079a6a	source_unnamed	unique_full_body_sha256
LF9D012H	0x1E1AE6	LF9G003T	0x1F7C06	FUN_001e1ae6	FUN_001f7c06	FUN_001e1ae6	12	e2f2fe25841ae84aed2183585f97617d6f8000313eb642c40c8a8ef6d55a760a	source_unnamed	unique_full_body_sha256
LF9D012H	0x6EDB8	LF9G003T	0x7B5EC	FUN_0006edb8	FUN_0007b5ec	FUN_0006edb8	40	e335106ee83420a3702ca065484925bbee63ce111f3c6afa236f77de7fa37afc	source_unnamed	unique_full_body_sha256
LF9D012H	0x1F4B54	LF9G003T	0x20AECC	call_cb_with_lockbit_10000	call_cb_with_lockbit_10000	call_cb_with_lockbit_10000	36	e33916c7bedd75d689bced9277a09f8298ec335bad04b037838585a1344005cf	already_named	unique_full_body_sha256
LF9D012H	0x1D9490	LF9G003T	0x1EF5B0	FUN_001d9490	FUN_001ef5b0	FUN_001d9490	18	e370e1f221764cac0785bf84a4f67e313589c373caa6d3529741d539a91e37e3	source_unnamed	unique_full_body_sha256
LF9D012H	0x1EEF24	LF9G003T	0x205264	FUN_001eef24	FUN_00205264	FUN_001eef24	122	e3867ed2a3b79b39eeea990a2422a8c7cdc74b7a699dfc33fc808646c7d8254d	source_unnamed	unique_full_body_sha256
LF9D012H	0x1315AC	LF9G003T	0x13FA78	FUN_001315ac	FUN_0013fa78	FUN_001315ac	60	e3b97a6641a2c3a205fcca3e9cb402869b35e002dc68f1a33aae2bd235d690fb	source_unnamed	unique_full_body_sha256
LF9D012H	0xFB390	LF9G003T	0x108F84	FUN_000fb390	FUN_00108f84	FUN_000fb390	56	e3e9397ba7053c9185fa5d13a258b153a5e5d1300ef11f7c2c8339eecbd0742f	source_unnamed	unique_full_body_sha256
LF9D012H	0x1D6A18	LF9G003T	0x1ECB38	sig_set_fwd_1e	sig_set_fwd_1e	sig_set_fwd_1e	6	e40fc3413abb6d5f765676563578f6e56a6cc78c3c4b02cad1c4862b268937f1	already_named	unique_full_body_sha256
LF9D012H	0x1F12F0	LF9G003T	0x207630	FUN_001f12f0	FUN_00207630	FUN_001f12f0	48	e4158b6a8c269ef297a2c96cbac9ba4f7034226a0d1a89e6f6a1652ea8f432d5	source_unnamed	unique_full_body_sha256
LF9D012H	0x27E872	LF9G003T	0x27EA46	FUN_0027e872	FUN_0027ea46	FUN_0027e872	6	e43de6099f37f4b1db2bfcdf3557500f3e6a85dfc901405461bf8e879d8d4e7f	source_unnamed	unique_full_body_sha256
LF9D012H	0x27E9F4	LF9G003T	0x27EBC8	FUN_0027e9f4	FUN_0027ebc8	FUN_0027e9f4	26	e43f89c1207e5cf767e11e8ef0283faef7629397cbf33ffc6b6bc3ce6756c4d0	source_unnamed	unique_full_body_sha256
LF9D012H	0x1314B8	LF9G003T	0x13F984	FUN_001314b8	FUN_0013f984	FUN_001314b8	20	e44efb06299631ff6ca237fec716243a563ef24e70d5c40d697616ad43f1869c	source_unnamed	unique_full_body_sha256
LF9D012H	0x6D84	LF9G003T	0x6D84	FUN_00006d84	FUN_00006d84	FUN_00006d84	16	e47857265965ffeb24084189c32a3a6e41175fbd02a45f55e68562f1b2691d4d	source_unnamed	unique_full_body_sha256
LF9D012H	0xE6D2C	LF9G003T	0xF4798	FUN_000e6d2c	FUN_000f4798	FUN_000e6d2c	38	e49939478fd0bb7045cc1aafbfed9c239771de9969851e6ceab42c3127dd4c9c	source_unnamed	unique_full_body_sha256
LF9D012H	0x1F4B18	LF9G003T	0x20AE90	FUN_001f4b18	FUN_0020ae90	FUN_001f4b18	24	e4a4823d8e33aa62b3d0e26a600f3079f6e9a033bc543ef55c140e766565b318	source_unnamed	unique_full_body_sha256
LF9D012H	0x109CD4	LF9G003T	0x117A04	FUN_00109cd4	FUN_00117a04	FUN_00109cd4	228	e4a51bdd958a35851ffe4007c72907d7b4d6cdcc0907505678da4eba16015b34	source_unnamed	unique_full_body_sha256
LF9D012H	0xB8DDA	LF9G003T	0xC62E6	FUN_000b8dda	FUN_000c62e6	FUN_000b8dda	330	e4c262bba7e752e06fd9f96fb37ec0d6fd3a2fe1874aaea2487fd2e6d667dba6	source_unnamed	unique_full_body_sha256
LF9D012H	0x27EA88	LF9G003T	0x27EC5C	FUN_0027ea88	FUN_0027ec5c	FUN_0027ea88	26	e4c3042cf456be904092d0ce89218d91091ac2ca55ed38adae56cedc044c89ac	source_unnamed	unique_full_body_sha256
LF9D012H	0x82F8A	LF9G003T	0x8F7C6	FUN_00082f8a	FUN_0008f7c6	FUN_00082f8a	26	e4f8c257fc265f5bb3daea4bb416f9996e81c7afdc0dab760ac5dcea63057607	source_unnamed	unique_full_body_sha256
LF9D012H	0x152408	LF9G003T	0x16508C	FUN_00152408	FUN_0016508c	FUN_00152408	56	e56544f51009ead58725afa9eb354cdd31648defce1974d3e381b1e40ec2f8c7	source_unnamed	unique_full_body_sha256
LF9D012H	0x1D6C50	LF9G003T	0x1ECD70	FUN_001d6c50	FUN_001ecd70	FUN_001d6c50	34	e5aa8f80fce6a73a0843116ce4fd9f24fc79a7f8c9a4c3241bc37c7c948e3b8d	source_unnamed	unique_full_body_sha256
LF9D012H	0x1A0EE4	LF9G003T	0x1B4FF8	FUN_001a0ee4	FUN_001b4ff8	FUN_001a0ee4	34	e5f9b41912dabee7753ea7f9d29fb1b17cd085274f5fa5a1676821b5248f5a7a	source_unnamed	unique_full_body_sha256
LF9D012H	0x27D858	LF9G003T	0x27DA2C	FUN_0027d858	FUN_0027da2c	FUN_0027d858	218	e6350748aeb33c0d0d6362b386d0218b69c5c3b76b555e705aea177c45b3b112	source_unnamed	unique_full_body_sha256
LF9D012H	0xB6F6E	LF9G003T	0xC447A	FUN_000b6f6e	FUN_000c447a	FUN_000b6f6e	76	e657b4f9ac0d1aaa2f577674aba9640eb4d4e7e9ec982526bee91ea6f8b0de16	source_unnamed	unique_full_body_sha256
LF9D012H	0x1D6BAC	LF9G003T	0x1ECCCC	FUN_001d6bac	FUN_001ecccc	FUN_001d6bac	30	e662528f6328368af68dbad2c121c19ae231adf55eba46a4e8d18431f63f5bd9	source_unnamed	unique_full_body_sha256
LF9D012H	0x1AFD24	LF9G003T	0x1C51B4	FUN_001afd24	FUN_001c51b4	FUN_001afd24	52	e663acfef01f8613e907047ee23964a2cd1f036c131135d8a6395e3343e85587	source_unnamed	unique_full_body_sha256
LF9D012H	0x1BFBC4	LF9G003T	0x1D505C	FUN_001bfbc4	FUN_001d505c	FUN_001bfbc4	100	e673649a7c1339ec4b4877e802f48f1aeee03452eed1085f90065250616c22fa	source_unnamed	unique_full_body_sha256
LF9D012H	0x1D7C08	LF9G003T	0x1EDD28	thunk_FUN_001d88b6	thunk_FUN_001ee9d6	thunk_FUN_001d88b6	6	e67cd514ea42ab8b701c34637b1e6159946b434e951b6b84cc53c2d9cd4f8476	source_unnamed	unique_full_body_sha256
LF9D012H	0x6D628	LF9G003T	0x79E5C	FUN_0006d628	FUN_00079e5c	FUN_0006d628	142	e67cfc6b4a6f5809e750ef21601c058bcb9e4c6273e7890696dee6bbeb016d52	source_unnamed	unique_full_body_sha256
LF9D012H	0x1DADB0	LF9G003T	0x1F0ED0	FUN_001dadb0	FUN_001f0ed0	FUN_001dadb0	12	e6880c9a9e35304f7bbf446fd49cd5fac6e06edc3a7caae5091974596ef06c19	source_unnamed	unique_full_body_sha256
LF9D012H	0x180204	LF9G003T	0x193E68	FUN_00180204	FUN_00193e68	FUN_00180204	70	e695d199709457649df47f72efcf7eb0dc60fbfcb3d3fa824b95856a069ff5ac	source_unnamed	unique_full_body_sha256
LF9D012H	0xF0624	LF9G003T	0xFE218	FUN_000f0624	FUN_000fe218	FUN_000f0624	78	e6f9b980b7101897583935e7511eeab0b781b7e45e1204b6edfc19466e1ef42a	source_unnamed	unique_full_body_sha256
LF9D012H	0x760E0	LF9G003T	0x82914	FUN_000760e0	FUN_00082914	FUN_000760e0	216	e715eb0dbd8e3019a5cbdcb2fcb239b96a441c651d63b653a5298e2e6a25eb6e	source_unnamed	unique_full_body_sha256
LF9D012H	0xB3784	LF9G003T	0xC0C28	FUN_000b3784	FUN_000c0c28	FUN_000b3784	106	e72ce67c110cefe324efcda29bf88db060d7785f808c0038033dd5e21f5edc5b	source_unnamed	unique_full_body_sha256
LF9D012H	0x1A03D4	LF9G003T	0x1B44E8	FUN_001a03d4	FUN_001b44e8	FUN_001a03d4	84	e73d86b5d5e6dd31cc3284b891bb684ab6a835ac4819b499dc6dc0fd3b36a564	source_unnamed	unique_full_body_sha256
LF9D012H	0xACBA8	LF9G003T	0xBA04C	FUN_000acba8	FUN_000ba04c	FUN_000acba8	170	e743fef5a5b06c5bac3c30dfef3f64812ab4a029f118d467731343eab2e85aa4	source_unnamed	unique_full_body_sha256
LF9D012H	0x1F37C4	LF9G003T	0x209B04	udiv64_core	udiv64_core	udiv64_core	230	e77ecbefb7c84f7f75e93b1e704bb8b0fad41a5c1c9b63214097a0da3cd166df	already_named	unique_full_body_sha256
LF9D012H	0xA3A2A	LF9G003T	0xB034E	FUN_000a3a2a	FUN_000b034e	FUN_000a3a2a	94	e78924fe0a3ffcb899c4c981277800a41088f100237304bb05604dc89bc9213c	source_unnamed	unique_full_body_sha256
LF9D012H	0x1DE8D8	LF9G003T	0x1F49F8	FUN_001de8d8	FUN_001f49f8	FUN_001de8d8	6	e7a69e3f2bd026b93cecb20e99c67d5473f1e258445c9b7d1b63ddb07309dbd9	source_unnamed	unique_full_body_sha256
LF9D012H	0x88C54	LF9G003T	0x954B4	FUN_00088c54	FUN_000954b4	FUN_00088c54	22	e7ff4dc85c2f67d6d734a64bf1b3edd8ef5725b7e96f7ab21bfd8d164873e874	source_unnamed	unique_full_body_sha256
LF9D012H	0x1090C8	LF9G003T	0x116DF8	FUN_001090c8	FUN_00116df8	FUN_001090c8	214	e8191f28fe7637f42d9fb526b85532f38c4f01c98bafa849343400f5d7b0a14a	source_unnamed	unique_full_body_sha256
LF9D012H	0x1F1646	LF9G003T	0x207986	FUN_001f1646	FUN_00207986	FUN_001f1646	10	e81d8d4091d74ac7301443ee524964638887fd56f128658b59ac82c4ee0a05ac	source_unnamed	unique_full_body_sha256
LF9D012H	0x86D36	LF9G003T	0x93582	FUN_00086d36	FUN_00093582	FUN_00086d36	58	e82f86819896ff52792d7b70b60d5a0ed1cf80440639132d4ea9f3e1605db842	source_unnamed	unique_full_body_sha256
LF9D012H	0x1E38B0	LF9G003T	0x1F99D0	FUN_001e38b0	FUN_001f99d0	FUN_001e38b0	46	e841bab85801e1cffeabab8a484cd2ee2812ca5b15c9f4b2f7bc11ad57c8147f	source_unnamed	unique_full_body_sha256
LF9D012H	0x1DBA5C	LF9G003T	0x1F1B7C	FUN_001dba5c	FUN_001f1b7c	FUN_001dba5c	52	e88f4dd505b3172e56685b85f8726e7f49a946d31a581ed8fbc0747dda4ed929	source_unnamed	unique_full_body_sha256
LF9D012H	0x1DC0E8	LF9G003T	0x1F2208	FUN_001dc0e8	FUN_001f2208	FUN_001dc0e8	10	e8b72140dd8436b059bac5e38e10c997e283ea19068bec2cf6f2a73e23598be8	source_unnamed	unique_full_body_sha256
LF9D012H	0xCE36C	LF9G003T	0xDBDE0	FUN_000ce36c	FUN_000dbde0	FUN_000ce36c	30	e8c433bb4dbaa095ee05ced6404db0629569633c60b5c1bd327a1a9cb4c1e910	source_unnamed	unique_full_body_sha256
LF9D012H	0x84148	LF9G003T	0x90994	FUN_00084148	FUN_00090994	FUN_00084148	366	e8db0aa447dff6ae01afbea638caee3e8791746fd11dc46626b1d0aa2cee3371	source_unnamed	unique_full_body_sha256
LF9D012H	0x83EA4	LF9G003T	0x906F0	FUN_00083ea4	FUN_000906f0	FUN_00083ea4	90	e8f9c6f6c29f9317b7f10a3348a6e4d57b177688397a7c2e338bf3373e36eccd	source_unnamed	unique_full_body_sha256
LF9D012H	0xA1D5C	LF9G003T	0xAE680	FUN_000a1d5c	FUN_000ae680	FUN_000a1d5c	454	e90c2b87b753b463e00a43fc82fe086693bdb3c9c305f0e0adbb27552eee2eaf	source_unnamed	unique_full_body_sha256
LF9D012H	0x846E8	LF9G003T	0x90F34	FUN_000846e8	FUN_00090f34	FUN_000846e8	270	e93800251c9ca75a423c34b8f16f64aa7568508ab4947f6961ef646a8fb1275d	source_unnamed	unique_full_body_sha256
LF9D012H	0xB683A	LF9G003T	0xC3D46	FUN_000b683a	FUN_000c3d46	FUN_000b683a	144	e96312de39812df8dd0b4333f25583c819d74f68cf510489bfa611e687c614e0	source_unnamed	unique_full_body_sha256
LF9D012H	0xEA258	LF9G003T	0xF7CC4	FUN_000ea258	FUN_000f7cc4	FUN_000ea258	56	e9632850f973e5dcf74c94b4b86b892b2872e09c0a942ec8b5218a25c7dd54f7	source_unnamed	unique_full_body_sha256
LF9D012H	0x1E4416	LF9G003T	0x1FA536	FUN_001e4416	FUN_001fa536	FUN_001e4416	32	e9650d4571f5bc669e9e402b7d7eb173c2222a87555995b5d7e46252bcd3aff9	source_unnamed	unique_full_body_sha256
LF9D012H	0x128E24	LF9G003T	0x1372E8	FUN_00128e24	FUN_001372e8	FUN_00128e24	56	e978cd27f08650718b9e77b8de459d659537cc31c389c0eea90e771ad0b24aa2	source_unnamed	unique_full_body_sha256
LF9D012H	0x1131CC	LF9G003T	0x1215CC	FUN_001131cc	FUN_001215cc	FUN_001131cc	22	e982c111d528e16f8f9dea1f25d1618a02cd4635a7f105c6dedaf5f89061bc2c	source_unnamed	unique_full_body_sha256
LF9D012H	0x1AECDC	LF9G003T	0x1C416C	FUN_001aecdc	FUN_001c416c	FUN_001aecdc	46	e993a6ad06e604430c11343f3ac6578276f8159b4ded7bc0266b9e9e1096872f	source_unnamed	unique_full_body_sha256
LF9D012H	0x12EAFC	LF9G003T	0x13CFC4	FUN_0012eafc	FUN_0013cfc4	FUN_0012eafc	34	e9c7e61e2d53bff66d32e46fa67cc2eb3cfaf378eecd9c4b255ff0d45dc67698	source_unnamed	unique_full_body_sha256
LF9D012H	0x1C97D8	LF9G003T	0x1DEC70	FUN_001c97d8	FUN_001dec70	FUN_001c97d8	58	e9dfd518b448ae50f0a89b38fa8a97f7ee8a4400619bf44323339945aa8fc3d1	source_unnamed	unique_full_body_sha256
LF9D012H	0x12C870	LF9G003T	0x13AD74	FUN_0012c870	FUN_0013ad74	FUN_0012c870	16	e9e07745cd85dec8391e934b49fc5c4ff179f97f527a3f0d0cb23e0f722ee5af	source_unnamed	unique_full_body_sha256
LF9D012H	0x1F330C	LF9G003T	0x20964C	FUN_001f330c	FUN_0020964c	FUN_001f330c	24	e9fb0efb88fdffa3b76b9f6762cf84ae07a2125f3483c9ccdff82ceead3f6eea	source_unnamed	unique_full_body_sha256
LF9D012H	0x1E24C2	LF9G003T	0x1F85E2	FUN_001e24c2	FUN_001f85e2	FUN_001e24c2	38	ea02028b7be9fc30b15f6bacb660488faa3644a701a1f0372af7bc1d22185516	source_unnamed	unique_full_body_sha256
LF9D012H	0xACF0A	LF9G003T	0xBA3AE	FUN_000acf0a	FUN_000ba3ae	FUN_000acf0a	18	ea0de379bf0b7df1e35a0eea2d2d992bfddd9738c67b9d5c0da5fd75cedc6a61	source_unnamed	unique_full_body_sha256
LF9D012H	0x27E9AC	LF9G003T	0x27EB80	FUN_0027e9ac	FUN_0027eb80	FUN_0027e9ac	6	ea2e9bb8cd8503d245e7a486d9094611e60c9af65ffeeaec7acdb8a90177cf22	source_unnamed	unique_full_body_sha256
LF9D012H	0x116A2C	LF9G003T	0x124EB8	FUN_00116a2c	FUN_00124eb8	FUN_00116a2c	34	ea3a5e22133fe02a6c0df92481f83a6908078ebf97a7625a4432bd0cf1b6fe65	source_unnamed	unique_full_body_sha256
LF9D012H	0x6D4C	LF9G003T	0x6D4C	FUN_00006d4c	FUN_00006d4c	FUN_00006d4c	22	ea44c813580081f609d173df05f7e16d7941055d168971fe74a8de5ecd66ffb4	source_unnamed	unique_full_body_sha256
LF9D012H	0x110924	LF9G003T	0x11ECD8	FUN_00110924	FUN_0011ecd8	FUN_00110924	8	ea7fb83d7c362ba8312e6d6e47d05afc863fba1cabdb85bd1d9dde9ef6507f33	source_unnamed	unique_full_body_sha256
LF9D012H	0x1DAF48	LF9G003T	0x1F1068	FUN_001daf48	FUN_001f1068	FUN_001daf48	10	ea8bcc66403ef5c7fcff43c2d028a1e67c7530b970cace8ddbe5c2f0517b5dc2	source_unnamed	unique_full_body_sha256
LF9D012H	0xB1E28	LF9G003T	0xBF2CC	FUN_000b1e28	FUN_000bf2cc	FUN_000b1e28	62	ea8d12af9f8f078d7efb0d0ca8a763b89b24794770235c98a86ccceab7474b43	source_unnamed	unique_full_body_sha256
LF9D012H	0x1091A4	LF9G003T	0x116ED4	FUN_001091a4	FUN_00116ed4	FUN_001091a4	26	ea9f628ae3018cf7505a56c0c5c14f62293affa9b44cfc15302603da34459642	source_unnamed	unique_full_body_sha256
LF9D012H	0x17F34C	LF9G003T	0x192D8C	FUN_0017f34c	FUN_00192d8c	FUN_0017f34c	40	eab8bdae31b9a2cfd5e7203e82503005700f876f3bc00089ed56389f7c8ead78	source_unnamed	unique_full_body_sha256
LF9D012H	0xCC158	LF9G003T	0xD9BCC	FUN_000cc158	FUN_000d9bcc	FUN_000cc158	148	eac223cd7c5ca642ae870c792f81ab2db96ee9b8592427c5d16b11a043fbb55d	source_unnamed	unique_full_body_sha256
LF9D012H	0x6CF44	LF9G003T	0x79778	diag_monitor_mature_rec01	diag_monitor_mature_rec01	diag_monitor_mature_rec01	46	eac93fccdeb9dbb2519ef06620fde017579559ec1896ccae67da6efe5e37e9af	already_named	unique_full_body_sha256
LF9D012H	0x6EBA8	LF9G003T	0x7B3DC	FUN_0006eba8	FUN_0007b3dc	FUN_0006eba8	40	eace3d013fbb43624a8f03470779ddb704972a4227264df87673bd901b0ffca3	source_unnamed	unique_full_body_sha256
LF9D012H	0x1E4CB4	LF9G003T	0x1FADD4	FUN_001e4cb4	FUN_001fadd4	FUN_001e4cb4	10	ead80744616c2ede27f050e4845f4e4398371790fcc2420f36a6987af1b4ac89	source_unnamed	unique_full_body_sha256
LF9D012H	0xBA678	LF9G003T	0xC7B84	FUN_000ba678	FUN_000c7b84	FUN_000ba678	20	eaf4345da6c79e63bdad967db2b9fcf1c19f4347cb9edc75b69e8f06731e4e9e	source_unnamed	unique_full_body_sha256
LF9D012H	0x1F1578	LF9G003T	0x2078B8	FUN_001f1578	FUN_002078b8	FUN_001f1578	112	eaf43b3fa9c4b30d954d6ca444eb7756f9029abfb35c16f7fb106f8570d4628e	source_unnamed	unique_full_body_sha256
LF9D012H	0x1F44D8	LF9G003T	0x20A850	FUN_001f44d8	FUN_0020a850	FUN_001f44d8	172	eaf8f3d0f8724f6118753e316025b395423baa472fbc09b1edc0f1620c317e8d	source_unnamed	unique_full_body_sha256
LF9D012H	0xB7030	LF9G003T	0xC453C	FUN_000b7030	FUN_000c453c	FUN_000b7030	66	eb0fb8f9b25722dc2c569a363aaee869c84e687d7592a62e7dd4c0498f16192f	source_unnamed	unique_full_body_sha256
LF9D012H	0x1DAE0A	LF9G003T	0x1F0F2A	FUN_001dae0a	FUN_001f0f2a	FUN_001dae0a	12	eb49bce5d7ebabbb650ce1668a62c7067c5842e685930a5f623dfb03fa0245ae	source_unnamed	unique_full_body_sha256
LF9D012H	0x72C8A	LF9G003T	0x7F4BE	FUN_00072c8a	FUN_0007f4be	FUN_00072c8a	42	eb56a151028b865f1a5507a59d19d6976cbb1cdef9362a07063543d153d34b96	source_unnamed	unique_full_body_sha256
LF9D012H	0x1D58EC	LF9G003T	0x1EBA0C	FUN_001d58ec	FUN_001eba0c	FUN_001d58ec	72	eb6263cadc72047277067058c95547631166666eb36f7839f5a730b0dae489ad	source_unnamed	unique_full_body_sha256
LF9D012H	0x7DEF8	LF9G003T	0x8A728	FUN_0007def8	FUN_0008a728	FUN_0007def8	90	eb65cfc057e4bf479cd22680d5ed3e16b63ae773554f8601d5d723a34efdb0e7	source_unnamed	unique_full_body_sha256
LF9D012H	0x946D8	LF9G003T	0xA0FFC	FUN_000946d8	FUN_000a0ffc	FUN_000946d8	112	eb95bc58face5da23a50f31e5feace12a60bbf20e4c2836d5e249695dff54924	source_unnamed	unique_full_body_sha256
LF9D012H	0xB7DDC	LF9G003T	0xC52E8	FUN_000b7ddc	FUN_000c52e8	FUN_000b7ddc	102	ebc6060e7be9e1171af6f0c4b426f62a4a72455923ff397ae0f15b4f349a8c56	source_unnamed	unique_full_body_sha256
LF9D012H	0x1ADFBC	LF9G003T	0x1C3360	FUN_001adfbc	FUN_001c3360	FUN_001adfbc	48	ebf9b9ee28efcf0e5c6546a5ce1f3696227ba5588d50215011d63651dd68890c	source_unnamed	unique_full_body_sha256
LF9D012H	0x1AB060	LF9G003T	0x1C0368	FUN_001ab060	FUN_001c0368	FUN_001ab060	424	ec0564f833173cb28465f37b6ef55f8d522a4c28f461cd4719b9e360d3f1bc93	source_unnamed	unique_full_body_sha256
LF9D012H	0x74F6C	LF9G003T	0x817A0	FUN_00074f6c	FUN_000817a0	FUN_00074f6c	44	ec2017595bedccb5dab2181f0e1228d50859ee8c2cede696a6c2e3b5f0cb5cb8	source_unnamed	unique_full_body_sha256
LF9D012H	0x12E844	LF9G003T	0x13CD0C	FUN_0012e844	FUN_0013cd0c	FUN_0012e844	30	ec3c43c3e9cb1fdffe9ed148f3046c5c236822616ea721b871499b4f3eb265bd	source_unnamed	unique_full_body_sha256
LF9D012H	0x1BFA68	LF9G003T	0x1D4F00	FUN_001bfa68	FUN_001d4f00	FUN_001bfa68	56	ec4fcc47cd68a3647d4d78b086b70c441627688e8f8213c26006f5ce8c8e6f5a	source_unnamed	unique_full_body_sha256
LF9D012H	0x6EB58	LF9G003T	0x7B38C	FUN_0006eb58	FUN_0007b38c	FUN_0006eb58	40	ec71e2d1473b00a226cbaa0b450802a26b809abb7b80b6c3091581fddeacfbfb	source_unnamed	unique_full_body_sha256
LF9D012H	0x6D400	LF9G003T	0x79C34	FUN_0006d400	FUN_00079c34	FUN_0006d400	48	eca13a48c6628547980e8b3a15ba3d767efdb9d249e28a935edb057f486af554	source_unnamed	unique_full_body_sha256
LF9D012H	0x1AE3D0	LF9G003T	0x1C3824	FUN_001ae3d0	FUN_001c3824	FUN_001ae3d0	24	ecc5c3bd9d42c9dc944c058b2548cab29550cbe28e6951000572fdb9028e8c8c	source_unnamed	unique_full_body_sha256
LF9D012H	0x75C5C	LF9G003T	0x82490	FUN_00075c5c	FUN_00082490	FUN_00075c5c	256	ece2b2cb9876f3ae95a8cde6d5d926b1ad3458a4331b2c9b37bf157b6298c618	source_unnamed	unique_full_body_sha256
LF9D012H	0x1B4478	LF9G003T	0x1C9910	FUN_001b4478	FUN_001c9910	FUN_001b4478	70	ecfc3fa38363b0af3cffa46c8db8d01c80839fe793d4f38176e365e31c6bcd78	source_unnamed	unique_full_body_sha256
LF9D012H	0x76544	LF9G003T	0x82D78	FUN_00076544	FUN_00082d78	FUN_00076544	92	ed2cc770b6c04395ba7f0aea9abe702437697e5f5ee3150f3ab0be54a4a4ea44	source_unnamed	unique_full_body_sha256
LF9D012H	0x1E1966	LF9G003T	0x1F7A86	thunk_FUN_001e1b06	thunk_FUN_001f7c26	thunk_FUN_001e1b06	6	ed514c0018a0c8fb2e1ccdba1583026f63be4b922ea91ed7a79a95733feaf4ea	source_unnamed	unique_full_body_sha256
LF9D012H	0x1D69F4	LF9G003T	0x1ECB14	sig_set_fwd_1b	sig_set_fwd_1b	sig_set_fwd_1b	6	ed70a2114c339554ce3b5cd4e75cdabd9eeace99657a0dada5dfd2dd06488ce9	already_named	unique_full_body_sha256
LF9D012H	0x1F13C8	LF9G003T	0x207708	FUN_001f13c8	FUN_00207708	FUN_001f13c8	72	ed78a3cf9244e2b1c40c4ad4816ff8665e3c231ad26a9ec2d2b2613a140e8203	source_unnamed	unique_full_body_sha256
LF9D012H	0x1ACF70	LF9G003T	0x1C2274	FUN_001acf70	FUN_001c2274	FUN_001acf70	54	ed7b39b66855a75009be1cce184d123b038457fe927ffe6717216de33d9a8bf7	source_unnamed	unique_full_body_sha256
LF9D012H	0x1AF1F8	LF9G003T	0x1C4688	FUN_001af1f8	FUN_001c4688	FUN_001af1f8	86	ed89d514b9b675224944892b9b02518248bc4e122fe9c543f3e11a7c308de8a9	source_unnamed	unique_full_body_sha256
LF9D012H	0xAAC8C	LF9G003T	0xB8130	FUN_000aac8c	FUN_000b8130	FUN_000aac8c	36	ed95796cdb924b15f20659c974800f4767a4692462df47c98804d7367097c18b	source_unnamed	unique_full_body_sha256
LF9D012H	0xA7EC0	LF9G003T	0xB5310	FUN_000a7ec0	FUN_000b5310	FUN_000a7ec0	38	ede17ce1844badb4033ddaa0da6ec0245ed6f059f63d123e1d94897af13a44e3	source_unnamed	unique_full_body_sha256
LF9D012H	0x1D7BFA	LF9G003T	0x1EDD1A	FUN_001d7bfa	FUN_001edd1a	FUN_001d7bfa	6	edf5bbc8c984218ea85042014671198da9355cd22cd25de5c62de1b80b2a0142	source_unnamed	unique_full_body_sha256
LF9D012H	0x736DC	LF9G003T	0x7FF10	FUN_000736dc	FUN_0007ff10	FUN_000736dc	18	edf5d31c4509191a686294ef18a0110c833790b355a53d457a8c38fe7c42e539	source_unnamed	unique_full_body_sha256
LF9D012H	0xAA8F6	LF9G003T	0xB7D9A	FUN_000aa8f6	FUN_000b7d9a	FUN_000aa8f6	100	edf6b392296994714f7032f7a7a84356649a06baaab1b2d8114a5c282bcac7e3	source_unnamed	unique_full_body_sha256
LF9D012H	0xAA15C	LF9G003T	0xB7600	FUN_000aa15c	FUN_000b7600	FUN_000aa15c	146	ee18f479c5ba5c7d686bacb068968a04afad804baa94c0c99206cac05d3d69e6	source_unnamed	unique_full_body_sha256
LF9D012H	0x6DB7E	LF9G003T	0x7A3B2	FUN_0006db7e	FUN_0007a3b2	FUN_0006db7e	190	ee34244725ef7accb24faface3353c6aa1506d04db1f2ef90c727d0334f46d46	source_unnamed	unique_full_body_sha256
LF9D012H	0x6D316	LF9G003T	0x79B4A	FUN_0006d316	FUN_00079b4a	FUN_0006d316	46	ee461c99027d3a71cb299e7c3c9b4ffdd12b65d892b87d3f5b18b72e1e206d51	source_unnamed	unique_full_body_sha256
LF9D012H	0x1A0D78	LF9G003T	0x1B4E8C	FUN_001a0d78	FUN_001b4e8c	FUN_001a0d78	108	ee67fa7e529629d00f3de0a86a521bc2d5b1576d263c2b7258a9bebd155a5f6c	source_unnamed	unique_full_body_sha256
LF9D012H	0xC7944	LF9G003T	0xD539C	comm_frame_finalize_and_hw_reset	comm_frame_finalize_and_hw_reset	comm_frame_finalize_and_hw_reset	334	ee7459bf48c1cf855d4759c57196e42019fe25e8f3fa54d761d7254a9fe236db	already_named	unique_full_body_sha256
LF9D012H	0x1A0DEC	LF9G003T	0x1B4F00	FUN_001a0dec	FUN_001b4f00	FUN_001a0dec	118	eea6302f3729829537cdac988545d2abbf9ff9ebd9fc42c3a505dc1fe19be6eb	source_unnamed	unique_full_body_sha256
LF9D012H	0xAD102	LF9G003T	0xBA5A6	FUN_000ad102	FUN_000ba5a6	FUN_000ad102	50	ef1b01d7dc850b2c0b2cef942c1694750371092701c85e1fdbd9e9232d55a6f0	source_unnamed	unique_full_body_sha256
LF9D012H	0x1AC440	LF9G003T	0x1C1748	FUN_001ac440	FUN_001c1748	FUN_001ac440	214	ef5e07d903d7aefcd4a8f3b87dd13d6f7f47307e8c4720e2c080785e47e9c745	source_unnamed	unique_full_body_sha256
LF9D012H	0x1DADF2	LF9G003T	0x1F0F12	FUN_001dadf2	FUN_001f0f12	FUN_001dadf2	12	ef6ae0c29c4a18b6764bb3e6cecdcbadd324c8fb9b26d0de5bd60192d1ab3546	source_unnamed	unique_full_body_sha256
LF9D012H	0x13185C	LF9G003T	0x13FD28	FUN_0013185c	FUN_0013fd28	FUN_0013185c	14	ef6e5094f49211eb8a49749691489b81d10f17505de9632758b5856f50fa566d	source_unnamed	unique_full_body_sha256
LF9D012H	0x19D6B8	LF9G003T	0x1B171C	FUN_0019d6b8	FUN_001b171c	FUN_0019d6b8	34	ef70b87d0b85d5f4a465e873f7f5b319e3ecea6ce4a8bbd17553d10f851afaba	source_unnamed	unique_full_body_sha256
LF9D012H	0x1D6B64	LF9G003T	0x1ECC84	FUN_001d6b64	FUN_001ecc84	FUN_001d6b64	6	ef8c552730fe7fc9e2d29e36576e77cf7fe5e94454f028912447630ac7da14e6	source_unnamed	unique_full_body_sha256
LF9D012H	0x1DC11A	LF9G003T	0x1F223A	FUN_001dc11a	FUN_001f223a	FUN_001dc11a	8	efc01f591206c9100b7b98fb9fafb887cf2a9aaeeed6976e701c56171625777f	source_unnamed	unique_full_body_sha256
LF9D012H	0xAA324	LF9G003T	0xB77C8	FUN_000aa324	FUN_000b77c8	FUN_000aa324	220	efca04e439db9b2f94b81fe519f9baa5715e1c1964fe481c1314de80dea776d7	source_unnamed	unique_full_body_sha256
LF9D012H	0xB128A	LF9G003T	0xBE72E	FUN_000b128a	FUN_000be72e	FUN_000b128a	66	efffbec263c29fa55c3763bbf05f410094e4a8386147b50e386f7d0066281913	source_unnamed	unique_full_body_sha256
LF9D012H	0x1C21C8	LF9G003T	0x1D765C	FUN_001c21c8	FUN_001d765c	FUN_001c21c8	62	f02ad9196a8995af95b63049cc2538f70650a59432de98f83fe2bbf40f06e45e	source_unnamed	unique_full_body_sha256
LF9D012H	0x1E38DE	LF9G003T	0x1F99FE	FUN_001e38de	FUN_001f99fe	FUN_001e38de	96	f03419609474ff07190e8de54b5ca22d9fe02b41631f40f406ddd7f707785253	source_unnamed	unique_full_body_sha256
LF9D012H	0x1E41E0	LF9G003T	0x1FA300	FUN_001e41e0	FUN_001fa300	FUN_001e41e0	176	f05369bacc98a64f5e1be8cb88a1f09f28f61b7b109e6fb866bfad54398b9d6f	source_unnamed	unique_full_body_sha256
LF9D012H	0x1E17DA	LF9G003T	0x1F78FA	thunk_FUN_001e18d4	thunk_FUN_001f79f4	thunk_FUN_001e18d4	6	f0566a494f83a762d1b569085227c8fe2eb3a26d2896fba48026552af1ba1af4	source_unnamed	unique_full_body_sha256
LF9D012H	0x1C2FB8	LF9G003T	0x1D844C	FUN_001c2fb8	FUN_001d844c	FUN_001c2fb8	216	f062e77ebafbe3c90ab50a75cd7048335dcfdea6a7dd171c749ef789e02150dc	source_unnamed	unique_full_body_sha256
LF9D012H	0x1DA976	LF9G003T	0x1F0A96	FUN_001da976	FUN_001f0a96	FUN_001da976	44	f06cfd8e9a01247c21e9e1b1ef58a609f756b8251daa008daeff54d5dace519d	source_unnamed	unique_full_body_sha256
LF9D012H	0x1DF974	LF9G003T	0x1F5A94	FUN_001df974	FUN_001f5a94	FUN_001df974	36	f091e6e9e7bf43a0c119a1aa1087d5ae768dcb83e4914da5afc9cba22643a21c	source_unnamed	unique_full_body_sha256
LF9D012H	0x1E26FE	LF9G003T	0x1F881E	FUN_001e26fe	FUN_001f881e	FUN_001e26fe	6	f0b6244ddd6226736a4926941df6219b44d8ffb44be67a8be15e63166796c719	source_unnamed	unique_full_body_sha256
LF9D012H	0xBFDAA	LF9G003T	0xCD41E	uds_22_read_f2xx_did	uds_22_read_f2xx_did	uds_22_read_f2xx_did	140	f0b6b21895c9cbc2986f8a318309dce2fffe2dd96d21d91b5939be8a1ff90a30	already_named	unique_full_body_sha256
LF9D012H	0x1F4F78	LF9G003T	0x20B2F0	FUN_001f4f78	FUN_0020b2f0	FUN_001f4f78	116	f0da37cf261a7b0b3cee5539dd854a245b8eab9e61c9dd9e355f08967668995c	source_unnamed	unique_full_body_sha256
LF9D012H	0xB3556	LF9G003T	0xC09FA	FUN_000b3556	FUN_000c09fa	FUN_000b3556	106	f1007e44bb7f77e353fd925430e49d853d7aee394ab9bdf8d9eaa6bfe02d3f0f	source_unnamed	unique_full_body_sha256
LF9D012H	0xA3354	LF9G003T	0xAFC78	FUN_000a3354	FUN_000afc78	FUN_000a3354	8	f1057884c4c2bc66fd6ea0b91805a27ab903196c606555c238783072ecd6a1ab	source_unnamed	unique_full_body_sha256
LF9D012H	0xA792C	LF9G003T	0xB4D7C	FUN_000a792c	FUN_000b4d7c	FUN_000a792c	38	f10b08295f03700970f85f551d2aa84c1b0c0fab95d2f59062e1ba19e03d921c	source_unnamed	unique_full_body_sha256
LF9D012H	0xA7786	LF9G003T	0xB4BD6	FUN_000a7786	FUN_000b4bd6	FUN_000a7786	14	f134c508eabc79af518eee19f9ddd9e6ccb1f26a4599bbd9620eeaddf4befb3f	source_unnamed	unique_full_body_sha256
LF9D012H	0x85228	LF9G003T	0x91A74	FUN_00085228	FUN_00091a74	FUN_00085228	136	f139103c3fb9e9367a74e32c05ea71ebf240cf467ba221bdc1ed469e33765714	source_unnamed	unique_full_body_sha256
LF9D012H	0x1F039A	LF9G003T	0x2066DA	FUN_001f039a	FUN_002066da	FUN_001f039a	10	f156d725a51dd783ddefb35ed65f60a47129f3a17c00675099fbd3d97b578956	source_unnamed	unique_full_body_sha256
LF9D012H	0xB837C	LF9G003T	0xC5888	FUN_000b837c	FUN_000c5888	FUN_000b837c	292	f16e1caae6fcbbac3a5ef25ce22dab5c1e3349cd1ea5c923ed549edbc796f752	source_unnamed	unique_full_body_sha256
LF9D012H	0xAAD98	LF9G003T	0xB823C	FUN_000aad98	FUN_000b823c	FUN_000aad98	28	f18fb4703d2e6e69d6ec3d9b10139dca3ebb0cdf9fb0fcda7d8618f56c5819cc	source_unnamed	unique_full_body_sha256
LF9D012H	0xA8D1C	LF9G003T	0xB616C	FUN_000a8d1c	FUN_000b616c	FUN_000a8d1c	24	f1a071bc1b0dcb9a3c1743de73e91b0598f44f27aab74786d851ca810a06fab3	source_unnamed	unique_full_body_sha256
LF9D012H	0x741E0	LF9G003T	0x80A14	FUN_000741e0	FUN_00080a14	FUN_000741e0	24	f1ae93013546479903ac2f6234ed871a2fe2aea6acfda6700b1af975cb29457f	source_unnamed	unique_full_body_sha256
LF9D012H	0x72B84	LF9G003T	0x7F3B8	FUN_00072b84	FUN_0007f3b8	FUN_00072b84	90	f1c756edbc2a4e0f3aa8f7d38d7d1fea915162791632943925c42c54144a5265	source_unnamed	unique_full_body_sha256
LF9D012H	0xA247C	LF9G003T	0xAEDA0	sa_key_verify_compare	sa_key_verify_compare	sa_key_verify_compare	108	f1defb77cf4a9d57769fe49e970d5d3bdc3698f6e3e7b409af5dceeecd01bf8f	already_named	unique_full_body_sha256
LF9D012H	0x1915C0	LF9G003T	0x1A55B8	FUN_001915c0	FUN_001a55b8	FUN_001915c0	38	f1e931b5aff397c30a9a575a4d30f74cbc05772486e006a99ef296b046dfb70b	source_unnamed	unique_full_body_sha256
LF9D012H	0x6D0EC	LF9G003T	0x79920	FUN_0006d0ec	FUN_00079920	FUN_0006d0ec	48	f209a70ca33b57074511c5ffe9d8f9e89d97cca5a41c792bd8e6ac1fe8778e88	source_unnamed	unique_full_body_sha256
LF9D012H	0x1D7C18	LF9G003T	0x1EDD38	FUN_001d7c18	FUN_001edd38	FUN_001d7c18	10	f210ea29e679d0382d5fff490116cb917a1260563ee545f90b115d20213380d8	source_unnamed	unique_full_body_sha256
LF9D012H	0x1F1B56	LF9G003T	0x207E96	FUN_001f1b56	FUN_00207e96	FUN_001f1b56	78	f2231dbabaa03cf219f19085ac42ae750325272bf8278b9d53c0942b1abd01b8	source_unnamed	unique_full_body_sha256
LF9D012H	0x1DE99A	LF9G003T	0x1F4ABA	FUN_001de99a	FUN_001f4aba	FUN_001de99a	6	f235eccbbb31b889fd57bc8db029b3d1fad387ffa6fbb7ee6dfa2db79fe80439	source_unnamed	unique_full_body_sha256
LF9D012H	0xFD5AC	LF9G003T	0x10B1A0	FUN_000fd5ac	FUN_0010b1a0	FUN_000fd5ac	250	f25df6f792ffd99d85014f7973b32febe8ace96d35468548d29e60a936edccca	source_unnamed	unique_full_body_sha256
LF9D012H	0x1CCDC4	LF9G003T	0x1E225C	FUN_001ccdc4	FUN_001e225c	FUN_001ccdc4	26	f26c6b5d89ad86bf8b0d3ddfed82f07b18f1e690ce4cfc00946de052e8348cb0	source_unnamed	unique_full_body_sha256
LF9D012H	0x8917C	LF9G003T	0x959DC	FUN_0008917c	FUN_000959dc	FUN_0008917c	98	f273fce07dc0d2ee7f0aef369b24705369183b24936903427448ec81781ae4e7	source_unnamed	unique_full_body_sha256
LF9D012H	0x8410E	LF9G003T	0x9095A	FUN_0008410e	FUN_0009095a	FUN_0008410e	58	f27d71f4c5d422ad9818f084ce8cc55a2c76c1a30035039f7318ffaa9e20d419	source_unnamed	unique_full_body_sha256
LF9D012H	0x1DAA48	LF9G003T	0x1F0B68	FUN_001daa48	FUN_001f0b68	FUN_001daa48	44	f2a5d58921d7de26c64a76d57ab35e4fbe3b6c3aeb13f59d68cf6bf03808e232	source_unnamed	unique_full_body_sha256
LF9D012H	0xDBCAC	LF9G003T	0xE9720	FUN_000dbcac	FUN_000e9720	FUN_000dbcac	64	f2ceb551256fc82ef4cb383279382fe70365442de6bff4fecee9a0643c595b34	source_unnamed	unique_full_body_sha256
LF9D012H	0x1BB744	LF9G003T	0x1D0BDC	FUN_001bb744	FUN_001d0bdc	FUN_001bb744	56	f2f6fc6f1514d678712ad7241616899a3abca95e54a23fe44d7b215b660b4fea	source_unnamed	unique_full_body_sha256
LF9D012H	0x11291C	LF9G003T	0x120D1C	FUN_0011291c	FUN_00120d1c	FUN_0011291c	38	f2ff7cd19386f505e62f3fbef75b92537605650b95e8d7be2b9d3fcd4c17ffef	source_unnamed	unique_full_body_sha256
LF9D012H	0x1B301C	LF9G003T	0x1C84B4	FUN_001b301c	FUN_001c84b4	FUN_001b301c	80	f31583819d0c64d91e80f6a4a55559015ec1542f38cd720d1ad10d6104f4444b	source_unnamed	unique_full_body_sha256
LF9D012H	0xAD07E	LF9G003T	0xBA522	FUN_000ad07e	FUN_000ba522	FUN_000ad07e	66	f3367a740b2a176e3d6a287bb983a792ca9ec54509fbe9b3fa31a79059059558	source_unnamed	unique_full_body_sha256
LF9D012H	0x194004	LF9G003T	0x1A7FFC	FUN_00194004	FUN_001a7ffc	FUN_00194004	92	f339f4c1c0f84aa430500eb930ece3b5c96734c2b275b2f5a5d5a01fa31bfa0e	source_unnamed	unique_full_body_sha256
LF9D012H	0x27E5A8	LF9G003T	0x27E77C	FUN_0027e5a8	FUN_0027e77c	FUN_0027e5a8	6	f34f8949f67cc3850e837dd5ed5d1497e175c7bde5c8fcb2f7a9a34cac802979	source_unnamed	unique_full_body_sha256
LF9D012H	0xD1564	LF9G003T	0xDEFD8	FUN_000d1564	FUN_000defd8	FUN_000d1564	82	f35a39a686a953c349ec50bd06b4beeff36353cf2b2fe0e735c42ac85005e7d5	source_unnamed	unique_full_body_sha256
LF9D012H	0xAADFE	LF9G003T	0xB82A2	FUN_000aadfe	FUN_000b82a2	FUN_000aadfe	254	f3640333af0dd5d06fff8fce5d9b025a667d996f2a6be3738443998472709968	source_unnamed	unique_full_body_sha256
LF9D012H	0x12193C	LF9G003T	0x12FE18	FUN_0012193c	FUN_0012fe18	FUN_0012193c	42	f36750a8048f12194a00c4eac9e31113c1d203c039cd0b6682fe0039ee511d21	source_unnamed	unique_full_body_sha256
LF9D012H	0x12C240	LF9G003T	0x13A744	FUN_0012c240	FUN_0013a744	FUN_0012c240	54	f36a1e38235b9f0fb700d33421e5a202d600d52a2fe7de4cc7ad198b5aee85b4	source_unnamed	unique_full_body_sha256
LF9D012H	0x73A0	LF9G003T	0x7368	FUN_000073a0	FUN_00007368	FUN_000073a0	14	f386f7fe176014d12f19fe47f7922016b2c1edbfd85daec238ca5c4c2b11200b	source_unnamed	unique_full_body_sha256
LF9D012H	0x1B2FCC	LF9G003T	0x1C8464	FUN_001b2fcc	FUN_001c8464	FUN_001b2fcc	78	f3a2ee53088b9aeb8b0638c472a230facfb3adc9df3a9d8ba11021900e90207e	source_unnamed	unique_full_body_sha256
LF9D012H	0x83290	LF9G003T	0x8FACC	FUN_00083290	FUN_0008facc	FUN_00083290	84	f3a95443535d546bd6022d909bb6ff46276d5b6e723b3b715a4f52503816803d	source_unnamed	unique_full_body_sha256
LF9D012H	0x1A0E68	LF9G003T	0x1B4F7C	FUN_001a0e68	FUN_001b4f7c	FUN_001a0e68	120	f3ffde53466fa184abd252cb30debf3a202adc0f270a3c81d0bf9499d4e76fde	source_unnamed	unique_full_body_sha256
LF9D012H	0x1DA916	LF9G003T	0x1F0A36	FUN_001da916	FUN_001f0a36	FUN_001da916	10	f45ce1b510c99695fb3cbe9fec276b709620e214301a2447c79dbcdea6c78d29	source_unnamed	unique_full_body_sha256
LF9D012H	0x1E1C56	LF9G003T	0x1F7D76	FUN_001e1c56	FUN_001f7d76	FUN_001e1c56	10	f478b4d586caddb1fd60fe1902336a0248aa668b24df7e9754e45bb810b73b14	source_unnamed	unique_full_body_sha256
LF9D012H	0x1B3D24	LF9G003T	0x1C91BC	interp_1d_axis_s8_data_s16	interp_1d_axis_s8_data_s16	interp_1d_axis_s8_data_s16	122	f479270157c5d7dcfd863c58b387fef17f721aa0948413e8c184f7f505d067f0	already_named	unique_full_body_sha256
LF9D012H	0x1D7B36	LF9G003T	0x1EDC56	FUN_001d7b36	FUN_001edc56	FUN_001d7b36	6	f48f29fec4807852ae9800749f14b3f40bc9b252090f89e8e088508d4f2fa0af	source_unnamed	unique_full_body_sha256
LF9D012H	0xA7726	LF9G003T	0xB4B76	FUN_000a7726	FUN_000b4b76	FUN_000a7726	26	f4b92270d4713439a010d40ec8743d4cf002909f91beb14f0fb101bb65721272	source_unnamed	unique_full_body_sha256
LF9D012H	0x161838	LF9G003T	0x1749B8	FUN_00161838	FUN_001749b8	FUN_00161838	108	f51b1d33812cf67f2856179f5693337f64cc30bb04d4598ac8b03a1ebba8d348	source_unnamed	unique_full_body_sha256
LF9D012H	0x76754	LF9G003T	0x82F88	FUN_00076754	FUN_00082f88	FUN_00076754	92	f527a168bec1da246309e5220f1f8df57eb46ed7363b30406c0c73b86e2c9bac	source_unnamed	unique_full_body_sha256
LF9D012H	0x6ECC8	LF9G003T	0x7B4FC	FUN_0006ecc8	FUN_0007b4fc	FUN_0006ecc8	40	f54b1f779d3a459529aa9ae68601d05af164df3c861b920c8094a617185f08b4	source_unnamed	unique_full_body_sha256
LF9D012H	0x65AC	LF9G003T	0x65AC	FUN_000065ac	FUN_000065ac	FUN_000065ac	110	f558ee2e336f164663dee0f7ebc2d8dee7882da11a92aea6273861594ee6c40b	source_unnamed	unique_full_body_sha256
LF9D012H	0x1DD2C0	LF9G003T	0x1F33E0	build_status_byte_bitfields	build_status_byte_bitfields	build_status_byte_bitfields	222	f578b91660795eba9eec106f2c18a564be5c4d3af452c007c69dcdd698ceb8df	already_named	unique_full_body_sha256
LF9D012H	0x1D6A00	LF9G003T	0x1ECB20	sig_set_fwd_1c	sig_set_fwd_1c	sig_set_fwd_1c	6	f59b1e00c21756788f2be31201d21058ba13613b417812334e4fc8edf3ef0fe4	already_named	unique_full_body_sha256
LF9D012H	0x1C9A7C	LF9G003T	0x1DEF14	FUN_001c9a7c	FUN_001def14	FUN_001c9a7c	92	f5b32f4f93d40ca2391d64c387a8044bb48e87038ebb3ed53a7ebab2565123ae	source_unnamed	unique_full_body_sha256
LF9D012H	0x88F90	LF9G003T	0x957F0	FUN_00088f90	FUN_000957f0	FUN_00088f90	114	f5e16dc9022f22155bdb8c58d164bb58eaeccedc0e93bfc03399385e63a7336f	source_unnamed	unique_full_body_sha256
LF9D012H	0xD5C48	LF9G003T	0xE36BC	FUN_000d5c48	FUN_000e36bc	FUN_000d5c48	86	f5e3854cea4a77992458060c2dc81bb04cdef42039ab106d37c488beadfa59d9	source_unnamed	unique_full_body_sha256
LF9D012H	0xA7BAE	LF9G003T	0xB4FFE	FUN_000a7bae	FUN_000b4ffe	FUN_000a7bae	84	f5fd71a2f377dc9be40f8342af4a178c1d3d1167b5a3df06a71fac4dc43e3281	source_unnamed	unique_full_body_sha256
LF9D012H	0xB013A	LF9G003T	0xBD5DE	FUN_000b013a	FUN_000bd5de	FUN_000b013a	68	f60c0583da7fb3d8415bda77b91f15f10c8ca28c81dbcd28adaff832af3077b2	source_unnamed	unique_full_body_sha256
LF9D012H	0xA9DDC	LF9G003T	0xB7280	FUN_000a9ddc	FUN_000b7280	FUN_000a9ddc	74	f6103f1580661c48d286af9a52883dbc4bc34f5251d279d47b2dc94d3266036c	source_unnamed	unique_full_body_sha256
LF9D012H	0x1DE456	LF9G003T	0x1F4576	can_xcvr_standby_set	can_xcvr_standby_set	can_xcvr_standby_set	10	f66fab5ba9dca485e869b0b6b147fe2a1b51e8bef758d3b3d91d64c2b87b0d1c	already_named	unique_full_body_sha256
LF9D012H	0x1DBE4E	LF9G003T	0x1F1F6E	FUN_001dbe4e	FUN_001f1f6e	FUN_001dbe4e	44	f684c504295ed7fc5be41b0cd87f56809c772225c6a867771fb078e75d95e0e0	source_unnamed	unique_full_body_sha256
LF9D012H	0x14FA94	LF9G003T	0x1627AC	FUN_0014fa94	FUN_001627ac	FUN_0014fa94	70	f6dcfc700da83ee30d48be9b86d4a71cf5893a0a514ac2f0839445925d999f46	source_unnamed	unique_full_body_sha256
LF9D012H	0xB98CC	LF9G003T	0xC6DD8	FUN_000b98cc	FUN_000c6dd8	FUN_000b98cc	50	f703874543ed34d3479b2b589238767806388f3d0464fb37fa29ae0243cc563f	source_unnamed	unique_full_body_sha256
LF9D012H	0x1C9704	LF9G003T	0x1DEB9C	FUN_001c9704	FUN_001deb9c	FUN_001c9704	202	f70bb71fb012fdfa37de01a47c00045290258afa1d56c3b00e11d9f95cfbb17f	source_unnamed	unique_full_body_sha256
LF9D012H	0x1276F0	LF9G003T	0x135BC4	counter_decrement_clamp_min1	counter_decrement_clamp_min1	counter_decrement_clamp_min1	52	f712b012f093d12f2b4daf866bfe2c6e21853b7d0acaa9aa84d3703991e140cf	already_named	unique_full_body_sha256
LF9D012H	0xA94E0	LF9G003T	0xB6930	FUN_000a94e0	FUN_000b6930	FUN_000a94e0	52	f725b01f22fceb644952392c588cb7da30b863761ad16866fcfd8894e835bf0e	source_unnamed	unique_full_body_sha256
LF9D012H	0x64D0	LF9G003T	0x64D0	FUN_000064d0	FUN_000064d0	FUN_000064d0	140	f730bbec3e60af738e238f399c993e0fe4aa3a74b3dd63bb3e496eeec50ed5d1	source_unnamed	unique_full_body_sha256
LF9D012H	0x1F18C0	LF9G003T	0x207C00	FUN_001f18c0	FUN_00207c00	FUN_001f18c0	34	f732abe4853d817e3f75bb11ce28164fb8f25435adb4987270055b7391601839	source_unnamed	unique_full_body_sha256
LF9D012H	0x1F1650	LF9G003T	0x207990	FUN_001f1650	FUN_00207990	FUN_001f1650	6	f747749e963031ed7eb416b0026a155464bdfe66db4c73ddd1f4d41bff4ec72f	source_unnamed	unique_full_body_sha256
LF9D012H	0x1EE3E2	LF9G003T	0x204722	FUN_001ee3e2	FUN_00204722	FUN_001ee3e2	20	f752b258ce3acc6aa2983c97ca835d7df5fdebc67350acc3fea78db45fc1dc13	source_unnamed	unique_full_body_sha256
LF9D012H	0x27E020	LF9G003T	0x27E1F4	FUN_0027e020	FUN_0027e1f4	FUN_0027e020	98	f753e37bebb40e7a6b7d990778cae5edf191eabf4bca2f03b70968230d973d19	source_unnamed	unique_full_body_sha256
LF9D012H	0xA79F6	LF9G003T	0xB4E46	FUN_000a79f6	FUN_000b4e46	FUN_000a79f6	58	f791d28b2d3c4aefc0902218daca7dbd8fbbc93a8afc655f8fa4144723b5964d	source_unnamed	unique_full_body_sha256
LF9D012H	0x10D670	LF9G003T	0x11B9E8	FUN_0010d670	FUN_0011b9e8	FUN_0010d670	8	f7b8eab68015471e27eb1893f1a5a6ca0994c9a6e1cd416b02044c8f53af0569	source_unnamed	unique_full_body_sha256
LF9D012H	0xEB8E8	LF9G003T	0xF9354	FUN_000eb8e8	FUN_000f9354	FUN_000eb8e8	48	f7bcfd986a12277bfedc98ca6a3ebeec8a5c7ab9c06d0ef272b17bb037621163	source_unnamed	unique_full_body_sha256
LF9D012H	0x27E1C4	LF9G003T	0x27E398	FUN_0027e1c4	FUN_0027e398	FUN_0027e1c4	180	f7c2bcc13d76f80ef27fc193f2d708d2090f7d0a009d4f4daeb038d936b5868d	source_unnamed	unique_full_body_sha256
LF9D012H	0xF51D4	LF9G003T	0x102DCC	FUN_000f51d4	FUN_00102dcc	FUN_000f51d4	60	f7cec1ee9ed82016a70f3a8fc1a3d44978bd0b4bd95dc726305ed727db8a63b7	source_unnamed	unique_full_body_sha256
LF9D012H	0x1DAEE6	LF9G003T	0x1F1006	FUN_001daee6	FUN_001f1006	FUN_001daee6	44	f7cfafe77d04013bc2df778e8b1e444b717da7d50d8dae2f045ea48a83e9d8a8	source_unnamed	unique_full_body_sha256
LF9D012H	0xFD584	LF9G003T	0x10B178	FUN_000fd584	FUN_0010b178	FUN_000fd584	34	f80e628f77013d7a2fb0414810204a928e244d098d72bc70e50ac50c160eeb55	source_unnamed	unique_full_body_sha256
LF9D012H	0x1D6132	LF9G003T	0x1EC252	FUN_001d6132	FUN_001ec252	FUN_001d6132	178	f86a64848074af312ad3100d698915c86ccf66334633457c22b326c04973b3f0	source_unnamed	unique_full_body_sha256
LF9D012H	0x1DE990	LF9G003T	0x1F4AB0	FUN_001de990	FUN_001f4ab0	FUN_001de990	10	f87114037ad9ec1b5209fedc45efb10ce2d575c8a3639f767a403460f23557b3	source_unnamed	unique_full_body_sha256
LF9D012H	0x1DC4E0	LF9G003T	0x1F2600	FUN_001dc4e0	FUN_001f2600	FUN_001dc4e0	18	f8716a22dde42c74e2494347ee935021319f8c39119c0811383b3b79a173371a	source_unnamed	unique_full_body_sha256
LF9D012H	0xA3520	LF9G003T	0xAFE44	FUN_000a3520	FUN_000afe44	FUN_000a3520	36	f89fdbef20eee37048badecbae2ced88d6d5dc481efb5c4ed77649720424c15d	source_unnamed	unique_full_body_sha256
LF9D012H	0x89B3C	LF9G003T	0x9639C	FUN_00089b3c	FUN_0009639c	FUN_00089b3c	126	f8a532ec6e9129576bf1f0f45bcfef1447bcf7c33e61b6237920bf86b607c523	source_unnamed	unique_full_body_sha256
LF9D012H	0x1BB938	LF9G003T	0x1D0DD0	FUN_001bb938	FUN_001d0dd0	FUN_001bb938	56	f8a6cffed98c19d3425194dbefb8d63a0f7f2e14f49cbf7c2a3ad70b024fe52d	source_unnamed	unique_full_body_sha256
LF9D012H	0x8332E	LF9G003T	0x8FB6A	thunk_FUN_000849a2	thunk_FUN_000911ee	thunk_FUN_000849a2	6	f8e053cbf78097cbecc6c7c3bce223d74ccaea988002d803d693211150499980	source_unnamed	unique_full_body_sha256
LF9D012H	0xA3510	LF9G003T	0xAFE34	FUN_000a3510	FUN_000afe34	FUN_000a3510	16	f923cb44624251ca040d59c056f0960c34b039c829382afe2288222cb258a93a	source_unnamed	unique_full_body_sha256
LF9D012H	0x151C2C	LF9G003T	0x1648B0	FUN_00151c2c	FUN_001648b0	FUN_00151c2c	74	f9295ec5c540d847a7b0cfc1447493ff50be0cf5f3616a8e6a5682452afac068	source_unnamed	unique_full_body_sha256
LF9D012H	0x1890BC	LF9G003T	0x19D0B8	FUN_001890bc	FUN_0019d0b8	FUN_001890bc	72	f97f9c7ec05a216ff5ea8877a8d1901877a879c2b8b6beb8ac7cdb2d2f520531	source_unnamed	unique_full_body_sha256
LF9D012H	0x77A4	LF9G003T	0x776C	FUN_000077a4	FUN_0000776c	FUN_000077a4	8	f98416ef274109dadde9d915090aaec486066665a98f2f308501fa15198c2c20	source_unnamed	unique_full_body_sha256
LF9D012H	0x27EBE8	LF9G003T	0x27EDBC	FUN_0027ebe8	FUN_0027edbc	FUN_0027ebe8	6	f98e26f9065b7568d32f946015941b2a61241c1035ab936c5fd1db3de31904e3	source_unnamed	unique_full_body_sha256
LF9D012H	0x27D090	LF9G003T	0x27D264	FUN_0027d090	FUN_0027d264	FUN_0027d090	106	f9a52f6e8ffc4bb5dcb84ea57190bd3c400363a01ea985c729b5977c03638dbb	source_unnamed	unique_full_body_sha256
LF9D012H	0x1DC532	LF9G003T	0x1F2652	can_bus_wake_handshake	can_bus_wake_handshake	can_bus_wake_handshake	68	f9eccaf363908d754aced1fdd32de31aa2a4912a26f1030b0f2cd018c4d9bb6d	already_named	unique_full_body_sha256
LF9D012H	0x105C9C	LF9G003T	0x1139CC	FUN_00105c9c	FUN_001139cc	FUN_00105c9c	40	f9fbc0fa2d2dc377e421a8435f0525e24956ebe436c02247e87e598cb5de7045	source_unnamed	unique_full_body_sha256
LF9D012H	0x10DB48	LF9G003T	0x11BEE8	FUN_0010db48	FUN_0011bee8	FUN_0010db48	10	fa0fa55a0aff158ce07c53f50c681f0f9f83d0a3d7bbbbbd659409eb6b75eb02	source_unnamed	unique_full_body_sha256
LF9D012H	0x1CBF80	LF9G003T	0x1E1418	FUN_001cbf80	FUN_001e1418	FUN_001cbf80	138	fa1108126cc022acc4511f73914a989aa5af5aa274df04a6407cbc3924a7603a	source_unnamed	unique_full_body_sha256
LF9D012H	0x718D2	LF9G003T	0x7E106	FUN_000718d2	FUN_0007e106	FUN_000718d2	142	fa28cbdba445e4df47a7a7c811e7c8f0665b56f677d07279a24cf8e38cb6ac99	source_unnamed	unique_full_body_sha256
LF9D012H	0x17E688	LF9G003T	0x191884	FUN_0017e688	FUN_00191884	FUN_0017e688	70	fa311a2cc36f40de0a2428030dd4c4e589e7332c9148fb6ebcd2af3029a9b745	source_unnamed	unique_full_body_sha256
LF9D012H	0xAD224	LF9G003T	0xBA6C8	FUN_000ad224	FUN_000ba6c8	FUN_000ad224	58	fa344180c36ff66dd306414e9a6ab7e49998704239a1e17cd4902217e9f3d407	source_unnamed	unique_full_body_sha256
LF9D012H	0x1B6BB8	LF9G003T	0x1CC050	interp_2d_ax_u16_u8_data_u_v2	interp_2d_ax_u16_u8_data_u_v2	interp_2d_ax_u16_u8_data_u_v2	276	fa660719142b58ab2571d61947e589325efd21e7b2af3496242ec45c9b9121cc	already_named	unique_full_body_sha256
LF9D012H	0x14A40C	LF9G003T	0x15B46C	FUN_0014a40c	FUN_0015b46c	FUN_0014a40c	66	fa7ab7fcf9075f045d582ce59eaddc6113437f26cf94ab63079f237de84eaeea	source_unnamed	unique_full_body_sha256
LF9D012H	0x128CD4	LF9G003T	0x137198	FUN_00128cd4	FUN_00137198	FUN_00128cd4	138	fa7c314e71ca29b7b76ca91c3d93cab366a5405be9b4ae92d567dea205de3e57	source_unnamed	unique_full_body_sha256
LF9D012H	0xD5D54	LF9G003T	0xE37C8	FUN_000d5d54	FUN_000e37c8	FUN_000d5d54	80	fa81d49a1577190f63b2583db94bcfc1dae270884cf88661c48a78585c34057b	source_unnamed	unique_full_body_sha256
LF9D012H	0x1EEA30	LF9G003T	0x204D70	FUN_001eea30	FUN_00204d70	FUN_001eea30	18	fa8ff1b311db94a72b17eee05b0358d2d3baa9428741f5e5578f9d8ec5126ea1	source_unnamed	unique_full_body_sha256
LF9D012H	0x6ECA0	LF9G003T	0x7B4D4	FUN_0006eca0	FUN_0007b4d4	FUN_0006eca0	40	facf576cb316ce4c8f72d74fa9508025fa54d3cf16b002169c2757354348b9b7	source_unnamed	unique_full_body_sha256
LF9D012H	0x139730	LF9G003T	0x147BFC	FUN_00139730	FUN_00147bfc	FUN_00139730	32	fad1d1aa7940021c7c59600230bb327a8b4a33b462b400be34dae7cdec1d7129	source_unnamed	unique_full_body_sha256
LF9D012H	0x1CCD40	LF9G003T	0x1E21D8	FUN_001ccd40	FUN_001e21d8	FUN_001ccd40	10	fb1519c99ff103b072d510fe3557a898572c35c039a6dd6e453468b5e3eda12e	source_unnamed	unique_full_body_sha256
LF9D012H	0xA3104	LF9G003T	0xAFA28	FUN_000a3104	FUN_000afa28	FUN_000a3104	248	fbe70cdaac1543d1066253b42c1e8ae1ea2b255c79f18e14feac44f7b31e61ba	source_unnamed	unique_full_body_sha256
LF9D012H	0x1310E8	LF9G003T	0x13F5B4	FUN_001310e8	FUN_0013f5b4	FUN_001310e8	46	fbf2862c852467fde4eb67c230ac9a3ce0b36e37c57d4e8cc66e3ee42d67fe10	source_unnamed	unique_full_body_sha256
LF9D012H	0x85C0E	LF9G003T	0x9245A	scaled_square_diff_clamp	scaled_square_diff_clamp	scaled_square_diff_clamp	160	fc08338d0f26bd403b395525db17fc0c6cbe6745bb32e2430cce0374669c81ff	already_named	unique_full_body_sha256
LF9D012H	0x19FF84	LF9G003T	0x1B4098	FUN_0019ff84	FUN_001b4098	FUN_0019ff84	82	fc489331fa237cbfc9d35dc26bbea35edee1224c0e398d5823b4f5f913e279a7	source_unnamed	unique_full_body_sha256
LF9D012H	0x27E990	LF9G003T	0x27EB64	FUN_0027e990	FUN_0027eb64	FUN_0027e990	6	fc6967ad0dea042978b76f2b477b0d6cd23e8cdbb861f8187df9f47f8dd5e009	source_unnamed	unique_full_body_sha256
LF9D012H	0xAA0CE	LF9G003T	0xB7572	FUN_000aa0ce	FUN_000b7572	FUN_000aa0ce	44	fc7ebd994936ac4cb4218a26b8ef9a848447eb712092f0af5754fbb4fafbe928	source_unnamed	unique_full_body_sha256
LF9D012H	0x136198	LF9G003T	0x144664	FUN_00136198	FUN_00144664	FUN_00136198	62	fc93fa9e7cdb537a849ff74a425881e92625a3ec6b3a7da21e03761d72d731a4	source_unnamed	unique_full_body_sha256
LF9D012H	0x75C46	LF9G003T	0x8247A	FUN_00075c46	FUN_0008247a	FUN_00075c46	22	fca9cd37eb694453c7a35ea6a7bf1d4791ad7e06836a567452684b3cc14239dc	source_unnamed	unique_full_body_sha256
LF9D012H	0x89E06	LF9G003T	0x96666	FUN_00089e06	FUN_00096666	FUN_00089e06	52	fce0843861662a512e7f6204ef490133191dd0eccb9d2905c5d8da75e7d79679	source_unnamed	unique_full_body_sha256
LF9D012H	0x12DB8C	LF9G003T	0x13C054	FUN_0012db8c	FUN_0013c054	FUN_0012db8c	140	fd06c5de36a72924910c8f2ad227a98bda7ef45e66e906d74ab8c9cd8e009686	source_unnamed	unique_full_body_sha256
LF9D012H	0x70B7C	LF9G003T	0x7D3B0	FUN_00070b7c	FUN_0007d3b0	FUN_00070b7c	10	fd0bd917da3237e72796604aa129ce3da987322cb1fda2d2cb44dff4ce24bba4	source_unnamed	unique_full_body_sha256
LF9D012H	0xABAE0	LF9G003T	0xB8F84	FUN_000abae0	FUN_000b8f84	FUN_000abae0	134	fd11db8e81f20462e0de2732f36ca0db6cc704dc170b91e35ff0669a31305eb3	source_unnamed	unique_full_body_sha256
LF9D012H	0x1DAB0A	LF9G003T	0x1F0C2A	FUN_001dab0a	FUN_001f0c2a	FUN_001dab0a	10	fd57922669ba957684a6e62d42af329057d1a7029adf26388234a9e5d31c04ec	source_unnamed	unique_full_body_sha256
LF9D012H	0x1AF93C	LF9G003T	0x1C4DCC	FUN_001af93c	FUN_001c4dcc	FUN_001af93c	56	fd5a0cc84e4cf506f214b8e7924d330ca0f6d73e8a9c675daef6c0409bb877a1	source_unnamed	unique_full_body_sha256
LF9D012H	0x270920	LF9G003T	0x270920	thunk_FUN_001d5d68	thunk_FUN_001ebe88	thunk_FUN_001d5d68	6	fd862c7602b21cb5b6fe0b096ea22f37faf42c67c54e70016f1a873a20f51316	source_unnamed	unique_full_body_sha256
LF9D012H	0xAB16A	LF9G003T	0xB860E	FUN_000ab16a	FUN_000b860e	FUN_000ab16a	72	fe2e6503629c986efa5dfc61e7b94c0fc4611aab6323b4d0458de7e6e0a0d285	source_unnamed	unique_full_body_sha256
LF9D012H	0x76628	LF9G003T	0x82E5C	FUN_00076628	FUN_00082e5c	FUN_00076628	104	fe3e141e7c0cb8b24831632bc6de12ad086db7c757aa46543dbb79847effbe5e	source_unnamed	unique_full_body_sha256
LF9D012H	0x1D945C	LF9G003T	0x1EF57C	FUN_001d945c	FUN_001ef57c	FUN_001d945c	10	fe4820ad0dbce67f3956bedffebf95316d52fa55e688a425cf5ec85dbdeea654	source_unnamed	unique_full_body_sha256
LF9D012H	0x12DA48	LF9G003T	0x13BF10	FUN_0012da48	FUN_0013bf10	FUN_0012da48	54	fe487e22753138c16c9cbf9af4f549bdcc59129d5db4b6ca2dab451ed81af2a9	source_unnamed	unique_full_body_sha256
LF9D012H	0x1DB8A4	LF9G003T	0x1F19C4	FUN_001db8a4	FUN_001f19c4	FUN_001db8a4	44	fe4e04d97c030e3c902c9030ad444b4e55dc7ff0f687c59adaad55083348028e	source_unnamed	unique_full_body_sha256
LF9D012H	0x1F459C	LF9G003T	0x20A914	FUN_001f459c	FUN_0020a914	FUN_001f459c	392	fe4f485e21706e24c91ad3185ace27c019692b668bf38ebefd2c7b42f262edef	source_unnamed	unique_full_body_sha256
LF9D012H	0xD5A94	LF9G003T	0xE3508	FUN_000d5a94	FUN_000e3508	FUN_000d5a94	332	fe6a4215b870c52bc8430bba32135dde1ff17166bc3a7457fca40d0e53bbfa97	source_unnamed	unique_full_body_sha256
LF9D012H	0x1D92E6	LF9G003T	0x1EF406	FUN_001d92e6	FUN_001ef406	FUN_001d92e6	14	fe885a19e7061c37d4eec15cb996a6b6cabe2914af73e9e6ae67ebbba2b6d69a	source_unnamed	unique_full_body_sha256
LF9D012H	0x17F654	LF9G003T	0x193130	FUN_0017f654	FUN_00193130	FUN_0017f654	28	fe99a2f465dc3b639a3d29803c1e28e08b00726f5eeb6ce3ef3a7fef65eab9ee	source_unnamed	unique_full_body_sha256
LF9D012H	0x1EFB78	LF9G003T	0x205EB8	FUN_001efb78	FUN_00205eb8	FUN_001efb78	178	fee8e96a297bf2b145cbd04d7f20742c25af03275a8fe514e515f61912c0abd8	source_unnamed	unique_full_body_sha256
LF9D012H	0x1DAC2E	LF9G003T	0x1F0D4E	FUN_001dac2e	FUN_001f0d4e	FUN_001dac2e	10	ff14ab0d3d29cbd382ca4dbf38c0962e505ad874380de9448ce150a5ac152071	source_unnamed	unique_full_body_sha256
LF9D012H	0x1B3E1C	LF9G003T	0x1C92B4	interp_1d_axis_u16_data_s32_via_helper	interp_1d_axis_u16_data_s32_via_helper	interp_1d_axis_u16_data_s32_via_helper	152	ff43616e38ebaa0635068f4f23913dd8a0e2bdf27bc1d32edc0f5149ebe37568	already_named	unique_full_body_sha256
LF9D012H	0x7424	LF9G003T	0x73EC	FUN_00007424	FUN_000073ec	FUN_00007424	84	ff7a5bbbf01ac53eb7bb2f0c37bfa810c8e9dc70d7c84a61379ec3b90e56fa42	source_unnamed	unique_full_body_sha256
LF9D012H	0x1F03B8	LF9G003T	0x2066F8	FUN_001f03b8	FUN_002066f8	FUN_001f03b8	10	ff82eed836006f80b7b37bd44c95483d0040ba14be06ee36fb33027a0c99038f	source_unnamed	unique_full_body_sha256
LF9D012H	0x1AC970	LF9G003T	0x1C1C74	FUN_001ac970	FUN_001c1c74	FUN_001ac970	92	ff864c588f7457a9665435ee9f7c7a7a4818e0300bafa2e5f4c24e5dee9bb6ce	source_unnamed	unique_full_body_sha256
LF9D012H	0x1EDF70	LF9G003T	0x2042B0	FUN_001edf70	FUN_002042b0	FUN_001edf70	72	ff8d9727062e4efc531c9bb18c8bccfb71ab4b1fa24f79804ec651c0a42e3296	source_unnamed	unique_full_body_sha256
LF9D012H	0x17F29C	LF9G003T	0x192CDC	FUN_0017f29c	FUN_00192cdc	FUN_0017f29c	46	fff4e6cf90bb37dd8aa65dad0e6f777e50605e1265807f89ba60e05317043b7c	source_unnamed	unique_full_body_sha256
