source_cid	source_address	target_cid	target_address	source_name	target_name	canonical_name	size	body_sha256	status	match_method
LF9G003T	0x90920	LF9L000E	0x90BA4	FUN_00090920	FUN_00090ba4	FUN_00090920	58	0027b808ea6a34686391fe3d366ae2f331ea40138086ad82dba38f7515b56484	source_unnamed	unique_full_body_sha256
LF9G003T	0x1F4844	LF9L000E	0x1FDC14	FUN_001f4844	FUN_001fdc14	FUN_001f4844	30	0060010f1b8b5ffb7fc7b2eab7ab3c5cd4faf6af66f4babf0a40b1bf696b9352	source_unnamed	unique_full_body_sha256
LF9G003T	0x1650FC	LF9L000E	0x166A4C	FUN_001650fc	FUN_00166a4c	FUN_001650fc	58	006646c7fe073cf184fca45ecd65ff241d3a9ea1104f696f34274759f4422f3f	source_unnamed	unique_full_body_sha256
LF9G003T	0x1F2696	LF9L000E	0x1FBA66	can_bus_wake_status_read	can_bus_wake_status_read	can_bus_wake_status_read	30	006c9f60d76fd4d77c4561bbba6ea183f0eac13ccbb51a3b712312a8e871f4b0	already_named	unique_full_body_sha256
LF9G003T	0x1B3930	LF9L000E	0x1BCBAC	FUN_001b3930	FUN_001bcbac	FUN_001b3930	76	007cdec5f62a4b68dea9e174c28b61dcdba3f61db998147b4d61d0e56df2f9e8	source_unnamed	unique_full_body_sha256
LF9G003T	0x168E8C	LF9L000E	0x16A7DC	FUN_00168e8c	FUN_0016a7dc	FUN_00168e8c	48	0099691a846386c9b0f79d0f02cbcfbce6126a45a6c504d3c4bd78dc49475e5c	source_unnamed	unique_full_body_sha256
LF9G003T	0x1F1B14	LF9L000E	0x1FAEE4	FUN_001f1b14	FUN_001faee4	FUN_001f1b14	52	00e560c520a7fd0ee2b9aeed71fe8f3b1b72bc00c351ea8d0b5e1f258a613e26	source_unnamed	unique_full_body_sha256
LF9G003T	0xBEB12	LF9L000E	0xBEEFE	FUN_000beb12	FUN_000beefe	FUN_000beb12	82	0102fc41ae662aedba3650a07382fb6682dbb0a0089e0ed2e47ea127f21025eb	source_unnamed	unique_full_body_sha256
LF9G003T	0x1F0EC6	LF9L000E	0x1FA296	FUN_001f0ec6	FUN_001fa296	FUN_001f0ec6	10	01038959dc26c2bec0e76014603eb55c06edbb8fe4916c17e093847017b641aa	source_unnamed	unique_full_body_sha256
LF9G003T	0x1989AC	LF9L000E	0x1A1B4C	FUN_001989ac	FUN_001a1b4c	FUN_001989ac	74	01300472c02bd31e5500888f12efc9f623c6a5e6e460e6070b7b704e531d85a0	source_unnamed	unique_full_body_sha256
LF9G003T	0xC3BFC	LF9L000E	0xC3FF8	FUN_000c3bfc	FUN_000c3ff8	FUN_000c3bfc	76	014bbd7f2783e278a2ea91f89e45fc8cf0a72da3343663611bc7cf196c619e9b	source_unnamed	unique_full_body_sha256
LF9G003T	0x10C288	LF9L000E	0x10CDF4	FUN_0010c288	FUN_0010cdf4	FUN_0010c288	68	0157a895836efd9df274579d7068846d199268e0d31049c5dd315f197dea4d15	source_unnamed	unique_full_body_sha256
LF9G003T	0x1661EC	LF9L000E	0x167B3C	FUN_001661ec	FUN_00167b3c	FUN_001661ec	124	0183b5cefce7715f6d39143ba9ade549a88805ec2523d76c9f7f6f1d895b24c4	source_unnamed	unique_full_body_sha256
LF9G003T	0x1496F4	LF9L000E	0x14A2AC	FUN_001496f4	FUN_0014a2ac	FUN_001496f4	34	018cef4bc59b728065f9e68c7ac90b5c20d0d51dd5a7206dd344d9b66ff0f0e3	source_unnamed	unique_full_body_sha256
LF9G003T	0x1018D0	LF9L000E	0x10243C	FUN_001018d0	FUN_0010243c	FUN_001018d0	18	01a50ac26a5dd37446a9214fb3a768d433e91967bdf9bfcbbcd38dff437bc62b	source_unnamed	unique_full_body_sha256
LF9G003T	0x6F78	LF9L000E	0x6F78	FUN_00006f78	FUN_00006f78	FUN_00006f78	6	01be2c2b63649d33d76af107bfa9ec0ec2b08873b6a00e3e903cc153c8927e1d	source_unnamed	unique_full_body_sha256
LF9G003T	0x1F7B8C	LF9L000E	0x200F5C	FUN_001f7b8c	FUN_00200f5c	FUN_001f7b8c	32	01bea0685570f2cf3e0d0462f7bc9284254140f3c80da6ff5b8f36392af85a58	source_unnamed	unique_full_body_sha256
LF9G003T	0x1F6AC6	LF9L000E	0x1FFE96	FUN_001f6ac6	FUN_001ffe96	FUN_001f6ac6	88	01ce0c3b7febb620122f4231a532079e70d219004b556ede4940f5a818632654	source_unnamed	unique_full_body_sha256
LF9G003T	0x15F0B0	LF9L000E	0x15FC68	FUN_0015f0b0	FUN_0015fc68	FUN_0015f0b0	234	01d52b2d96be2c7908e6f17970d17d48471f46066e057bfad465f067d9e5d325	source_unnamed	unique_full_body_sha256
LF9G003T	0xA18B6	LF9L000E	0xA1B3A	FUN_000a18b6	FUN_000a1b3a	FUN_000a18b6	16	01d86c7ad380ef74983dd436d2e6f429230a6faa38b92305011d1827f2b44bc4	source_unnamed	unique_full_body_sha256
LF9G003T	0x20AF5E	LF9L000E	0x21439A	enter_dispatcher_locked	enter_dispatcher_locked	enter_dispatcher_locked	186	01daa3073b182cec2e67aac3c745cbe5021cc88b497cb75be5fadc498698ff40	already_named	unique_full_body_sha256
LF9G003T	0x13A820	LF9L000E	0x13B3DC	FUN_0013a820	FUN_0013b3dc	FUN_0013a820	286	01eaaf15d200f17b33e21afb71ba7713769f1e5a85888edd5658f7dbe77ff99c	source_unnamed	unique_full_body_sha256
LF9G003T	0x7B574	LF9L000E	0x7B6EC	FUN_0007b574	FUN_0007b6ec	FUN_0007b574	40	0209f05213ff4b0e30e4f0ec7b227cb3a5139964ddf8d8afdde9ad6f849d14a2	source_unnamed	unique_full_body_sha256
LF9G003T	0x1EDCFA	LF9L000E	0x1F70CA	cal_table_get_word1_alias	cal_table_get_word1_alias	cal_table_get_word1_alias	10	0246469c44188e6ce5ad4403a7972ff588939c12accd85be3f75f922aee7e0ab	already_named	unique_full_body_sha256
LF9G003T	0x1C2BB8	LF9L000E	0x1CBEF8	FUN_001c2bb8	FUN_001cbef8	FUN_001c2bb8	64	02611d3b8fb06136440e1f520633724cb11bab951964ac93a32fbc91cfc519a4	source_unnamed	unique_full_body_sha256
LF9G003T	0x20768C	LF9L000E	0x210AC8	FUN_0020768c	FUN_00210ac8	FUN_0020768c	86	026d20bef05a589b06dd920c632d5ba89894b71c013c49fe3685837da44078df	source_unnamed	unique_full_body_sha256
LF9G003T	0xB51C6	LF9L000E	0xB5532	FUN_000b51c6	FUN_000b5532	FUN_000b51c6	206	027ed1f771e6b772b9012d56d23038fab69612b8cb8ce0b0662c194ff0d7fa99	source_unnamed	unique_full_body_sha256
LF9G003T	0x1F1E10	LF9L000E	0x1FB1E0	FUN_001f1e10	FUN_001fb1e0	FUN_001f1e10	10	02857cba1cfac5d16ff22e7c6078abb22323da5a426eeb3d78a365c1bf742e65	source_unnamed	unique_full_body_sha256
LF9G003T	0x9EF3C	LF9L000E	0x9F1C0	FUN_0009ef3c	FUN_0009f1c0	FUN_0009ef3c	154	02ac75cc943384007c5926e53aac613ffe02288acb5d45f0045c3a4a97678f7e	source_unnamed	unique_full_body_sha256
LF9G003T	0x1318B4	LF9L000E	0x132460	FUN_001318b4	FUN_00132460	FUN_001318b4	110	02e5bfba76a2195947b00584765de3d324a4c0c813fc5969c55b00d21152a1bc	source_unnamed	unique_full_body_sha256
LF9G003T	0x1FA87C	LF9L000E	0x203C4C	FUN_001fa87c	FUN_00203c4c	FUN_001fa87c	166	02f23fac2da3defdb61ce73ee764fcac2ccb897664da0bd91c4f31caa45b64c3	source_unnamed	unique_full_body_sha256
LF9G003T	0x1C8858	LF9L000E	0x1D1C00	interp_1d_axis_s16_data_u8	interp_1d_axis_s16_data_u8	interp_1d_axis_s16_data_u8	124	02ffdc97f741bc25f8593577b663227b693dc1fae7141ad795ee06ef0b9a8b2a	already_named	unique_full_body_sha256
LF9G003T	0x1CC378	LF9L000E	0x1D5720	FUN_001cc378	FUN_001d5720	FUN_001cc378	262	032bc57216e2d5767c6a5795f6f4c32bc888d99d0274914fe201c148f2deedba	source_unnamed	unique_full_body_sha256
LF9G003T	0x1D425C	LF9L000E	0x1DD604	FUN_001d425c	FUN_001dd604	FUN_001d425c	38	035f5c93fda6b00748109c07b788f4311385b38c906ce8e129ce5e2bf072d53b	source_unnamed	unique_full_body_sha256
LF9G003T	0xAF470	LF9L000E	0xAF6F4	sa_send_response	sa_send_response	sa_send_response	36	0361f56c4e5a765bec3a30042ff6e99902f8412d0687547237724ab08ec9ac10	already_named	unique_full_body_sha256
LF9G003T	0x1A073C	LF9L000E	0x1A98D8	FUN_001a073c	FUN_001a98d8	FUN_001a073c	6	03656f68af4c1f783919bdd2871e5dd1cb94afd8877622851f3aa66fc22933dd	source_unnamed	unique_full_body_sha256
LF9G003T	0x1CBDD8	LF9L000E	0x1D5180	FUN_001cbdd8	FUN_001d5180	FUN_001cbdd8	350	03687cbe93be1461ccc3cf06287288b7805880d8a7dd9a028e2fac836289b69c	source_unnamed	unique_full_body_sha256
LF9G003T	0xBED04	LF9L000E	0xBF0F0	FUN_000bed04	FUN_000bf0f0	FUN_000bed04	20	038818f544148f086b5c9b1dac1390d1268ae0bd6095981c89b9735688638d31	source_unnamed	unique_full_body_sha256
LF9G003T	0x92F4C	LF9L000E	0x931D0	FUN_00092f4c	FUN_000931d0	FUN_00092f4c	34	03b652d91e881e47157d48fbb664f6f2db141b0ab56965f07e9d559bc0079770	source_unnamed	unique_full_body_sha256
LF9G003T	0x19DC1C	LF9L000E	0x1A6DBC	FUN_0019dc1c	FUN_001a6dbc	FUN_0019dc1c	88	03baa98ecb42ee3672082a5923068d9f81c8dc15a343fb7aef96fb13f75d9714	source_unnamed	unique_full_body_sha256
LF9G003T	0xF179C	LF9L000E	0xF2308	FUN_000f179c	FUN_000f2308	FUN_000f179c	108	03e0d9a8b96bb774da832abee39c8b26fb81f5a09cbc6f9ff7dd3be9d2e22d20	source_unnamed	unique_full_body_sha256
LF9G003T	0xAB470	LF9L000E	0xAB6F4	FUN_000ab470	FUN_000ab6f4	FUN_000ab470	58	0403c2d5f2d1c998f5c92657197ace7c65fa177739663a700cde045f4183d4f3	source_unnamed	unique_full_body_sha256
LF9G003T	0xB5052	LF9L000E	0xB53BE	FUN_000b5052	FUN_000b53be	FUN_000b5052	54	0466f59767dd269fb0337c1dfed69eed24622881a17ed85334ebd9043c4b3a3b	source_unnamed	unique_full_body_sha256
LF9G003T	0x1ED1C6	LF9L000E	0x1F6596	FUN_001ed1c6	FUN_001f6596	FUN_001ed1c6	18	0471cdc025a446c6a319ca9485e729b1a40c6bec4902aca18cb0488b626a571e	source_unnamed	unique_full_body_sha256
LF9G003T	0x132554	LF9L000E	0x133100	FUN_00132554	FUN_00133100	FUN_00132554	394	049dbf96bf0caa0328fdbc9f9f20d7fd5f2e5795a4391c5e1f023a53d3cecf4f	source_unnamed	unique_full_body_sha256
LF9G003T	0x1EB3A0	LF9L000E	0x1F4770	FUN_001eb3a0	FUN_001f4770	FUN_001eb3a0	30	04a9d7672747bec5609d89f7fc43dc4fad34a6a97d756342a9cc7474f68a1940	source_unnamed	unique_full_body_sha256
LF9G003T	0x1643D0	LF9L000E	0x165D70	FUN_001643d0	FUN_00165d70	FUN_001643d0	72	04b76f21e3ae0b5606727166cfeda9d8d034fba9b4be51406205f2225b923dec	source_unnamed	unique_full_body_sha256
LF9G003T	0x1FAEC8	LF9L000E	0x204298	FUN_001faec8	FUN_00204298	FUN_001faec8	100	04c2baeae924c793182f033570cc6e774cd5d292d81ad8db27030877ad78c038	source_unnamed	unique_full_body_sha256
LF9G003T	0x6568	LF9L000E	0x6568	FUN_00006568	FUN_00006568	FUN_00006568	66	04c8d10b5a9caea5d8f1c6de5c2e5cb51752ef33b381e50ae5b10a3c12fec4e8	source_unnamed	unique_full_body_sha256
LF9G003T	0xC319C	LF9L000E	0xC3598	FUN_000c319c	FUN_000c3598	FUN_000c319c	50	04dadf2486777e37137d059593fde1e2e03dd53f9e61b25e515c8f77f0750e9c	source_unnamed	unique_full_body_sha256
LF9G003T	0x132288	LF9L000E	0x132E34	FUN_00132288	FUN_00132e34	FUN_00132288	238	04e4a04ca1a59bb62b6a94a402a7ffd4212e0ebb84574c8bd4f91848d0684a79	source_unnamed	unique_full_body_sha256
LF9G003T	0x6488	LF9L000E	0x6488	FUN_00006488	FUN_00006488	FUN_00006488	72	0524a514064fb3d5d4c1d7f345692504ca9a9dab4c9f5f759f0ebd1bcba8c0b1	source_unnamed	unique_full_body_sha256
LF9G003T	0x8F188	LF9L000E	0x8F40C	FUN_0008f188	FUN_0008f40c	FUN_0008f188	8	055fb7346fa9db5c73884a5ca72bb2b8db66eb9898fceb1985309ed58cd0cb8f	source_unnamed	unique_full_body_sha256
LF9G003T	0x2066EE	LF9L000E	0x20FB2A	FUN_002066ee	FUN_0020fb2a	FUN_002066ee	10	056a659748f608fdfbe156e6ab71b112de835d097cce970726f7e5a5bd6c6840	source_unnamed	unique_full_body_sha256
LF9G003T	0x27E280	LF9L000E	0x27E414	FUN_0027e280	FUN_0027e414	FUN_0027e280	100	0593aa73c2c11f4873c6caaf2347a719c9a64692cc1c8ee7329fc1677936c6f9	source_unnamed	unique_full_body_sha256
LF9G003T	0xAA63A	LF9L000E	0xAA8BE	FUN_000aa63a	FUN_000aa8be	FUN_000aa63a	26	05c7e84ea380a54464f2811765bfeb292eeb54498d166d95a2c7b5dd7147bcc3	source_unnamed	unique_full_body_sha256
LF9G003T	0xA223A	LF9L000E	0xA24BE	FUN_000a223a	FUN_000a24be	FUN_000a223a	386	05cff000d11ec039a8bf6429ea4ed5fa0284b96f9ee1cdec3f2acacbaf82ab94	source_unnamed	unique_full_body_sha256
LF9G003T	0x1F997A	LF9L000E	0x202D4A	FUN_001f997a	FUN_00202d4a	FUN_001f997a	30	05e8d76da010e591a127757fa0ca1418f3b8727226ee57940bb2ffdbd37d674a	source_unnamed	unique_full_body_sha256
LF9G003T	0xC3252	LF9L000E	0xC364E	FUN_000c3252	FUN_000c364e	FUN_000c3252	90	0611c33bdec420c1ba6de05a03642a3d4457d0997227994954227406131ede2d	source_unnamed	unique_full_body_sha256
LF9G003T	0x1E876C	LF9L000E	0x1F1B3C	increment_ref_counter	increment_ref_counter	increment_ref_counter	34	06192b305fd9633cad1f03804fb4e69cc78e71f8c4b50495f960c0f704da0e5d	already_named	unique_full_body_sha256
LF9G003T	0xDFB90	LF9L000E	0xE06CC	FUN_000dfb90	FUN_000e06cc	FUN_000dfb90	72	0622dfe9452fd92daff99248cacb5fed6bcaab486fa30a08b9b9fc55999f4644	source_unnamed	unique_full_body_sha256
LF9G003T	0xB932C	LF9L000E	0xB9718	FUN_000b932c	FUN_000b9718	FUN_000b932c	88	0623621470612ad02178126c1639d9622077fe6426e059cce46d177fe01e4ad9	source_unnamed	unique_full_body_sha256
LF9G003T	0x933CC	LF9L000E	0x93650	FUN_000933cc	FUN_00093650	FUN_000933cc	10	06280fb2c5140d4cb98cebd68c7fb282ab8d4b459fed81aeb79ace3592c2abd7	source_unnamed	unique_full_body_sha256
LF9G003T	0xA2954	LF9L000E	0xA2BD8	FUN_000a2954	FUN_000a2bd8	FUN_000a2954	6	0628e181c82ca996f475cd1c9967aecb6633afc38d42adc2e4fe1baa9f2c6da1	source_unnamed	unique_full_body_sha256
LF9G003T	0x86AA8	LF9L000E	0x86D2C	FUN_00086aa8	FUN_00086d2c	FUN_00086aa8	192	0637e3aec3ed50481315cbd30a9821ae9ccbfd5f44381a610a7bd2ac6f0598ce	source_unnamed	unique_full_body_sha256
LF9G003T	0xBC988	LF9L000E	0xBCD74	FUN_000bc988	FUN_000bcd74	FUN_000bc988	314	064d57b3f8c2c310362dc01c357c034fc001ba9dd0f1c30ab08f7e2c3d4a5a48	source_unnamed	unique_full_body_sha256
LF9G003T	0x95CD2	LF9L000E	0x95F56	FUN_00095cd2	FUN_00095f56	FUN_00095cd2	152	065bf24038f621801db85cb6fef059c7bdda71b8d3f7c04fd45bb241a4a0db1a	source_unnamed	unique_full_body_sha256
LF9G003T	0xF6F58	LF9L000E	0xF7AC4	FUN_000f6f58	FUN_000f7ac4	FUN_000f6f58	40	0665d2357b726420944ee418e26809da7fde367f61d9b476cdda2d4e7f44cba6	source_unnamed	unique_full_body_sha256
LF9G003T	0x14D5CC	LF9L000E	0x14E184	FUN_0014d5cc	FUN_0014e184	FUN_0014d5cc	72	0673aa922365dfa5ed032597558735fd0c7ab7eabc49a173b64852c9ce1751f9	source_unnamed	unique_full_body_sha256
LF9G003T	0x159358	LF9L000E	0x159F10	FUN_00159358	FUN_00159f10	FUN_00159358	34	06857af0959dc1c48f55e3dab72f26c97fe73e5a3dd5cf0dd21fe30481edf87f	source_unnamed	unique_full_body_sha256
LF9G003T	0xF362C	LF9L000E	0xF4198	FUN_000f362c	FUN_000f4198	FUN_000f362c	260	06966dcb03dd4b8ec46b79ebc321571b206d5d6db7559d310030e1d841b19f07	source_unnamed	unique_full_body_sha256
LF9G003T	0x11A948	LF9L000E	0x11B4B4	FUN_0011a948	FUN_0011b4b4	FUN_0011a948	114	069e3a9aaa630b613188dc434e8fb06ec5a661be41331d1fd88399b45a5832c5	source_unnamed	unique_full_body_sha256
LF9G003T	0x1936CC	LF9L000E	0x19AEEC	FUN_001936cc	FUN_0019aeec	FUN_001936cc	94	06a7e45447b9254e407dfd83bf252e6205ad46bfda6d998a8a95724456c7dd42	source_unnamed	unique_full_body_sha256
LF9G003T	0x15FAB0	LF9L000E	0x160680	FUN_0015fab0	FUN_00160680	FUN_0015fab0	48	06d8c7d8d431c909fa10d1959df3dbcc6314d669f051904f7064b184cc7ed8d1	source_unnamed	unique_full_body_sha256
LF9G003T	0x7F5DE	LF9L000E	0x7F756	FUN_0007f5de	FUN_0007f756	FUN_0007f5de	42	06e7504439fd416831d2acd0f084d15488ea366c6e916db626509c597dcc55bd	source_unnamed	unique_full_body_sha256
LF9G003T	0x207F90	LF9L000E	0x2113CC	FUN_00207f90	FUN_002113cc	FUN_00207f90	10	06f3087cc388fe3c1ca4beedb73a22ddc3b5a3b10c734fc76863d9820f2bca26	source_unnamed	unique_full_body_sha256
LF9G003T	0x8D5DE	LF9L000E	0x8D862	FUN_0008d5de	FUN_0008d862	FUN_0008d5de	392	06f74201095dcd3fd3e6a193c2e43758732cdb8d7f5299e657b75e42a979ebae	source_unnamed	unique_full_body_sha256
LF9G003T	0x204C8C	LF9L000E	0x20E0C8	FUN_00204c8c	FUN_0020e0c8	FUN_00204c8c	110	0746b4318d0801208c416e86feda21ebb3979ba4881d605cd75aa98bf95f1c7b	source_unnamed	unique_full_body_sha256
LF9G003T	0x1F6A6E	LF9L000E	0x1FFE3E	FUN_001f6a6e	FUN_001ffe3e	FUN_001f6a6e	88	076bb02df16e9808c693649c9991281589234a2cfaba88f40240070f37d7e5e5	source_unnamed	unique_full_body_sha256
LF9G003T	0x1CD498	LF9L000E	0x1D6840	interp_2d_ax_u32_u8_data_s_1cd498	interp_2d_ax_u32_u8_data_s_1d6840	interp_2d_ax_u32_u8_data_s	352	077b8daf1e5d96dd963cbfb45810342e3029a501756582445c7341ee73919422	address_variant	unique_full_body_sha256
LF9G003T	0x1CC688	LF9L000E	0x1D5A30	FUN_001cc688	FUN_001d5a30	FUN_001cc688	262	07aca1f0c408f92e9629cea2a11228c85f858416d06c5c4d06694440de5050ee	source_unnamed	unique_full_body_sha256
LF9G003T	0xDECC8	LF9L000E	0xDF804	FUN_000decc8	FUN_000df804	FUN_000decc8	304	07bc12515b5b7f44d287a2458adac5f32ec4d9cde040cc83a4a65e5e0b37d448	source_unnamed	unique_full_body_sha256
LF9G003T	0x1EB3BE	LF9L000E	0x1F478E	FUN_001eb3be	FUN_001f478e	FUN_001eb3be	30	07de9b190cb34bdcd76b8b1d65c78e675691ba8f122cd397ee94a48c3482e057	source_unnamed	unique_full_body_sha256
LF9G003T	0x10F470	LF9L000E	0x10FFDC	FUN_0010f470	FUN_0010ffdc	FUN_0010f470	22	07e81bd0685ea3e70af63fad4fd8dd994fddc2400cdd1f2b9308d5396ac8432b	source_unnamed	unique_full_body_sha256
LF9G003T	0x7378	LF9L000E	0x7378	FUN_00007378	FUN_00007378	FUN_00007378	28	07f6ce47044d8fe7a4f52617abf3b35440d0db4f1734ed2587f0cbfd9cc0c9d7	source_unnamed	unique_full_body_sha256
LF9G003T	0x1695A0	LF9L000E	0x16AEF0	FUN_001695a0	FUN_0016aef0	FUN_001695a0	48	080ac74c3e5cf59332b65dac63fcaf4946e0271899df269b9d49c0bdd90c29b9	source_unnamed	unique_full_body_sha256
LF9G003T	0x7284	LF9L000E	0x7284	FUN_00007284	FUN_00007284	FUN_00007284	218	084056e9a481037452e5e6b62daf873ab0fb643ee4f6f85c2243ab9ed9e5ab7d	source_unnamed	unique_full_body_sha256
LF9G003T	0x1F4A1E	LF9L000E	0x1FDDEE	FUN_001f4a1e	FUN_001fddee	FUN_001f4a1e	6	08573c89185607a751928441395790adb2e30dfd5825effc24ced54856237519	source_unnamed	unique_full_body_sha256
LF9G003T	0xF919C	LF9L000E	0xF9D08	FUN_000f919c	FUN_000f9d08	FUN_000f919c	238	085c609229aa64b59e2d687c058dc5b5d2716c94e2cf14735ca21e937ea5806f	source_unnamed	unique_full_body_sha256
LF9G003T	0x1F3774	LF9L000E	0x1FCB44	broadcast_sched_by_period	broadcast_sched_by_period	broadcast_sched_by_period	234	088ecb1d3134b778bc9d10a6007a72392432d467611fb751d35594d2c767e99b	already_named	unique_full_body_sha256
LF9G003T	0x1F7E90	LF9L000E	0x201260	FUN_001f7e90	FUN_00201260	FUN_001f7e90	452	089ae011ea4251f1e6486d0876e4718c3e8cc34542ac4eed4392ab9a63d28fe5	source_unnamed	unique_full_body_sha256
LF9G003T	0x115ABC	LF9L000E	0x116628	FUN_00115abc	FUN_00116628	FUN_00115abc	314	08e5e676c87637fad0cfca10058132b5c68da2f2e27eb528955ec751f88be141	source_unnamed	unique_full_body_sha256
LF9G003T	0x166A20	LF9L000E	0x168370	FUN_00166a20	FUN_00168370	FUN_00166a20	70	08f5b5ee2e1ed0f050ffeacea1b1b64e7a88b4101ac7e87706222e045e80cfef	source_unnamed	unique_full_body_sha256
LF9G003T	0x7A81E	LF9L000E	0x7A996	FUN_0007a81e	FUN_0007a996	FUN_0007a81e	142	08f6d32ba25e07ed300baa867b4e04d45e851fd365ba1f0f895960e8c867333f	source_unnamed	unique_full_body_sha256
LF9G003T	0xAF494	LF9L000E	0xAF718	FUN_000af494	FUN_000af718	FUN_000af494	8	090206762730ec390b6434d2e1acb5cbefc70a624880e0120d6255dafc9fce48	source_unnamed	unique_full_body_sha256
LF9G003T	0xFDC10	LF9L000E	0xFE77C	FUN_000fdc10	FUN_000fe77c	FUN_000fdc10	42	093305babf4f42f997f705885766661465f44f3c24022535e306be624dad8393	source_unnamed	unique_full_body_sha256
LF9G003T	0x129128	LF9L000E	0x129CD4	FUN_00129128	FUN_00129cd4	FUN_00129128	52	09524c563c9171d026cb2e0fbba624a70a8bbf36d3a2daac2f05539e95edb4af	source_unnamed	unique_full_body_sha256
LF9G003T	0xA1AA0	LF9L000E	0xA1D24	FUN_000a1aa0	FUN_000a1d24	FUN_000a1aa0	396	09607ac0446cdba86200908c05cb6a78dcc5ca1f0cd36e4c146d10f937dd7193	source_unnamed	unique_full_body_sha256
LF9G003T	0x8EEE0	LF9L000E	0x8F164	FUN_0008eee0	FUN_0008f164	FUN_0008eee0	16	0960cee02b7cd1c8045f2d6a2c420db154c3d3be6678a935413107ea44adb9c7	source_unnamed	unique_full_body_sha256
LF9G003T	0x207750	LF9L000E	0x210B8C	FUN_00207750	FUN_00210b8c	FUN_00207750	256	0989c4b6daf4afebf65740f1252c80c53122d6c427e84e9beb4bf97dfae6e6aa	source_unnamed	unique_full_body_sha256
LF9G003T	0x1C9AFC	LF9L000E	0x1D2EA4	FUN_001c9afc	FUN_001d2ea4	FUN_001c9afc	288	09a303a4f6111ad4d589bc66ca0ddcdd6fb3b9b94b8d5005ef24e8bc5509ab17	source_unnamed	unique_full_body_sha256
LF9G003T	0x1EDC32	LF9L000E	0x1F7002	FUN_001edc32	FUN_001f7002	FUN_001edc32	6	09ca26a733580ab2ea67a657e2fa8d0206069e3d498fe3057a5e458c16e94d16	source_unnamed	unique_full_body_sha256
LF9G003T	0x97742	LF9L000E	0x979C6	FUN_00097742	FUN_000979c6	FUN_00097742	66	09d4734179580eacb7a5c5c1acb7f801b0f33ccdb4a610822670b6fe52a59ee8	source_unnamed	unique_full_body_sha256
LF9G003T	0x1F0FEC	LF9L000E	0x1FA3BC	FUN_001f0fec	FUN_001fa3bc	FUN_001f0fec	10	09e139d9f5e0422a861fd9d310ea508ffdda46375e4c70ddf571480b58758f38	source_unnamed	unique_full_body_sha256
LF9G003T	0x1D852C	LF9L000E	0x1E18D4	FUN_001d852c	FUN_001e18d4	FUN_001d852c	218	09f8f2881409920a9a956342a69da1098d3252b6337fafdb420eb72ebd3cf77e	source_unnamed	unique_full_body_sha256
LF9G003T	0x204B76	LF9L000E	0x20DFB2	FUN_00204b76	FUN_0020dfb2	FUN_00204b76	10	09fd83ab02a25f69e7634f1d159eb7a273904999a7a0b72cff962f4c21c83b1b	source_unnamed	unique_full_body_sha256
LF9G003T	0x7E902	LF9L000E	0x7EA7A	FUN_0007e902	FUN_0007ea7a	FUN_0007e902	148	0a1795e77527eddd5e36500def92c07b17eba319cb3d911ca6ed5772aa47a61b	source_unnamed	unique_full_body_sha256
LF9G003T	0xBC782	LF9L000E	0xBCB6E	FUN_000bc782	FUN_000bcb6e	FUN_000bc782	64	0a1ad2443930ceef58ac6e5954978bd4e553273cab1cc28266d63239c1295857	source_unnamed	unique_full_body_sha256
LF9G003T	0x8698C	LF9L000E	0x86C10	FUN_0008698c	FUN_00086c10	FUN_0008698c	188	0a1e3f1d48159371d836496b2090b94a2a163aef3f745f9150850a8e7bc8e443	source_unnamed	unique_full_body_sha256
LF9G003T	0x1EE0C0	LF9L000E	0x1F7490	FUN_001ee0c0	FUN_001f7490	FUN_001ee0c0	28	0a50c59af73b67e8ba3ff096faf3114281a35036f55b361e972ff7091395971f	source_unnamed	unique_full_body_sha256
LF9G003T	0x1481A4	LF9L000E	0x148D5C	FUN_001481a4	FUN_00148d5c	FUN_001481a4	26	0a51ca0158aec855a21debc8d611da3b6a9c75253f68694c6cf5dea6932074f4	source_unnamed	unique_full_body_sha256
LF9G003T	0xAF9D2	LF9L000E	0xAFC56	FUN_000af9d2	FUN_000afc56	FUN_000af9d2	10	0a69eef66d1f3ff4f73974383334600265e0037c5cedc67c5f802a0dacccd42b	source_unnamed	unique_full_body_sha256
LF9G003T	0xB550E	LF9L000E	0xB587A	FUN_000b550e	FUN_000b587a	FUN_000b550e	126	0ab7178502f53292a43f8edf4e8456c902e8272a4170a7a9aaea409d8f1d90f3	source_unnamed	unique_full_body_sha256
LF9G003T	0x15B6C0	LF9L000E	0x15C278	FUN_0015b6c0	FUN_0015c278	FUN_0015b6c0	66	0ad8f952fb200fd3887cf547e27ebd4a4555f9a628eb47b3f1e5661e040c4623	source_unnamed	unique_full_body_sha256
LF9G003T	0x797D4	LF9L000E	0x7994C	diag_monitor_mature_rec03	diag_monitor_mature_rec03	diag_monitor_mature_rec03	48	0b0468ae451a963c28668d08efd9578ba2ebe014da0ae7d2fea812f6c3f0c70f	already_named	unique_full_body_sha256
LF9G003T	0xB7D30	LF9L000E	0xB809C	FUN_000b7d30	FUN_000b809c	FUN_000b7d30	28	0b72d6ee2cbfa288e94018604190df54b6a0eb98ae89085e3fb1e5314e89bb11	source_unnamed	unique_full_body_sha256
LF9G003T	0xF6974	LF9L000E	0xF74E0	FUN_000f6974	FUN_000f74e0	FUN_000f6974	170	0b75eadc1b29564d51c60723bd18d9380b642585e8538e1c4225b4051fa91e32	source_unnamed	unique_full_body_sha256
LF9G003T	0x12ADA0	LF9L000E	0x12B94C	FUN_0012ada0	FUN_0012b94c	FUN_0012ada0	184	0b7aadd39b54f265d72f2ba291fec073b02ae9224cfa4ac1c2534fdc755eabd9	source_unnamed	unique_full_body_sha256
LF9G003T	0x1C406C	LF9L000E	0x1CD414	FUN_001c406c	FUN_001cd414	FUN_001c406c	74	0b7e76ea56c5ae9315a43ce46da34c011bc71f8980c630b0f77df373b1419f37	source_unnamed	unique_full_body_sha256
LF9G003T	0x92F34	LF9L000E	0x931B8	FUN_00092f34	FUN_000931b8	FUN_00092f34	24	0ba79bbf3005479ea1255709d8fcf1199427a9cf8d6c6507d9035a5ca65d1438	source_unnamed	unique_full_body_sha256
LF9G003T	0x126048	LF9L000E	0x126BF4	FUN_00126048	FUN_00126bf4	FUN_00126048	12	0bd56026a42572c4332acadd6c712f6f60473c09cf59bd3c44ecd5defb33a1c5	source_unnamed	unique_full_body_sha256
LF9G003T	0x124684	LF9L000E	0x125230	FUN_00124684	FUN_00125230	FUN_00124684	564	0c1dd2542eab5294bf26bfec89dd7d734ba0cbe5c3a924cfb23ca25ad9212bf5	source_unnamed	unique_full_body_sha256
LF9G003T	0x14A430	LF9L000E	0x14AFE8	FUN_0014a430	FUN_0014afe8	FUN_0014a430	512	0c203d5f5c422889cf7286d99c8b59deae074802b428644e8acb9e4aca8451e4	source_unnamed	unique_full_body_sha256
LF9G003T	0x1EDD14	LF9L000E	0x1F70E4	thunk_FUN_001ef9a2	thunk_FUN_001f8d72	thunk_FUN_001ef9a2	6	0c566dc5ea4576d7af8efd954b9774a1d33297fac518bf0f02e66b8390272f92	source_unnamed	unique_full_body_sha256
LF9G003T	0x1C10BC	LF9L000E	0x1CA3FC	FUN_001c10bc	FUN_001ca3fc	FUN_001c10bc	106	0c5bf70f41fddda91c3eca7afad0ade5e6e10db6cdbb055e893e80e9d7fda98f	source_unnamed	unique_full_body_sha256
LF9G003T	0x13AF50	LF9L000E	0x13BB0C	FUN_0013af50	FUN_0013bb0c	FUN_0013af50	296	0c6351c66b7304aaff48c1a205125417ecd390c50ac6764ce6d8c930fc54de7e	source_unnamed	unique_full_body_sha256
LF9G003T	0x27D12E	LF9L000E	0x27D2C2	FUN_0027d12e	FUN_0027d2c2	FUN_0027d12e	36	0c825379274e2af95c5512df65cf3315e05d599db0762a44e3636d2ddfd78f37	source_unnamed	unique_full_body_sha256
LF9G003T	0xE3654	LF9L000E	0xE41B8	FUN_000e3654	FUN_000e41b8	FUN_000e3654	70	0c8479466ea683188fe1dd3ee02450ef5a1180a125364e5c8f3a57beee94f070	source_unnamed	unique_full_body_sha256
LF9G003T	0xF156C	LF9L000E	0xF20D8	FUN_000f156c	FUN_000f20d8	FUN_000f156c	26	0c8a8623c20c30f7b5ef752e30ccba27cc3941b119013f5b266275059bbf1d4f	source_unnamed	unique_full_body_sha256
LF9G003T	0x1ACF90	LF9L000E	0x1B612C	FUN_001acf90	FUN_001b612c	FUN_001acf90	68	0cd1d3291e974877a7209af88449c012d2017a17b4a37a2ec968570e5edc1f2a	source_unnamed	unique_full_body_sha256
LF9G003T	0xD8888	LF9L000E	0xD93C4	FUN_000d8888	FUN_000d93c4	FUN_000d8888	222	0d1d2bc8d687d88311c83ef1d550989faf509d3909427c59bf927797d064b4e7	source_unnamed	unique_full_body_sha256
LF9G003T	0x74B4	LF9L000E	0x74B4	FUN_000074b4	FUN_000074b4	FUN_000074b4	86	0d21d999dcfac4ca50b0b5e82600293b986760efddbf9c75f4a9033642f70ff3	source_unnamed	unique_full_body_sha256
LF9G003T	0x6E28	LF9L000E	0x6E28	FUN_00006e28	FUN_00006e28	FUN_00006e28	66	0d680dd42ae23761d0a6374868b7dae5a261276241d6921c250d9a01e801c1ca	source_unnamed	unique_full_body_sha256
LF9G003T	0x1F9818	LF9L000E	0x202BE8	FUN_001f9818	FUN_00202be8	FUN_001f9818	28	0d70d80c2c46f27af6c05526019fdcf7aaad8e92f6c1293b13bfa6a2768e8827	source_unnamed	unique_full_body_sha256
LF9G003T	0x7B404	LF9L000E	0x7B57C	FUN_0007b404	FUN_0007b57c	FUN_0007b404	42	0d897518e63676159e184e0f36f6cfd5b846a626d8f672996266fd94c9061995	source_unnamed	unique_full_body_sha256
LF9G003T	0x7568	LF9L000E	0x7568	FUN_00007568	FUN_00007568	FUN_00007568	112	0db290a5ec180c41ea96b319d9e38530b9cca70a1b55da437f35e438b72e8f88	source_unnamed	unique_full_body_sha256
LF9G003T	0x932C0	LF9L000E	0x93544	FUN_000932c0	FUN_00093544	FUN_000932c0	30	0db3da5daf5a21281e4ceec44fb6c1652380cd442aa0aca43dc03fade834155e	source_unnamed	unique_full_body_sha256
LF9G003T	0x79E22	LF9L000E	0x79F9A	FUN_00079e22	FUN_00079f9a	FUN_00079e22	58	0dcfadf2eca9bef8334073d52be531a50d9e9753d9d96bb478bcdb2c1231009e	source_unnamed	unique_full_body_sha256
LF9G003T	0x149718	LF9L000E	0x14A2D0	FUN_00149718	FUN_0014a2d0	FUN_00149718	76	0dd753e2f8a22ebf836372ac78a49bfd641903bf5e45cc6f1f1b1a878cd4b2f1	source_unnamed	unique_full_body_sha256
LF9G003T	0xB89FC	LF9L000E	0xB8DE8	FUN_000b89fc	FUN_000b8de8	FUN_000b89fc	86	0dd91b59535b645cae4bdaeaecc3d26f53d2affc1ee71b91988c1a193cfb5fb7	source_unnamed	unique_full_body_sha256
LF9G003T	0x115C00	LF9L000E	0x11676C	FUN_00115c00	FUN_0011676c	FUN_00115c00	610	0e4fa97c2d869ecd1518d1cb56186d8f96fd40fac4257bdf708397612fc48162	source_unnamed	unique_full_body_sha256
LF9G003T	0x13AA5C	LF9L000E	0x13B618	FUN_0013aa5c	FUN_0013b618	FUN_0013aa5c	134	0e5fb728c2f30559c1fba619951cf3959fcef82c83650227d410dbd7177467ed	source_unnamed	unique_full_body_sha256
LF9G003T	0x14521C	LF9L000E	0x145DD4	FUN_0014521c	FUN_00145dd4	FUN_0014521c	80	0e756ca864597e64a3c7269696e673d0019719030862647e03fcfc0da1a8e89f	source_unnamed	unique_full_body_sha256
LF9G003T	0xA1FD2	LF9L000E	0xA2256	FUN_000a1fd2	FUN_000a2256	FUN_000a1fd2	22	0e781df539bfc01eab605a040cb4b7449e7bf87b26a94353af13da54275124c1	source_unnamed	unique_full_body_sha256
LF9G003T	0x86B68	LF9L000E	0x86DEC	FUN_00086b68	FUN_00086dec	FUN_00086b68	192	0e85e9efd8685d00e57518c83029c0e29a469ae4959153b3a2d3baacdef7dfff	source_unnamed	unique_full_body_sha256
LF9G003T	0x20712A	LF9L000E	0x210566	FUN_0020712a	FUN_00210566	FUN_0020712a	30	0ea285f9fb80f8df1ddd91fbcff198177bde8f8b4ed066d5c0acc25a248f667d	source_unnamed	unique_full_body_sha256
LF9G003T	0x116520	LF9L000E	0x11708C	FUN_00116520	FUN_0011708c	FUN_00116520	314	0eab564a485e6540254d7137e45ae71d79213b459b68144c369a08455db0cc15	source_unnamed	unique_full_body_sha256
LF9G003T	0xB9482	LF9L000E	0xB986E	FUN_000b9482	FUN_000b986e	FUN_000b9482	212	0eb286af2a08611b47819933ed8b9d0f38fe3142e4280601f61ce93f568002ae	source_unnamed	unique_full_body_sha256
LF9G003T	0xD4A98	LF9L000E	0xD51EC	FUN_000d4a98	FUN_000d51ec	FUN_000d4a98	44	0ec1b449e3816b51e44d91151541f68edd8f555a4fdfe5c1bebe7b8499a51908	source_unnamed	unique_full_body_sha256
LF9G003T	0x1A7E70	LF9L000E	0x1B100C	FUN_001a7e70	FUN_001b100c	FUN_001a7e70	34	0ed322787d8b1852e4c53cd3d4645f6fd676d43e80822fefe982ef86e63aea55	source_unnamed	unique_full_body_sha256
LF9G003T	0x13C404	LF9L000E	0x13CFC0	FUN_0013c404	FUN_0013cfc0	FUN_0013c404	204	0ed57d3a8b4b26e2d5677904ae988c1bd6b10a9a8a6a310d3257b7038a7ea63c	source_unnamed	unique_full_body_sha256
LF9G003T	0xD7D44	LF9L000E	0xD8880	FUN_000d7d44	FUN_000d8880	FUN_000d7d44	62	0ee464f979510215fa0114084f722aa58850515c3daf0ffadf7e68208715b41a	source_unnamed	unique_full_body_sha256
LF9G003T	0x1F2056	LF9L000E	0x1FB426	FUN_001f2056	FUN_001fb426	FUN_001f2056	48	0eea02746294ba668ef5ae7f4f464eb4d6abd02ee1fb21729590e45225b5188d	source_unnamed	unique_full_body_sha256
LF9G003T	0xBCBCC	LF9L000E	0xBCFB8	FUN_000bcbcc	FUN_000bcfb8	FUN_000bcbcc	218	0eeaacb38d110e3891d7391c93e08df45ca9eeb8ea24cbe702a107ab3a454da8	source_unnamed	unique_full_body_sha256
LF9G003T	0x1A6BD8	LF9L000E	0x1AFD74	FUN_001a6bd8	FUN_001afd74	FUN_001a6bd8	38	0efaab4224ea3ed4bd7955db6a59887d9bbf32ed38172dd33241212875c9f929	source_unnamed	unique_full_body_sha256
LF9G003T	0x1B5048	LF9L000E	0x1BE2C4	FUN_001b5048	FUN_001be2c4	FUN_001b5048	50	0f01fa6d171794e594f2f63105ef561ba37ee6a50aae6e9fef15e972e349b878	source_unnamed	unique_full_body_sha256
LF9G003T	0x1B3148	LF9L000E	0x1BC3C4	FUN_001b3148	FUN_001bc3c4	FUN_001b3148	106	0f0c6f58c2554f87a9df9b6c809d1b171d9ed6c83aa5b79c2803f2133f0008b8	source_unnamed	unique_full_body_sha256
LF9G003T	0xBD94A	LF9L000E	0xBDD36	FUN_000bd94a	FUN_000bdd36	FUN_000bd94a	40	0f19a688a978b04b4904979339e20f176db59cbcbc40108ba9916566eaa78077	source_unnamed	unique_full_body_sha256
LF9G003T	0x27094C	LF9L000E	0x27094C	_main	_main	_main	118	0f23eb6c14110a82bab9353e687a91830ced637ce18326c65d36d8fc3bb90282	already_named	unique_full_body_sha256
LF9G003T	0xC35C0	LF9L000E	0xC39BC	FUN_000c35c0	FUN_000c39bc	FUN_000c35c0	90	0f48f6961b120b88735d84c0d732b9983be513fc6f218808aad8b61d987f420d	source_unnamed	unique_full_body_sha256
LF9G003T	0x7A8E6	LF9L000E	0x7AA5E	FUN_0007a8e6	FUN_0007aa5e	FUN_0007a8e6	58	0f7fd86595cbabbfb2b7c6f1ae394f35360a26ae666a03569c0fa7418e65c205	source_unnamed	unique_full_body_sha256
LF9G003T	0x1FA3B0	LF9L000E	0x203780	FUN_001fa3b0	FUN_00203780	FUN_001fa3b0	390	0f8d7d20330dd7c179626b911b74bd47753e33994eb8076db9360379f69c0b64	source_unnamed	unique_full_body_sha256
LF9G003T	0xBA454	LF9L000E	0xBA840	FUN_000ba454	FUN_000ba840	FUN_000ba454	56	0fb780867dfadeb451421ceef48dbaa7cb94248b1b147e06400f9d0a17c29ab9	source_unnamed	unique_full_body_sha256
LF9G003T	0x1F8090	LF9L000E	0x201460	FUN_001f8090	FUN_00201460	FUN_001f8090	194	100c061c60fd578130a8f6d4ae15aab046ff0496e3029e4f75a6102c17dbff11	source_unnamed	unique_full_body_sha256
LF9G003T	0x10F050	LF9L000E	0x10FBBC	FUN_0010f050	FUN_0010fbbc	FUN_0010f050	198	100ea3c13f8cdb62446097c799c1902b4a4d6c5f1a7e484a083b77081699a791	source_unnamed	unique_full_body_sha256
LF9G003T	0x20B0B8	LF9L000E	0x2144F4	check_context_dispatchable	check_context_dispatchable	check_context_dispatchable	24	1031831f792c4f21aaa040dbdcec202980d4beafb10b39d738fcdd3c0e03bf4c	already_named	unique_full_body_sha256
LF9G003T	0x153FFC	LF9L000E	0x154BB4	FUN_00153ffc	FUN_00154bb4	FUN_00153ffc	46	103323102eb70d0bd24e1015efd18fc02f64bf46e0d92f217e757b985109dd4a	source_unnamed	unique_full_body_sha256
LF9G003T	0x97B32	LF9L000E	0x97DB6	FUN_00097b32	FUN_00097db6	FUN_00097b32	30	10407a481b7216c9aa289f10b9e8a35acf0762ad7b225da8537d59b917b2c694	source_unnamed	unique_full_body_sha256
LF9G003T	0x114A5C	LF9L000E	0x1155C8	FUN_00114a5c	FUN_001155c8	FUN_00114a5c	440	1044fb280b1ea67560bdc67218646e710584dcac7db48689720a128e01f120b3	source_unnamed	unique_full_body_sha256
LF9G003T	0x7A7E4	LF9L000E	0x7A95C	FUN_0007a7e4	FUN_0007a95c	FUN_0007a7e4	58	1048758416f1a12d0c9d2cf87f18f2aeb9ddf4087808aece4a2d9f3bd66a045a	source_unnamed	unique_full_body_sha256
LF9G003T	0x76F0	LF9L000E	0x76F0	FUN_000076f0	FUN_000076f0	FUN_000076f0	50	104d3f34ca3d671aac154eb46755a30ac090e7567cfb5f019ab2df07c46fe3cb	source_unnamed	unique_full_body_sha256
LF9G003T	0xAA202	LF9L000E	0xAA486	FUN_000aa202	FUN_000aa486	FUN_000aa202	94	1089e21c836b6b25c979073245f6bdcae2efae17ca75db23f2680fc9fd31ea58	source_unnamed	unique_full_body_sha256
LF9G003T	0x8D950	LF9L000E	0x8DBD4	FUN_0008d950	FUN_0008dbd4	FUN_0008d950	48	10dbfb1bb2fe11e22b25b6927d84c5b6bc5e9a141f26b8b3a9f469a8ea4b9018	source_unnamed	unique_full_body_sha256
LF9G003T	0x9711E	LF9L000E	0x973A2	FUN_0009711e	FUN_000973a2	FUN_0009711e	50	10e657f8d4da7be24104941fe5d7e75d82f9e46721ecc4bb02231bca49a15a99	source_unnamed	unique_full_body_sha256
LF9G003T	0x84100	LF9L000E	0x84384	FUN_00084100	FUN_00084384	FUN_00084100	100	1137204f473c2d70c18c06a831dfb1882f35a3e9653e31667aca8fddf369a6cd	source_unnamed	unique_full_body_sha256
LF9G003T	0xE8FC8	LF9L000E	0xE9B2C	FUN_000e8fc8	FUN_000e9b2c	FUN_000e8fc8	206	1141cc90d7664b5a4dbb13076dbc59b40e5695738db7f61f8b942e51f338c033	source_unnamed	unique_full_body_sha256
LF9G003T	0x1F23D6	LF9L000E	0x1FB7A6	FUN_001f23d6	FUN_001fb7a6	FUN_001f23d6	262	116259dfbe5eb6cd74408d6d8ffb72a6188548b49e6c7e58fde1645efdcb43e9	source_unnamed	unique_full_body_sha256
LF9G003T	0xB4AD4	LF9L000E	0xB4E40	FUN_000b4ad4	FUN_000b4e40	FUN_000b4ad4	10	116b1752f33517c9a4101831cfa1269f4bfd983a784d68320f787f2c8e35ae35	source_unnamed	unique_full_body_sha256
LF9G003T	0x7C886	LF9L000E	0x7C9FE	FUN_0007c886	FUN_0007c9fe	FUN_0007c886	54	11737402dcc04d4c6021315d512bb3e89456b10b4551497165891f89c9edc7f1	source_unnamed	unique_full_body_sha256
LF9G003T	0x20ACE0	LF9L000E	0x21411C	dispatch_next_ready_task	dispatch_next_ready_task	dispatch_next_ready_task	184	1176411b2a52f605c07fc1903ccc458dfa2c0ccdb1d440da74fcefc4bf6d8959	already_named	unique_full_body_sha256
LF9G003T	0x109504	LF9L000E	0x10A070	FUN_00109504	FUN_0010a070	FUN_00109504	50	119208d5b084edcb740bbf6715dea80166d1050bc2ecb8ab8f2d4752977f7129	source_unnamed	unique_full_body_sha256
LF9G003T	0x14B3B4	LF9L000E	0x14BF6C	FUN_0014b3b4	FUN_0014bf6c	FUN_0014b3b4	118	11930f72796c3d1acfb99f9467a9fd7b68650f5ea12e08a898cd4f4234e79bd0	source_unnamed	unique_full_body_sha256
LF9G003T	0x16414C	LF9L000E	0x165AEC	FUN_0016414c	FUN_00165aec	FUN_0016414c	80	11a3a8a7baa9bc5e986ab968c20f8018b6f51827490f452b20f6655964c0f2a1	source_unnamed	unique_full_body_sha256
LF9G003T	0x9797E	LF9L000E	0x97C02	FUN_0009797e	FUN_00097c02	FUN_0009797e	16	11c1cb58d02fe68838dba544c7533e5dd50cf6622819058c92a8fcd7721acad5	source_unnamed	unique_full_body_sha256
LF9G003T	0x7760	LF9L000E	0x7760	FUN_00007760	FUN_00007760	FUN_00007760	10	11d6cb9e0f5117077f96ba369b8e5730cc4e6e094c43879b26586f0a8555cf79	source_unnamed	unique_full_body_sha256
LF9G003T	0x206A8C	LF9L000E	0x20FEC8	FUN_00206a8c	FUN_0020fec8	FUN_00206a8c	16	11dfb0134e743f9ad86df5d7756cb999736f4034d8009a7862be7df8a67c484e	source_unnamed	unique_full_body_sha256
LF9G003T	0x2072FC	LF9L000E	0x210738	FUN_002072fc	FUN_00210738	FUN_002072fc	12	124d280f3258d8d70d84ad8b564379ed253625965d3a2b4eb8ad66037e9ffb5d	source_unnamed	unique_full_body_sha256
LF9G003T	0x1F92A0	LF9L000E	0x202670	FUN_001f92a0	FUN_00202670	FUN_001f92a0	50	1268bf0c0ca1aea5d7a954d127088b3babdd8988e74029c6bd9958f310423a7c	source_unnamed	unique_full_body_sha256
LF9G003T	0x1F7C30	LF9L000E	0x201000	FUN_001f7c30	FUN_00201000	FUN_001f7c30	14	127117364f38d8101205155d25d6f8285a5ccba8c62af4580bbac640117d5589	source_unnamed	unique_full_body_sha256
LF9G003T	0xC0FAC	LF9L000E	0xC1398	FUN_000c0fac	FUN_000c1398	FUN_000c0fac	10	128b93283ad85b8ed5786cf0308c05c4e76aea3e59e96de8da80490398e25d02	source_unnamed	unique_full_body_sha256
LF9G003T	0x1CE4CC	LF9L000E	0x1D7874	FUN_001ce4cc	FUN_001d7874	FUN_001ce4cc	338	12a0bde1f4f0d6ac4f5cf762a60112f2c3cd3e8366cf9ff240c3358069aa1a37	source_unnamed	unique_full_body_sha256
LF9G003T	0x139C54	LF9L000E	0x13A810	FUN_00139c54	FUN_0013a810	FUN_00139c54	16	12c0ab779d2f61a81dd45b9493cfc6177c270307c1334867b2cd8706b9700449	source_unnamed	unique_full_body_sha256
LF9G003T	0x91092	LF9L000E	0x91316	FUN_00091092	FUN_00091316	FUN_00091092	92	12d01a09032d1a1b7df4cea1ac8fb58e668acb33beba81932d41431f74983d00	source_unnamed	unique_full_body_sha256
LF9G003T	0x27D2F0	LF9L000E	0x27D484	FUN_0027d2f0	FUN_0027d484	FUN_0027d2f0	18	12d01d1eb4011cb841242692f5580de14c6d076843536cde30e50d8c7644a53b	source_unnamed	unique_full_body_sha256
LF9G003T	0x1EDDDE	LF9L000E	0x1F71AE	FUN_001eddde	FUN_001f71ae	FUN_001eddde	6	12e4f620e408070e5b2db7fbaaa8ef69ea58ca4cf932765ad4804337fce20d49	source_unnamed	unique_full_body_sha256
LF9G003T	0x1F46AA	LF9L000E	0x1FDA7A	FUN_001f46aa	FUN_001fda7a	FUN_001f46aa	6	12e9e6bcfbc6a00e2806b6f095ca75bd770fb5a42df42279a71547d79e5eb2ad	source_unnamed	unique_full_body_sha256
LF9G003T	0x27EE14	LF9L000E	0x27EFA8	state_action_on_code_7_12	state_action_on_code_7_12	state_action_on_code_7_12	54	131fccb1befcb9891f42c5b334b5f2bc1da87d48b249c410ddaff5569813d0d4	already_named	unique_full_body_sha256
LF9G003T	0x89FF6	LF9L000E	0x8A27A	FUN_00089ff6	FUN_0008a27a	FUN_00089ff6	268	132d82e1564bc0cbcfc8258cc34db9b2d251c87d050be8ce7d30d069d0554183	source_unnamed	unique_full_body_sha256
LF9G003T	0xC3042	LF9L000E	0xC343E	FUN_000c3042	FUN_000c343e	FUN_000c3042	24	1364e7df456986c2423239fc737065386405d1788944509d15a503a667590fd4	source_unnamed	unique_full_body_sha256
LF9G003T	0x207310	LF9L000E	0x21074C	FUN_00207310	FUN_0021074c	FUN_00207310	200	13963088ba1f02cdfc9f3ff5fdcb6e76db7cb4567d521f35accee4d1249b975e	source_unnamed	unique_full_body_sha256
LF9G003T	0x18ACB4	LF9L000E	0x1921DC	FUN_0018acb4	FUN_001921dc	FUN_0018acb4	48	13b513a31934126245456a38d3836cd33505de73c2d5da553f7d3ab31f97e622	source_unnamed	unique_full_body_sha256
LF9G003T	0x1472E8	LF9L000E	0x147EA0	FUN_001472e8	FUN_00147ea0	FUN_001472e8	32	13d332b3a4891feebf033554b8ac821a743e5668b562e0231e83f2e6edede139	source_unnamed	unique_full_body_sha256
LF9G003T	0x7BC6A	LF9L000E	0x7BDE2	FUN_0007bc6a	FUN_0007bde2	FUN_0007bc6a	134	13f5149d1a907197732f8572a6b824acb65a7e9ae8e8f3f84c593ea1abf7795f	source_unnamed	unique_full_body_sha256
LF9G003T	0xAF37A	LF9L000E	0xAF5FE	sa_send_seed_response	sa_send_seed_response	sa_send_seed_response	8	1402e3e1f34bfdbb5fbd39c0275b1ea976ad01eee95719a852f06994b6494f0f	already_named	unique_full_body_sha256
LF9G003T	0xB83A0	LF9L000E	0xB878C	FUN_000b83a0	FUN_000b878c	FUN_000b83a0	36	14169ce6cad7cc792d7d1f6650ba6a26c9c45d7f37c9b9e28c3ad6a4bf4645cd	source_unnamed	unique_full_body_sha256
LF9G003T	0x1F21C2	LF9L000E	0x1FB592	FUN_001f21c2	FUN_001fb592	FUN_001f21c2	10	143ea553516d39d236b8f1a4d7db812fbe2b64e28b76d45552290349262c4747	source_unnamed	unique_full_body_sha256
LF9G003T	0xA1C2C	LF9L000E	0xA1EB0	FUN_000a1c2c	FUN_000a1eb0	FUN_000a1c2c	50	144bae54cfcf975c3975f80c9aa27736ea0918d271d0bed6531fe0af5f554e99	source_unnamed	unique_full_body_sha256
LF9G003T	0x1F6CA0	LF9L000E	0x200070	pulse_edge_state_tracker	pulse_edge_state_tracker	pulse_edge_state_tracker	192	144f3f580d8388267c2c0625ae78d220ccc1aa0fcc936833fa36adda69d38133	already_named	unique_full_body_sha256
LF9G003T	0x1F59A8	LF9L000E	0x1FED78	FUN_001f59a8	FUN_001fed78	FUN_001f59a8	22	145e5cf53a318f2379985f0b17bf5ffb6e62921c7843399c58a55b80d79453aa	source_unnamed	unique_full_body_sha256
LF9G003T	0xF5054	LF9L000E	0xF5BC0	FUN_000f5054	FUN_000f5bc0	FUN_000f5054	40	14776728e3de6a00f96eed7b0e63c31f76ef013cd1c20073c7a207814e3fa577	source_unnamed	unique_full_body_sha256
LF9G003T	0xAF3D8	LF9L000E	0xAF65C	comm_poll_rx_frame	comm_poll_rx_frame	comm_poll_rx_frame	90	147c2532956fedb48e7f2fc30fae23f92cd4df8f5ad73d3b309b3cdacda6cbca	already_named	unique_full_body_sha256
LF9G003T	0x10F930	LF9L000E	0x11049C	FUN_0010f930	FUN_0011049c	FUN_0010f930	74	14c97a9edbb55ceb9d6515d7419e0c720f49bab99a77b9d96b065c8e09f74f1a	source_unnamed	unique_full_body_sha256
LF9G003T	0x131FDC	LF9L000E	0x132B88	FUN_00131fdc	FUN_00132b88	FUN_00131fdc	48	14cfd36b108b32d19f97de46ead600150dbf48624e7142c4f56f26e0957f9d96	source_unnamed	unique_full_body_sha256
LF9G003T	0x1AC7A8	LF9L000E	0x1B5944	FUN_001ac7a8	FUN_001b5944	FUN_001ac7a8	32	14d6cf0482911456f3e39ccfd699247d161cbc87af47e453c878c676dd1dd889	source_unnamed	unique_full_body_sha256
LF9G003T	0x6FAC	LF9L000E	0x6FAC	FUN_00006fac	FUN_00006fac	FUN_00006fac	8	1500d13539ec4c9ce127dad7fe22c73a1472a80bb86dae4025ee4df3f641b122	source_unnamed	unique_full_body_sha256
LF9G003T	0x77B0	LF9L000E	0x77B0	FUN_000077b0	FUN_000077b0	FUN_000077b0	100	151d486609f9cb8fbd8349c15c178af80a141ccf53140377885c0452587f3dce	source_unnamed	unique_full_body_sha256
LF9G003T	0x96756	LF9L000E	0x969DA	FUN_00096756	FUN_000969da	FUN_00096756	138	152b61277ba64e5b3a89677d46c696b07233990cb9f23dfeaad6d03d7ad801a2	source_unnamed	unique_full_body_sha256
LF9G003T	0x169090	LF9L000E	0x16A9E0	FUN_00169090	FUN_0016a9e0	FUN_00169090	18	153751988882a04cb55df2324c1fb96f89b40f53e62e230dbd766adc13aaabf3	source_unnamed	unique_full_body_sha256
LF9G003T	0x1F4C5C	LF9L000E	0x1FE02C	slew_rate_limit_u16	slew_rate_limit_u16	slew_rate_limit_u16	62	1542752eefff061fcfe34e57c0024996fa9f03c1e28bdd8337932c2b5ce4eb3d	already_named	unique_full_body_sha256
LF9G003T	0x85D94	LF9L000E	0x86018	dtc_monitor_eval_c	dtc_monitor_eval_c	dtc_monitor_eval_c	500	156a37d37cf4361038f1fdbb299da12b5438297b59216387fb682cd39e79061d	already_named	unique_full_body_sha256
LF9G003T	0x1303AC	LF9L000E	0x130F58	FUN_001303ac	FUN_00130f58	FUN_001303ac	140	1571891ade1c0cda9dea4ae30fe834ea7d77816131d1221d049f7328c7d810d1	source_unnamed	unique_full_body_sha256
LF9G003T	0x1157FC	LF9L000E	0x116368	FUN_001157fc	FUN_00116368	FUN_001157fc	38	158efded957b74d2bb09c61366e15f1a0a5df5affc0a6818c2a9d6490744b331	source_unnamed	unique_full_body_sha256
LF9G003T	0x10F358	LF9L000E	0x10FEC4	FUN_0010f358	FUN_0010fec4	FUN_0010f358	22	15b6c9288e41ac2f3d3304ef56253ac4c7654da1d4ca772a077bfad2f439206a	source_unnamed	unique_full_body_sha256
LF9G003T	0xB657C	LF9L000E	0xB68E8	FUN_000b657c	FUN_000b68e8	FUN_000b657c	350	15e819857e9339b5c8e0611c5ba64404ae8f43b36b18113c0e5b855105debe21	source_unnamed	unique_full_body_sha256
LF9G003T	0x1AD608	LF9L000E	0x1B67A4	FUN_001ad608	FUN_001b67a4	FUN_001ad608	26	1601d22eb5f4d92ad39cdc995681310eb218c9f77df2f298abe600ddba1c5ca1	source_unnamed	unique_full_body_sha256
LF9G003T	0x90DDE	LF9L000E	0x91062	FUN_00090dde	FUN_00091062	FUN_00090dde	38	1609e16e61491113c94570f88b1bd99e89b12d963b29193a5dd4acce75bdd19b	source_unnamed	unique_full_body_sha256
LF9G003T	0x86914	LF9L000E	0x86B98	FUN_00086914	FUN_00086b98	FUN_00086914	120	160e183b335bd85640c70854df2b9657bb720ace0e83645b0fdfb7a4fdaa48dc	source_unnamed	unique_full_body_sha256
LF9G003T	0x1C1708	LF9L000E	0x1CAA48	FUN_001c1708	FUN_001caa48	FUN_001c1708	60	160e3c143867fd197f18f1ed9034aa5af7660753d394f2c849cd6ccf3e996e03	source_unnamed	unique_full_body_sha256
LF9G003T	0x137240	LF9L000E	0x137DFC	FUN_00137240	FUN_00137dfc	FUN_00137240	42	1617ecca12cb3fa5da400d7e4ce10c4cf0fd1fe763aa8ff635104c8e6dcf181d	source_unnamed	unique_full_body_sha256
LF9G003T	0x1F5BA4	LF9L000E	0x1FEF74	FUN_001f5ba4	FUN_001fef74	FUN_001f5ba4	70	163e24cf14f7af6dc734176c596ffdd7d9581455e3d8651843d6ee8a9393b269	source_unnamed	unique_full_body_sha256
LF9G003T	0x1CD0C0	LF9L000E	0x1D6468	interp_2d_ax_u32_u16_data_s_v4	interp_2d_ax_u32_u16_data_s_v4	interp_2d_ax_u32_u16_data_s_v4	336	164284bd50aeed29c53558ef332e4cc3d8398522b1ab8dc56fc6971461b15890	already_named	unique_full_body_sha256
LF9G003T	0x9074A	LF9L000E	0x909CE	FUN_0009074a	FUN_000909ce	FUN_0009074a	68	164b8dd53969cd371c99cfda91908a9e98ac2c0caf95edc15444fe5359315950	source_unnamed	unique_full_body_sha256
LF9G003T	0x92C7E	LF9L000E	0x92F02	FUN_00092c7e	FUN_00092f02	FUN_00092c7e	14	165236d6a991051c82fff9786516ef0a5a894159020ad699072b7f1e03cf19a2	source_unnamed	unique_full_body_sha256
LF9G003T	0x79C64	LF9L000E	0x79DDC	FUN_00079c64	FUN_00079ddc	FUN_00079c64	48	1677c4c01aa7d32f24f37a35ae75142a1bcae22b3149119c11d9f132026e0c7f	source_unnamed	unique_full_body_sha256
LF9G003T	0x205D94	LF9L000E	0x20F1D0	FUN_00205d94	FUN_0020f1d0	FUN_00205d94	222	168a38426aad09c84dccdef12a87438e6c501f305569f8f6f89f10402327c818	source_unnamed	unique_full_body_sha256
LF9G003T	0xE13FC	LF9L000E	0xE1F38	FUN_000e13fc	FUN_000e1f38	FUN_000e13fc	138	16f32066b946709c2f296a68bc1ede0077404b62acfac3724763c82660b0d724	source_unnamed	unique_full_body_sha256
LF9G003T	0xAF9C8	LF9L000E	0xAFC4C	FUN_000af9c8	FUN_000afc4c	FUN_000af9c8	10	16f43903608e6cfa3e5447c465821f97b8ebfc1cb898ccb2f17a95f322d94ef9	source_unnamed	unique_full_body_sha256
LF9G003T	0x9652E	LF9L000E	0x967B2	FUN_0009652e	FUN_000967b2	FUN_0009652e	10	170725353feb2c7e947026a86274ae4593fee9761bbffc522beb2c4731a33183	source_unnamed	unique_full_body_sha256
LF9G003T	0x16203C	LF9L000E	0x163A44	FUN_0016203c	FUN_00163a44	FUN_0016203c	150	170bab1a5acfc7ac12beafc35257cde6a7866c999b64d5d1b62aa2789ac75e2c	source_unnamed	unique_full_body_sha256
LF9G003T	0x27EFB8	LF9L000E	0x27F14C	FUN_0027efb8	FUN_0027f14c	FUN_0027efb8	52	1720b91a90f9f2f774fa9a5281f17c54b48fea915d4d3be50003969b37f836b7	source_unnamed	unique_full_body_sha256
LF9G003T	0x12BD5C	LF9L000E	0x12C908	FUN_0012bd5c	FUN_0012c908	FUN_0012bd5c	224	174941401adc50a9ee149536efd87e854b0bc9a065238528ea7e49683e7b046e	source_unnamed	unique_full_body_sha256
LF9G003T	0x1AA4DC	LF9L000E	0x1B3678	FUN_001aa4dc	FUN_001b3678	FUN_001aa4dc	1138	1757bf09480639c0442386c07bc7616885f71a9fe5f59147ea45f8afdd2b98bf	source_unnamed	unique_full_body_sha256
LF9G003T	0x1B501C	LF9L000E	0x1BE298	FUN_001b501c	FUN_001be298	FUN_001b501c	42	177abf323a4ab01df42c7c897fd2d38bff76877e40f3ee8937f551f9bdfe7436	source_unnamed	unique_full_body_sha256
LF9G003T	0x971CA	LF9L000E	0x9744E	FUN_000971ca	FUN_0009744e	FUN_000971ca	8	1797e96e246defa6ddb4ee1c9b0d49cbae9411d44a7e98ef961bb360bea08c14	source_unnamed	unique_full_body_sha256
LF9G003T	0x1F65D4	LF9L000E	0x1FF9A4	FUN_001f65d4	FUN_001ff9a4	FUN_001f65d4	242	17b6445fb8a23808c36753839ddd7d95beddc6a34863b7d4ef13f3f4615dcad3	source_unnamed	unique_full_body_sha256
LF9G003T	0xC465A	LF9L000E	0xC4A56	FUN_000c465a	FUN_000c4a56	FUN_000c465a	6	17c05f38bb463875dd71e6f9b60d844df9a47f3b312fcd07a8d1aa470ac2a441	source_unnamed	unique_full_body_sha256
LF9G003T	0x79BD4	LF9L000E	0x79D4C	FUN_00079bd4	FUN_00079d4c	FUN_00079bd4	48	17d9c71a02c9f100da6e0f46c26a7ed8d4a5fc2c707a53d9513ea9004bb58ba6	source_unnamed	unique_full_body_sha256
LF9G003T	0x7FF22	LF9L000E	0x8009A	FUN_0007ff22	FUN_0008009a	FUN_0007ff22	8	181a4040d35069ee7c063082ed7647c911058c815ab2f63fdf7a7cd5526c5144	source_unnamed	unique_full_body_sha256
LF9G003T	0x7CFD2	LF9L000E	0x7D14A	FUN_0007cfd2	FUN_0007d14a	FUN_0007cfd2	30	181e1061b67acdb42b957617a05c24da4763bf38651be8b43edbdfac871ce7db	source_unnamed	unique_full_body_sha256
LF9G003T	0x96DEE	LF9L000E	0x97072	FUN_00096dee	FUN_00097072	FUN_00096dee	10	183c6ce4e35396b25929f6295c4452bef8b5fa17ff3ae6449747dc2bdb3b2bc2	source_unnamed	unique_full_body_sha256
LF9G003T	0x16AE60	LF9L000E	0x16C7B0	FUN_0016ae60	FUN_0016c7b0	FUN_0016ae60	86	183d8d7293434dcec4229b871ded6e6a6def9765b504290a4e5217b15b7f5a0f	source_unnamed	unique_full_body_sha256
LF9G003T	0x15BFB4	LF9L000E	0x15CB6C	FUN_0015bfb4	FUN_0015cb6c	FUN_0015bfb4	698	18510ef3ee5280bd3d173e790e239c3a5849e882b58f2050637489facd5f0ae2	source_unnamed	unique_full_body_sha256
LF9G003T	0xA18C6	LF9L000E	0xA1B4A	FUN_000a18c6	FUN_000a1b4a	FUN_000a18c6	328	1855d34150d58e46592992dbb4776d200ca0512fe9c634f64371f0820dbc15c9	source_unnamed	unique_full_body_sha256
LF9G003T	0x7DB7C	LF9L000E	0x7DCF4	FUN_0007db7c	FUN_0007dcf4	FUN_0007db7c	44	1858a7665bafcd0c8c12972defc1bab6ff19e4c9293c565065c0e3fb55c6ba82	source_unnamed	unique_full_body_sha256
LF9G003T	0x202B68	LF9L000E	0x20BFA4	FUN_00202b68	FUN_0020bfa4	FUN_00202b68	48	18781ba8bcd37c23068fcbfc137dbe7ae8b153ef60c9c0d0062eec16a9de0fc5	source_unnamed	unique_full_body_sha256
LF9G003T	0x13227C	LF9L000E	0x132E28	FUN_0013227c	FUN_00132e28	FUN_0013227c	12	187c4b8760520660e9655fe8e4af2abfac80f30c8d4948c1d5e77f3101078dcc	source_unnamed	unique_full_body_sha256
LF9G003T	0x13C104	LF9L000E	0x13CCC0	FUN_0013c104	FUN_0013ccc0	FUN_0013c104	126	1884ea6334c43b08b4c570ce7eccf24d99e3c3ca166a3315fb66fccd24d2e6b9	source_unnamed	unique_full_body_sha256
LF9G003T	0x207F6E	LF9L000E	0x2113AA	FUN_00207f6e	FUN_002113aa	FUN_00207f6e	12	18a84699baabc8d1b0249bf62149bd867708901f705ba593a8ce96f683cfad71	source_unnamed	unique_full_body_sha256
LF9G003T	0x13FE44	LF9L000E	0x1409FC	FUN_0013fe44	FUN_001409fc	FUN_0013fe44	32	18ca04e6663ff7637cdc00211d1755a3580a226cf181a90ab948ed9a264c05fc	source_unnamed	unique_full_body_sha256
LF9G003T	0x1C117C	LF9L000E	0x1CA4BC	FUN_001c117c	FUN_001ca4bc	FUN_001c117c	104	18e370483e40470e6ea74747d2177961be375ee4553ccd4e4896c936c767c6f8	source_unnamed	unique_full_body_sha256
LF9G003T	0xBE9CC	LF9L000E	0xBEDB8	FUN_000be9cc	FUN_000bedb8	FUN_000be9cc	180	18fc2aa0997ff902c29f61370bbb36bec4728567216908fdd62277a117643270	source_unnamed	unique_full_body_sha256
LF9G003T	0x1CA2DC	LF9L000E	0x1D3684	FUN_001ca2dc	FUN_001d3684	FUN_001ca2dc	270	1941c055d593c6940219e24113a1ccfdd1905d733ed65b442a89c8b5f4990baf	source_unnamed	unique_full_body_sha256
LF9G003T	0x13FEE0	LF9L000E	0x140A98	FUN_0013fee0	FUN_00140a98	FUN_0013fee0	34	194230359742244fd73a262cd4d879b41207751ecc2278db92abcaa78c58ae4d	source_unnamed	unique_full_body_sha256
LF9G003T	0x1F8608	LF9L000E	0x2019D8	FUN_001f8608	FUN_002019d8	FUN_001f8608	100	1950a852871aae4c093d09ce9016ebf4046e88a2735c95596f16e0f3215762b6	source_unnamed	unique_full_body_sha256
LF9G003T	0x6FB4	LF9L000E	0x6FB4	FUN_00006fb4	FUN_00006fb4	FUN_00006fb4	8	19c42ce09faf9b94d0af36e0fb2b5594e2a52813d146a6ac721b7f335b4db520	source_unnamed	unique_full_body_sha256
LF9G003T	0x7CD1C	LF9L000E	0x7CE94	sensor_proc_task_366	sensor_proc_task_366	sensor_proc_task_366	366	19cc21557bd5653958c5ddf4aa8cae94b1865cbf9ed7671522022420687acd8d	already_named	unique_full_body_sha256
LF9G003T	0x9598E	LF9L000E	0x95C12	FUN_0009598e	FUN_00095c12	FUN_0009598e	34	19cd0f996d8c48b71fc4ac99702411263d3e10e50e502813d32993a2362700c8	source_unnamed	unique_full_body_sha256
LF9G003T	0x1F437C	LF9L000E	0x1FD74C	build_frame_id360_torque	build_frame_id360_torque	build_frame_id360_torque	126	19e4df7b34df73182db40ffd92000663d875d3910c0a9c7817bf40d9db5544fe	already_named	unique_full_body_sha256
LF9G003T	0x209814	LF9L000E	0x212C50	udiv_reduce_step	udiv_reduce_step	udiv_reduce_step	212	1a2caa6d2f647ebb0d2b4f4c909f15c9859c6abbbaa827ce09712c8f1989870f	already_named	unique_full_body_sha256
LF9G003T	0xF48CC	LF9L000E	0xF5438	FUN_000f48cc	FUN_000f5438	FUN_000f48cc	24	1a4d77c921b20466f6ba2a6e589290bc15e1055972b2046d61213cbbaf66a771	source_unnamed	unique_full_body_sha256
LF9G003T	0x1F9486	LF9L000E	0x202856	FUN_001f9486	FUN_00202856	FUN_001f9486	38	1aa4f2bf5b744efa50cfe7703e01a0082777e7746e0b24e11ec60bbb65aa0ed9	source_unnamed	unique_full_body_sha256
LF9G003T	0x1F8E60	LF9L000E	0x202230	FUN_001f8e60	FUN_00202230	FUN_001f8e60	426	1aa9b1bb6e1e2c4a15d32fcf6c30399c577c787e44067dc63788fa7dc7074588	source_unnamed	unique_full_body_sha256
LF9G003T	0xD6C48	LF9L000E	0xD7784	FUN_000d6c48	FUN_000d7784	FUN_000d6c48	128	1ac00dabcf7c16ebf306424c6ff15d4e2d93ac8bd2cf31e4e20c373e75f4745e	source_unnamed	unique_full_body_sha256
LF9G003T	0xAF43C	LF9L000E	0xAF6C0	comm_session_reset	comm_session_reset	comm_session_reset	52	1af42a8db69467e987bcf49877a85660f9f24a052733ee913e0c511e1ed1910e	already_named	unique_full_body_sha256
LF9G003T	0x1F0A0A	LF9L000E	0x1F9DDA	FUN_001f0a0a	FUN_001f9dda	FUN_001f0a0a	44	1b054f86105be4265a5bb7913dcc824ab071314b880d6f215fa99a585fa50e21	source_unnamed	unique_full_body_sha256
LF9G003T	0x155314	LF9L000E	0x155ECC	FUN_00155314	FUN_00155ecc	FUN_00155314	28	1b25cbf9b9e9d79217245e0cd7843a07b12e4c2fcecce9ea4fcf957feb50f384	source_unnamed	unique_full_body_sha256
LF9G003T	0xC9590	LF9L000E	0xC998C	FUN_000c9590	FUN_000c998c	FUN_000c9590	382	1b2a202ef2f4e6d4d9ad8e3649e795ad3c30c948b5f75f3c04493181635efeaf	source_unnamed	unique_full_body_sha256
LF9G003T	0x1939FC	LF9L000E	0x19B2EC	FUN_001939fc	FUN_0019b2ec	FUN_001939fc	6	1b2f86d80b5188340c452180d40a9f10b3560d3d1a112f1de12a8c2936b12e7d	source_unnamed	unique_full_body_sha256
LF9G003T	0x1F21EA	LF9L000E	0x1FB5BA	FUN_001f21ea	FUN_001fb5ba	FUN_001f21ea	10	1b47d672e0ac10d92c0481fd0750ecf64f8a66a88a3c5c6c11fcbe1b3d53d23d	source_unnamed	unique_full_body_sha256
LF9G003T	0x8EF74	LF9L000E	0x8F1F8	FUN_0008ef74	FUN_0008f1f8	FUN_0008ef74	508	1b68da9b15ab7862257663263cbd14028ff191101b7ef5132abab688e381a831	source_unnamed	unique_full_body_sha256
LF9G003T	0x168594	LF9L000E	0x169EE4	FUN_00168594	FUN_00169ee4	FUN_00168594	92	1bef714af3f54903ff365772327b54973b27f0160b2eb221f2213c9199cdbcbc	source_unnamed	unique_full_body_sha256
LF9G003T	0x1C8F20	LF9L000E	0x1D22C8	FUN_001c8f20	FUN_001d22c8	FUN_001c8f20	132	1bf7e435ed191d9668ee4a0098f341340e0fefed60050cd330a7b87417399b04	source_unnamed	unique_full_body_sha256
LF9G003T	0x116808	LF9L000E	0x117374	FUN_00116808	FUN_00117374	FUN_00116808	154	1c15ecbad4a55437e1e74ccc9110514c9eb3cb7205c8a1ba6fd602a4372164df	source_unnamed	unique_full_body_sha256
LF9G003T	0x1C2620	LF9L000E	0x1CB960	FUN_001c2620	FUN_001cb960	FUN_001c2620	40	1c1d25ad70b30993c924f04a560bf23d8d61796d2c2222dbe45866a8d285b387	source_unnamed	unique_full_body_sha256
LF9G003T	0x1241B8	LF9L000E	0x124D64	FUN_001241b8	FUN_00124d64	FUN_001241b8	140	1c92ad0d2ae31e2f0d69b4a29874267f0138e24a542d6b4d854bd1485fcc3bbd	source_unnamed	unique_full_body_sha256
LF9G003T	0x1F214A	LF9L000E	0x1FB51A	FUN_001f214a	FUN_001fb51a	FUN_001f214a	10	1cd1a727ad89493658faf70f7a4dcef5fcc7df1c82e2505f324236dec89a2640	source_unnamed	unique_full_body_sha256
LF9G003T	0xE16B4	LF9L000E	0xE21F0	FUN_000e16b4	FUN_000e21f0	FUN_000e16b4	38	1cdc3dccba106683270c15ed28724076897f2f6aecca5e2518cdbe4d85952da9	source_unnamed	unique_full_body_sha256
LF9G003T	0x1EDD80	LF9L000E	0x1F7150	FUN_001edd80	FUN_001f7150	FUN_001edd80	14	1ce245cb1acd0970ce18b5bf08ee4930634f20ffae6a7f90520a6cfde47ccb0a	source_unnamed	unique_full_body_sha256
LF9G003T	0xF4B84	LF9L000E	0xF56F0	FUN_000f4b84	FUN_000f56f0	FUN_000f4b84	118	1ceef919e3af040a036100cba5cb284114fb9184e819d2ba4c374139beedf31f	source_unnamed	unique_full_body_sha256
LF9G003T	0x7929C	LF9L000E	0x79414	FUN_0007929c	FUN_00079414	FUN_0007929c	86	1d0de51b20b749dc0ce659893296e4b1ee617f6b58cf58edd1ddf17a7ba47b7d	source_unnamed	unique_full_body_sha256
LF9G003T	0xE3D78	LF9L000E	0xE48DC	FUN_000e3d78	FUN_000e48dc	FUN_000e3d78	52	1d0f400b2398212347fd2d577b75d845673e53bd8ca76b2596304b1126c911ee	source_unnamed	unique_full_body_sha256
LF9G003T	0x1F8878	LF9L000E	0x201C48	FUN_001f8878	FUN_00201c48	FUN_001f8878	30	1d11a4665143f01c3cdcecee3c60108b8d2398a0f169bcb1b53d1b702115961c	source_unnamed	unique_full_body_sha256
LF9G003T	0xBD502	LF9L000E	0xBD8EE	FUN_000bd502	FUN_000bd8ee	FUN_000bd502	220	1d6ca2005a0cd7d188711446680e36afce80d8e99125a25c4f89c7ce090f907e	source_unnamed	unique_full_body_sha256
LF9G003T	0xC878A	LF9L000E	0xC8B86	bit_mask_test	bit_mask_test	bit_mask_test	8	1d7d511e053522c6a7724266c4ce0249da1167a2314b1d671610e7500ac1477d	already_named	unique_full_body_sha256
LF9G003T	0xAA580	LF9L000E	0xAA804	FUN_000aa580	FUN_000aa804	FUN_000aa580	90	1d7f59649d43eec1dd3aee79d4c18a152c54697f9e753e02a2a4dbe936542f5e	source_unnamed	unique_full_body_sha256
LF9G003T	0x1EF33E	LF9L000E	0x1F870E	FUN_001ef33e	FUN_001f870e	FUN_001ef33e	78	1d93a003002c71d5281f35603c5e1bfd5d26e3b107885cb833fe9e5423449140	source_unnamed	unique_full_body_sha256
LF9G003T	0xAA260	LF9L000E	0xAA4E4	FUN_000aa260	FUN_000aa4e4	FUN_000aa260	108	1daa2483e8a8ff8b927394dcd034d15e0b5c4521f116abf86e00fcf737dba5b2	source_unnamed	unique_full_body_sha256
LF9G003T	0x13A19C	LF9L000E	0x13AD58	FUN_0013a19c	FUN_0013ad58	FUN_0013a19c	42	1dc3b53eb0142397ecc1598436114f203d1b1c1d953f7658ba0c4b58ead4673f	source_unnamed	unique_full_body_sha256
LF9G003T	0x10F370	LF9L000E	0x10FEDC	FUN_0010f370	FUN_0010fedc	FUN_0010f370	22	1dd6974ff311cfb5a4e0ea491324ef9ee627acf89dffe2e5fbec00ecfb42f0e2	source_unnamed	unique_full_body_sha256
LF9G003T	0x169390	LF9L000E	0x16ACE0	FUN_00169390	FUN_0016ace0	FUN_00169390	40	1ddb710fd3c5db8468f1906d745d9ae24b39bcd65fce9afc720124101c81fb40	source_unnamed	unique_full_body_sha256
LF9G003T	0x1EDCA6	LF9L000E	0x1F7076	thunk_FUN_001ef57c	thunk_FUN_001f894c	thunk_FUN_001ef57c	6	1e0844e3e35234df866c727fe11f6538e5fd81171caa17c87e04319c515d2f5d	source_unnamed	unique_full_body_sha256
LF9G003T	0x1F0B4E	LF9L000E	0x1F9F1E	FUN_001f0b4e	FUN_001f9f1e	FUN_001f0b4e	10	1e1ad3e5b60c0dc9aaa969bc77a62335ad82c2706061dfcb7ca109b2a4bbd952	source_unnamed	unique_full_body_sha256
LF9G003T	0x202C68	LF9L000E	0x20C0A4	FUN_00202c68	FUN_0020c0a4	FUN_00202c68	438	1e731752f13abc2b7e352e4ae4579ee0d3c2595b3876debb8d057afb545811ce	source_unnamed	unique_full_body_sha256
LF9G003T	0x1F8824	LF9L000E	0x201BF4	FUN_001f8824	FUN_00201bf4	FUN_001f8824	6	1ec5822c5c3036024fafde09fc0e84c4fd699f27b462b3460cb8c1984437b3c9	source_unnamed	unique_full_body_sha256
LF9G003T	0x7B950	LF9L000E	0x7BAC8	FUN_0007b950	FUN_0007bac8	FUN_0007b950	62	1ecc518af74187288ee52516d6ccc8c996901408084638295f9721992a01c89a	source_unnamed	unique_full_body_sha256
LF9G003T	0x1F7C3E	LF9L000E	0x20100E	FUN_001f7c3e	FUN_0020100e	FUN_001f7c3e	8	1ed21c8e0b50d1ff7a5dd2bf614cef2e4c1b7c8dad765dcb4b813d09b24d83fb	source_unnamed	unique_full_body_sha256
LF9G003T	0xC54EA	LF9L000E	0xC58E6	FUN_000c54ea	FUN_000c58e6	FUN_000c54ea	36	1efd73c4e42727048c15ab718ccaeee451ecad5a5e39d2ba9eae2317593601b8	source_unnamed	unique_full_body_sha256
LF9G003T	0xF1060	LF9L000E	0xF1BCC	FUN_000f1060	FUN_000f1bcc	FUN_000f1060	194	1f0579a85eede4343691c557efd5aa72c1b4e6750e2ac2936cb3964b899da411	source_unnamed	unique_full_body_sha256
LF9G003T	0x1EE0AE	LF9L000E	0x1F747E	FUN_001ee0ae	FUN_001f747e	FUN_001ee0ae	18	1f40840473efafa134da1bd5db346582312514f7fb66d1caea88a06351128cbc	source_unnamed	unique_full_body_sha256
LF9G003T	0x1DF5EC	LF9L000E	0x1E89B4	FUN_001df5ec	FUN_001e89b4	FUN_001df5ec	200	1f42ac17e711e5017535eda83c7e1ed8d3dec28799032c7d38471afd7a86e5f7	source_unnamed	unique_full_body_sha256
LF9G003T	0x145060	LF9L000E	0x145C18	FUN_00145060	FUN_00145c18	FUN_00145060	38	1f50b57f602a20c28b5fac3158da6e7ae89d853f55fd0bfe42cd9f428d1db9dd	source_unnamed	unique_full_body_sha256
LF9G003T	0xAA52E	LF9L000E	0xAA7B2	FUN_000aa52e	FUN_000aa7b2	FUN_000aa52e	78	1f5a47d55d3f1875b61cea3fbc40e22c1c679b18391d1acc810b6bfc689bbbca	source_unnamed	unique_full_body_sha256
LF9G003T	0x78E0	LF9L000E	0x78E0	FUN_000078e0	FUN_000078e0	FUN_000078e0	66	1f694f4b938bf9533c1d882917a2d92ae874567a80c581f6dcec7d0cbd87aa0d	source_unnamed	unique_full_body_sha256
LF9G003T	0x192E8C	LF9L000E	0x19A6AC	FUN_00192e8c	FUN_0019a6ac	FUN_00192e8c	28	1f8fd37e56434cb82c8304c27e976e60f528b77f0645ec686a4947e2d507866f	source_unnamed	unique_full_body_sha256
LF9G003T	0x96B66	LF9L000E	0x96DEA	FUN_00096b66	FUN_00096dea	FUN_00096b66	10	1f987d4a366d7d30ab8a1486904e970841c7a4a2435cd071c982316e9df5b8d3	source_unnamed	unique_full_body_sha256
LF9G003T	0x207112	LF9L000E	0x21054E	FUN_00207112	FUN_0021054e	FUN_00207112	24	1fa145f0fa011651c0fcbcfb28a4d27bc89868eb628a392ee6fb79bff6e0d232	source_unnamed	unique_full_body_sha256
LF9G003T	0x115828	LF9L000E	0x116394	FUN_00115828	FUN_00116394	FUN_00115828	284	1fc0c29ab2ebbc42ac703e1e8362bb66a32088bfe21f82a6be49d31bc8ec0b44	source_unnamed	unique_full_body_sha256
LF9G003T	0x115FA8	LF9L000E	0x116B14	FUN_00115fa8	FUN_00116b14	FUN_00115fa8	80	1fd7485b27c10ef4e052a14b702602289ac4327958922c619357d422890fe13c	source_unnamed	unique_full_body_sha256
LF9G003T	0x1F1032	LF9L000E	0x1FA402	FUN_001f1032	FUN_001fa402	FUN_001f1032	10	2012451d07b58c1fb9ac34aec97c0abf3215c7a282e9a55b4868a2f34f0c80c1	source_unnamed	unique_full_body_sha256
LF9G003T	0x209D0C	LF9L000E	0x213148	FUN_00209d0c	FUN_00213148	FUN_00209d0c	242	20141595937e07a33efc3681081d482e74f695d7be6854c2ca1079569c9b0e27	source_unnamed	unique_full_body_sha256
LF9G003T	0x11564C	LF9L000E	0x1161B8	FUN_0011564c	FUN_001161b8	FUN_0011564c	44	202e7e300166e8ddc92b036041400540ce19a2aa4e549aad3d29c2574c08b3c1	source_unnamed	unique_full_body_sha256
LF9G003T	0x92DBC	LF9L000E	0x93040	FUN_00092dbc	FUN_00093040	FUN_00092dbc	158	205bba138a3436f73a70cb25cb40b78cc0c184e31a9ece7df41d92ddc2d46758	source_unnamed	unique_full_body_sha256
LF9G003T	0x79174	LF9L000E	0x792EC	FUN_00079174	FUN_000792ec	FUN_00079174	72	2061a72175bd7ef775a6ad5c929beae68e9e74f058f2ff0705781c3b35a85ed8	source_unnamed	unique_full_body_sha256
LF9G003T	0x168C8C	LF9L000E	0x16A5DC	FUN_00168c8c	FUN_0016a5dc	FUN_00168c8c	48	206747eb4f2d0559638184de09730867025984dc9ba61a54b0e6acb9f65ab545	source_unnamed	unique_full_body_sha256
LF9G003T	0x6F9C	LF9L000E	0x6F9C	FUN_00006f9c	FUN_00006f9c	FUN_00006f9c	14	20b4f5c0773e3b60c77609e3fb6f14f19e03a85bf8e263147d18e5f1672aab62	source_unnamed	unique_full_body_sha256
LF9G003T	0x1F1FCA	LF9L000E	0x1FB39A	FUN_001f1fca	FUN_001fb39a	FUN_001f1fca	48	20ca3232011f304b66bcfd5b9b86cd31f76ce4e9504bbe0af4bb606736abd570	source_unnamed	unique_full_body_sha256
LF9G003T	0x9132E	LF9L000E	0x915B2	FUN_0009132e	FUN_000915b2	FUN_0009132e	156	20dd81c3e7b88c0ed9b7379c771abb1a49d5a059838e1994d1409f0232ff5dce	source_unnamed	unique_full_body_sha256
LF9G003T	0x204D82	LF9L000E	0x20E1BE	FUN_00204d82	FUN_0020e1be	FUN_00204d82	294	2155d7744e9c1c77cb1e90d35d89e1337a7bb2afd80156ea9d5f39dfd6dd0bf7	source_unnamed	unique_full_body_sha256
LF9G003T	0x7B7FC	LF9L000E	0x7B974	FUN_0007b7fc	FUN_0007b974	FUN_0007b7fc	26	2156a9a6b766fda2213f70ae46bd3fda5f27059c588dcb2785c9ffef4d494adf	source_unnamed	unique_full_body_sha256
LF9G003T	0x1386B8	LF9L000E	0x139274	FUN_001386b8	FUN_00139274	FUN_001386b8	318	21812426fa7600a8b79f35f9e2e58bfd1fc03cde1924ef04377ba8bf2cb4b9f5	source_unnamed	unique_full_body_sha256
LF9G003T	0xC0256	LF9L000E	0xC0642	FUN_000c0256	FUN_000c0642	FUN_000c0256	188	21979490588419e67025ab344e8167e1416aebee8e3ffbf854e529946e4a0e20	source_unnamed	unique_full_body_sha256
LF9G003T	0x167D78	LF9L000E	0x1696C8	FUN_00167d78	FUN_001696c8	FUN_00167d78	74	21d2647140c53562a307d759c3d84570b66e09b2c81b0776efa016e4ad0efce3	source_unnamed	unique_full_body_sha256
LF9G003T	0x1F4874	LF9L000E	0x1FDC44	FUN_001f4874	FUN_001fdc44	FUN_001f4874	10	21f3715df0b452a090697ffe3ca43e5822813c20266af54f7ce2086e0d644f12	source_unnamed	unique_full_body_sha256
LF9G003T	0x13E814	LF9L000E	0x13F3CC	FUN_0013e814	FUN_0013f3cc	FUN_0013e814	64	220d1ca1c129ba9f78a766289d2dd3e1b4305e4fe6391b69768e537469d78803	source_unnamed	unique_full_body_sha256
LF9G003T	0x1C1824	LF9L000E	0x1CAB64	FUN_001c1824	FUN_001cab64	FUN_001c1824	214	2225ea313e065ec327301849024801b2b42145173a74dd9884c816d8df263115	source_unnamed	unique_full_body_sha256
LF9G003T	0x1CD348	LF9L000E	0x1D66F0	FUN_001cd348	FUN_001d66f0	FUN_001cd348	336	223d1f4c2f6aee8ff6ae2e3ef3835bb42fdd9a8ef878bc4fcdd50d793f6a0da3	source_unnamed	unique_full_body_sha256
LF9G003T	0x19347C	LF9L000E	0x19AC9C	FUN_0019347c	FUN_0019ac9c	FUN_0019347c	96	223e1b8ed986abfa2937199ca5e86b44d1bdf528e095f7ee770c1283b57a88b4	source_unnamed	unique_full_body_sha256
LF9G003T	0x135B68	LF9L000E	0x136714	mode_select_from_bitfield	mode_select_from_bitfield	mode_select_from_bitfield	86	225ad3cd7e90cbc6492a57cae77dd3113505eec379229abca769e8c7e04ca6c6	already_named	unique_full_body_sha256
LF9G003T	0xAC260	LF9L000E	0xAC4E4	FUN_000ac260	FUN_000ac4e4	FUN_000ac260	26	22643f1c67b4120c78816548418266ac54e4f6c9664d1d3484d2d8f725f5c92e	source_unnamed	unique_full_body_sha256
LF9G003T	0x928F6	LF9L000E	0x92B7A	sensor_read_scale_wordidx	sensor_read_scale_wordidx	sensor_read_scale_wordidx	6	22a118d72f4a6e886f87c083358881a9ade5019c0a9bab25f78115cbd0c6653b	already_named	unique_full_body_sha256
LF9G003T	0x1F7C5E	LF9L000E	0x20102E	FUN_001f7c5e	FUN_0020102e	FUN_001f7c5e	224	22b565a60aaff062e658ac5254e12b27103ddda6a5d8f1cc1446a493c0411e2c	source_unnamed	unique_full_body_sha256
LF9G003T	0x13609C	LF9L000E	0x136C48	FUN_0013609c	FUN_00136c48	FUN_0013609c	84	22cb59283bb0f11242555c50aea7ee89e74f63a3a7fdb12f743202eb007fb550	source_unnamed	unique_full_body_sha256
LF9G003T	0x1F97BC	LF9L000E	0x202B8C	FUN_001f97bc	FUN_00202b8c	FUN_001f97bc	10	2305cafb4e98825997fcd8ee4c62f2b7a26fb49d7fb0ec2b63b8f9aace04d739	source_unnamed	unique_full_body_sha256
LF9G003T	0x27EE54	LF9L000E	0x27EFE8	state_action_on_code_6_a_f	state_action_on_code_6_a_f	state_action_on_code_6_a_f	58	2330ab9c5953bb169bc74eb2a7724a6ee15f8f4bda4f1d7262cf0cb340ad91ed	already_named	unique_full_body_sha256
LF9G003T	0x2070F0	LF9L000E	0x21052C	FUN_002070f0	FUN_0021052c	FUN_002070f0	34	235b494fc8b866980f3a82ae044ab4215bd95b9131111988b67126a59b1f646f	source_unnamed	unique_full_body_sha256
LF9G003T	0x196EF8	LF9L000E	0x1A0098	monitor_debounce_counter_update	monitor_debounce_counter_update	monitor_debounce_counter_update	158	2373bf48a1ebd89f0710f73c7364e43929daaaf43d7ee814a565660a529ab4c5	already_named	unique_full_body_sha256
LF9G003T	0x1EE874	LF9L000E	0x1F7C44	FUN_001ee874	FUN_001f7c44	FUN_001ee874	216	23c043d6bc488b3ef49c649c02668ed221d9818e1c8a2e43cece7b8d6f87709d	source_unnamed	unique_full_body_sha256
LF9G003T	0x206702	LF9L000E	0x20FB3E	FUN_00206702	FUN_0020fb3e	FUN_00206702	10	23c6907f5b24873b1417fd0579f52ffb2faa601d268b901d39d88af657887aa8	source_unnamed	unique_full_body_sha256
LF9G003T	0x9708C	LF9L000E	0x97310	FUN_0009708c	FUN_00097310	FUN_0009708c	64	23cb2602a49e4ecce76417b50d316ad26739a6a1ea844bf357492c9a8efcbdfd	source_unnamed	unique_full_body_sha256
LF9G003T	0x131694	LF9L000E	0x132240	FUN_00131694	FUN_00132240	FUN_00131694	192	240dc48312dbae2c2442b179c03c083914c417c2a45c69703612610e139fb90a	source_unnamed	unique_full_body_sha256
LF9G003T	0x2079A0	LF9L000E	0x210DDC	FUN_002079a0	FUN_00210ddc	FUN_002079a0	10	2412f70877521cdcf600d023e11c2841d5a33a10b4cc910fafa2ac91c0f9a42f	source_unnamed	unique_full_body_sha256
LF9G003T	0xA2764	LF9L000E	0xA29E8	FUN_000a2764	FUN_000a29e8	FUN_000a2764	322	24191cca1d4ac639a52f44a38237822465da60bde8c2a27a7d29e7501c1a6cd0	source_unnamed	unique_full_body_sha256
LF9G003T	0xD3804	LF9L000E	0xD3EDC	FUN_000d3804	FUN_000d3edc	FUN_000d3804	240	24194950c9906e7242c43de3c3768065711cf8e97906cfd1a0ed46457d555fc8	source_unnamed	unique_full_body_sha256
LF9G003T	0x911EE	LF9L000E	0x91472	FUN_000911ee	FUN_00091472	FUN_000911ee	112	24397f92e836b4846e1795d673dac08504a961193a09e5f434e6ab29835e11aa	source_unnamed	unique_full_body_sha256
LF9G003T	0x1F09F0	LF9L000E	0x1F9DC0	FUN_001f09f0	FUN_001f9dc0	FUN_001f09f0	10	243d61c9d254f73b1ec406cfb76efa1cfe0d70477e2f94cd1b60503024cf14de	source_unnamed	unique_full_body_sha256
LF9G003T	0x1F92D8	LF9L000E	0x2026A8	FUN_001f92d8	FUN_002026a8	FUN_001f92d8	10	243fdfb72b33168dd8e06baf19c24576de9f7c22d44f7c6e8368dfb5152ae8d6	source_unnamed	unique_full_body_sha256
LF9G003T	0x204B26	LF9L000E	0x20DF62	FUN_00204b26	FUN_0020df62	FUN_00204b26	10	2440f74aee8be756e5a294e8240adf899513da5b9957c1cad7004289f2dcab6e	source_unnamed	unique_full_body_sha256
LF9G003T	0x27E118	LF9L000E	0x27E2AC	FUN_0027e118	FUN_0027e2ac	FUN_0027e118	176	244a567acedcc6c6942664d78989989f8db8260e03cf93a4d15986316eb7af72	source_unnamed	unique_full_body_sha256
LF9G003T	0x97008	LF9L000E	0x9728C	FUN_00097008	FUN_0009728c	FUN_00097008	132	24582245981aa54798ea592194673df592c77737967a8a9b586ef0da11724c9a	source_unnamed	unique_full_body_sha256
LF9G003T	0xB8B32	LF9L000E	0xB8F1E	FUN_000b8b32	FUN_000b8f1e	FUN_000b8b32	86	24582bb2935a7996d1b21a6120abfe0997291436e8b723e9c46d4d402e7087d1	source_unnamed	unique_full_body_sha256
LF9G003T	0xB543C	LF9L000E	0xB57A8	FUN_000b543c	FUN_000b57a8	FUN_000b543c	138	24ddad51f38c5deeb0dbe68e7bff67d41d09ba44d7ba670e2803f08fc0bb57a3	source_unnamed	unique_full_body_sha256
LF9G003T	0xAB558	LF9L000E	0xAB7DC	FUN_000ab558	FUN_000ab7dc	FUN_000ab558	110	24f09d92d6a002a7fd4b0b90457418d3690e4deabb86c1e8c3d98fe1ed165608	source_unnamed	unique_full_body_sha256
LF9G003T	0xAFC68	LF9L000E	0xAFEEC	FUN_000afc68	FUN_000afeec	FUN_000afc68	8	2508a760166705811e99c7d4c85b861035ac1bccd4860eb6e9ab717b30ec824f	source_unnamed	unique_full_body_sha256
LF9G003T	0x16175C	LF9L000E	0x16297C	FUN_0016175c	FUN_0016297c	FUN_0016175c	54	25268069f73d5efe7e00d51f74bb1096e8c2c14db845213033cd609a4a5d3f93	source_unnamed	unique_full_body_sha256
LF9G003T	0x15E6D4	LF9L000E	0x15F28C	FUN_0015e6d4	FUN_0015f28c	FUN_0015e6d4	236	254e1998c1115afcf2efc4666061d158f27b55c0ebae6299cf8ec0a874ed744b	source_unnamed	unique_full_body_sha256
LF9G003T	0xC0A64	LF9L000E	0xC0E50	FUN_000c0a64	FUN_000c0e50	FUN_000c0a64	106	254f9adc95c701dc43e38312856987aa9391386101bc3570883955202017f294	source_unnamed	unique_full_body_sha256
LF9G003T	0x147288	LF9L000E	0x147E40	FUN_00147288	FUN_00147e40	FUN_00147288	86	2557fa4d48f230e6f6aa07186460e11a4c8919f909613b766ad029bb2d3e34b5	source_unnamed	unique_full_body_sha256
LF9G003T	0xB900A	LF9L000E	0xB93F6	FUN_000b900a	FUN_000b93f6	FUN_000b900a	68	2559c2acd3a8281f3ab46b357f0b29c0bf56e0cd437428674e0a705332fdfe83	source_unnamed	unique_full_body_sha256
LF9G003T	0x159380	LF9L000E	0x159F38	FUN_00159380	FUN_00159f38	FUN_00159380	36	2566cb6fbd70ea8ec985a7c0b5873233f1dd338214826ed97c2a3a57022ae0f4	source_unnamed	unique_full_body_sha256
LF9G003T	0xE349C	LF9L000E	0xE4000	FUN_000e349c	FUN_000e4000	FUN_000e349c	54	258b1dd4db11e6dd60619209b8d7dc1f5eac26e4748a11b37dab79d4a0b20f35	source_unnamed	unique_full_body_sha256
LF9G003T	0x1F25C0	LF9L000E	0x1FB990	FUN_001f25c0	FUN_001fb990	FUN_001f25c0	64	2599160b551916fadc2d79a67f5c2ef14af75e0c5ca9d4e5f14dcbcbfb957230	source_unnamed	unique_full_body_sha256
LF9G003T	0x7B4AC	LF9L000E	0x7B624	FUN_0007b4ac	FUN_0007b624	FUN_0007b4ac	40	25bb01f5fa6fa6bded1aaf3f3312bef0440b37e4d9222efad63755402f5f4772	source_unnamed	unique_full_body_sha256
LF9G003T	0x13A788	LF9L000E	0x13B344	FUN_0013a788	FUN_0013b344	FUN_0013a788	116	25e8d3aeea3fb5e6b1a3e63dffb0870f7eafc30973009e3be6dd0dc85779a3f7	source_unnamed	unique_full_body_sha256
LF9G003T	0xAB0BC	LF9L000E	0xAB340	FUN_000ab0bc	FUN_000ab340	FUN_000ab0bc	348	25f53e960847642da90f604d5cae236645d4d0057eba421755996b1356f601ff	source_unnamed	unique_full_body_sha256
LF9G003T	0xB6AC8	LF9L000E	0xB6E34	FUN_000b6ac8	FUN_000b6e34	FUN_000b6ac8	50	262bf74b03dff2c6aba9714d6b9363412bf7fb8cb1ee45ea9934452b266f893b	source_unnamed	unique_full_body_sha256
LF9G003T	0x20AF38	LF9L000E	0x214374	call_cb_with_lockbit_8000	call_cb_with_lockbit_8000	call_cb_with_lockbit_8000	38	2633ca36aa8998106780b63aa2ffbfdb2af8bec021e9d2526e9907d3b48f6cc6	already_named	unique_full_body_sha256
LF9G003T	0xB2268	LF9L000E	0xB24EC	FUN_000b2268	FUN_000b24ec	FUN_000b2268	88	26527374ce7205eb56f21d89d660cae1847ca86265d33ca70c0de8bfe002ee84	source_unnamed	unique_full_body_sha256
LF9G003T	0x1F9CF4	LF9L000E	0x2030C4	FUN_001f9cf4	FUN_002030c4	FUN_001f9cf4	120	26658dbfa6ba78d5c5211cbf484ce28b856b50dd6ab8141996c97bb2b04dcf6b	source_unnamed	unique_full_body_sha256
LF9G003T	0x7DBA8	LF9L000E	0x7DD20	FUN_0007dba8	FUN_0007dd20	FUN_0007dba8	10	26741228a4605e619724c82957de0f334f725e06a73d6f5ecf4d27750115363c	source_unnamed	unique_full_body_sha256
LF9G003T	0xC79DC	LF9L000E	0xC7DD8	soft_float_int_xor	soft_float_int_xor	soft_float_int_xor	16	268fea6081de91ce1d40c965d88cc35bd7f13b4358789a3cde67b07b7837c9d7	already_named	unique_full_body_sha256
LF9G003T	0xBEAC4	LF9L000E	0xBEEB0	FUN_000beac4	FUN_000beeb0	FUN_000beac4	78	26a7fcbf6e83dabf3ec4b521f87967e3103b85f57cbf52f3c77ef0857164385c	source_unnamed	unique_full_body_sha256
LF9G003T	0x167DC8	LF9L000E	0x169718	FUN_00167dc8	FUN_00169718	FUN_00167dc8	74	26b99232af10ade7c860054a8c8e5f8fcc41cdc22b1efaa72991c35879978fb5	source_unnamed	unique_full_body_sha256
LF9G003T	0x1EDDAA	LF9L000E	0x1F717A	FUN_001eddaa	FUN_001f717a	FUN_001eddaa	8	26c82fe01c85c16b47ac3eb20f93228155dcacbf46146104a61d3ecb91f8a84a	source_unnamed	unique_full_body_sha256
LF9G003T	0x907D2	LF9L000E	0x90A56	FUN_000907d2	FUN_00090a56	FUN_000907d2	96	26d54b5a412979eb4e12b1880814e2572a85bf905bec12dbdb29850c4c8841f3	source_unnamed	unique_full_body_sha256
LF9G003T	0x1170B0	LF9L000E	0x117C1C	FUN_001170b0	FUN_00117c1c	FUN_001170b0	28	273e5add1039b74ab3549804f6225bf8ce92b8f632dc4a253486823eb27bd6ce	source_unnamed	unique_full_body_sha256
LF9G003T	0xB759E	LF9L000E	0xB790A	FUN_000b759e	FUN_000b790a	FUN_000b759e	18	2741c0e6c9d98b417932d802d1d99f49520fd1a71b94258a7da53f61b3680b6b	source_unnamed	unique_full_body_sha256
LF9G003T	0x20B9D8	LF9L000E	0x214E14	FUN_0020b9d8	FUN_00214e14	FUN_0020b9d8	4	274e095396a1210a97a83b7b7deb7cb6e4dc80bd53af878321cc4d05b52e5425	source_unnamed	unique_full_body_sha256
LF9G003T	0x1EC9B8	LF9L000E	0x1F5D88	FUN_001ec9b8	FUN_001f5d88	FUN_001ec9b8	288	2753da25532a695fd50a18655720b0b16abcc376f0618dbb8c01249498b15576	source_unnamed	unique_full_body_sha256
LF9G003T	0x27EFF4	LF9L000E	0x27F188	pwm_disable_channel_a	pwm_disable_channel_a	pwm_disable_channel_a	56	2758017d5dc0684d63eebff10999994eacdb2152d2baac09c9e6064f4abb4c07	already_named	unique_full_body_sha256
LF9G003T	0x202256	LF9L000E	0x20B692	FUN_00202256	FUN_0020b692	FUN_00202256	12	276505fca38568b460506505ac83635d3cbe7955643effd9eda5b9b4f80e07a6	source_unnamed	unique_full_body_sha256
LF9G003T	0x14ACC0	LF9L000E	0x14B878	FUN_0014acc0	FUN_0014b878	FUN_0014acc0	34	27685fcf25ddf7fce456e2a9db97ecfcafa81975ae2c524d255886fc28514fbb	source_unnamed	unique_full_body_sha256
LF9G003T	0x156560	LF9L000E	0x157118	FUN_00156560	FUN_00157118	FUN_00156560	376	276fbecf3f8255e210d3dda8bda418848bd5acbdac2850511cfe19ce87a0c630	source_unnamed	unique_full_body_sha256
LF9G003T	0xCF2CE	LF9L000E	0xCF98A	FUN_000cf2ce	FUN_000cf98a	FUN_000cf2ce	58	278173602449ca0455df644c61a9d2b47c39131e0db93a6681ac2747f083eb69	source_unnamed	unique_full_body_sha256
LF9G003T	0x204D2C	LF9L000E	0x20E168	FUN_00204d2c	FUN_0020e168	FUN_00204d2c	20	2797f70fdc38d499380f710ffd4de2cb80067f1be2d2f3b1622754c118209c4f	source_unnamed	unique_full_body_sha256
LF9G003T	0x13CFA8	LF9L000E	0x13DB64	FUN_0013cfa8	FUN_0013db64	FUN_0013cfa8	26	27cde0c2ed6978dfc2053e01753bf779d3d3ac4b776a240ea76502ce77ef2a93	source_unnamed	unique_full_body_sha256
LF9G003T	0xB4C34	LF9L000E	0xB4FA0	FUN_000b4c34	FUN_000b4fa0	FUN_000b4c34	16	27d4b68a472f13e1b34eec1d081c96ae23111f74cfe0a0f5cb3ec0074b8e5728	source_unnamed	unique_full_body_sha256
LF9G003T	0xD6A80	LF9L000E	0xD75BC	fault_flag_latch_3cond	fault_flag_latch_3cond	fault_flag_latch_3cond	68	2803347fbe651d5405e26d9f57f4cd5992d98f56587cf04b153a788b7383ddf5	already_named	unique_full_body_sha256
LF9G003T	0x1E2238	LF9L000E	0x1EB600	FUN_001e2238	FUN_001eb600	FUN_001e2238	10	281ee175f381d0b0cb2f987185e49ee1cc5b9b701fd1aaba1d4f4c9d613eab3a	source_unnamed	unique_full_body_sha256
LF9G003T	0x1F0B94	LF9L000E	0x1F9F64	FUN_001f0b94	FUN_001f9f64	FUN_001f0b94	10	283c3d22c9c6564c64af0276d77d8c9276e645db4c925a95cfe12edb6e03f285	source_unnamed	unique_full_body_sha256
LF9G003T	0x11D958	LF9L000E	0x11E504	FUN_0011d958	FUN_0011e504	FUN_0011d958	86	285379d220adb037d8b8a10677d6f846cf3c6da6d01724cd442b7b01d241eeb9	source_unnamed	unique_full_body_sha256
LF9G003T	0x7620	LF9L000E	0x7620	FUN_00007620	FUN_00007620	FUN_00007620	82	2868562e76d1ee18b9be5df98a5f90859eecea521ea33b0d5ca5ddd5dfbaa275	source_unnamed	unique_full_body_sha256
LF9G003T	0x169C2C	LF9L000E	0x16B57C	FUN_00169c2c	FUN_0016b57c	FUN_00169c2c	32	2869f06d7c7d6a616c632b23b86d86bf29c5125e174914c2d368db6abacc02f8	source_unnamed	unique_full_body_sha256
LF9G003T	0x1F9950	LF9L000E	0x202D20	FUN_001f9950	FUN_00202d20	FUN_001f9950	42	286b8e664ec1d99a841605a2bca03466ae4dfd9413c092eb928c3af9d300000e	source_unnamed	unique_full_body_sha256
LF9G003T	0x13736C	LF9L000E	0x137F28	FUN_0013736c	FUN_00137f28	FUN_0013736c	16	2872e0007b2359bd26efb2e9b80e97701db99b0603524808c897afc03ebf9fb2	source_unnamed	unique_full_body_sha256
LF9G003T	0x13CF00	LF9L000E	0x13DABC	FUN_0013cf00	FUN_0013dabc	FUN_0013cf00	158	2897ff103f253d9579ac8f6e930403c43fcb4f1e3870bfec86f61901e4f1ab7f	source_unnamed	unique_full_body_sha256
LF9G003T	0x20B9DC	LF9L000E	0x214E18	FUN_0020b9dc	FUN_00214e18	FUN_0020b9dc	90	289b15932cb97248b6583d760374ef14e6b79b5a11c9a08dd4f8454c83f3ad3b	source_unnamed	unique_full_body_sha256
LF9G003T	0x1F6A10	LF9L000E	0x1FFDE0	FUN_001f6a10	FUN_001ffde0	FUN_001f6a10	6	28a4133bc18fccf73c53f260a005c0fc48fa22328bcef5209ed3863e796710d3	source_unnamed	unique_full_body_sha256
LF9G003T	0x92E5A	LF9L000E	0x930DE	FUN_00092e5a	FUN_000930de	FUN_00092e5a	218	28acac59ba2834a6f71618b5cbe620ebd77633cc2bde4f7a07843618edb7a768	source_unnamed	unique_full_body_sha256
LF9G003T	0x9641A	LF9L000E	0x9669E	FUN_0009641a	FUN_0009669e	FUN_0009641a	276	28d7ff70834f23e90c48c77c49d054989e26dd3316f36410dd9c9dda05188ba1	source_unnamed	unique_full_body_sha256
LF9G003T	0x16965C	LF9L000E	0x16AFAC	FUN_0016965c	FUN_0016afac	FUN_0016965c	52	2917e25bc72d4156935dee8fa8ef813abb6d0aa4d1c4cfc9f1d8d3ddb1f9dfb1	source_unnamed	unique_full_body_sha256
LF9G003T	0x15E7C8	LF9L000E	0x15F380	FUN_0015e7c8	FUN_0015f380	FUN_0015e7c8	232	292f82d3c17627699d1b454fb7a9f23dbae5b0be7e3489fae60e5fc9e17202ec	source_unnamed	unique_full_body_sha256
LF9G003T	0x93708	LF9L000E	0x9398C	FUN_00093708	FUN_0009398c	FUN_00093708	146	29545b70bdea7bd15145b6b14a6a58d5fbdaa5a4f1d98b0e66882cc4b77a1dee	source_unnamed	unique_full_body_sha256
LF9G003T	0xAE56A	LF9L000E	0xAE7EE	FUN_000ae56a	FUN_000ae7ee	FUN_000ae56a	200	2966342eda05f1c372e082720c0e6bcbdac889b101b36dfa2a69d0137fbe51ad	source_unnamed	unique_full_body_sha256
LF9G003T	0x1C9638	LF9L000E	0x1D29E0	FUN_001c9638	FUN_001d29e0	FUN_001c9638	122	297d20804de9f5b18474cd00fd587e17c828d0ad8001b2ab2b802ae431de4539	source_unnamed	unique_full_body_sha256
LF9G003T	0x206782	LF9L000E	0x20FBBE	FUN_00206782	FUN_0020fbbe	FUN_00206782	6	298894784db559aafa6f9f17f8b4a0b8547ab08d2bd56fa046e2d5b21e417bd6	source_unnamed	unique_full_body_sha256
LF9G003T	0x1B031C	LF9L000E	0x1B958C	FUN_001b031c	FUN_001b958c	FUN_001b031c	352	2999426054ca908861b086d42632832fab5678701f47a14c1e5f284258733a7c	source_unnamed	unique_full_body_sha256
LF9G003T	0xC64A0	LF9L000E	0xC689C	FUN_000c64a0	FUN_000c689c	FUN_000c64a0	138	299dc32f8580859a671992b3baf69cd6f705ab53c10bd209d20385298a23fbc2	source_unnamed	unique_full_body_sha256
LF9G003T	0x141D98	LF9L000E	0x142950	FUN_00141d98	FUN_00142950	FUN_00141d98	24	29a5a5b10322fe6442ed1274e21af8b4502183453ae11ecc3a3de3c60e349b4c	source_unnamed	unique_full_body_sha256
LF9G003T	0x1F6996	LF9L000E	0x1FFD66	FUN_001f6996	FUN_001ffd66	FUN_001f6996	36	29ac2b68482c511bafcdc8d5b685cc5c95a651f3d7ac7e519d4c09a169c78625	source_unnamed	unique_full_body_sha256
LF9G003T	0x1F45E4	LF9L000E	0x1FD9B4	FUN_001f45e4	FUN_001fd9b4	FUN_001f45e4	30	29d294ee585303227d6a99380ed1df94e8def443110306e48b16ccd1cbe53778	source_unnamed	unique_full_body_sha256
LF9G003T	0x12B0C8	LF9L000E	0x12BC74	FUN_0012b0c8	FUN_0012bc74	FUN_0012b0c8	10	29d37b1e47bd73aade1d4021e175aafdb3a6140aeb4d38ba8b914d30fdd0d33f	source_unnamed	unique_full_body_sha256
LF9G003T	0x91158	LF9L000E	0x913DC	FUN_00091158	FUN_000913dc	FUN_00091158	150	29d5e0fbede2c5888e0aef2c1fbe3df8e4d9f6ef588579f64d26fe9be0eb6e39	source_unnamed	unique_full_body_sha256
LF9G003T	0x1F0CDC	LF9L000E	0x1FA0AC	FUN_001f0cdc	FUN_001fa0ac	FUN_001f0cdc	44	29f9e7a2c3c921c13d56c96b7a9ebe9e059494a590018c1abb985bc141496069	source_unnamed	unique_full_body_sha256
LF9G003T	0x14ACE4	LF9L000E	0x14B89C	FUN_0014ace4	FUN_0014b89c	FUN_0014ace4	508	2a0214bc79224b6c6613a1d0bdb0095ca42d5c2444f436b74f4171ecf8143bc4	source_unnamed	unique_full_body_sha256
LF9G003T	0x1F4A04	LF9L000E	0x1FDDD4	FUN_001f4a04	FUN_001fddd4	FUN_001f4a04	6	2a0342887886dfb6d630bbda7fa27d80c4ec5565db2f63576b32472b5a0bea84	source_unnamed	unique_full_body_sha256
LF9G003T	0x13FFE0	LF9L000E	0x140B98	FUN_0013ffe0	FUN_00140b98	FUN_0013ffe0	14	2a298990ff78be8ba7fa5aa2c634032f5fcb10b894ca40c7ce8babf429a7d0a0	source_unnamed	unique_full_body_sha256
LF9G003T	0x1EDC72	LF9L000E	0x1F7042	thunk_FUN_001f0444	thunk_FUN_001f9814	thunk_FUN_001f0444	6	2a4a678d1cd03926b7e0201b95f851b5ee2138c3ee5b7edef08dce7442b439ea	source_unnamed	unique_full_body_sha256
LF9G003T	0x15EBF8	LF9L000E	0x15F7B0	FUN_0015ebf8	FUN_0015f7b0	FUN_0015ebf8	232	2a6917b4d15b6d60df0b427ebb4f4d220d1ce57a162f9c6a66541524b7d47433	source_unnamed	unique_full_body_sha256
LF9G003T	0x95FFE	LF9L000E	0x96282	FUN_00095ffe	FUN_00096282	FUN_00095ffe	14	2a73a93dd1b0f2a8d86a3def03500ed6a01ac33bc03ca3ee140d10e3ca639135	source_unnamed	unique_full_body_sha256
LF9G003T	0x15E9AC	LF9L000E	0x15F564	FUN_0015e9ac	FUN_0015f564	FUN_0015e9ac	232	2ab24e6a2242596115f2897f6a94f83042c39d8da718311cff00644eed0087e1	source_unnamed	unique_full_body_sha256
LF9G003T	0x1A6714	LF9L000E	0x1AF1D8	FUN_001a6714	FUN_001af1d8	FUN_001a6714	108	2acb5b668616b0f7a209511185e56083262e133f26911ca12ded35be989c62e8	source_unnamed	unique_full_body_sha256
LF9G003T	0xD6A64	LF9L000E	0xD75A0	flag_mirror_bit2	flag_mirror_bit2	flag_mirror_bit2	14	2ae69c20a413c75a07753d54a648fd7f78b4d44b3ba08b706e7f2b8b76b0d391	already_named	unique_full_body_sha256
LF9G003T	0xD71A4	LF9L000E	0xD7CE0	FUN_000d71a4	FUN_000d7ce0	FUN_000d71a4	26	2aeedc5d7ae2a750c84c3665894d592e4ffb4b5df809eb0f242f769fabfc6c4f	source_unnamed	unique_full_body_sha256
LF9G003T	0x204600	LF9L000E	0x20DA3C	FUN_00204600	FUN_0020da3c	FUN_00204600	116	2afe4000dadd497f61f774a220c4fdc72f776d7444cce5fecc71a57175720bf8	source_unnamed	unique_full_body_sha256
LF9G003T	0xBD972	LF9L000E	0xBDD5E	FUN_000bd972	FUN_000bdd5e	FUN_000bd972	180	2b1faf08e7ea9e4ee328644dd2f3c930875069c368d3fe0bfd0a145ce0842aa9	source_unnamed	unique_full_body_sha256
LF9G003T	0xC4ECE	LF9L000E	0xC52CA	FUN_000c4ece	FUN_000c52ca	FUN_000c4ece	156	2b329106d0bda9b5eaf3ee10ae4a0c73f995c7dce04fff7e5850b1c24268b92d	source_unnamed	unique_full_body_sha256
LF9G003T	0x6400	LF9L000E	0x6400	FUN_00006400	FUN_00006400	FUN_00006400	10	2b92a693fd0e10d52b5c5ef32cd918c47e1f05e1b0477b248c840b91da2182a5	source_unnamed	unique_full_body_sha256
LF9G003T	0x12E410	LF9L000E	0x12EFBC	FUN_0012e410	FUN_0012efbc	FUN_0012e410	36	2bab964d0093820e19ec9d8e01585d719a06d85133b5c4e1e6d5a51160eef0a8	source_unnamed	unique_full_body_sha256
LF9G003T	0x7D2FA	LF9L000E	0x7D472	FUN_0007d2fa	FUN_0007d472	FUN_0007d2fa	116	2bac1a9419779b7eccfc16f28f368d774f4d683e778fdd897606439a3bee03df	source_unnamed	unique_full_body_sha256
LF9G003T	0xDC240	LF9L000E	0xDCD7C	FUN_000dc240	FUN_000dcd7c	FUN_000dc240	4	2bafc6ec7b6fc99d516f1b9c3db8f80efa51ea6e2ff72908c1580eaed2ee11e8	source_unnamed	unique_full_body_sha256
LF9G003T	0xB7FF6	LF9L000E	0xB8362	FUN_000b7ff6	FUN_000b8362	FUN_000b7ff6	100	2bd48baf2682f8dcad69ff1ab81706c3224d05ccb044d83db7a6a3a1d3c1acd0	source_unnamed	unique_full_body_sha256
LF9G003T	0x20AC1E	LF9L000E	0x21405A	FUN_0020ac1e	FUN_0021405a	FUN_0020ac1e	6	2bd7d5cf5bf40435258db17b3ae000299c3e90dcd61afb6a6e89c36bc62b3c6b	source_unnamed	unique_full_body_sha256
LF9G003T	0x7924	LF9L000E	0x7924	FUN_00007924	FUN_00007924	FUN_00007924	66	2bf67326da708f50e16655fd74aa4fe593e6b60405fb6a45f06c3e909cb648e4	source_unnamed	unique_full_body_sha256
LF9G003T	0x1437A8	LF9L000E	0x144360	FUN_001437a8	FUN_00144360	FUN_001437a8	102	2c05afa85f3414aeeb47f979c6d8ddaf8538ba8285854bbe67930f6adaef7e07	source_unnamed	unique_full_body_sha256
LF9G003T	0xE20CC	LF9L000E	0xE2C08	FUN_000e20cc	FUN_000e2c08	FUN_000e20cc	8	2c29a01d4deea076e4e2c5b25134e4aea260beeeb37870418c9ee907f69642d9	source_unnamed	unique_full_body_sha256
LF9G003T	0x1ECD64	LF9L000E	0x1F6134	thunk_FUN_001ecec0	thunk_FUN_001f6290	thunk_FUN_001ecec0	6	2c3adca77a8dc8b170cfb825ca63b4b64a9049513a63c16343e5064f1f6c870c	source_unnamed	unique_full_body_sha256
LF9G003T	0xA28A6	LF9L000E	0xA2B2A	FUN_000a28a6	FUN_000a2b2a	FUN_000a28a6	28	2c52015ccb017a24e73bdf4cfa639cf7628e46e7f7673d61d12f2245ebe98861	source_unnamed	unique_full_body_sha256
LF9G003T	0x95C34	LF9L000E	0x95EB8	FUN_00095c34	FUN_00095eb8	FUN_00095c34	80	2c861b1a17a461b7a43b3f2f21b37e1457e16ed59d45c87c63eb6641f9a81842	source_unnamed	unique_full_body_sha256
LF9G003T	0x1695D4	LF9L000E	0x16AF24	FUN_001695d4	FUN_0016af24	FUN_001695d4	56	2c8f0f4d2aa84e29b4ce337f7241eb541ff22b8c3ae31bb1e11b71053e6b6728	source_unnamed	unique_full_body_sha256
LF9G003T	0xBDA98	LF9L000E	0xBDE84	FUN_000bda98	FUN_000bde84	FUN_000bda98	382	2c9cd0294d12b8c183cb6c98b8beabd53db9ee78c7b8a90a657ddd6272e51c64	source_unnamed	unique_full_body_sha256
LF9G003T	0x1140A0	LF9L000E	0x114C0C	FUN_001140a0	FUN_00114c0c	FUN_001140a0	28	2cb8ac61e9b4fa679fc3663a5d9a764a27703ef3a865d59ad744f1ab738c5265	source_unnamed	unique_full_body_sha256
LF9G003T	0x138594	LF9L000E	0x139150	FUN_00138594	FUN_00139150	FUN_00138594	288	2cc135c71c022f2c5132ff1796286a4956ff79c9c14c5e625bf626ecf2824277	source_unnamed	unique_full_body_sha256
LF9G003T	0x13E860	LF9L000E	0x13F418	FUN_0013e860	FUN_0013f418	FUN_0013e860	32	2ccf825222a7cbcd3ad676316d3fb246692eff3eaf6198dcb37baaf09d94b1e6	source_unnamed	unique_full_body_sha256
LF9G003T	0xBA414	LF9L000E	0xBA800	FUN_000ba414	FUN_000ba800	FUN_000ba414	64	2ced9bd2a402ba5a394ea6e7768b68d6496a355bbe05ac6cd5ac91a16a7382b1	source_unnamed	unique_full_body_sha256
LF9G003T	0x1F9F78	LF9L000E	0x203348	FUN_001f9f78	FUN_00203348	FUN_001f9f78	256	2d19ba1eefb8a7459431ce7e4e37fa774c18658a8505f401dd5a5d4e655247c8	source_unnamed	unique_full_body_sha256
LF9G003T	0x1533D8	LF9L000E	0x153F90	FUN_001533d8	FUN_00153f90	FUN_001533d8	96	2d4a9048ad900be99022d2df6bf71b718a937aca1e4e9a6f39d8413e6d780e6a	source_unnamed	unique_full_body_sha256
LF9G003T	0x1F6710	LF9L000E	0x1FFAE0	FUN_001f6710	FUN_001ffae0	FUN_001f6710	258	2d5e73db03c5bb210ab50139370d116e413319cd7bc2a3f4bcf0acc7a5997d3f	source_unnamed	unique_full_body_sha256
LF9G003T	0x1F4ACC	LF9L000E	0x1FDE9C	FUN_001f4acc	FUN_001fde9c	FUN_001f4acc	6	2d68c2ad9aa6038f14de753edc02e0d84c73f9846931f0f7d69f6e052002f16a	source_unnamed	unique_full_body_sha256
LF9G003T	0x27E8FC	LF9L000E	0x27EA90	FUN_0027e8fc	FUN_0027ea90	FUN_0027e8fc	114	2da3453f6aa4f716099f73a2e820e0f79b1f4fa92a122996c60737a6bde543d9	source_unnamed	unique_full_body_sha256
LF9G003T	0x1FA1B6	LF9L000E	0x203586	FUN_001fa1b6	FUN_00203586	FUN_001fa1b6	66	2da5d0d79052434709789aeecd787102fa15e60b3a11c3a2a0746487a92ff44a	source_unnamed	unique_full_body_sha256
LF9G003T	0x141C58	LF9L000E	0x142810	FUN_00141c58	FUN_00142810	FUN_00141c58	44	2db00f9e4d35cc6e84d9de299f28e6ee41d99476fed876670a75eac04a83f3d4	source_unnamed	unique_full_body_sha256
LF9G003T	0x10C458	LF9L000E	0x10CFC4	FUN_0010c458	FUN_0010cfc4	FUN_0010c458	30	2dd7e05823c45a4b3711c3a3bf851c9b2645bf814ac0bbefbfe94ef41fec8a2e	source_unnamed	unique_full_body_sha256
LF9G003T	0xB7F44	LF9L000E	0xB82B0	FUN_000b7f44	FUN_000b82b0	FUN_000b7f44	100	2e1a8aa0a4d2bdc7c186a3b1fa3619673566162182d93457927f7d5abe2a037b	source_unnamed	unique_full_body_sha256
LF9G003T	0x1F4700	LF9L000E	0x1FDAD0	FUN_001f4700	FUN_001fdad0	FUN_001f4700	6	2e3b83a44b64ea556f7dc7f5536a472026aa0b608bf24dc05ebf35babb8e7b4b	source_unnamed	unique_full_body_sha256
LF9G003T	0x1EB20A	LF9L000E	0x1F45DA	FUN_001eb20a	FUN_001f45da	FUN_001eb20a	30	2e4db7cf859f2d977ee6c587a46cc962425d4fd24bd36bf906e731034d6dd32e	source_unnamed	unique_full_body_sha256
LF9G003T	0x19314C	LF9L000E	0x19A96C	FUN_0019314c	FUN_0019a96c	FUN_0019314c	84	2e5cb60e1483b52fe8141aa4ca5ece5c652a3c9e548c5585bf512fb06e610694	source_unnamed	unique_full_body_sha256
LF9G003T	0x1A7F78	LF9L000E	0x1B1114	FUN_001a7f78	FUN_001b1114	FUN_001a7f78	96	2e5d9cf1997e876adb587c991627cca4bf533143db9e454bafc311858e1f4d3e	source_unnamed	unique_full_body_sha256
LF9G003T	0x12C9B0	LF9L000E	0x12D55C	FUN_0012c9b0	FUN_0012d55c	FUN_0012c9b0	84	2e83056647e89aac98834759d91d03406ba6c2313dc3b2c99ccca6ab308bb824	source_unnamed	unique_full_body_sha256
LF9G003T	0xE0A04	LF9L000E	0xE1540	FUN_000e0a04	FUN_000e1540	FUN_000e0a04	80	2ea9ccfb7829a535e39c24a2dee186934f9d8f45e8af765010db4e28d57ae0fc	source_unnamed	unique_full_body_sha256
LF9G003T	0x15ECE8	LF9L000E	0x15F8A0	FUN_0015ece8	FUN_0015f8a0	FUN_0015ece8	236	2ecea6a5ea1447aad6fbee82f2cc4a6bde5431ead1a2a4c38caa9e232c1434c4	source_unnamed	unique_full_body_sha256
LF9G003T	0x13AAE8	LF9L000E	0x13B6A4	FUN_0013aae8	FUN_0013b6a4	FUN_0013aae8	280	2ee1990f3301a2a1a7391bc01426a2259735bd405a4afe2027354a8b068daa6e	source_unnamed	unique_full_body_sha256
LF9G003T	0x27D74C	LF9L000E	0x27D8E0	FUN_0027d74c	FUN_0027d8e0	FUN_0027d74c	6	2eedc09d32cb89c0db765081fa3f3528d2f71ea76066b0f00c1ea3073c3cbb1d	source_unnamed	unique_full_body_sha256
LF9G003T	0x13F114	LF9L000E	0x13FCCC	FUN_0013f114	FUN_0013fccc	FUN_0013f114	84	2f168acc2d785ea4bda7c266173479803bf6a2f16d29d2761efa5665df6f822a	source_unnamed	unique_full_body_sha256
LF9G003T	0xB1F8A	LF9L000E	0xB220E	FUN_000b1f8a	FUN_000b220e	FUN_000b1f8a	118	2f3ea00a4a6894687940a99e52a949e9210cf0dd941e6a3a1c65bee5de198d32	source_unnamed	unique_full_body_sha256
LF9G003T	0x1F46B6	LF9L000E	0x1FDA86	FUN_001f46b6	FUN_001fda86	FUN_001f46b6	6	2f57c84850f27da2fe1c75ecda6884cd0ff47d22e19e8e37bd3815bdbb948b11	source_unnamed	unique_full_body_sha256
LF9G003T	0xC06C8	LF9L000E	0xC0AB4	FUN_000c06c8	FUN_000c0ab4	FUN_000c06c8	194	2f5ef572ecc025e6cd4404d6b3e5aadbf1c9c16fdf53bc3bd2993eac2a305f5d	source_unnamed	unique_full_body_sha256
LF9G003T	0x1F5CE4	LF9L000E	0x1FF0B4	FUN_001f5ce4	FUN_001ff0b4	FUN_001f5ce4	88	2f885b340d0af7bbe00276fdcf7929c38bb09dffa83749a87fb901402a9daff3	source_unnamed	unique_full_body_sha256
LF9G003T	0x1CAA84	LF9L000E	0x1D3E2C	FUN_001caa84	FUN_001d3e2c	FUN_001caa84	344	2fb28c1bc7b79233c53acca5555d21c8b4b3ac019e397579d4b673ddd2d3b9b6	source_unnamed	unique_full_body_sha256
LF9G003T	0x1ED1DA	LF9L000E	0x1F65AA	FUN_001ed1da	FUN_001f65aa	FUN_001ed1da	18	2febf69703035a8b704a544f6d8bdd1595f7f3748b8e86e0b50811062cd7162f	source_unnamed	unique_full_body_sha256
LF9G003T	0x27D700	LF9L000E	0x27D894	FUN_0027d700	FUN_0027d894	FUN_0027d700	6	30001804a391ebf9fc98d13c83594df5419193661d78c39eb8bd624eb6c637cd	source_unnamed	unique_full_body_sha256
LF9G003T	0x1F5CC4	LF9L000E	0x1FF094	FUN_001f5cc4	FUN_001ff094	FUN_001f5cc4	22	30344398948e03c16ba65fa9ddb0219c738ee746e0bc4aa5a43a160a53e1972b	source_unnamed	unique_full_body_sha256
LF9G003T	0x127FC8	LF9L000E	0x128B74	FUN_00127fc8	FUN_00128b74	FUN_00127fc8	446	303924273454bdbbbb925310ffaae7d5a901d43bcf40abc6fce5ea35ce8838fc	source_unnamed	unique_full_body_sha256
LF9G003T	0x2082FC	LF9L000E	0x211738	FUN_002082fc	FUN_00211738	FUN_002082fc	70	305bf585bad6ec5d7c64a1dd3e0e179e5238d0e489189ef45ff0dda03b8b7ba6	source_unnamed	unique_full_body_sha256
LF9G003T	0x1F97B2	LF9L000E	0x202B82	FUN_001f97b2	FUN_00202b82	FUN_001f97b2	10	3061ffdedece0cd90f2969b94006a693d049d83d96af74323793e357b4b899cc	source_unnamed	unique_full_body_sha256
LF9G003T	0x20A454	LF9L000E	0x213890	u64_greater_than	u64_greater_than	u64_greater_than	30	307c7c0338d34e9e86881e217c58774406ac5ff7ede62f1428b5ff90a9bdfd47	already_named	unique_full_body_sha256
LF9G003T	0x115958	LF9L000E	0x1164C4	FUN_00115958	FUN_001164c4	FUN_00115958	348	309988e346163e950e81562f413df63dd9795d5d7ed5e49c373c948629053ff9	source_unnamed	unique_full_body_sha256
LF9G003T	0x6B94	LF9L000E	0x6B94	FUN_00006b94	FUN_00006b94	FUN_00006b94	78	30a77dc18700ddd875e67e613c34684878e95485a78c18bfc421ea64749ab3e0	source_unnamed	unique_full_body_sha256
LF9G003T	0x20B17C	LF9L000E	0x2145B8	FUN_0020b17c	FUN_002145b8	FUN_0020b17c	52	30c0c381a38a9ed62a13531c336c12e8406f44298be9497c57da76c1c686bb7e	source_unnamed	unique_full_body_sha256
LF9G003T	0x2066E4	LF9L000E	0x20FB20	FUN_002066e4	FUN_0020fb20	FUN_002066e4	10	30cd4227e477e8e56e32519863ab487587b6771875ce69837edaa64a48252d3e	source_unnamed	unique_full_body_sha256
LF9G003T	0x1F7454	LF9L000E	0x200824	FUN_001f7454	FUN_00200824	FUN_001f7454	162	30dfa719583f8305b2abab06bf43e244e0522e3faa1e8f311493b4528cf24e6b	source_unnamed	unique_full_body_sha256
LF9G003T	0x1EEFB4	LF9L000E	0x1F8384	FUN_001eefb4	FUN_001f8384	FUN_001eefb4	162	30e874b1b214b006ce3d3ca17001b06342747d15c2cc272bb04c57671eccd079	source_unnamed	unique_full_body_sha256
LF9G003T	0x1C0C84	LF9L000E	0x1C9FC4	FUN_001c0c84	FUN_001c9fc4	FUN_001c0c84	94	312ab225a7abd83ddfe7bd77e1665c2a6f37564207b21442034a90f5c86f6f2d	source_unnamed	unique_full_body_sha256
LF9G003T	0xC11C4	LF9L000E	0xC15B0	FUN_000c11c4	FUN_000c15b0	FUN_000c11c4	22	312b7c81d31d35ab20cdcc96bdf2e89c74d8edecca350794fa45b59afcdd7032	source_unnamed	unique_full_body_sha256
LF9G003T	0x207B32	LF9L000E	0x210F6E	FUN_00207b32	FUN_00210f6e	FUN_00207b32	24	312e5c2ccff736e1c7430dbfca8ab66baf643227081ee833ae058735c224da25	source_unnamed	unique_full_body_sha256
LF9G003T	0x1168B4	LF9L000E	0x117420	FUN_001168b4	FUN_00117420	FUN_001168b4	1300	314bdad934d63f313f4877fdf8a3afb96fa69a8e5a5f8bdc8d40336ac464862d	source_unnamed	unique_full_body_sha256
LF9G003T	0xAADA2	LF9L000E	0xAB026	FUN_000aada2	FUN_000ab026	FUN_000aada2	174	314f188816aab05a3c1a6a037492e4cc5f2e340dd873d0fd2bc1f57a6e0f5629	source_unnamed	unique_full_body_sha256
LF9G003T	0xAB226	LF9L000E	0xAB4AA	FUN_000ab226	FUN_000ab4aa	FUN_000ab226	176	315c35ffdf4f9f9953a5fcee40648c03fed4d18e6cec83da95915c25cbff96be	source_unnamed	unique_full_body_sha256
LF9G003T	0x2073F4	LF9L000E	0x210830	FUN_002073f4	FUN_00210830	FUN_002073f4	64	316f21780bca70dced92ec0752334cbe606ed0c761d479f9bdde4ddae93eaa82	source_unnamed	unique_full_body_sha256
LF9G003T	0x1EDD8E	LF9L000E	0x1F715E	FUN_001edd8e	FUN_001f715e	FUN_001edd8e	10	3172f64fce8428f511e05a0ac812f38124b5d22fe7569125346984b95232b7b5	source_unnamed	unique_full_body_sha256
LF9G003T	0x1EBD28	LF9L000E	0x1F50F8	serial_wait_tx_ready_mode6	serial_wait_tx_ready_mode6	serial_wait_tx_ready_mode6	58	3199209d68237f5abc285060cdf55cf153c06998cbb1ba9b5f90c85998380e60	already_named	unique_full_body_sha256
LF9G003T	0xF56B0	LF9L000E	0xF621C	FUN_000f56b0	FUN_000f621c	FUN_000f56b0	130	31c036a233f62fa2493e23ed50b6af2127bbecf70f12fdb91214ebaa74911c59	source_unnamed	unique_full_body_sha256
LF9G003T	0x1A7FDC	LF9L000E	0x1B1178	FUN_001a7fdc	FUN_001b1178	FUN_001a7fdc	32	32096b2056fdcd112d095bbb5d96d5d6f78c1d7dd19e0fb7808221d221496159	source_unnamed	unique_full_body_sha256
LF9G003T	0x204ECC	LF9L000E	0x20E308	FUN_00204ecc	FUN_0020e308	FUN_00204ecc	270	3257c8416bd0ebf380b9c252efb55b43ebcb9e0317f6e146127615e116f28068	source_unnamed	unique_full_body_sha256
LF9G003T	0x206AA2	LF9L000E	0x20FEDE	FUN_00206aa2	FUN_0020fede	FUN_00206aa2	16	327e6969f30aa455d04ebe8218e7b9dc7a9c3d55e86119d144ee8073baffe4b8	source_unnamed	unique_full_body_sha256
LF9G003T	0x1F0C44	LF9L000E	0x1FA014	FUN_001f0c44	FUN_001fa014	FUN_001f0c44	44	32928d4de76fcd5f54e5dda431d299b89a46e135a802b1f805c6d2a503dda8c7	source_unnamed	unique_full_body_sha256
LF9G003T	0x20B48A	LF9L000E	0x2148C6	FUN_0020b48a	FUN_002148c6	FUN_0020b48a	48	32c2b1a777a3330ffda95fbc58afee7c661bb5dbe4d808552857aa48bb5fc9e8	source_unnamed	unique_full_body_sha256
LF9G003T	0x1CCCC0	LF9L000E	0x1D6068	FUN_001cccc0	FUN_001d6068	FUN_001cccc0	344	32d73d326bf74673c13b3193bdbdc63e3d173b6b1edd326cb8219139a2ab1e86	source_unnamed	unique_full_body_sha256
LF9G003T	0xAE396	LF9L000E	0xAE61A	FUN_000ae396	FUN_000ae61a	FUN_000ae396	12	32ea330d9b3250c2feef25f2ac1565c0a3b9ef06e472b8209c55dd5a737b68d0	source_unnamed	unique_full_body_sha256
LF9G003T	0xF6CEC	LF9L000E	0xF7858	FUN_000f6cec	FUN_000f7858	FUN_000f6cec	36	32fd0bde902de217a88d9e986f2dcf4deada1d04a5ad49478b85fdb535758f98	source_unnamed	unique_full_body_sha256
LF9G003T	0x2084DA	LF9L000E	0x211916	FUN_002084da	FUN_00211916	FUN_002084da	80	330c619e46cdc535b8210230f2cf96850f914b20c1f2f920581695a96dbad4db	source_unnamed	unique_full_body_sha256
LF9G003T	0xE3C94	LF9L000E	0xE47F8	FUN_000e3c94	FUN_000e47f8	FUN_000e3c94	76	3311a2383d3508f9eaa794d3f645cf89812bd1fe20cac34a090154773651bbe2	source_unnamed	unique_full_body_sha256
LF9G003T	0x104080	LF9L000E	0x104BEC	FUN_00104080	FUN_00104bec	FUN_00104080	104	333306f6cfdce935b51e1cdea26e57bf30b151ba70892815bae767ce9a2f9d31	source_unnamed	unique_full_body_sha256
LF9G003T	0x1F0BB8	LF9L000E	0x1F9F88	FUN_001f0bb8	FUN_001f9f88	FUN_001f0bb8	44	33357ebfc5b0038d1becf496e983f901877dcde65985c9427dddd7e992bc5a85	source_unnamed	unique_full_body_sha256
LF9G003T	0x1CEE5C	LF9L000E	0x1D8204	FUN_001cee5c	FUN_001d8204	FUN_001cee5c	56	33528c1a7d09607977a23ec35f84581cbce9f10b828b3883c5bb753245a2802b	source_unnamed	unique_full_body_sha256
LF9G003T	0x95ACC	LF9L000E	0x95D50	FUN_00095acc	FUN_00095d50	FUN_00095acc	34	335992175e7f0dee9ef4eaa73fa83350ee27d20d06f74642c2402c498ec04255	source_unnamed	unique_full_body_sha256
LF9G003T	0x1EDC5C	LF9L000E	0x1F702C	FUN_001edc5c	FUN_001f702c	FUN_001edc5c	12	3365926b44f9f629715489773a2702467965dc49e714bf5a2d0dee1617c2d545	source_unnamed	unique_full_body_sha256
LF9G003T	0x15F1A4	LF9L000E	0x15FD5C	FUN_0015f1a4	FUN_0015fd5c	FUN_0015f1a4	230	33694a2011009c07ec86404f47e5aa429cca5547961a1f837a34898244327ef3	source_unnamed	unique_full_body_sha256
LF9G003T	0xC7D8C	LF9L000E	0xC8188	FUN_000c7d8c	FUN_000c8188	FUN_000c7d8c	18	3387dbca1b32ebb0c3e38e7e4f4a160ad22b58744e9bffb7f18ad7b6659c3c15	source_unnamed	unique_full_body_sha256
LF9G003T	0x1F2154	LF9L000E	0x1FB524	FUN_001f2154	FUN_001fb524	FUN_001f2154	10	33af4df05e504e5cf9ff4e5ada04da185f308948e76e0a74004766a0af91c8ef	source_unnamed	unique_full_body_sha256
LF9G003T	0x11CA8C	LF9L000E	0x11D630	FUN_0011ca8c	FUN_0011d630	FUN_0011ca8c	50	33bcb3ef1c32fda45246514db9b93c285b700cf761b1b12da5718b64908c22a0	source_unnamed	unique_full_body_sha256
LF9G003T	0x1F5C58	LF9L000E	0x1FF028	FUN_001f5c58	FUN_001ff028	FUN_001f5c58	80	33ee9694290b633ab92222e4cc482cc7b6da6a9e82b185f5274758a2b48c9aea	source_unnamed	unique_full_body_sha256
LF9G003T	0x14A7F4	LF9L000E	0x14B3AC	FUN_0014a7f4	FUN_0014b3ac	FUN_0014a7f4	100	33f16999ce87196251ed716c82a48238a301bc790020ba5143e7fb46584f7c5b	source_unnamed	unique_full_body_sha256
LF9G003T	0x14D89C	LF9L000E	0x14E454	FUN_0014d89c	FUN_0014e454	FUN_0014d89c	72	342477d049a2c18cbafb8d4244e6db000f678b626ec4f621f213c978bc319e11	source_unnamed	unique_full_body_sha256
LF9G003T	0x92AEC	LF9L000E	0x92D70	FUN_00092aec	FUN_00092d70	FUN_00092aec	196	342484c836312db83984fac945a384c19b6fdced17c39c4e3e74965c2009bf26	source_unnamed	unique_full_body_sha256
LF9G003T	0x1668EC	LF9L000E	0x16823C	FUN_001668ec	FUN_0016823c	FUN_001668ec	70	34364bd1e26499bc23d13337ebcbeb0a1f37e5ab7dc740a92782c88298947bd6	source_unnamed	unique_full_body_sha256
LF9G003T	0xB516A	LF9L000E	0xB54D6	FUN_000b516a	FUN_000b54d6	FUN_000b516a	92	3443048990b0c67587ded796b0ba5fd6d278b3728cf61c8c790acdc370bae8dc	source_unnamed	unique_full_body_sha256
LF9G003T	0x970CC	LF9L000E	0x97350	FUN_000970cc	FUN_00097350	FUN_000970cc	8	344e014ffd66552701c06d2a01890a0853f5d3884593bb44366508510252f70e	source_unnamed	unique_full_body_sha256
LF9G003T	0xDC8B4	LF9L000E	0xDD3F0	FUN_000dc8b4	FUN_000dd3f0	FUN_000dc8b4	772	34615c50c1a4528f57d08949648579e6795a0573b494a22267037194090e6987	source_unnamed	unique_full_body_sha256
LF9G003T	0x13C908	LF9L000E	0x13D4C4	FUN_0013c908	FUN_0013d4c4	FUN_0013c908	70	34721e98134b2fcdd5c522525938831c691334662d4e6e7a5b27ef06bf4b3713	source_unnamed	unique_full_body_sha256
LF9G003T	0x1E4310	LF9L000E	0x1ED6D8	FUN_001e4310	FUN_001ed6d8	FUN_001e4310	10	34754f9fbbc4e44de5e0308afb4ae0d66021d665048482f5d12107e7c032e312	source_unnamed	unique_full_body_sha256
LF9G003T	0x972B8	LF9L000E	0x9753C	FUN_000972b8	FUN_0009753c	FUN_000972b8	8	34891d1b4eba774ab2913ed5aee1055448c46bbc9e8b3cafff03d9408f166aff	source_unnamed	unique_full_body_sha256
LF9G003T	0x1F8896	LF9L000E	0x201C66	FUN_001f8896	FUN_00201c66	FUN_001f8896	38	3499c6e4bb59aaf79f02d9e99f27006f2ee41bbccd02f749360e3135f53c979e	source_unnamed	unique_full_body_sha256
LF9G003T	0x1CCF78	LF9L000E	0x1D6320	interp_2d_ax_u32_u16_data_s_v3	interp_2d_ax_u32_u16_data_s_v3	interp_2d_ax_u32_u16_data_s_v3	328	34d4d3d3f73f31de1f4c660d8c1da0425153ffc78e0dd0ed89bc212c3ebe3634	already_named	unique_full_body_sha256
LF9G003T	0x1EDD68	LF9L000E	0x1F7138	FUN_001edd68	FUN_001f7138	FUN_001edd68	10	34de96c36ed7d1bc128ae5837b4b7f3dbc4fae7d2dc568b9c822a71f1425e746	source_unnamed	unique_full_body_sha256
LF9G003T	0xB1E14	LF9L000E	0xB2098	FUN_000b1e14	FUN_000b2098	FUN_000b1e14	374	34e49b5b58dafc68a3282e2254c866c24090f2905758690cf820db271892bce1	source_unnamed	unique_full_body_sha256
LF9G003T	0x13F000	LF9L000E	0x13FBB8	FUN_0013f000	FUN_0013fbb8	FUN_0013f000	176	34edb346aacad73a485c925ac2f9a6b45e6a632a6338346a23b8aea150cd9bfc	source_unnamed	unique_full_body_sha256
LF9G003T	0xDBE94	LF9L000E	0xDC9D0	FUN_000dbe94	FUN_000dc9d0	FUN_000dbe94	28	350a3e47aeb29ff5d57ba761690f0c5f8622448fa6ad369aa541072858f4e153	source_unnamed	unique_full_body_sha256
LF9G003T	0x79F24	LF9L000E	0x7A09C	FUN_00079f24	FUN_0007a09c	FUN_00079f24	58	3541e4fdf059e6acce1ead4d17fa580eda3dc93f07355b532b1c4f1b62f1f85b	source_unnamed	unique_full_body_sha256
LF9G003T	0x6FBC	LF9L000E	0x6FBC	FUN_00006fbc	FUN_00006fbc	FUN_00006fbc	14	35445880ca8393bce639fbb414ebcf9baca7757099e6974029f3d7bfd0b7b58d	source_unnamed	unique_full_body_sha256
LF9G003T	0xC7214	LF9L000E	0xC7610	FUN_000c7214	FUN_000c7610	FUN_000c7214	2624	3547f4c6a6a763e6d0b280e619a9969c06cd031caa31ea52f7462a6459876f76	source_unnamed	unique_full_body_sha256
LF9G003T	0x102AD0	LF9L000E	0x10363C	FUN_00102ad0	FUN_0010363c	FUN_00102ad0	114	355147ed11a5dbe8b0cb9c17ca2b512fd9fc486e73b38edfb448bbbcb2211ae6	source_unnamed	unique_full_body_sha256
LF9G003T	0x1F24DC	LF9L000E	0x1FB8AC	FUN_001f24dc	FUN_001fb8ac	FUN_001f24dc	96	358ae2211c15b8571ad2bd9d878b31cb666adf6629e5badf79e44d26d4c7a087	source_unnamed	unique_full_body_sha256
LF9G003T	0xA108A	LF9L000E	0xA130E	FUN_000a108a	FUN_000a130e	FUN_000a108a	188	35a618d397d19ac96e3599398485e3126dee939e06f5255d486ce5c0ca2856e8	source_unnamed	unique_full_body_sha256
LF9G003T	0x1094A0	LF9L000E	0x10A00C	FUN_001094a0	FUN_0010a00c	FUN_001094a0	50	35b4b3e91063ade8c1c7b948821ac3bda9913a05625b90a60c3623061c641dd4	source_unnamed	unique_full_body_sha256
LF9G003T	0x1F2212	LF9L000E	0x1FB5E2	FUN_001f2212	FUN_001fb5e2	FUN_001f2212	10	35d7f516ca9253eb9c13cff29a64f3e42a7860ed703152eba402d74027077450	source_unnamed	unique_full_body_sha256
LF9G003T	0xBF6D4	LF9L000E	0xBFAC0	FUN_000bf6d4	FUN_000bfac0	FUN_000bf6d4	234	35f0ee23af4736fd5c83bf91565b03cd678f070909017229e4d8e7d7c9b30f44	source_unnamed	unique_full_body_sha256
LF9G003T	0xB56B6	LF9L000E	0xB5A22	FUN_000b56b6	FUN_000b5a22	FUN_000b56b6	42	35f359a1c7b476e826c6671714be17b625b142d3514d21388722be0aeb7b6b3e	source_unnamed	unique_full_body_sha256
LF9G003T	0x14B610	LF9L000E	0x14C1C8	FUN_0014b610	FUN_0014c1c8	FUN_0014b610	64	3600fe001e10e2ae426cf21d0633a46aab150012ff0355d8877e471f51a41d9f	source_unnamed	unique_full_body_sha256
LF9G003T	0x13CA20	LF9L000E	0x13D5DC	FUN_0013ca20	FUN_0013d5dc	FUN_0013ca20	64	3606959293083dbf26d458f2a42c9ad3d99bee2d29b8ff9f0699d8b663de9ed6	source_unnamed	unique_full_body_sha256
LF9G003T	0x79B78	LF9L000E	0x79CF0	FUN_00079b78	FUN_00079cf0	FUN_00079b78	46	3610e64324338700d71d766bf0ffcb775443c4e3ef2acbe4e61fea325bcc1935	source_unnamed	unique_full_body_sha256
LF9G003T	0x204B5A	LF9L000E	0x20DF96	FUN_00204b5a	FUN_0020df96	FUN_00204b5a	6	3623c5132d837f2558620c062cb94c860dd2d899c7c88ce655023db87fe35eca	source_unnamed	unique_full_body_sha256
LF9G003T	0x1CA71C	LF9L000E	0x1D3AC4	interp_2d_ax_s16_u16_data_u	interp_2d_ax_s16_u16_data_u	interp_2d_ax_s16_u16_data_u	290	36266245db8b1863b60895469acffd9af8095cd28ee204753f649b4539741a25	already_named	unique_full_body_sha256
LF9G003T	0x1645A0	LF9L000E	0x165F40	FUN_001645a0	FUN_00165f40	FUN_001645a0	320	36472845e54daa78b9472faa942a714fc2d8e5641a9d092964261880c106a2e4	source_unnamed	unique_full_body_sha256
LF9G003T	0x8FB20	LF9L000E	0x8FDA4	FUN_0008fb20	FUN_0008fda4	FUN_0008fb20	74	3651cf048bc01ed11d7d4755f2a1a74bcab6282047f9cd553f0b5ac487f00b93	source_unnamed	unique_full_body_sha256
LF9G003T	0x7F230	LF9L000E	0x7F3A8	FUN_0007f230	FUN_0007f3a8	FUN_0007f230	258	3653061d15ba3b752bce22277c1971d287902fed5cfe95acc9a110ee57d87240	source_unnamed	unique_full_body_sha256
LF9G003T	0x1F1AE0	LF9L000E	0x1FAEB0	FUN_001f1ae0	FUN_001faeb0	FUN_001f1ae0	52	365af5aa63e9e886a6ccca2db9c731c5ae34ca348331796e5271364158be6973	source_unnamed	unique_full_body_sha256
LF9G003T	0xBD2A4	LF9L000E	0xBD690	FUN_000bd2a4	FUN_000bd690	FUN_000bd2a4	154	367a400ac878d999b3537a83819f6ef2d94fa24388bd8fc2920799bc3d5c51eb	source_unnamed	unique_full_body_sha256
LF9G003T	0x7B614	LF9L000E	0x7B78C	FUN_0007b614	FUN_0007b78c	FUN_0007b614	40	36890c07f58b55e17e5d7ad3590e83ee54cce37a5fcc30d89d2b8b57c664f154	source_unnamed	unique_full_body_sha256
LF9G003T	0xAFC70	LF9L000E	0xAFEF4	FUN_000afc70	FUN_000afef4	FUN_000afc70	8	36c3ab31a3e8c45e7a9f51b9fd1443df0dd2a59a9db580a4162b275df807b882	source_unnamed	unique_full_body_sha256
LF9G003T	0x1EF9A2	LF9L000E	0x1F8D72	FUN_001ef9a2	FUN_001f8d72	FUN_001ef9a2	6	36f881c47df3ef1394898f45bc764ab86a6f3cabae7fc7e7ed24e6d6a53e8e69	source_unnamed	unique_full_body_sha256
LF9G003T	0xF1E98	LF9L000E	0xF2A04	FUN_000f1e98	FUN_000f2a04	FUN_000f1e98	94	371fb9385d08d4ffd6d030c25886f9588b7d9a8dc1b9ede435703f34491357d7	source_unnamed	unique_full_body_sha256
LF9G003T	0x204B1C	LF9L000E	0x20DF58	FUN_00204b1c	FUN_0020df58	FUN_00204b1c	10	37306520fc5d594eda14276c0aecb4f43705fe33f8754775a2ee5656205406c3	source_unnamed	unique_full_body_sha256
LF9G003T	0x1D1880	LF9L000E	0x1DAC28	FUN_001d1880	FUN_001dac28	FUN_001d1880	60	373c2ffa39128387c527cfdc080ab623af0a2aec647f24d7eb5b115764ae600c	source_unnamed	unique_full_body_sha256
LF9G003T	0xE3D2C	LF9L000E	0xE4890	FUN_000e3d2c	FUN_000e4890	FUN_000e3d2c	76	37422adea4cf054b04f58a530d12c3d83265bcdd31bd5af633dff610c3c3c492	source_unnamed	unique_full_body_sha256
LF9G003T	0x1E88A0	LF9L000E	0x1F1C70	FUN_001e88a0	FUN_001f1c70	FUN_001e88a0	24	37485257e2d70cb1ce08bdc61cc535cbda28a3f0f5551fccd96885785acd867e	source_unnamed	unique_full_body_sha256
LF9G003T	0x141C30	LF9L000E	0x1427E8	FUN_00141c30	FUN_001427e8	FUN_00141c30	38	37560b0677a7fbff75163242b1710f34547e8622eeab5e44f534e3d1c517bab6	source_unnamed	unique_full_body_sha256
LF9G003T	0x1671D0	LF9L000E	0x168B20	FUN_001671d0	FUN_00168b20	FUN_001671d0	60	37622f6afb7c2b457862750499220d7c2ebeca6daf914202c685809e5960f98f	source_unnamed	unique_full_body_sha256
LF9G003T	0x209FB4	LF9L000E	0x2133F0	FUN_00209fb4	FUN_002133f0	FUN_00209fb4	286	378a2f761bd2f39af115ebd685576e57eaa5564387bf11ed9f59ad3822106240	source_unnamed	unique_full_body_sha256
LF9G003T	0xD491E	LF9L000E	0xD5072	b6_word_decrypt_sbox	b6_word_decrypt_sbox	b6_word_decrypt_sbox	254	379b1d33b20975d4243f091ced71d85d5440a9bed0718fa718c2aa907cffeb62	already_named	unique_full_body_sha256
LF9G003T	0x1F0AC2	LF9L000E	0x1F9E92	FUN_001f0ac2	FUN_001f9e92	FUN_001f0ac2	10	379fba5e058ab3a5d850418f413983571f3884e584f32bfeed546694d9db70b3	source_unnamed	unique_full_body_sha256
LF9G003T	0x7AE4E	LF9L000E	0x7AFC6	FUN_0007ae4e	FUN_0007afc6	FUN_0007ae4e	148	37a4ffda304d9665d6e1360d5315814c17f08f80e64d020310e40112dd8580a2	source_unnamed	unique_full_body_sha256
LF9G003T	0x13F384	LF9L000E	0x13FF3C	FUN_0013f384	FUN_0013ff3c	FUN_0013f384	26	383091e1d5f7a7677df9765b5aa5e9820d5b712e28ec5491e1efdfffe2327ba0	source_unnamed	unique_full_body_sha256
LF9G003T	0x1ECB2C	LF9L000E	0x1F5EFC	sig_set_fwd_1d	sig_set_fwd_1d	sig_set_fwd_1d	6	3848d54f5507524982f66deb778fefa81c3260929b6a234240b8857a3e787884	already_named	unique_full_body_sha256
LF9G003T	0x15536C	LF9L000E	0x155F24	FUN_0015536c	FUN_00155f24	FUN_0015536c	26	386da4fd1506a591f79cf4714ff0f92c1c2557782be859b0a93953e7ca6cf7dd	source_unnamed	unique_full_body_sha256
LF9G003T	0x7510	LF9L000E	0x7510	FUN_00007510	FUN_00007510	FUN_00007510	84	388f491294dd6c4139546c8ec46c4ba53f1b1594463e6ced11f8aacf2b90a400	source_unnamed	unique_full_body_sha256
LF9G003T	0x1EDCBC	LF9L000E	0x1F708C	cal_table_get_word1	cal_table_get_word1	cal_table_get_word1	10	38a7b0c6474e54ba642a4f3ea85563966257031242bcecbf4877e4ba94ae2856	already_named	unique_full_body_sha256
LF9G003T	0x12B2F0	LF9L000E	0x12BE9C	FUN_0012b2f0	FUN_0012be9c	FUN_0012b2f0	114	38a9cfc9dfb9f04c76cdfe034edb9a8dd2bf107cb1def9d96577b81474bb3b93	source_unnamed	unique_full_body_sha256
LF9G003T	0x20664A	LF9L000E	0x20FA86	FUN_0020664a	FUN_0020fa86	FUN_0020664a	6	38ac123bda00a8168d0947e07fad391344393883d95753ca6bef43893e5dab09	source_unnamed	unique_full_body_sha256
LF9G003T	0x95A3E	LF9L000E	0x95CC2	FUN_00095a3e	FUN_00095cc2	FUN_00095a3e	34	38acdb382dbbfaf0ea9a8547199990ff948dc823bffa5529081ad1fef58bf7f2	source_unnamed	unique_full_body_sha256
LF9G003T	0x92C8C	LF9L000E	0x92F10	FUN_00092c8c	FUN_00092f10	FUN_00092c8c	80	38d2b241470fc62a7f4a2b0fdc88d12cd9adbf5048aa374cf00ab132493c8a58	source_unnamed	unique_full_body_sha256
LF9G003T	0xD6B50	LF9L000E	0xD768C	FUN_000d6b50	FUN_000d768c	FUN_000d6b50	76	38f205a7326b2caa3492151b516515c1a4b5d69666e414c24b97be3432dd42ce	source_unnamed	unique_full_body_sha256
LF9G003T	0x20663E	LF9L000E	0x20FA7A	FUN_0020663e	FUN_0020fa7a	FUN_0020663e	6	38f33ab06cc9bba6a51f7c6d0c7b1dc254ce1859da218c022c1dd6985e18c39c	source_unnamed	unique_full_body_sha256
LF9G003T	0x1B2BDC	LF9L000E	0x1BBE58	FUN_001b2bdc	FUN_001bbe58	FUN_001b2bdc	118	38fa328a4ca98c6393e6b97d00f4286f8cebb099d65bf871f82af58b00d44767	source_unnamed	unique_full_body_sha256
LF9G003T	0x162008	LF9L000E	0x163A10	FUN_00162008	FUN_00163a10	FUN_00162008	48	3919e2b8d9cac26bd774a5dd845ec8389a770a4f26910b4578fb3df0946c4269	source_unnamed	unique_full_body_sha256
LF9G003T	0x9318E	LF9L000E	0x93412	FUN_0009318e	FUN_00093412	FUN_0009318e	160	392a9e48de6b63889f895125837c7c1dd34e5415595aaa011f75bcb76d5f7edc	source_unnamed	unique_full_body_sha256
LF9G003T	0x1F196C	LF9L000E	0x1FAD3C	FUN_001f196c	FUN_001fad3c	FUN_001f196c	44	39437019597fc7d881601c6f978c93923e349f04126d8088f37021e684a2ef0e	source_unnamed	unique_full_body_sha256
LF9G003T	0x1989FC	LF9L000E	0x1A1B9C	FUN_001989fc	FUN_001a1b9c	FUN_001989fc	70	39564edb70db918b964b5adc3bd7bb2106f63c1593e2ba7d372d8b1dc6042013	source_unnamed	unique_full_body_sha256
LF9G003T	0x204BA4	LF9L000E	0x20DFE0	FUN_00204ba4	FUN_0020dfe0	FUN_00204ba4	10	395bb7cfd9de7d5c5e7718e452aa5fceca70f71c0285f2dc40b0aa3e12da0bf9	source_unnamed	unique_full_body_sha256
LF9G003T	0x92BE6	LF9L000E	0x92E6A	FUN_00092be6	FUN_00092e6a	FUN_00092be6	152	3966cc16be94c026bda6380c213e7da34565bd5ad49fa5e9c2209f3dc80769e3	source_unnamed	unique_full_body_sha256
LF9G003T	0x1D1CB8	LF9L000E	0x1DB060	FUN_001d1cb8	FUN_001db060	FUN_001d1cb8	60	396a434fa2929bfd5cae6c47d6ea950837f238252aec4730017ec7f3fb3327d7	source_unnamed	unique_full_body_sha256
LF9G003T	0x1EBDE8	LF9L000E	0x1F51B8	FUN_001ebde8	FUN_001f51b8	FUN_001ebde8	16	397c7163a97369e471b3a11e524e5c2f34febbd65da010e1745e63766c7669a7	source_unnamed	unique_full_body_sha256
LF9G003T	0x14AA00	LF9L000E	0x14B5B8	FUN_0014aa00	FUN_0014b5b8	FUN_0014aa00	68	39d4fde720ed7c8c39c445ffbcf637224e387521693e9c4d3433c824fafd9df6	source_unnamed	unique_full_body_sha256
LF9G003T	0x207996	LF9L000E	0x210DD2	FUN_00207996	FUN_00210dd2	FUN_00207996	10	3a1068aafb4a1385cdd940e293aa36a49e342b9f210ead29153408db53ddeb81	source_unnamed	unique_full_body_sha256
LF9G003T	0x1F780C	LF9L000E	0x200BDC	FUN_001f780c	FUN_00200bdc	FUN_001f780c	158	3a6e500472b6efb98a29401793c072c98aee5d7fd3b84c4622a99e0909413c0f	source_unnamed	unique_full_body_sha256
LF9G003T	0xC1FD6	LF9L000E	0xC23D2	FUN_000c1fd6	FUN_000c23d2	FUN_000c1fd6	34	3a7b668548107b901bd2a7a6a0a01d9aecdc6f01c3718327f1190d83241aa085	source_unnamed	unique_full_body_sha256
LF9G003T	0x27EF80	LF9L000E	0x27F114	FUN_0027ef80	FUN_0027f114	FUN_0027ef80	46	3a858dfe31426df8e206293493b179fc2250a8bb3af64a5f39c387fdce10bb2d	source_unnamed	unique_full_body_sha256
LF9G003T	0x1A36D0	LF9L000E	0x1AC86C	FUN_001a36d0	FUN_001ac86c	FUN_001a36d0	188	3a8fb32fca4484adf4ca15248fca4855da4411a64d92f07c479bce23d1a4dcae	source_unnamed	unique_full_body_sha256
LF9G003T	0xBD288	LF9L000E	0xBD674	FUN_000bd288	FUN_000bd674	FUN_000bd288	28	3a8fe891dde9a9f2363b9d67b9fff78c346a0b5734c4b79fd05872f4e350f5d0	source_unnamed	unique_full_body_sha256
LF9G003T	0x109538	LF9L000E	0x10A0A4	FUN_00109538	FUN_0010a0a4	FUN_00109538	50	3a92c282edb7e9399d04f4afbb0437517c7b10cbdd4c20757f9f1348fc9a4b2f	source_unnamed	unique_full_body_sha256
LF9G003T	0x1F0E12	LF9L000E	0x1FA1E2	FUN_001f0e12	FUN_001fa1e2	FUN_001f0e12	44	3a938cf3c6b4e085c20e0d01c3991ba3a72056825cd9ece1c17312e49c7b039c	source_unnamed	unique_full_body_sha256
LF9G003T	0x7F568	LF9L000E	0x7F6E0	FUN_0007f568	FUN_0007f6e0	FUN_0007f568	36	3a96405f23efbc92c867ca403ad4eb99969bb01c54e16b9b725614af1ded229c	source_unnamed	unique_full_body_sha256
LF9G003T	0x14801C	LF9L000E	0x148BD4	FUN_0014801c	FUN_00148bd4	FUN_0014801c	22	3abd7cb065c7f9eecb8c5ed7130dd742712f76fd99cc255035decbd36e61335d	source_unnamed	unique_full_body_sha256
LF9G003T	0x86858	LF9L000E	0x86ADC	FUN_00086858	FUN_00086adc	FUN_00086858	188	3ad70c484e87ad5887dab481f459250d19d401f09a77bfc9f32deb8fc4083a59	source_unnamed	unique_full_body_sha256
LF9G003T	0x1F219A	LF9L000E	0x1FB56A	FUN_001f219a	FUN_001fb56a	FUN_001f219a	10	3afff1c18deef5ff5ea2cc4a9382b831c867b5bc425d88c7ba6ca7cba3968d90	source_unnamed	unique_full_body_sha256
LF9G003T	0x95A60	LF9L000E	0x95CE4	FUN_00095a60	FUN_00095ce4	FUN_00095a60	98	3b05afcaa37da72b8b36f2b7253c1ccb1965b7eda914c899e2130f7be40498dd	source_unnamed	unique_full_body_sha256
LF9G003T	0xC759C	LF9L000E	0xC7998	FUN_000c759c	FUN_000c7998	FUN_000c759c	86	3b078a97851794edda0cf31e7ed2492e8754915678b1e42609b58e091ba71c35	source_unnamed	unique_full_body_sha256
LF9G003T	0x14ABAC	LF9L000E	0x14B764	FUN_0014abac	FUN_0014b764	FUN_0014abac	90	3b08608a60df0f9adcf614b6ab1aec186e050e6688c9a9c40ff27ade36d81f4e	source_unnamed	unique_full_body_sha256
LF9G003T	0xDC89C	LF9L000E	0xDD3D8	FUN_000dc89c	FUN_000dd3d8	FUN_000dc89c	22	3b3e8f6468b05df20c6f235ffc9c940d4d3e2c288b2fdb36a6de5d8322463d46	source_unnamed	unique_full_body_sha256
LF9G003T	0x1936A0	LF9L000E	0x19AEC0	FUN_001936a0	FUN_0019aec0	FUN_001936a0	44	3b49036a3961a628cecd9a4f5a11940e688dd056e8054a0784a304879d8472bd	source_unnamed	unique_full_body_sha256
LF9G003T	0x79EEA	LF9L000E	0x7A062	FUN_00079eea	FUN_0007a062	FUN_00079eea	58	3b4d411d9784779ec7814ecb4f8a288501447eb6464d681a281cc3ce0af44635	source_unnamed	unique_full_body_sha256
LF9G003T	0x1F0A50	LF9L000E	0x1F9E20	FUN_001f0a50	FUN_001f9e20	FUN_001f0a50	44	3b728f9850a0f9a4e049b0bb416cf9e2ecae73d64e9b0e02e8342a812153940c	source_unnamed	unique_full_body_sha256
LF9G003T	0x7F694	LF9L000E	0x7F80C	FUN_0007f694	FUN_0007f80c	FUN_0007f694	152	3b80e2d46b27410ed7277b520888d81ff14c49ea1aa6f736e95f13f8653af88e	source_unnamed	unique_full_body_sha256
LF9G003T	0x1C4140	LF9L000E	0x1CD4E8	FUN_001c4140	FUN_001cd4e8	FUN_001c4140	38	3b94504836ee9394af1cb96e4f905e57a8ad11635b69f23e065d3701d5afc19b	source_unnamed	unique_full_body_sha256
LF9G003T	0x1CB1C0	LF9L000E	0x1D4568	FUN_001cb1c0	FUN_001d4568	FUN_001cb1c0	346	3b9b92924ffa9fefa12889465680f8ced590fc1849520aec787ecb2bc5f929cb	source_unnamed	unique_full_body_sha256
LF9G003T	0x192E54	LF9L000E	0x19A674	FUN_00192e54	FUN_0019a674	FUN_00192e54	18	3ba2af2205a8373c3829874947c0fd7c4978887ced08e244b042838eed9537d7	source_unnamed	unique_full_body_sha256
LF9G003T	0x9762A	LF9L000E	0x978AE	FUN_0009762a	FUN_000978ae	FUN_0009762a	66	3bb17053b934acd8721a5ad422b2753ac6fceca902bbfe592ba5024b60113640	source_unnamed	unique_full_body_sha256
LF9G003T	0xE3868	LF9L000E	0xE43CC	FUN_000e3868	FUN_000e43cc	FUN_000e3868	86	3bbceb85ed62d0b4078531d35d1c11998a2a0112db727a506bbe5441027a5387	source_unnamed	unique_full_body_sha256
LF9G003T	0x197F58	LF9L000E	0x1A10F8	FUN_00197f58	FUN_001a10f8	FUN_00197f58	202	3bee97a6189b3b99f3da8c692f7f5776f82c03a10a8630f4a6e11aa4568c4047	source_unnamed	unique_full_body_sha256
LF9G003T	0x124660	LF9L000E	0x12520C	FUN_00124660	FUN_0012520c	FUN_00124660	34	3c0b00b001c87d65b58eb4d343a51e3977261e1d28582f3578d425e69813920e	source_unnamed	unique_full_body_sha256
LF9G003T	0x27F030	LF9L000E	0x27F1C4	FUN_0027f030	FUN_0027f1c4	FUN_0027f030	128	3c20bc3ac0739ef11af05f4ddd49b83d8562f647fa211f2e59fa3375b2958c78	source_unnamed	unique_full_body_sha256
LF9G003T	0x1644E4	LF9L000E	0x165E84	FUN_001644e4	FUN_00165e84	FUN_001644e4	120	3c23e99e7a14e4eb0c03d62504c0d9c2b0e3ace97cc1a60fd70e4d0d2ad8ea7b	source_unnamed	unique_full_body_sha256
LF9G003T	0x1E26D4	LF9L000E	0x1EBA9C	FUN_001e26d4	FUN_001eba9c	FUN_001e26d4	78	3c715fda0235ce011ab872a8f42670c78ba22bafba9028c8b359165846bd5c56	source_unnamed	unique_full_body_sha256
LF9G003T	0xAF988	LF9L000E	0xAFC0C	FUN_000af988	FUN_000afc0c	FUN_000af988	12	3c804a7598960fdb79ab7a88ea4e6104d57514fc816890d0a49d30839fcbd31c	source_unnamed	unique_full_body_sha256
LF9G003T	0x19D11C	LF9L000E	0x1A62BC	FUN_0019d11c	FUN_001a62bc	FUN_0019d11c	22	3c829d4948b7a9b9b00f91afe72a3e6236b41093466e495dbeff4e163b30d916	source_unnamed	unique_full_body_sha256
LF9G003T	0x139CD4	LF9L000E	0x13A890	FUN_00139cd4	FUN_0013a890	FUN_00139cd4	58	3c86dd88b4484c31bf8c10530d2066773ccd278f7d1a3f2bdc106e93d0cb08d3	source_unnamed	unique_full_body_sha256
LF9G003T	0x20AEF0	LF9L000E	0x21432C	call_cb_with_lockbit_20000	call_cb_with_lockbit_20000	call_cb_with_lockbit_20000	36	3c8ff59690c872c23e9523876570a49740dff88f0c95fa85da68f2798d53e696	already_named	unique_full_body_sha256
LF9G003T	0x95CC8	LF9L000E	0x95F4C	FUN_00095cc8	FUN_00095f4c	FUN_00095cc8	10	3ceb26bcf8df2073f4ffe7e2edb9e34e625381016782416033d91e0683d3cf82	source_unnamed	unique_full_body_sha256
LF9G003T	0xBC77E	LF9L000E	0xBCB6A	thunk_FUN_000bd288	thunk_FUN_000bd674	thunk_FUN_000bd288	4	3d373990a57b5dc935ee48e85735cd737f9730283de26237136df5728adb08c8	source_unnamed	unique_full_body_sha256
LF9G003T	0x10C2D0	LF9L000E	0x10CE3C	FUN_0010c2d0	FUN_0010ce3c	FUN_0010c2d0	164	3dbd0574a0ad788d74007fc9d316411c6741ad94a19ee03d6b9556f45e97eb6d	source_unnamed	unique_full_body_sha256
LF9G003T	0xB6AB8	LF9L000E	0xB6E24	FUN_000b6ab8	FUN_000b6e24	FUN_000b6ab8	8	3de1fd0f374c6dff88c30ef88687c6382ab4ab874289f70354f585fb84b0f33a	source_unnamed	unique_full_body_sha256
LF9G003T	0x1F4D98	LF9L000E	0x1FE168	clamp_sensor_or_default	clamp_sensor_or_default	clamp_sensor_or_default	74	3defea97d66d1960b7f71525808ef8882fde57afe66d1e11be090e8b9cd17709	already_named	unique_full_body_sha256
LF9G003T	0x13AC08	LF9L000E	0x13B7C4	FUN_0013ac08	FUN_0013b7c4	FUN_0013ac08	252	3e1e6a0cd80dd26c409f8c981b75f2161736b846d499fa4298654d0a9a0cbd4f	source_unnamed	unique_full_body_sha256
LF9G003T	0x154308	LF9L000E	0x154EC0	FUN_00154308	FUN_00154ec0	FUN_00154308	68	3e20ef0dd1300edba273cfa08e47ba1610a8ce682eafa6e953c23011b44a9c68	source_unnamed	unique_full_body_sha256
LF9G003T	0xF1D24	LF9L000E	0xF2890	FUN_000f1d24	FUN_000f2890	FUN_000f1d24	216	3e26867e70f59ebf82d688b3ccfbbeda61f3a3978713abff74806aa249d51c10	source_unnamed	unique_full_body_sha256
LF9G003T	0xA1598	LF9L000E	0xA181C	FUN_000a1598	FUN_000a181c	FUN_000a1598	8	3e36a6758d878639c8b8152779eeb316eff3b46b1d8aa1aadcee5f35f1cf1a87	source_unnamed	unique_full_body_sha256
LF9G003T	0x6D94	LF9L000E	0x6D94	FUN_00006d94	FUN_00006d94	FUN_00006d94	38	3e3d56cbf587507b5d4967e49a21ab595871142721bcf76ecd8590a870258691	source_unnamed	unique_full_body_sha256
LF9G003T	0x1ECC34	LF9L000E	0x1F6004	can_op_rc_translate	can_op_rc_translate	can_op_rc_translate	20	3e5679ea801c14ca2eb63ab5b8821a120ef103063942e2321411072b7be94181	already_named	unique_full_body_sha256
LF9G003T	0xC078A	LF9L000E	0xC0B76	FUN_000c078a	FUN_000c0b76	FUN_000c078a	194	3ed0ee43025e0e87b9227d583435a877ae8cc9e05051282997b7f7bad3ab6e6a	source_unnamed	unique_full_body_sha256
LF9G003T	0xB75B0	LF9L000E	0xB791C	FUN_000b75b0	FUN_000b791c	FUN_000b75b0	46	3eddd829f38ef9dce1d3c8428f8574cf8c176c7cf83b5b6c87eaf6ac52de3f6e	source_unnamed	unique_full_body_sha256
LF9G003T	0x1C0FFC	LF9L000E	0x1CA33C	FUN_001c0ffc	FUN_001ca33c	FUN_001c0ffc	106	3efa8598a19b0379740c3b32bb53077b179e0efc010ba7d6650d113b467da190	source_unnamed	unique_full_body_sha256
LF9G003T	0x27E9A4	LF9L000E	0x27EB38	FUN_0027e9a4	FUN_0027eb38	FUN_0027e9a4	162	3f4c39a8e291088cf5d861b7a74aed234c8bd41e8605f1fa0b5687dfad2ad588	source_unnamed	unique_full_body_sha256
LF9G003T	0x1F1E3E	LF9L000E	0x1FB20E	can_bus_wake_status_read	can_bus_wake_status_read	can_bus_wake_status_read	6	3f6d66ca10d7a1b020bef118e4f092f36945145f6eff883b0941e37f59683629	already_named	unique_full_body_sha256
LF9G003T	0xE3718	LF9L000E	0xE427C	FUN_000e3718	FUN_000e427c	FUN_000e3718	126	3f94f17d3d429902ba65c1661e04fb5b949190bdd82e12d9ae99a8097be46717	source_unnamed	unique_full_body_sha256
LF9G003T	0x969D2	LF9L000E	0x96C56	FUN_000969d2	FUN_00096c56	FUN_000969d2	40	3fae2661573286772acf64fd24c1f7893e40351bf391a0945338011a866a2f73	source_unnamed	unique_full_body_sha256
LF9G003T	0xEC950	LF9L000E	0xED4B4	FUN_000ec950	FUN_000ed4b4	FUN_000ec950	562	3faf57f3a06214a25212a006a514436b4edc15945abae9e59904fb250543d38c	source_unnamed	unique_full_body_sha256
LF9G003T	0x27F0B4	LF9L000E	0x27F248	pwm_disable_channel_b	pwm_disable_channel_b	pwm_disable_channel_b	56	3fd6ba4f23dae36c8c8349a50a5de95189062f0e73a330d28c36f4978760525e	already_named	unique_full_body_sha256
LF9G003T	0x1564C4	LF9L000E	0x15707C	FUN_001564c4	FUN_0015707c	FUN_001564c4	156	3fdb85a71f8114b3359021a3bf7c684ae9d5cfbcaa234031f0ca92558831b8a2	source_unnamed	unique_full_body_sha256
LF9G003T	0x6E04	LF9L000E	0x6E04	FUN_00006e04	FUN_00006e04	FUN_00006e04	34	3fec450553a65c81e86b2b7ea028ab3be47d1a5df8036190840465dfa1e82a73	source_unnamed	unique_full_body_sha256
LF9G003T	0x1E22CC	LF9L000E	0x1EB694	FUN_001e22cc	FUN_001eb694	FUN_001e22cc	10	4009423836995f5d4effbe869320696bf4482b6384e1dd596c9e30acf05e6cfc	source_unnamed	unique_full_body_sha256
LF9G003T	0x79DEA	LF9L000E	0x79F62	FUN_00079dea	FUN_00079f62	FUN_00079dea	56	400ceeb224e39cfd59002a476195798e6026ff3c05ee6482cb2b35558493cf75	source_unnamed	unique_full_body_sha256
LF9G003T	0x12CA64	LF9L000E	0x12D610	FUN_0012ca64	FUN_0012d610	FUN_0012ca64	58	404aca28bdc08a9e6c0b90d7a0b848fe1e73759a59e5684dfd09d648a52c343c	source_unnamed	unique_full_body_sha256
LF9G003T	0x1A00B4	LF9L000E	0x1A9250	FUN_001a00b4	FUN_001a9250	FUN_001a00b4	60	405d0242b99064fc2cac428c3005e5d7a9a53392e1c86ae7cbbb2686ada3c35d	source_unnamed	unique_full_body_sha256
LF9G003T	0xA295A	LF9L000E	0xA2BDE	FUN_000a295a	FUN_000a2bde	FUN_000a295a	284	40652112cfdad26f6df45db7b69b0d9b5659b1746ff67133da3483ced556c227	source_unnamed	unique_full_body_sha256
LF9G003T	0xE9760	LF9L000E	0xEA2C4	FUN_000e9760	FUN_000ea2c4	FUN_000e9760	22	4072d88510bcbf71e6f69f1fe20d3257436cda631da620ba433662783b40d0e0	source_unnamed	unique_full_body_sha256
LF9G003T	0x1F474E	LF9L000E	0x1FDB1E	FUN_001f474e	FUN_001fdb1e	FUN_001f474e	6	408cfb862862d55c8358f8a0de3e1f22636c3a4c7e3f0c67039d242e7d53434d	source_unnamed	unique_full_body_sha256
LF9G003T	0x7B2EC	LF9L000E	0x7B464	FUN_0007b2ec	FUN_0007b464	FUN_0007b2ec	40	409ed87c4cf2336cf21b874b2de7b08e4d944383366c0241e81964def975c749	source_unnamed	unique_full_body_sha256
LF9G003T	0xC0C92	LF9L000E	0xC107E	FUN_000c0c92	FUN_000c107e	FUN_000c0c92	168	40b621929bfe66a57b17dccf480588d896be509ea3f7f92a9711865c77ef5585	source_unnamed	unique_full_body_sha256
LF9G003T	0x1CBF38	LF9L000E	0x1D52E0	interp_2d_ax_u8_u8_data_u_v2	interp_2d_ax_u8_u8_data_u_v2	interp_2d_ax_u8_u8_data_u_v2	280	40c0f798e1a504bb5d0adb0dc817fed26041e51c7dfc37d1866a4cff2cfeaf46	already_named	unique_full_body_sha256
LF9G003T	0x126ED0	LF9L000E	0x127A7C	FUN_00126ed0	FUN_00127a7c	FUN_00126ed0	1892	40c179e5169eb4c21391d6b1a1912388465c09ca207274eb38a5f87fa5c0d9b8	source_unnamed	unique_full_body_sha256
LF9G003T	0x7B33C	LF9L000E	0x7B4B4	FUN_0007b33c	FUN_0007b4b4	FUN_0007b33c	40	40fda888aebd1d93b75f9fdf76d499bc5fcb265560a5ad8952a1c54057aa6774	source_unnamed	unique_full_body_sha256
LF9G003T	0x1F34BE	LF9L000E	0x1FC88E	build_frame_7bit_fields	build_frame_7bit_fields	build_frame_7bit_fields	86	41201db9099b56371ad04a3d0f48449c6269082f866c4802a5e338d15788d730	already_named	unique_full_body_sha256
LF9G003T	0x13F9B8	LF9L000E	0x140570	FUN_0013f9b8	FUN_00140570	FUN_0013f9b8	42	4122e0ced5fdd32a918387dd8dbc9ab1791c9922f5c4f52f71f854ae34b7060a	source_unnamed	unique_full_body_sha256
LF9G003T	0x1E1254	LF9L000E	0x1EA61C	FUN_001e1254	FUN_001ea61c	FUN_001e1254	90	4125aff1ed34c28a4ec867fec995141423912eca6c9921e7205f70888dd0388b	source_unnamed	unique_full_body_sha256
LF9G003T	0x15B2B8	LF9L000E	0x15BE70	FUN_0015b2b8	FUN_0015be70	FUN_0015b2b8	78	413cef56c9757083787e13ee1b9c03ac44a439b1edc58fcd6a0d4efbc4cec0ac	source_unnamed	unique_full_body_sha256
LF9G003T	0x1DE850	LF9L000E	0x1E7C08	FUN_001de850	FUN_001e7c08	FUN_001de850	54	4140a5a0bb775e8b65e24c48dbba01cc41f81fc2f3a806e706c264bac9fc27c9	source_unnamed	unique_full_body_sha256
LF9G003T	0xC5032	LF9L000E	0xC542E	FUN_000c5032	FUN_000c542e	FUN_000c5032	70	4156039f8ddf02badf5ad0047857427568c8f1dd294db4711c927ae0cf3feee2	source_unnamed	unique_full_body_sha256
LF9G003T	0x1176E8	LF9L000E	0x118254	scale_offset_binary_4ch	scale_offset_binary_4ch	scale_offset_binary_4ch	776	4170eed3047eb5c15d14b584a2e645699e3e3c72c7796d81652ea73eaed8a082	already_named	unique_full_body_sha256
LF9G003T	0x1EE160	LF9L000E	0x1F7530	thunk_FUN_001f94fe	thunk_FUN_002028ce	thunk_FUN_001f94fe	6	41aeca4baa7c4a981977854781580b4013ff6817c888f6462b4a932644f67610	source_unnamed	unique_full_body_sha256
LF9G003T	0x165C98	LF9L000E	0x1675E8	FUN_00165c98	FUN_001675e8	FUN_00165c98	80	41cc615d280458565bb589d9c6a052780360ac690522894050e6ab7e0af31d32	source_unnamed	unique_full_body_sha256
LF9G003T	0x1DF54C	LF9L000E	0x1E8914	FUN_001df54c	FUN_001e8914	FUN_001df54c	78	41cf0608c30b3fe227ac5e635819d72a82104e57bdf840e0b0fe8f065e60e308	source_unnamed	unique_full_body_sha256
LF9G003T	0x1E8B7C	LF9L000E	0x1F1F4C	FUN_001e8b7c	FUN_001f1f4c	FUN_001e8b7c	12	41db5943c873ecd170aefd67555ebf6829146483dab6d43ae66d0f37cbb1a757	source_unnamed	unique_full_body_sha256
LF9G003T	0xC0586	LF9L000E	0xC0972	FUN_000c0586	FUN_000c0972	FUN_000c0586	194	41ecaf5f4439ea8db8a1ab99946b1dcb8013fe8d53df9d8ef380224ad2ab6c93	source_unnamed	unique_full_body_sha256
LF9G003T	0x206C20	LF9L000E	0x21005C	FUN_00206c20	FUN_0021005c	FUN_00206c20	48	41f8685c73801d8f792a24f0f121f63efb098947e46bd7023eaf4f0ff5c70bdf	source_unnamed	unique_full_body_sha256
LF9G003T	0x1EDC8C	LF9L000E	0x1F705C	FUN_001edc8c	FUN_001f705c	FUN_001edc8c	10	421b67bcb00acf3e81e58c16f7cb644303d9e14d3381f95fa7131d9d1e902a1d	source_unnamed	unique_full_body_sha256
LF9G003T	0x162B48	LF9L000E	0x164528	FUN_00162b48	FUN_00164528	FUN_00162b48	28	42303385c0cd9ddfb53537d186cd0155de084dab511d3628e70d08d4ab0e9b52	source_unnamed	unique_full_body_sha256
LF9G003T	0x14DA7C	LF9L000E	0x14E634	FUN_0014da7c	FUN_0014e634	FUN_0014da7c	68	4231e8858f3783f32a6e387858389638fd59663a58058134dcf3c1115f2272d3	source_unnamed	unique_full_body_sha256
LF9G003T	0x197184	LF9L000E	0x1A0324	FUN_00197184	FUN_001a0324	FUN_00197184	62	4239a2db7208860faa4cf8e8647250b6e8a719780ee3ebdcd68e725d6b3ebe52	source_unnamed	unique_full_body_sha256
LF9G003T	0x9731A	LF9L000E	0x9759E	FUN_0009731a	FUN_0009759e	FUN_0009731a	106	42621c6e29deded9bf0360d47465ee32aeb5eb3a4cb21ff9b5dfb72e9725fc76	source_unnamed	unique_full_body_sha256
LF9G003T	0x1FADDE	LF9L000E	0x2041AE	FUN_001fadde	FUN_002041ae	FUN_001fadde	96	42ae70da2c002a110ade3a2dac14602d7d38779197d27b7d03e45e1e53d1614c	source_unnamed	unique_full_body_sha256
LF9G003T	0x2079C4	LF9L000E	0x210E00	FUN_002079c4	FUN_00210e00	FUN_002079c4	6	42d437d4d3bb8807b6d8790f1fa380958a9b550583070add1bdd56aab9670f8e	source_unnamed	unique_full_body_sha256
LF9G003T	0x1F8152	LF9L000E	0x201522	FUN_001f8152	FUN_00201522	FUN_001f8152	218	43042f2b5fec39d5c37ecf8ea5196d4b747625fea43ebb19ea3c3f3502705a6a	source_unnamed	unique_full_body_sha256
LF9G003T	0x972FE	LF9L000E	0x97582	FUN_000972fe	FUN_00097582	FUN_000972fe	14	43051396e563f3cba525044abdb58ea5096efa1cbd3c85848dfc75eebed8ba2c	source_unnamed	unique_full_body_sha256
LF9G003T	0xAFCB8	LF9L000E	0xAFF3C	FUN_000afcb8	FUN_000aff3c	FUN_000afcb8	106	4309aae7d77d6377551d8f188114ef9d13601795751ff21e70189d924e0f6b0a	source_unnamed	unique_full_body_sha256
LF9G003T	0x1F7C1E	LF9L000E	0x200FEE	FUN_001f7c1e	FUN_00200fee	FUN_001f7c1e	8	430b5683a3304dc502009e9fd0cb0e8804b6fd5e4e3b7f77c9eef6e0d55833db	source_unnamed	unique_full_body_sha256
LF9G003T	0x7D144	LF9L000E	0x7D2BC	FUN_0007d144	FUN_0007d2bc	FUN_0007d144	96	43165c6cae049a4cb5f96a4a02264304822c17b188dc3fbead31d27f9cd58145	source_unnamed	unique_full_body_sha256
LF9G003T	0x1A23A8	LF9L000E	0x1AB544	FUN_001a23a8	FUN_001ab544	FUN_001a23a8	26	432c1c2ab3e35b2869c3d61d3938b67d91af0613817c83897d9942b723ab1721	source_unnamed	unique_full_body_sha256
LF9G003T	0x141DB0	LF9L000E	0x142968	FUN_00141db0	FUN_00142968	FUN_00141db0	48	433348623c3803d00e5172b0bf8fb516d1111a0d7216ca9e4e9c8709c9f83f7b	source_unnamed	unique_full_body_sha256
LF9G003T	0xF3BA8	LF9L000E	0xF4714	FUN_000f3ba8	FUN_000f4714	FUN_000f3ba8	450	4335c378869acc6dc8c07abc49ddc9acb05c9380e251e2032021149ae277271f	source_unnamed	unique_full_body_sha256
LF9G003T	0x139C64	LF9L000E	0x13A820	FUN_00139c64	FUN_0013a820	FUN_00139c64	24	4344cb2e8d24cc64733d7dd452d377d5d691d10e7f3e79a66383d13e834c2037	source_unnamed	unique_full_body_sha256
LF9G003T	0x208290	LF9L000E	0x2116CC	FUN_00208290	FUN_002116cc	FUN_00208290	82	43749d2619794567b61c56fc1137d74be521655bcc50a9a20ab56c8da78e65c9	source_unnamed	unique_full_body_sha256
LF9G003T	0x1650CC	LF9L000E	0x166A1C	FUN_001650cc	FUN_00166a1c	FUN_001650cc	44	4382b216ff6e702f74aad357078b66b4fc0c9293eb9a3d3757caf72a57401bc8	source_unnamed	unique_full_body_sha256
LF9G003T	0x7EB82	LF9L000E	0x7ECFA	FUN_0007eb82	FUN_0007ecfa	FUN_0007eb82	14	438ce4d7c90e2b4cce61d44fff84756d315357e478280a50a140f98409435ca9	source_unnamed	unique_full_body_sha256
LF9G003T	0x1C4460	LF9L000E	0x1CD808	FUN_001c4460	FUN_001cd808	FUN_001c4460	46	4392c45e9d68c3bcb9287f7ee1e593f2dcfbaa136d9dc1e970920cb5f910f32a	source_unnamed	unique_full_body_sha256
LF9G003T	0xBE83A	LF9L000E	0xBEC26	FUN_000be83a	FUN_000bec26	FUN_000be83a	48	439aead454a234a14de76f538dde8620d6fc35a644f046e3514f0f148accefef	source_unnamed	unique_full_body_sha256
LF9G003T	0x11AE48	LF9L000E	0x11B9B4	FUN_0011ae48	FUN_0011b9b4	FUN_0011ae48	106	43a584ab644e9388e196254f2872662ee09afd8d7af928ad403570fbd81cff6e	source_unnamed	unique_full_body_sha256
LF9G003T	0xDF5D4	LF9L000E	0xE0110	FUN_000df5d4	FUN_000e0110	FUN_000df5d4	78	43b57359ae969862fc6aed3928f2f73f712d09157002b7134dbd4253cdbc1636	source_unnamed	unique_full_body_sha256
LF9G003T	0x13C954	LF9L000E	0x13D510	FUN_0013c954	FUN_0013d510	FUN_0013c954	70	43c4312ee46dd431b7623d469bc88f8a4fa68403178dad72926a82cc0ef33589	source_unnamed	unique_full_body_sha256
LF9G003T	0x10C37C	LF9L000E	0x10CEE8	FUN_0010c37c	FUN_0010cee8	FUN_0010c37c	124	43c858ed96e82e14ae1b76569d4c60c83e07a69a94f3546c9240baf042c6c838	source_unnamed	unique_full_body_sha256
LF9G003T	0x1F1F0A	LF9L000E	0x1FB2DA	FUN_001f1f0a	FUN_001fb2da	FUN_001f1f0a	44	44243f986238fd6f4ced419c90a7d6db564d770d5130bd86df7b8a3b2dd91d8c	source_unnamed	unique_full_body_sha256
LF9G003T	0x199F20	LF9L000E	0x1A30C0	FUN_00199f20	FUN_001a30c0	FUN_00199f20	34	442c138875efad235ff215dabdeaf226599824eb1f4a4234ffb7f9b106810395	source_unnamed	unique_full_body_sha256
LF9G003T	0xAFB6A	LF9L000E	0xAFDEE	FUN_000afb6a	FUN_000afdee	FUN_000afb6a	82	443717f2a7204a2c426d20bc1bdd86c6bccc47dde6ebaf58dc3a9a5798222a90	source_unnamed	unique_full_body_sha256
LF9G003T	0x1E2208	LF9L000E	0x1EB5D0	FUN_001e2208	FUN_001eb5d0	FUN_001e2208	10	443ae41d18c57e577b932a1e8b8efbc1b583bdd7a928c5444261e932ddff01d3	source_unnamed	unique_full_body_sha256
LF9G003T	0x1E22C0	LF9L000E	0x1EB688	FUN_001e22c0	FUN_001eb688	FUN_001e22c0	10	4450d9306ffc55f830232521964f65fa356a657847dbe6a72f780cf957c3fe3a	source_unnamed	unique_full_body_sha256
LF9G003T	0x979F6	LF9L000E	0x97C7A	FUN_000979f6	FUN_00097c7a	FUN_000979f6	16	4464891a90bbd7fd0916b32aca3fd414a6bec9088cea293785d6bfe3d10ac085	source_unnamed	unique_full_body_sha256
LF9G003T	0x79C94	LF9L000E	0x79E0C	FUN_00079c94	FUN_00079e0c	FUN_00079c94	48	44908496c7452c938d2a02ee7752558764fc199479b82cac38eadbb004070918	source_unnamed	unique_full_body_sha256
LF9G003T	0x1F46F6	LF9L000E	0x1FDAC6	FUN_001f46f6	FUN_001fdac6	FUN_001f46f6	10	44974b4654b960d91cc40dd4cf586545451424d6601568ba201795caf36e2a14	source_unnamed	unique_full_body_sha256
LF9G003T	0x19ED50	LF9L000E	0x1A7EF0	FUN_0019ed50	FUN_001a7ef0	FUN_0019ed50	74	44b6e92af88b406f1d6f99624f76371565100ce107dce3aa6c1cb04df4e9a44b	source_unnamed	unique_full_body_sha256
LF9G003T	0x1F49FE	LF9L000E	0x1FDDCE	FUN_001f49fe	FUN_001fddce	FUN_001f49fe	6	4503d111f5e96684e3f0aa7d39c3d77aecbfd579a96fffbb1fcb3919ae01312a	source_unnamed	unique_full_body_sha256
LF9G003T	0x15A1B4	LF9L000E	0x15AD6C	FUN_0015a1b4	FUN_0015ad6c	FUN_0015a1b4	28	45077d1ea4311359e861bd8cf34611e401bbb23d2ee165607aa154701f51637f	source_unnamed	unique_full_body_sha256
LF9G003T	0x165BA4	LF9L000E	0x1674F4	FUN_00165ba4	FUN_001674f4	FUN_00165ba4	150	456e0cdb2361b442e2c14736ae96fe29f30aa8c6e4f5751e4eccd568b3f9e232	source_unnamed	unique_full_body_sha256
LF9G003T	0xD4A1C	LF9L000E	0xD5170	buffer_compare_mismatch	buffer_compare_mismatch	buffer_compare_mismatch	36	458604f0f2e40eebf0a1efb57d68d69bdc0955e2d4b4d098311a75337ab82b5d	already_named	unique_full_body_sha256
LF9G003T	0x12BE40	LF9L000E	0x12C9EC	FUN_0012be40	FUN_0012c9ec	FUN_0012be40	1588	4596df680f6561cce42562a858191439ba426cc7e70a77b4926449ffb30511bc	source_unnamed	unique_full_body_sha256
LF9G003T	0x131100	LF9L000E	0x131CAC	FUN_00131100	FUN_00131cac	FUN_00131100	8	45a8045e12010d9b4df6ce4e89775f1eaf7f9270a5eb44459f471899e9453742	source_unnamed	unique_full_body_sha256
LF9G003T	0x7A07A	LF9L000E	0x7A1F2	FUN_0007a07a	FUN_0007a1f2	FUN_0007a07a	58	45acb7a05465fe50062e26aa365eda7c7bbbf510d187ff9eefb2ec0ee84e719b	source_unnamed	unique_full_body_sha256
LF9G003T	0xD4A7C	LF9L000E	0xD51D0	FUN_000d4a7c	FUN_000d51d0	FUN_000d4a7c	28	45cbca7e3483a7b7d47aa4d2fd8160ca06f6118f9aedc0e09fb557e03ad9b64f	source_unnamed	unique_full_body_sha256
LF9G003T	0xC3490	LF9L000E	0xC388C	FUN_000c3490	FUN_000c388c	FUN_000c3490	212	45dbb66c868adf5ec21ad80b4592d60aba724aec48ad89ed4ccbb81e0eebc76f	source_unnamed	unique_full_body_sha256
LF9G003T	0x950D6	LF9L000E	0x9535A	FUN_000950d6	FUN_0009535a	FUN_000950d6	38	46076be1db79448889dce673a451174e1c6270c2b0bd5dbeba23253d14988aa0	source_unnamed	unique_full_body_sha256
LF9G003T	0x207088	LF9L000E	0x2104C4	FUN_00207088	FUN_002104c4	FUN_00207088	40	460c656316cc2bc1de35d72ce1184ea3a9934c919e5f9dd05d2a0090a04e7d0c	source_unnamed	unique_full_body_sha256
LF9G003T	0x20B12C	LF9L000E	0x214568	FUN_0020b12c	FUN_00214568	FUN_0020b12c	38	460eafb8579aa753b5eb0dc31cf53184f5c01e8ea7bc0fde0833631a72c538ee	source_unnamed	unique_full_body_sha256
LF9G003T	0x7B852	LF9L000E	0x7B9CA	FUN_0007b852	FUN_0007b9ca	FUN_0007b852	22	461ab1165b3dc55d48bb91c9991b179c7a710e7abfe9091988f6d512feb6225c	source_unnamed	unique_full_body_sha256
LF9G003T	0xDF1C8	LF9L000E	0xDFD04	FUN_000df1c8	FUN_000dfd04	FUN_000df1c8	988	4620fb9d74d61406918783e514119fd972b4c69fddd838fbb81a81d7bb7103e4	source_unnamed	unique_full_body_sha256
LF9G003T	0x12AF30	LF9L000E	0x12BADC	FUN_0012af30	FUN_0012badc	FUN_0012af30	42	464634d3d2870fab84c33686b26a5f57337d2906b8aa524e8c9cfc0aab573a44	source_unnamed	unique_full_body_sha256
LF9G003T	0x6FCC	LF9L000E	0x6FCC	FUN_00006fcc	FUN_00006fcc	FUN_00006fcc	12	464b0db81c1046fa658ac76761016362f9e17693c6b0eb2c0c3a8efac03645c8	source_unnamed	unique_full_body_sha256
LF9G003T	0x1B30E4	LF9L000E	0x1BC360	FUN_001b30e4	FUN_001bc360	FUN_001b30e4	94	464fdba67bd39e1ee4141b1d872d15e2de55207705942e6d249bef93fff5ffb5	source_unnamed	unique_full_body_sha256
LF9G003T	0x1F47BA	LF9L000E	0x1FDB8A	FUN_001f47ba	FUN_001fdb8a	FUN_001f47ba	6	465849ed2ef71ba7ed06e94f3172f0d9d87390b52495632c54db4c189a15dd79	source_unnamed	unique_full_body_sha256
LF9G003T	0x1C22DC	LF9L000E	0x1CB61C	FUN_001c22dc	FUN_001cb61c	FUN_001c22dc	44	468412e0eca75d38476df6c6d280d2c0e28662956d7f8d41083f480d0f57bac5	source_unnamed	unique_full_body_sha256
LF9G003T	0x1ED7BC	LF9L000E	0x1F6B8C	FUN_001ed7bc	FUN_001f6b8c	FUN_001ed7bc	120	46cf080dfe0f39b8f5f5f02db450e121d57b7343e17a0ffe81470763da45fdb8	source_unnamed	unique_full_body_sha256
LF9G003T	0x1C2504	LF9L000E	0x1CB844	FUN_001c2504	FUN_001cb844	FUN_001c2504	46	46d42f28265983a710a6f3e07f3d64a7e681c5a1986119f66fc845305c9e8f81	source_unnamed	unique_full_body_sha256
LF9G003T	0x161D28	LF9L000E	0x1634CC	FUN_00161d28	FUN_001634cc	FUN_00161d28	42	46f08494fa4af938fd63b83050a69582e2974aa2990676c1a1172d434ab879f5	source_unnamed	unique_full_body_sha256
LF9G003T	0x1ED06C	LF9L000E	0x1F643C	FUN_001ed06c	FUN_001f643c	FUN_001ed06c	14	4701354b3b9996c575be2cc811ce1fb3d79a4ade03a9dd96a3af73fcdd2a22ce	source_unnamed	unique_full_body_sha256
LF9G003T	0x1EB01A	LF9L000E	0x1F43EA	FUN_001eb01a	FUN_001f43ea	FUN_001eb01a	114	47360656918726c0cc872d69f9c0fad9cdd06cffb7bf24527fdefd98b257a873	source_unnamed	unique_full_body_sha256
LF9G003T	0x1F0C70	LF9L000E	0x1FA040	FUN_001f0c70	FUN_001fa040	FUN_001f0c70	10	4743a4cdc854bdae8882a3350d1fe386a46782ff75a1d2615e4fc435c839c2b1	source_unnamed	unique_full_body_sha256
LF9G003T	0x1152A4	LF9L000E	0x115E10	FUN_001152a4	FUN_00115e10	FUN_001152a4	92	47729743ed5e2595f881864a439753b3bc6626249242a1bfc9973eff56c96885	source_unnamed	unique_full_body_sha256
LF9G003T	0x1F2086	LF9L000E	0x1FB456	FUN_001f2086	FUN_001fb456	FUN_001f2086	44	47769a61be4a054e307ccf72d9e1e1e50697dce618cbb994f76ca026864e92f6	source_unnamed	unique_full_body_sha256
LF9G003T	0x13F404	LF9L000E	0x13FFBC	FUN_0013f404	FUN_0013ffbc	FUN_0013f404	16	477f9e83c4e74beaafd470e35b8a08a39bf4223730048175b6efa9956efc50a6	source_unnamed	unique_full_body_sha256
LF9G003T	0x206650	LF9L000E	0x20FA8C	FUN_00206650	FUN_0020fa8c	FUN_00206650	6	47d35af49c5cd14a97b2a69f946fe60171c747c98ea3c8b3ed5753f27883f8a8	source_unnamed	unique_full_body_sha256
LF9G003T	0x19DA94	LF9L000E	0x1A6C34	FUN_0019da94	FUN_001a6c34	FUN_0019da94	100	47eaac60a2dc8d774feb3a02ed8a292a393cf784bd8110edc32a449d253bd5c4	source_unnamed	unique_full_body_sha256
LF9G003T	0x20B40A	LF9L000E	0x214846	FUN_0020b40a	FUN_00214846	FUN_0020b40a	128	47fd21a8778f910e4c0d01c9e08a338c328f35f26579de9298c77f8d1713484e	source_unnamed	unique_full_body_sha256
LF9G003T	0x1CD74C	LF9L000E	0x1D6AF4	FUN_001cd74c	FUN_001d6af4	FUN_001cd74c	346	47fea5a8d8a509d87e57581045b0975ee2e9813454d352350a5c532871a1d519	source_unnamed	unique_full_body_sha256
LF9G003T	0x976E0	LF9L000E	0x97964	FUN_000976e0	FUN_00097964	FUN_000976e0	98	480cb361d006a43ac346bfe3fbcb67ac0657077f133b425f9f697a84f2b3f4a3	source_unnamed	unique_full_body_sha256
LF9G003T	0x1EEB22	LF9L000E	0x1F7EF2	FUN_001eeb22	FUN_001f7ef2	FUN_001eeb22	42	4832afbf460cfcbca3f47b8c6ad6b021da0b8ef57cee2ba9e2401221f09ac929	source_unnamed	unique_full_body_sha256
LF9G003T	0xDFBF0	LF9L000E	0xE072C	FUN_000dfbf0	FUN_000e072c	FUN_000dfbf0	192	48394cafc324874d7cf45f63ef614a60e0c23b51b62bb0c4825d13876150a1ee	source_unnamed	unique_full_body_sha256
LF9G003T	0x1C24D8	LF9L000E	0x1CB818	FUN_001c24d8	FUN_001cb818	FUN_001c24d8	38	48762ea87b8e2aac5b45fa7c90b5e174c86aa087c5340ff3b0b74188a0271abd	source_unnamed	unique_full_body_sha256
LF9G003T	0x198024	LF9L000E	0x1A11C4	FUN_00198024	FUN_001a11c4	FUN_00198024	270	48801b4a07616f7ae058767bb8970c01a8144a64f2118841521e5292ca11852b	source_unnamed	unique_full_body_sha256
LF9G003T	0x1C60B8	LF9L000E	0x1CF460	FUN_001c60b8	FUN_001cf460	FUN_001c60b8	44	48a87acbfae0b03f812411d2d84a3b16c8cd2f0a89821b6151d51f3802e2c2a3	source_unnamed	unique_full_body_sha256
LF9G003T	0x206972	LF9L000E	0x20FDAE	FUN_00206972	FUN_0020fdae	FUN_00206972	70	48b00a85a8e24e6c6f1a670debffca950c473cfe5a22c5c858aa62e3a3ca2b6a	source_unnamed	unique_full_body_sha256
LF9G003T	0x2074A0	LF9L000E	0x2108DC	FUN_002074a0	FUN_002108dc	FUN_002074a0	344	48b29e083408b6a2573041f4cf930bd8b5f9f65c39c71aca14a63913329cacdd	source_unnamed	unique_full_body_sha256
LF9G003T	0x9345E	LF9L000E	0x936E2	FUN_0009345e	FUN_000936e2	FUN_0009345e	58	48c0ed7513c2ee02cfc8abb7705ec867ab1d63da4b144ecef0e5431e03b0c796	source_unnamed	unique_full_body_sha256
LF9G003T	0x27ED98	LF9L000E	0x27EF2C	FUN_0027ed98	FUN_0027ef2c	FUN_0027ed98	36	48ce3ab5f079beb74bd90c5bd74fbb138da117679bcb78535923b37da3ab2456	source_unnamed	unique_full_body_sha256
LF9G003T	0x18AA7C	LF9L000E	0x191FA4	FUN_0018aa7c	FUN_00191fa4	FUN_0018aa7c	50	48ef06bfe33b3454e1bc195339ac9c3a9db43c9a5ea24dba427fb0b1bd5b2001	source_unnamed	unique_full_body_sha256
LF9G003T	0xB889C	LF9L000E	0xB8C88	FUN_000b889c	FUN_000b8c88	FUN_000b889c	62	491f4d8703d00756d0c77c1e332df4510832bdf05df365f57c7ae5279fe7d13e	source_unnamed	unique_full_body_sha256
LF9G003T	0x1FAC7C	LF9L000E	0x20404C	FUN_001fac7c	FUN_0020404c	FUN_001fac7c	26	4944d17b8cdd7c8d3b861b3de1cf58a3e68c23c82c47d2ae8e530fa7f5e19414	source_unnamed	unique_full_body_sha256
LF9G003T	0x6AEC	LF9L000E	0x6AEC	FUN_00006aec	FUN_00006aec	FUN_00006aec	80	495c808fdb6a9db2752ab9160618b29178aced1f8202795ce473935669ad62f6	source_unnamed	unique_full_body_sha256
LF9G003T	0xAB638	LF9L000E	0xAB8BC	FUN_000ab638	FUN_000ab8bc	FUN_000ab638	80	49631267412f464a519f64fc0c415e0d0d0147314c58f7258e9494ddc771cc36	source_unnamed	unique_full_body_sha256
LF9G003T	0x1EE9D6	LF9L000E	0x1F7DA6	FUN_001ee9d6	FUN_001f7da6	FUN_001ee9d6	28	4968fdfa76843a58e5d85f82d94433ab92d5aa4cd1a01cdc3d6e7256f54db45f	source_unnamed	unique_full_body_sha256
LF9G003T	0xC0DE8	LF9L000E	0xC11D4	FUN_000c0de8	FUN_000c11d4	FUN_000c0de8	350	496b94d74bdc933e9705768d0aa88fa49112e902bac7b8409e5c3fcc29992a6e	source_unnamed	unique_full_body_sha256
LF9G003T	0x79BA6	LF9L000E	0x79D1E	FUN_00079ba6	FUN_00079d1e	FUN_00079ba6	46	497b73b2fb6273c02c8dd1b82fed53f0bff53f6079f141942f40901655de0590	source_unnamed	unique_full_body_sha256
LF9G003T	0x13A944	LF9L000E	0x13B500	FUN_0013a944	FUN_0013b500	FUN_0013a944	134	499816739913164541e43ecfef14a3bd497e526ad592b0017695fd85c640f96d	source_unnamed	unique_full_body_sha256
LF9G003T	0x127804	LF9L000E	0x1283B0	FUN_00127804	FUN_001283b0	FUN_00127804	384	499bf4c55820200effe5129302a8a7ce3c1c41f3e6d47ad1c65a4902a8f23d94	source_unnamed	unique_full_body_sha256
LF9G003T	0x1F09A4	LF9L000E	0x1F9D74	FUN_001f09a4	FUN_001f9d74	FUN_001f09a4	6	49a62d24a01a075c0a074041c44d593a35b859839a47639a292d29ecaef24f1f	source_unnamed	unique_full_body_sha256
LF9G003T	0x9502E	LF9L000E	0x952B2	FUN_0009502e	FUN_000952b2	FUN_0009502e	168	49b16814a29aee92253315a7d33e4b9659b007d512a257bf77553b6398f614c2	source_unnamed	unique_full_body_sha256
LF9G003T	0xC3564	LF9L000E	0xC3960	FUN_000c3564	FUN_000c3960	FUN_000c3564	92	49c0e96001cce8012bf3b37d756700eaa55914191be6551796b2c81731f46f76	source_unnamed	unique_full_body_sha256
LF9G003T	0xEA0BC	LF9L000E	0xEAC20	FUN_000ea0bc	FUN_000eac20	FUN_000ea0bc	114	49e374e8e9855920c1e64cc4065a8ce0c1209617e6cc8d1e4d84fd213bf860fd	source_unnamed	unique_full_body_sha256
LF9G003T	0x1289A0	LF9L000E	0x12954C	FUN_001289a0	FUN_0012954c	FUN_001289a0	76	4a180623c39a48fcbc5103f945671836291a686b9a2c46b58ba8b1f99d580e47	source_unnamed	unique_full_body_sha256
LF9G003T	0x12F2C0	LF9L000E	0x12FE6C	FUN_0012f2c0	FUN_0012fe6c	FUN_0012f2c0	100	4a2b55bb5e3d5008009ddc18a6198374b752dc7d9a74a9e3a51820cf428d1a76	source_unnamed	unique_full_body_sha256
LF9G003T	0x137B48	LF9L000E	0x138704	FUN_00137b48	FUN_00138704	FUN_00137b48	54	4a68297c23058d89fed186545e5cbbbf634f12cc2c8f5df17fe7396bc2fad342	source_unnamed	unique_full_body_sha256
LF9G003T	0xB53C0	LF9L000E	0xB572C	FUN_000b53c0	FUN_000b572c	FUN_000b53c0	92	4a6c7bf6dd39dfa3934d0c481b29bc5f21f80499cbf4860de5bbaedeed22f37d	source_unnamed	unique_full_body_sha256
LF9G003T	0xC4F6A	LF9L000E	0xC5366	FUN_000c4f6a	FUN_000c5366	FUN_000c4f6a	16	4a8a3cd552f901e5919632617a0e01317368df8012c99cb1a84b899ae52ec38b	source_unnamed	unique_full_body_sha256
LF9G003T	0x1163AC	LF9L000E	0x116F18	FUN_001163ac	FUN_00116f18	FUN_001163ac	188	4a9872740462949af98bb7df3ddfce9569740081372b5f08d42946a00ffd4791	source_unnamed	unique_full_body_sha256
LF9G003T	0x858A4	LF9L000E	0x85B28	dtc_monitor_eval_a	dtc_monitor_eval_a	dtc_monitor_eval_a	542	4a9af2a1c1b1737b7d125df34b02797c431c8c81d2cea9b10320273a5849f0a9	already_named	unique_full_body_sha256
LF9G003T	0xAEB60	LF9L000E	0xAEDE4	sa_level_key_handler_b	sa_level_key_handler_b	sa_level_key_handler_b	132	4ad3e71ddc4ffa737bc48e8f06539ee0ef863b1b85b32a5f38d4df07a616285a	already_named	unique_full_body_sha256
LF9G003T	0x18A9AC	LF9L000E	0x191ED4	FUN_0018a9ac	FUN_00191ed4	FUN_0018a9ac	50	4ae5e638e4765d030eb888e141707e89133c7ab639d10a33da9dbb90602b81b9	source_unnamed	unique_full_body_sha256
LF9G003T	0x1F0BFE	LF9L000E	0x1F9FCE	FUN_001f0bfe	FUN_001f9fce	FUN_001f0bfe	44	4b0dfa34d04ea98c07215c30e51d7f07b5773269885d730f715dc108f66f3838	source_unnamed	unique_full_body_sha256
LF9G003T	0xF94B0	LF9L000E	0xFA01C	FUN_000f94b0	FUN_000fa01c	FUN_000f94b0	16	4b37f98f0931e476c6bddc2d7ad035813be54b356026e8e4ab99034008238c35	source_unnamed	unique_full_body_sha256
LF9G003T	0xB3C50	LF9L000E	0xB3FBC	FUN_000b3c50	FUN_000b3fbc	FUN_000b3c50	360	4b39fe6aa6b13aa869a8460a49513415526fa915c107cc034dda79ab56f63086	source_unnamed	unique_full_body_sha256
LF9G003T	0x90EEC	LF9L000E	0x91170	FUN_00090eec	FUN_00091170	FUN_00090eec	72	4b512532db3263c1ae6bebd996682320707c7172eeabf75d19c252ce78e3fab0	source_unnamed	unique_full_body_sha256
LF9G003T	0x1F0E3E	LF9L000E	0x1FA20E	FUN_001f0e3e	FUN_001fa20e	FUN_001f0e3e	10	4b516567d2f73fce40f5fd329ad036ef9a17ad0fff199986cd21e2bf6d70e6d1	source_unnamed	unique_full_body_sha256
LF9G003T	0xE96D4	LF9L000E	0xEA238	FUN_000e96d4	FUN_000ea238	FUN_000e96d4	76	4b5b3d62d7bcf6c0b624db7d552d9934b317f32fe5547df27f8ddc5cf85c82ae	source_unnamed	unique_full_body_sha256
LF9G003T	0x27E704	LF9L000E	0x27E898	FUN_0027e704	FUN_0027e898	FUN_0027e704	120	4b5df0444cc9d62f12ea6a24e6f0c4a7d1f689b878a4ba3a6b0b50c0210558a3	source_unnamed	unique_full_body_sha256
LF9G003T	0x1C87E0	LF9L000E	0x1D1B88	interp_1d_axis_s8_data_u8	interp_1d_axis_s8_data_u8	interp_1d_axis_s8_data_u8	120	4b8114345487b5054472c2afc4cecb6f74ecc5586c61a281d7382e27e7108b48	already_named	unique_full_body_sha256
LF9G003T	0x978E6	LF9L000E	0x97B6A	FUN_000978e6	FUN_00097b6a	FUN_000978e6	54	4b94fbbcad0e1d9b4299c083e6a5af4ffa4b0e92e1af611a0ee09cc15b49504c	source_unnamed	unique_full_body_sha256
LF9G003T	0xAFD40	LF9L000E	0xAFFC4	sa_key_schedule_rotate	sa_key_schedule_rotate	sa_key_schedule_rotate	72	4baa1291101a81585d61f918d2763299fb889ed255e2c51e06b9316e30f564cc	already_named	unique_full_body_sha256
LF9G003T	0xD9404	LF9L000E	0xD9F40	FUN_000d9404	FUN_000d9f40	FUN_000d9404	232	4baa3b7a70b860dc907f83856ba9b80abd4647ff48a7495fb86d42db52ec1fe4	source_unnamed	unique_full_body_sha256
LF9G003T	0xCEC64	LF9L000E	0xCF320	FUN_000cec64	FUN_000cf320	FUN_000cec64	16	4bab4ccc45da2f5a949c5369a401ff034dc872aa8ead0587638ba3c01653f424	source_unnamed	unique_full_body_sha256
LF9G003T	0x204D18	LF9L000E	0x20E154	thunk_FUN_00205d94	thunk_FUN_0020f1d0	thunk_FUN_00205d94	6	4bd9bd317fa86fba574ffec6824c92691b2e733b98f2b572239fa5049614153e	source_unnamed	unique_full_body_sha256
LF9G003T	0xB7750	LF9L000E	0xB7ABC	FUN_000b7750	FUN_000b7abc	FUN_000b7750	38	4be8b0904427402a682b39bf8c71b3ea55c56ec9e6fea4fd953574b84bffae42	source_unnamed	unique_full_body_sha256
LF9G003T	0x1F5848	LF9L000E	0x1FEC18	FUN_001f5848	FUN_001fec18	FUN_001f5848	22	4c14d6446c510feecccf5e71e82a09612282fde49550fea4a8fd4a8ca2586d90	source_unnamed	unique_full_body_sha256
LF9G003T	0x1EDDD2	LF9L000E	0x1F71A2	FUN_001eddd2	FUN_001f71a2	FUN_001eddd2	6	4c2fe4f79377a69593debe410319af1bbcef9fbffa58b3527c053733f5545a0c	source_unnamed	unique_full_body_sha256
LF9G003T	0x13F594	LF9L000E	0x14014C	FUN_0013f594	FUN_0014014c	FUN_0013f594	32	4c3f8900262d3e515806f7a1d8f5656e3e4838c14b18a8d2fcd6166eebf8f7f9	source_unnamed	unique_full_body_sha256
LF9G003T	0x1F7ABA	LF9L000E	0x200E8A	FUN_001f7aba	FUN_00200e8a	FUN_001f7aba	6	4c3ffce2d243ac8ebfd15c5739b76a00a435291e69d6ac4df0282cd57883ac83	source_unnamed	unique_full_body_sha256
LF9G003T	0x20A220	LF9L000E	0x21365C	udiv64_normalize_dispatch	udiv64_normalize_dispatch	udiv64_normalize_dispatch	248	4c41313aab5c710c4cc29b1c2640ef0db95d5c2d9b5e28d84442cb84b25dfabb	already_named	unique_full_body_sha256
LF9G003T	0xAFA08	LF9L000E	0xAFC8C	FUN_000afa08	FUN_000afc8c	FUN_000afa08	32	4c4bfed02ed1b0fb03f356c0a2ff9aedc1b687ed73f4dc5addedb3fd18ecc32c	source_unnamed	unique_full_body_sha256
LF9G003T	0x954CA	LF9L000E	0x9574E	FUN_000954ca	FUN_0009574e	FUN_000954ca	78	4cbf3d731c11891f241f128ba7168a8c427c3ecaed8bc1458619909c51aa5170	source_unnamed	unique_full_body_sha256
LF9G003T	0x1149F0	LF9L000E	0x11555C	FUN_001149f0	FUN_0011555c	FUN_001149f0	108	4cc4396b4c718782c8bc08b5549e7ca942acd26cee5e54ec663740ded6d40d71	source_unnamed	unique_full_body_sha256
LF9G003T	0x798C0	LF9L000E	0x79A38	FUN_000798c0	FUN_00079a38	FUN_000798c0	48	4cc80c49aaae427822d27eebc4c136f8c63497e9dd227ea48da92e71bfd5a62f	source_unnamed	unique_full_body_sha256
LF9G003T	0x91042	LF9L000E	0x912C6	FUN_00091042	FUN_000912c6	FUN_00091042	80	4ce145a218edd256f026f42990f017e4ee76fd54d6689f5917554c63e2b969b0	source_unnamed	unique_full_body_sha256
LF9G003T	0x1CB878	LF9L000E	0x1D4C20	FUN_001cb878	FUN_001d4c20	FUN_001cb878	350	4ceba9477cfb3b485401bd5c0635a9c087a3abdbe7956ab8a20a6b96682e197e	source_unnamed	unique_full_body_sha256
LF9G003T	0x138BAC	LF9L000E	0x139768	FUN_00138bac	FUN_00139768	FUN_00138bac	486	4cf3ba68819907bc689f8bcc56d33e5c30c3f71dc06f412aa9c49a299c41cdb9	source_unnamed	unique_full_body_sha256
LF9G003T	0x7A186	LF9L000E	0x7A2FE	FUN_0007a186	FUN_0007a2fe	FUN_0007a186	160	4d5265e9be7abf039788fb74f3590c55ed0e6132918304d40604e57cc05061e0	source_unnamed	unique_full_body_sha256
LF9G003T	0x137BE8	LF9L000E	0x1387A4	FUN_00137be8	FUN_001387a4	FUN_00137be8	110	4d548de97fdcbadede207b88962b0a074dc66c0052b35a25c27c05df39e5f742	source_unnamed	unique_full_body_sha256
LF9G003T	0x160708	LF9L000E	0x161320	FUN_00160708	FUN_00161320	FUN_00160708	28	4d693ed2111aca7bd8f3becb2d591f5b49b0addfd3eae18545b7559c44c4f2d9	source_unnamed	unique_full_body_sha256
LF9G003T	0x1292B4	LF9L000E	0x129E60	FUN_001292b4	FUN_00129e60	FUN_001292b4	64	4dcb9c7f619ad7f5e35f15d9b5e5079396a4ca02a48bef5aa612bb001758fda4	source_unnamed	unique_full_body_sha256
LF9G003T	0x20B734	LF9L000E	0x214B70	FUN_0020b734	FUN_00214b70	FUN_0020b734	28	4dcd07b11d6d253bd64d3ee6cc31c258a3dad69045b8669e2c2c0ba065d780db	source_unnamed	unique_full_body_sha256
LF9G003T	0x27E590	LF9L000E	0x27E724	FUN_0027e590	FUN_0027e724	FUN_0027e590	192	4dcd111445837f450bae7c5519bf5b9813a3a36944f332c599eb0a57798ddf1c	source_unnamed	unique_full_body_sha256
LF9G003T	0x1AF83C	LF9L000E	0x1B89F8	FUN_001af83c	FUN_001b89f8	FUN_001af83c	64	4dd11bda6f8b97f1d3ac10f93d6967bcd9213b885288d67aa3e27fe2154993f6	source_unnamed	unique_full_body_sha256
LF9G003T	0x1F8818	LF9L000E	0x201BE8	thunk_FUN_001f94ac	thunk_FUN_0020287c	thunk_FUN_001f94ac	6	4dd50cb29653da926723cbfafa2a9d6d12a690827ad44f4105e2852377f45d4c	source_unnamed	unique_full_body_sha256
LF9G003T	0x971D2	LF9L000E	0x97456	FUN_000971d2	FUN_00097456	FUN_000971d2	54	4de16a6f9e06c2c240add9f0816a41832e5d58c59296bdc4021d5d0a2ab0c6a6	source_unnamed	unique_full_body_sha256
LF9G003T	0xAA61A	LF9L000E	0xAA89E	FUN_000aa61a	FUN_000aa89e	FUN_000aa61a	32	4de87e39a7d8b05bb24ffcd52273b24743b969ca3ea8d92b90f2c8b3f0af517a	source_unnamed	unique_full_body_sha256
LF9G003T	0x10A11C	LF9L000E	0x10AC88	FUN_0010a11c	FUN_0010ac88	FUN_0010a11c	510	4e0ba5da2d32423832c76a8f4438f3026ba9b8f0e65d8771e90f6ba0cf96c80f	source_unnamed	unique_full_body_sha256
LF9G003T	0x1F69BA	LF9L000E	0x1FFD8A	FUN_001f69ba	FUN_001ffd8a	FUN_001f69ba	36	4e3668abb87d699bd96e628dba7c64fed7478cec38847f3da38b3a9ef57572d3	source_unnamed	unique_full_body_sha256
LF9G003T	0x97D2C	LF9L000E	0x97FB0	FUN_00097d2c	FUN_00097fb0	FUN_00097d2c	86	4e41da5d86ef5af998eca37e4ed817e24656599d8fe08585f6c3fa298048b819	source_unnamed	unique_full_body_sha256
LF9G003T	0x186470	LF9L000E	0x18D998	FUN_00186470	FUN_0018d998	FUN_00186470	54	4e5381f4ca0b7b16b16e34d91f11c9711e744a3e03214d3c28073abede2b5c7a	source_unnamed	unique_full_body_sha256
LF9G003T	0x97384	LF9L000E	0x97608	FUN_00097384	FUN_00097608	FUN_00097384	94	4e6e75cc14a9288c12309aa98ddedee5a7b0b9db1b95c436b9a109f23a32b697	source_unnamed	unique_full_body_sha256
LF9G003T	0xB7FA8	LF9L000E	0xB8314	FUN_000b7fa8	FUN_000b8314	FUN_000b7fa8	78	4ea753876b2cc57dec3c921a8ff129cc3cfb9c19bd061348efa847b44cb05f72	source_unnamed	unique_full_body_sha256
LF9G003T	0x1CA944	LF9L000E	0x1D3CEC	FUN_001ca944	FUN_001d3cec	FUN_001ca944	318	4ed35044f6a7ca459982b80c3165c8c793b6144007a12056edce0bf29eab231f	source_unnamed	unique_full_body_sha256
LF9G003T	0xBCCFC	LF9L000E	0xBD0E8	FUN_000bccfc	FUN_000bd0e8	FUN_000bccfc	280	4ed8915041fa34a9d05e6cb46d1b10eef41f985cff386657c40162195845149a	source_unnamed	unique_full_body_sha256
LF9G003T	0x102630	LF9L000E	0x10319C	FUN_00102630	FUN_0010319c	FUN_00102630	66	4eeec4352bfe39540f036adb231dd0816ef4b7e16aa07446c2fea87562626e66	source_unnamed	unique_full_body_sha256
LF9G003T	0xAF432	LF9L000E	0xAF6B6	comm_clear_tx_status	comm_clear_tx_status	comm_clear_tx_status	10	4f44e4cfdbd1186c18172fefeda75bef82cb94858e8ddb1c3bedaf966584a410	already_named	unique_full_body_sha256
LF9G003T	0x1EDD04	LF9L000E	0x1F70D4	cal_table_get_byte	cal_table_get_byte	cal_table_get_byte	8	4f53da13e181619685542d69048c4246d1b130c83f0c1c2ba428e34878bd9366	already_named	unique_full_body_sha256
LF9G003T	0x1D06D8	LF9L000E	0x1D9A80	FUN_001d06d8	FUN_001d9a80	FUN_001d06d8	56	4f7ec2baeb6ce338c6e64a8f3ba73415e1629a560b3af6703956df0d089615e8	source_unnamed	unique_full_body_sha256
LF9G003T	0x162220	LF9L000E	0x163C28	FUN_00162220	FUN_00163c28	FUN_00162220	178	4f7fde6279e69b51e747384045c5fb6c63fc64ef7cae79e3f63367b9fe285835	source_unnamed	unique_full_body_sha256
LF9G003T	0x20AC44	LF9L000E	0x214080	kernel_exit_and_dispatch	kernel_exit_and_dispatch	kernel_exit_and_dispatch	128	4f846727ed6174dc5795b407878deeadc3706b2a5e1d9a6164d940f38326e015	already_named	unique_full_body_sha256
LF9G003T	0x1B17D8	LF9L000E	0x1BAA54	FUN_001b17d8	FUN_001baa54	FUN_001b17d8	36	4f9b8fd6f1ca519de04031c8d4d0b52d98d14fd72b8e92e643ee0c2bfe9762a5	source_unnamed	unique_full_body_sha256
LF9G003T	0x1C8E84	LF9L000E	0x1D222C	interp_1d_axis_u32_data_u32_via_helper	interp_1d_axis_u32_data_u32_via_helper	interp_1d_axis_u32_data_u32_via_helper	142	4fa2db22057712bd8e0b8b75e8134868d7e3d6da2fa38f9f3b26b69c5f45ba1c	already_named	unique_full_body_sha256
LF9G003T	0x7B364	LF9L000E	0x7B4DC	FUN_0007b364	FUN_0007b4dc	FUN_0007b364	40	4fbb799a3b57b924af4e009b6426b4f6cfefde21418599d6cd1820098f3f83e3	source_unnamed	unique_full_body_sha256
LF9G003T	0x1293A8	LF9L000E	0x129F54	FUN_001293a8	FUN_00129f54	FUN_001293a8	84	4fbce132397cd1478bdc69ac18b8f8a513c3761b3d4dca4d751537fa912d6dbe	source_unnamed	unique_full_body_sha256
LF9G003T	0x202808	LF9L000E	0x20BC44	FUN_00202808	FUN_0020bc44	FUN_00202808	162	4fbfdca72e66fa7786f0206f2af0bfc92f0e5030421659b83383e7019076e8d2	source_unnamed	unique_full_body_sha256
LF9G003T	0x7AB0A	LF9L000E	0x7AC82	FUN_0007ab0a	FUN_0007ac82	FUN_0007ab0a	58	4fc5451509c476a58131bec2395f730588479f4a9c28ab68d1a915d5f2845024	source_unnamed	unique_full_body_sha256
LF9G003T	0x13B888	LF9L000E	0x13C444	FUN_0013b888	FUN_0013c444	FUN_0013b888	20	4fcf10474e7777ac1a4a9322da2dcf17bab89d94fd4b49177617aa766e038fda	source_unnamed	unique_full_body_sha256
LF9G003T	0xA1146	LF9L000E	0xA13CA	FUN_000a1146	FUN_000a13ca	FUN_000a1146	78	4fda1a99ce086f62813e0e09fc98417d3b20f17eb7c4f8a0a8f97fba61398dd8	source_unnamed	unique_full_body_sha256
LF9G003T	0x6DC4	LF9L000E	0x6DC4	FUN_00006dc4	FUN_00006dc4	FUN_00006dc4	24	501839f13763247ec1cc805778459949924bf36fe3cc70b599af621c41022e91	source_unnamed	unique_full_body_sha256
LF9G003T	0x1F5B5E	LF9L000E	0x1FEF2E	FUN_001f5b5e	FUN_001fef2e	FUN_001f5b5e	70	506f4698867001748880c31ac5fab8a05ab247b500e8f6cab055bf112edd0757	source_unnamed	unique_full_body_sha256
LF9G003T	0x204B16	LF9L000E	0x20DF52	FUN_00204b16	FUN_0020df52	FUN_00204b16	6	5083a742400456fa642953058745ef655d72ecc9adc96f7f8d3422ffa5c2e4c2	source_unnamed	unique_full_body_sha256
LF9G003T	0xB7E4C	LF9L000E	0xB81B8	FUN_000b7e4c	FUN_000b81b8	FUN_000b7e4c	100	509d12719df38d380d1b475f0f81d288725794e0e2ed72a59f8cfff9c3298855	source_unnamed	unique_full_body_sha256
LF9G003T	0x13C1A8	LF9L000E	0x13CD64	FUN_0013c1a8	FUN_0013cd64	FUN_0013c1a8	94	50ae9dce71b65d5179a82c4c2972c5a87aed05252d1b419b94508b4d970381d1	source_unnamed	unique_full_body_sha256
LF9G003T	0x1C9238	LF9L000E	0x1D25E0	interp_1d_axis_s16_data_s16	interp_1d_axis_s16_data_s16	interp_1d_axis_s16_data_s16	124	50b6ea08e4e0cc1a17796ab3c90d2e44db076fab6484d736bc9127291808d52c	already_named	unique_full_body_sha256
LF9G003T	0x204D1E	LF9L000E	0x20E15A	FUN_00204d1e	FUN_0020e15a	FUN_00204d1e	14	50db86e57e838e1c7670bda622c54b37bf66342bef8e491d79d7d060c71ac0cf	source_unnamed	unique_full_body_sha256
LF9G003T	0x1103FC	LF9L000E	0x110F68	FUN_001103fc	FUN_00110f68	FUN_001103fc	22	50ef4f8700ee529463884ac174f7ba7c9dd4bb86ccffd92e61083b7cb5237402	source_unnamed	unique_full_body_sha256
LF9G003T	0x71A0	LF9L000E	0x71A0	FUN_000071a0	FUN_000071a0	FUN_000071a0	216	51049d2c7d16b087cc501e9a10fcf20970eca65712764b81fdaacbc85bea273b	source_unnamed	unique_full_body_sha256
LF9G003T	0x27D008	LF9L000E	0x27D19C	FUN_0027d008	FUN_0027d19c	FUN_0027d008	40	510c8d6b718c6d677f20b2992011c2a46903a2f7c57f600eb4c822e08d593f8c	source_unnamed	unique_full_body_sha256
LF9G003T	0x1CCE18	LF9L000E	0x1D61C0	interp_2d_ax_u32_u8_data_s	interp_2d_ax_u32_u8_data_s	interp_2d_ax_u32_u8_data_s	352	5122ab159ccdb0acffa4926a53d18e3dd5a732467b6c7b59ee3f3aac53b96b8b	already_named	unique_full_body_sha256
LF9G003T	0x1ED23E	LF9L000E	0x1F660E	FUN_001ed23e	FUN_001f660e	FUN_001ed23e	10	5147faa8edd3689729cbafbe0598aa2b6b709b91b23c42d380e47ac73ad26871	source_unnamed	unique_full_body_sha256
LF9G003T	0xCEB72	LF9L000E	0xCF22E	FUN_000ceb72	FUN_000cf22e	FUN_000ceb72	104	514b4a870decc7bb0f24bbc0036ddd195f760a1ee4cc0c233bea1fa012bc31db	source_unnamed	unique_full_body_sha256
LF9G003T	0x1F9834	LF9L000E	0x202C04	FUN_001f9834	FUN_00202c04	FUN_001f9834	42	514d8a2d6a8e12685a4c2408bdb304c2081f1a7f3c5830c94d5c3a96c7f61072	source_unnamed	unique_full_body_sha256
LF9G003T	0x1F94AC	LF9L000E	0x20287C	FUN_001f94ac	FUN_0020287c	FUN_001f94ac	28	514f1a6ee68e44468cd5e23c1ae6ad41d8fff1bdd4509ac00c7ad8ed8ed4fa62	source_unnamed	unique_full_body_sha256
LF9G003T	0x1F6C1E	LF9L000E	0x1FFFEE	FUN_001f6c1e	FUN_001fffee	FUN_001f6c1e	6	51723fe9b89f0d2d1ebecb9bf12f57c7ad123e3c6dfdd7db830835466bc08c09	source_unnamed	unique_full_body_sha256
LF9G003T	0x1F4538	LF9L000E	0x1FD908	hcan0_halt	hcan0_halt	hcan0_halt	18	51869e3b1acbaa6f8e53745e06139a48b7de3aecbba9ed7cbafac1ca6e9cdc7a	already_named	unique_full_body_sha256
LF9G003T	0xAA30A	LF9L000E	0xAA58E	FUN_000aa30a	FUN_000aa58e	FUN_000aa30a	168	51ad4d2d789b70aa1822fcd7fd3553189d2a41a5c8542801cb9de6dbf4959bce	source_unnamed	unique_full_body_sha256
LF9G003T	0x7B54C	LF9L000E	0x7B6C4	FUN_0007b54c	FUN_0007b6c4	FUN_0007b54c	40	520809b12baaa32144e5c0efe1590ea2cf9db053c03e9dc811f57846a9e4bb4e	source_unnamed	unique_full_body_sha256
LF9G003T	0x13E730	LF9L000E	0x13F2E8	FUN_0013e730	FUN_0013f2e8	FUN_0013e730	192	5214ff622890c4302ca8b8a907ea5dfd6f79c346481b14d07d98f6b1f04379e7	source_unnamed	unique_full_body_sha256
LF9G003T	0xB6356	LF9L000E	0xB66C2	FUN_000b6356	FUN_000b66c2	FUN_000b6356	222	521fed7351bfcb86ce74bf7743a8eb7debd22371356ede6de2541bb64734d076	source_unnamed	unique_full_body_sha256
LF9G003T	0x961EE	LF9L000E	0x96472	FUN_000961ee	FUN_00096472	FUN_000961ee	32	523c147275f1f4b7895745159c7f8b167ed95fc6e7ee69237767bc95b7272477	source_unnamed	unique_full_body_sha256
LF9G003T	0xB8656	LF9L000E	0xB8A42	FUN_000b8656	FUN_000b8a42	FUN_000b8656	114	524d10e37cacde77b641a9c63c855015befc59d9f436bd8c296f2331c66af630	source_unnamed	unique_full_body_sha256
LF9G003T	0x1C9C1C	LF9L000E	0x1D2FC4	FUN_001c9c1c	FUN_001d2fc4	FUN_001c9c1c	276	526b46d88510ffc8d4922e57e215c82665a41aca5c65ef7b4379c29c1d189d37	source_unnamed	unique_full_body_sha256
LF9G003T	0x1CB06C	LF9L000E	0x1D4414	interp_2d_ax_u32_u16_data_s	interp_2d_ax_u32_u16_data_s	interp_2d_ax_u32_u16_data_s	340	529b640b716d6d86671d65b730a1cbcb55cb0cde0ea52fe3cf8fc148b047127c	already_named	unique_full_body_sha256
LF9G003T	0x1C6374	LF9L000E	0x1CF71C	FUN_001c6374	FUN_001cf71c	FUN_001c6374	98	52a71a3a8bc2691944da537660877059297c9d583a8c2241426b596a300fe51a	source_unnamed	unique_full_body_sha256
LF9G003T	0x1E244C	LF9L000E	0x1EB814	FUN_001e244c	FUN_001eb814	FUN_001e244c	122	52b6f0e053b53d1897e9df2ec862b9b865bd20392f1ebb35156218c559d755a3	source_unnamed	unique_full_body_sha256
LF9G003T	0x19DDF4	LF9L000E	0x1A6F94	FUN_0019ddf4	FUN_001a6f94	FUN_0019ddf4	14	52dc69acbfc3e92c35005f8d851c505bf8466b150e681010fc9336cbaf5cb0f9	source_unnamed	unique_full_body_sha256
LF9G003T	0xC36E0	LF9L000E	0xC3ADC	FUN_000c36e0	FUN_000c3adc	FUN_000c36e0	324	52f015e5faa74b942698144fac0530025751e79dee117cda6699098df5c18684	source_unnamed	unique_full_body_sha256
LF9G003T	0xF3D90	LF9L000E	0xF48FC	FUN_000f3d90	FUN_000f48fc	FUN_000f3d90	264	52f4edf0e1d4f69698d7b10374c318346546e8dce2009626ce74351e61b4b2d3	source_unnamed	unique_full_body_sha256
LF9G003T	0x8FB70	LF9L000E	0x8FDF4	FUN_0008fb70	FUN_0008fdf4	FUN_0008fb70	60	52f70d07aa61e1d02157b671f34546fcf3ec9b7baadb749b9f5503e3b7a662ef	source_unnamed	unique_full_body_sha256
LF9G003T	0x115E6C	LF9L000E	0x1169D8	FUN_00115e6c	FUN_001169d8	FUN_00115e6c	148	530e050bbdec60cf6198f394e63f775f2e11ba04b1782c719ee8e70e754b9b9e	source_unnamed	unique_full_body_sha256
LF9G003T	0x1A6C04	LF9L000E	0x1AFDA0	FUN_001a6c04	FUN_001afda0	FUN_001a6c04	248	533e2af9a3b8c7afee8fbf8bd9fb703fa244cd29ac092bfb9bf0a9f6d3e91048	source_unnamed	unique_full_body_sha256
LF9G003T	0x193104	LF9L000E	0x19A924	FUN_00193104	FUN_0019a924	FUN_00193104	26	53543b0da6fbd2c6f5b6304f5dc1dbb856c988910908d7681aedaf4a7adb3164	source_unnamed	unique_full_body_sha256
LF9G003T	0x10277C	LF9L000E	0x1032E8	FUN_0010277c	FUN_001032e8	FUN_0010277c	130	53749121eeaefb1e11c02f0033260c25b9a986579f6b584225739cf24ca66044	source_unnamed	unique_full_body_sha256
LF9G003T	0xBCE7E	LF9L000E	0xBD26A	FUN_000bce7e	FUN_000bd26a	FUN_000bce7e	42	538291108c90dec44cb9c49751a1ab9abbf964a71dd87ca393b3c14557023b84	source_unnamed	unique_full_body_sha256
LF9G003T	0x15BACC	LF9L000E	0x15C684	FUN_0015bacc	FUN_0015c684	FUN_0015bacc	28	538d8faf4e3de7b942d4e3d9e4197ff11bb9ef704a23bcf7eed408238196182d	source_unnamed	unique_full_body_sha256
LF9G003T	0x137930	LF9L000E	0x1384EC	FUN_00137930	FUN_001384ec	FUN_00137930	46	53bd7cdaadf72533e5967abc5187c0268d0dc3fd82c4e5049b61ccdfe0e4cbc0	source_unnamed	unique_full_body_sha256
LF9G003T	0x1EE1DA	LF9L000E	0x1F75AA	FUN_001ee1da	FUN_001f75aa	FUN_001ee1da	62	53dd90ffc4063bf2fa747ded4f12b25f434a3d187a71d3dbe61c597e9d82560a	source_unnamed	unique_full_body_sha256
LF9G003T	0x15EECC	LF9L000E	0x15FA84	FUN_0015eecc	FUN_0015fa84	FUN_0015eecc	234	5404ca27c7512d64d8c7e759d276e3ccdeb6347faaec52d11bf5f6433c386259	source_unnamed	unique_full_body_sha256
LF9G003T	0x1ECB7E	LF9L000E	0x1F5F4E	hcan_stat_bit10_read	hcan_stat_bit10_read	hcan_stat_bit10_read	10	543a0a29f80f636b4cfbabee844435ce3e89f7296cb7468dc366aa6c34ec360d	already_named	unique_full_body_sha256
LF9G003T	0x7A594	LF9L000E	0x7A70C	FUN_0007a594	FUN_0007a70c	FUN_0007a594	150	544a195bdfdd6c2582957e86368b2f4e60ba468542361426e2bc3ef2367cdd85	source_unnamed	unique_full_body_sha256
LF9G003T	0x7CFF0	LF9L000E	0x7D168	FUN_0007cff0	FUN_0007d168	FUN_0007cff0	130	544e5747f3290c64c39a74e69f92691b6e5e6f9149eff5989e096c770174217a	source_unnamed	unique_full_body_sha256
LF9G003T	0x1974F0	LF9L000E	0x1A0690	FUN_001974f0	FUN_001a0690	FUN_001974f0	48	54503d2d5356990168c3d078caf81f982590bb6d4f8b5ad320278e4fd74f0782	source_unnamed	unique_full_body_sha256
LF9G003T	0x1CCA88	LF9L000E	0x1D5E30	FUN_001cca88	FUN_001d5e30	FUN_001cca88	306	545e0d03be045ba18159c98f009b3d2f13298e82a21d0a34c8a280fb343dc925	source_unnamed	unique_full_body_sha256
LF9G003T	0x18AEE8	LF9L000E	0x192410	FUN_0018aee8	FUN_00192410	FUN_0018aee8	46	548bbcd7922e8e30955d522f974daaafbf631c1763220b4dc6592be79ab0549d	source_unnamed	unique_full_body_sha256
LF9G003T	0x1E88DC	LF9L000E	0x1F1CAC	FUN_001e88dc	FUN_001f1cac	FUN_001e88dc	44	548d5b88cf41e349ad282a8842240da1f26648e6035035f8f27f71e35c869f79	source_unnamed	unique_full_body_sha256
LF9G003T	0x165AFC	LF9L000E	0x16744C	FUN_00165afc	FUN_0016744c	FUN_00165afc	168	549919a3575eaa9d1174cd7cb6efaa6ab44575c19e55e6103d9afa368984b9e3	source_unnamed	unique_full_body_sha256
LF9G003T	0x1A3810	LF9L000E	0x1AC9AC	FUN_001a3810	FUN_001ac9ac	FUN_001a3810	82	54bfbc91cb433a5e75ea0917afed78f53e4159e62f934de6874d1467a1675c59	source_unnamed	unique_full_body_sha256
LF9G003T	0x95BCC	LF9L000E	0x95E50	FUN_00095bcc	FUN_00095e50	FUN_00095bcc	10	54ce2f499158d7e611a4f79e662800023448f1071f975ab2236a3d107c01324f	source_unnamed	unique_full_body_sha256
LF9G003T	0x7EFDC	LF9L000E	0x7F154	FUN_0007efdc	FUN_0007f154	FUN_0007efdc	20	54d02bce276112b57d8fbd619480135f16c9b98fa5b21ec15e3a896ad587bca1	source_unnamed	unique_full_body_sha256
LF9G003T	0xD77BC	LF9L000E	0xD82F8	saturating_shl1_u16	saturating_shl1_u16	saturating_shl1_u16	24	54d2747ca5638100a8180e29775668ba140c2dd5f34fd8a286a098044053933f	already_named	unique_full_body_sha256
LF9G003T	0x20852A	LF9L000E	0x211966	FUN_0020852a	FUN_00211966	FUN_0020852a	68	54fd4f65f369be74ec50a2dfa1aef7e642b65d987156bbbc20bcc1073cbace99	source_unnamed	unique_full_body_sha256
LF9G003T	0x1F217C	LF9L000E	0x1FB54C	FUN_001f217c	FUN_001fb54c	FUN_001f217c	10	553cf4c2d798205fa2d7810572fbd6afd61fdd70ae7ff56c1a3ab27c9e63722f	source_unnamed	unique_full_body_sha256
LF9G003T	0xAA57C	LF9L000E	0xAA800	thunk_FUN_000aa6c0	thunk_FUN_000aa944	thunk_FUN_000aa6c0	4	55683b7887fbf6cc6c3f80919a7fbab30c1e4c1d10ee642fff53cb6021060dd1	source_unnamed	unique_full_body_sha256
LF9G003T	0x1ECEDE	LF9L000E	0x1F62AE	FUN_001ecede	FUN_001f62ae	FUN_001ecede	8	55937b7f97d01cd562da9342dc1f4efb41985c0b2c3efa6006571f770eb7a7e5	source_unnamed	unique_full_body_sha256
LF9G003T	0x193B90	LF9L000E	0x19B480	FUN_00193b90	FUN_0019b480	FUN_00193b90	60	559d4699ed0e0a1ef560180218015217ad846dce55c5045fa5caa5a355084bbd	source_unnamed	unique_full_body_sha256
LF9G003T	0x1F7BFC	LF9L000E	0x200FCC	FUN_001f7bfc	FUN_00200fcc	FUN_001f7bfc	10	55a5eaa63dda771126ad54cff09590e6c229f140cce7053a5819ababb0ff6100	source_unnamed	unique_full_body_sha256
LF9G003T	0x1F3680	LF9L000E	0x1FCA50	build_frame_descriptor_ctrl	build_frame_descriptor_ctrl	build_frame_descriptor_ctrl	172	55aa8cc0cb9f7060609ad7da1439d2e5a31b04391a8686a8c57d2714eafc7f3d	already_named	unique_full_body_sha256
LF9G003T	0x7D072	LF9L000E	0x7D1EA	FUN_0007d072	FUN_0007d1ea	FUN_0007d072	210	55b38cd889c03cc72540fd6eae28ee057464c04f997cefeaabdd17348b4a54af	source_unnamed	unique_full_body_sha256
LF9G003T	0xF554C	LF9L000E	0xF60B8	FUN_000f554c	FUN_000f60b8	FUN_000f554c	30	55c2477bf4d4eb210a5b22bd1b1335f733b4d1fd066105b0a12f16d46cc84b9b	source_unnamed	unique_full_body_sha256
LF9G003T	0x131138	LF9L000E	0x131CE4	FUN_00131138	FUN_00131ce4	FUN_00131138	36	55c722321c30efa081fc12094a5b931fd678ff798da989815ff626eff29ec07f	source_unnamed	unique_full_body_sha256
LF9G003T	0x13BCF4	LF9L000E	0x13C8B0	FUN_0013bcf4	FUN_0013c8b0	FUN_0013bcf4	52	55f0244c7b5cf4fbf172b6beae8183908632318ed8e72d7500d9a99ed12afbf3	source_unnamed	unique_full_body_sha256
LF9G003T	0xC084C	LF9L000E	0xC0C38	FUN_000c084c	FUN_000c0c38	FUN_000c084c	52	55feb71782cffcd7fa054d2619ed8d65483744d9e172514f937cead63bb7ab62	source_unnamed	unique_full_body_sha256
LF9G003T	0x118C04	LF9L000E	0x119770	FUN_00118c04	FUN_00119770	FUN_00118c04	62	560b56fe0099f9ffe11ed0c87d5440b29d21add6b47cf71ae2177c4792a7925a	source_unnamed	unique_full_body_sha256
LF9G003T	0x1DF48C	LF9L000E	0x1E8854	FUN_001df48c	FUN_001e8854	FUN_001df48c	130	5616d8b87915946817a869ab602d145c769494e0dd2f81b4a5a4eff2a6329b9f	source_unnamed	unique_full_body_sha256
LF9G003T	0x847AE	LF9L000E	0x84A32	FUN_000847ae	FUN_00084a32	FUN_000847ae	10	5637e7aac49b0256ca0fb960f3d0949455463edea367d2daf4451c730a4a2c87	source_unnamed	unique_full_body_sha256
LF9G003T	0x1541F4	LF9L000E	0x154DAC	FUN_001541f4	FUN_00154dac	FUN_001541f4	68	5674ffdabcc85b54b2e9759515ec85512d5b6ad2179af02801489550100979a0	source_unnamed	unique_full_body_sha256
LF9G003T	0x1EBD62	LF9L000E	0x1F5132	serial_wait_tx_ready_mode4	serial_wait_tx_ready_mode4	serial_wait_tx_ready_mode4	52	5683d5bfdefa37ac362c3010e180c6b7fe305b5ee02595c11568317cebdc1020	already_named	unique_full_body_sha256
LF9G003T	0x195CD0	LF9L000E	0x19EE70	FUN_00195cd0	FUN_0019ee70	FUN_00195cd0	52	56d2bcde55a6838603da5ff8b70f4f33c17c5917fda3c4fe51f2188b1ec36264	source_unnamed	unique_full_body_sha256
LF9G003T	0xED7D0	LF9L000E	0xEE33C	FUN_000ed7d0	FUN_000ee33c	FUN_000ed7d0	160	56df29c3cae9c555144a2c8a283cae476d94e0942d85bb6c1a97f1148b5b3f40	source_unnamed	unique_full_body_sha256
LF9G003T	0x11562C	LF9L000E	0x116198	FUN_0011562c	FUN_00116198	FUN_0011562c	30	56f42420c670eaf202bb1c25805cf1c35e20d20c0e3cd3ee6a07a5c5af2b08d5	source_unnamed	unique_full_body_sha256
LF9G003T	0x1CC270	LF9L000E	0x1D5618	interp_2d_ax_u16_u32_data_u	interp_2d_ax_u16_u32_data_u	interp_2d_ax_u16_u32_data_u	262	5707b62a7916024415566a8e2e5b60f11654bb8af0f2c15a67642ee8aada4918	already_named	unique_full_body_sha256
LF9G003T	0x209BF4	LF9L000E	0x213030	FUN_00209bf4	FUN_00213030	FUN_00209bf4	260	571e3de5440833dc2ca9ea72ac7b4f6983bf695c0a7de04953f6d8e7d5772f60	source_unnamed	unique_full_body_sha256
LF9G003T	0x7F412	LF9L000E	0x7F58A	FUN_0007f412	FUN_0007f58a	FUN_0007f412	158	5723a859c906f2e626dd274ceba19ad5a99412084fba2138c4452b53536420e4	source_unnamed	unique_full_body_sha256
LF9G003T	0x1CD8A8	LF9L000E	0x1D6C50	FUN_001cd8a8	FUN_001d6c50	FUN_001cd8a8	316	5728e5bc6949972f42954cdd0a8bbc8b465f7de7db94e3beb136c68e2537a7c5	source_unnamed	unique_full_body_sha256
LF9G003T	0x1166E4	LF9L000E	0x117250	FUN_001166e4	FUN_00117250	FUN_001166e4	266	5729f00825c1987a224e911c25b19ec95fb14c761ff986e1fe4d68f845c47867	source_unnamed	unique_full_body_sha256
LF9G003T	0x1F2026	LF9L000E	0x1FB3F6	FUN_001f2026	FUN_001fb3f6	FUN_001f2026	48	5746ab11fe7153233838565350bb1f0e26872cfa75591202f0ec1606f4fd7edf	source_unnamed	unique_full_body_sha256
LF9G003T	0x1F58FC	LF9L000E	0x1FECCC	FUN_001f58fc	FUN_001feccc	FUN_001f58fc	14	575a1007c74b4dd900ff98f1bb73a5541edfa2ac4700c5bc51bb60cb6eb74ea4	source_unnamed	unique_full_body_sha256
LF9G003T	0x1DF3B8	LF9L000E	0x1E8780	FUN_001df3b8	FUN_001e8780	FUN_001df3b8	66	5764fd209581a32c02bf42dbebd2f9e192d3be160e26af7226270d8732d147e4	source_unnamed	unique_full_body_sha256
LF9G003T	0x1F0BAE	LF9L000E	0x1F9F7E	FUN_001f0bae	FUN_001f9f7e	FUN_001f0bae	10	5769ef54cf58b74b3f25791211123a0b81d17426e759ceffae637c44846a7a8e	source_unnamed	unique_full_body_sha256
LF9G003T	0xC56E0	LF9L000E	0xC5ADC	FUN_000c56e0	FUN_000c5adc	FUN_000c56e0	282	577a3a0c7d15b87436428d6f172974dcdb3cc34432faf197cad6f00445ebec64	source_unnamed	unique_full_body_sha256
LF9G003T	0xBB688	LF9L000E	0xBBA74	FUN_000bb688	FUN_000bba74	FUN_000bb688	208	577b6438b1f22cddbf4b1309e75ee310dff15b300143621a96ff5b7e99b9ab58	source_unnamed	unique_full_body_sha256
LF9G003T	0xAF4EC	LF9L000E	0xAF770	sa_read_request	sa_read_request	sa_read_request	120	5785c91d3ceb54fe5065b853ddc101584432cb282d7a5d117f594ae53c411e98	already_named	unique_full_body_sha256
LF9G003T	0x1EF53A	LF9L000E	0x1F890A	FUN_001ef53a	FUN_001f890a	FUN_001ef53a	66	5786b3d117ef1f414214ae3d61eb746956769628c9fc4977e7c9c1ea456c5a99	source_unnamed	unique_full_body_sha256
LF9G003T	0x2040C8	LF9L000E	0x20D504	FUN_002040c8	FUN_0020d504	FUN_002040c8	28	578882114bc81054351de57c4946141d3d8797a355f531fc6d42362f3ec09942	source_unnamed	unique_full_body_sha256
LF9G003T	0x15C5B4	LF9L000E	0x15D16C	FUN_0015c5b4	FUN_0015d16c	FUN_0015c5b4	24	57ad1ba08b71010e4ef4d13b7855e45bcd5ae55920ac8e14abd7c59f715efe9d	source_unnamed	unique_full_body_sha256
LF9G003T	0x1C8A84	LF9L000E	0x1D1E2C	interp_1d_hires_u32axis_via_helper	interp_1d_hires_u32axis_via_helper	interp_1d_hires_u32axis_via_helper	154	57afc5b7006894639292ead28a8ef2e645cf6ec1554b068b350c32c34aee08a5	already_named	unique_full_body_sha256
LF9G003T	0x7AA72	LF9L000E	0x7ABEA	FUN_0007aa72	FUN_0007abea	FUN_0007aa72	152	57f00c7161e0af8cfc234cd03e137190627e6c9b78fbe7e004d2fe90975358ef	source_unnamed	unique_full_body_sha256
LF9G003T	0x1B3980	LF9L000E	0x1BCBFC	FUN_001b3980	FUN_001bcbfc	FUN_001b3980	76	581118a4fb87024942025cbb412a8eac4eb27fd706ed2e288e1c8732f36a9203	source_unnamed	unique_full_body_sha256
LF9G003T	0x154AB8	LF9L000E	0x155670	FUN_00154ab8	FUN_00155670	FUN_00154ab8	42	581e68b76dc666e7f0be0e3c068c6ce62a24a988ee8fa9f14396ff1b8952550f	source_unnamed	unique_full_body_sha256
LF9G003T	0xB4E34	LF9L000E	0xB51A0	FUN_000b4e34	FUN_000b51a0	FUN_000b4e34	18	581eb7b54859941fb913976b44725239cb64d9a43ff7a7882921e8326e12b546	source_unnamed	unique_full_body_sha256
LF9G003T	0x1FAC28	LF9L000E	0x203FF8	FUN_001fac28	FUN_00203ff8	FUN_001fac28	84	5826403241ad8db271275997d6a285fb69676cd9e399841832087ca3ede8bc43	source_unnamed	unique_full_body_sha256
LF9G003T	0x1E1B30	LF9L000E	0x1EAEF8	FUN_001e1b30	FUN_001eaef8	FUN_001e1b30	26	582dcf45cbf7b1e1672ee3e1a0f06cb221a0e197c13a9348e221eaccb28a5be2	source_unnamed	unique_full_body_sha256
LF9G003T	0x13FB7C	LF9L000E	0x140734	FUN_0013fb7c	FUN_00140734	FUN_0013fb7c	14	583224725ff6e9f4f300870e375faf87867891f3296cc9b3f803785a1733f5a5	source_unnamed	unique_full_body_sha256
LF9G003T	0x1ED840	LF9L000E	0x1F6C10	FUN_001ed840	FUN_001f6c10	FUN_001ed840	130	583a9f5239ab0bc7f148aadda9541db940ff5e0d5b23e580e037757b918cda5a	source_unnamed	unique_full_body_sha256
LF9G003T	0x20B65C	LF9L000E	0x214A98	FUN_0020b65c	FUN_00214a98	FUN_0020b65c	154	585ef5583466372bd78807f58214337e88c55355b0ae2478603aab3bf73fc42e	source_unnamed	unique_full_body_sha256
LF9G003T	0x8EE9C	LF9L000E	0x8F120	FUN_0008ee9c	FUN_0008f120	FUN_0008ee9c	32	5867941972fc2059d20af36ba7346746c4edd56f2c035a0ab95c82d0cb70318e	source_unnamed	unique_full_body_sha256
LF9G003T	0xD4F6A	LF9L000E	0xD56BE	FUN_000d4f6a	FUN_000d56be	FUN_000d4f6a	28	5867b07bc6d5f313012c6638908a39136b45b446cacbb18dcba1ec1b35206462	source_unnamed	unique_full_body_sha256
LF9G003T	0x9538C	LF9L000E	0x95610	FUN_0009538c	FUN_00095610	FUN_0009538c	296	58741c06e727638aab95a0e34d2cfc55b32c1e845e67fca7cd103827b10a645c	source_unnamed	unique_full_body_sha256
LF9G003T	0x1F1F9A	LF9L000E	0x1FB36A	FUN_001f1f9a	FUN_001fb36a	FUN_001f1f9a	48	58a7b2566cf76b7cafa0ca104750baefd1abc1832b418c70c83017d736cb6be2	source_unnamed	unique_full_body_sha256
LF9G003T	0x2067AC	LF9L000E	0x20FBE8	thunk_FUN_00206972	thunk_FUN_0020fdae	thunk_FUN_00206972	6	58f0ef6ef18cd22622589d3fc52e3a280a0c9e3c4a9ee6f262c323a49505438a	source_unnamed	unique_full_body_sha256
LF9G003T	0x13FF04	LF9L000E	0x140ABC	FUN_0013ff04	FUN_00140abc	FUN_0013ff04	32	58fa5c48448f84e8130c97adc2b5c521606a3992f51fcbe4f8eb3ff0748e8a78	source_unnamed	unique_full_body_sha256
LF9G003T	0xBD1F4	LF9L000E	0xBD5E0	FUN_000bd1f4	FUN_000bd5e0	FUN_000bd1f4	120	5921b692fd1ec5f4928047e22577309e7859263a7b585a6ea29b488aabd0241e	source_unnamed	unique_full_body_sha256
LF9G003T	0x1FF2DE	LF9L000E	0x20871A	FUN_001ff2de	FUN_0020871a	FUN_001ff2de	16	594ed3eb64d7deab25f403f54fe48bc1ba2a82d2ddefec5ba985f07532a99703	source_unnamed	unique_full_body_sha256
LF9G003T	0x1F98A2	LF9L000E	0x202C72	FUN_001f98a2	FUN_00202c72	FUN_001f98a2	82	594fe41c9c5121d0a1c1b4f2ca68a670bd3cdc2bbef9a6d5d1a14b6e4f1f0b38	source_unnamed	unique_full_body_sha256
LF9G003T	0x965BC	LF9L000E	0x96840	FUN_000965bc	FUN_00096840	FUN_000965bc	170	596d6c8be76f90f12d4dc61aef21a9851440a59569e3f2cd504793507006315d	source_unnamed	unique_full_body_sha256
LF9G003T	0x27E650	LF9L000E	0x27E7E4	FUN_0027e650	FUN_0027e7e4	FUN_0027e650	18	59bb212663d98b95f061f36c39be4a16779edec2d2efda3875c9202ec695c720	source_unnamed	unique_full_body_sha256
LF9G003T	0x1534E0	LF9L000E	0x154098	FUN_001534e0	FUN_00154098	FUN_001534e0	64	59c1161f8da83cf6206d322668198dba205eff05c094655b90514f4e5bdb01d0	source_unnamed	unique_full_body_sha256
LF9G003T	0x193A04	LF9L000E	0x19B2F4	FUN_00193a04	FUN_0019b2f4	FUN_00193a04	20	59d986cfb7785d8a028c075c69b2fff4362d7e2b112f3aedf513b4c73b686bea	source_unnamed	unique_full_body_sha256
LF9G003T	0x19E70C	LF9L000E	0x1A78AC	FUN_0019e70c	FUN_001a78ac	FUN_0019e70c	138	59dcff763cb6647519b49d1feecf0bf520091ebf46457dca6a150ed048487886	source_unnamed	unique_full_body_sha256
LF9G003T	0x1F6F74	LF9L000E	0x200344	timer_capture_read_all	timer_capture_read_all	timer_capture_read_all	492	59f821d114c631cc1811c1d78b48969626f048eaf4152e6194a48d0441136dd5	already_named	unique_full_body_sha256
LF9G003T	0x1ECEA2	LF9L000E	0x1F6272	FUN_001ecea2	FUN_001f6272	FUN_001ecea2	30	5a053876c56c72dd763623f800d7bf6c190e428072b34483ed6496af8b0375ef	source_unnamed	unique_full_body_sha256
LF9G003T	0x1F4430	LF9L000E	0x1FD800	hcan0_controller_init	hcan0_controller_init	hcan0_controller_init	220	5a2ecdb890610bd8c8b8e1d8e5e8d7d3fb5fc6d0d1799c1ed9d5669120e227dd	already_named	unique_full_body_sha256
LF9G003T	0xA1C5E	LF9L000E	0xA1EE2	FUN_000a1c5e	FUN_000a1ee2	FUN_000a1c5e	10	5a3427938f1a95b2eea8704435fc7a3c09e5feaee0ac7df1881c4ec82e7bcff4	source_unnamed	unique_full_body_sha256
LF9G003T	0x15F2C0	LF9L000E	0x15FE78	FUN_0015f2c0	FUN_0015fe78	FUN_0015f2c0	234	5a5d7e444323f18f6ac3063e652e41f3253a7de54b49018a90545d710039b2eb	source_unnamed	unique_full_body_sha256
LF9G003T	0x1F78C4	LF9L000E	0x200C94	FUN_001f78c4	FUN_00200c94	FUN_001f78c4	54	5a5f23b016a69e6ded15f62ce6b349ba4ad317d0de06567e6efdd02bcc809700	source_unnamed	unique_full_body_sha256
LF9G003T	0x20AAD0	LF9L000E	0x213F0C	FUN_0020aad0	FUN_00213f0c	FUN_0020aad0	328	5a8e0654814629dfe5ad603afc5384c8d92a57af47a6b0f60c135b06d9f30ad9	source_unnamed	unique_full_body_sha256
LF9G003T	0x1CDC28	LF9L000E	0x1D6FD0	FUN_001cdc28	FUN_001d6fd0	FUN_001cdc28	276	5a9219b391e099ca93a51d43dd6597f68410155b81ffda3d83253bb5d52f5a40	source_unnamed	unique_full_body_sha256
LF9G003T	0xBABA2	LF9L000E	0xBAF8E	FUN_000baba2	FUN_000baf8e	FUN_000baba2	62	5ab30b30adb559cac13613fde7c1438c84ca468200a70e209d8437a5b3d954ba	source_unnamed	unique_full_body_sha256
LF9G003T	0x1C080C	LF9L000E	0x1C9B4C	FUN_001c080c	FUN_001c9b4c	FUN_001c080c	94	5acb0609f01ecb72298175ddc154b7dc86a8ed504c5de8e8f86795591ea6ecff	source_unnamed	unique_full_body_sha256
LF9G003T	0x8F7E0	LF9L000E	0x8FA64	FUN_0008f7e0	FUN_0008fa64	FUN_0008f7e0	256	5ad3b5a7e1ac5e0902540657214df3bc09142b84247b26b3bf9b4a772ac27d59	source_unnamed	unique_full_body_sha256
LF9G003T	0xC466A	LF9L000E	0xC4A66	FUN_000c466a	FUN_000c4a66	FUN_000c466a	140	5ae5a8530f5dc1586530e421c8ea995cfeaaa5c6f0830353ec87842ea355491f	source_unnamed	unique_full_body_sha256
LF9G003T	0x1FFF48	LF9L000E	0x209384	FUN_001fff48	FUN_00209384	FUN_001fff48	154	5af5d63f5bf766906133b1ec8a46f5c5753c9ed2c6b999403eacf32f66802a5c	source_unnamed	unique_full_body_sha256
LF9G003T	0x1ECB04	LF9L000E	0x1F5ED4	sig_set_fwd_2a	sig_set_fwd_2a	sig_set_fwd_2a	8	5b1cab0f40ec93e6fd11d5a49f4adc55106c4b91e509a3f269a2f15ea65d9d3e	already_named	unique_full_body_sha256
LF9G003T	0x206FDC	LF9L000E	0x210418	FUN_00206fdc	FUN_00210418	FUN_00206fdc	10	5b2c8ef72c1d134120454e74832be20315a264473c13cd3efd545a8c9910aa1a	source_unnamed	unique_full_body_sha256
LF9G003T	0xAF382	LF9L000E	0xAF606	comm_service_step	comm_service_step	comm_service_step	86	5b56676dd362dd2329aac61d0a77f27b8379bde13e59f35085a21d522436bbcb	already_named	unique_full_body_sha256
LF9G003T	0x7784	LF9L000E	0x7784	FUN_00007784	FUN_00007784	FUN_00007784	12	5b85a1a141d2fa63d40d9c3b4272321bda6f76fe8599a09b2f150ca49269a193	source_unnamed	unique_full_body_sha256
LF9G003T	0x156A08	LF9L000E	0x1575C0	FUN_00156a08	FUN_001575c0	FUN_00156a08	54	5b884b61339cdea9c6e4cc60bacd1584e4b16f968e38058957be59b1e7d1a515	source_unnamed	unique_full_body_sha256
LF9G003T	0x1F6E50	LF9L000E	0x200220	timer_channel_init	timer_channel_init	timer_channel_init	120	5bac97c8c374522c06af4c816c5e2b7ffe004df0565309509b557238429a2c4a	already_named	unique_full_body_sha256
LF9G003T	0x10C060	LF9L000E	0x10CBCC	FUN_0010c060	FUN_0010cbcc	FUN_0010c060	84	5baf6b4621cb358508b0c9a5821333d42651f897c84c3a94391aec1a3de00117	source_unnamed	unique_full_body_sha256
LF9G003T	0x1651C4	LF9L000E	0x166B14	FUN_001651c4	FUN_00166b14	FUN_001651c4	180	5bb5d2d4cbdd3636a1a7dc5b62e601c406e8421e6805eb839bf943f3a7a9d81f	source_unnamed	unique_full_body_sha256
LF9G003T	0x1F0E94	LF9L000E	0x1FA264	FUN_001f0e94	FUN_001fa264	FUN_001f0e94	6	5bcd0ca88eca60e44d43ce196a2a64bd7c1db9aa939427af2e46e2105e5325b8	source_unnamed	unique_full_body_sha256
LF9G003T	0xB0532	LF9L000E	0xB07B6	FUN_000b0532	FUN_000b07b6	FUN_000b0532	92	5bd52459e189d3f6e7f5c1829d0b919d9ed349246465153b04316311b3fa466e	source_unnamed	unique_full_body_sha256
LF9G003T	0x2067C0	LF9L000E	0x20FBFC	FUN_002067c0	FUN_0020fbfc	FUN_002067c0	434	5c0a14d06456c17583d2c815bc5232cd07a4c54b2bf0cd7e16e8507ca34cc605	source_unnamed	unique_full_body_sha256
LF9G003T	0x7B59C	LF9L000E	0x7B714	FUN_0007b59c	FUN_0007b714	FUN_0007b59c	40	5c0afc53f604b9eec557f19e852361bd8cef040641180b66d6d12abf1c013406	source_unnamed	unique_full_body_sha256
LF9G003T	0xCD5B4	LF9L000E	0xCDC70	uds_22_did_table_lookup	uds_22_did_table_lookup	uds_22_did_table_lookup	384	5c2dfe894ab2ba97f25f0a6acf429c2b9ac103f901cd28bb009f01a9eb0d9cb9	already_named	unique_full_body_sha256
LF9G003T	0x15BAE8	LF9L000E	0x15C6A0	FUN_0015bae8	FUN_0015c6a0	FUN_0015bae8	50	5c45c38de08d3cb597c8c0af168d7e89945cfbb66052d6560ed67ef303209a9c	source_unnamed	unique_full_body_sha256
LF9G003T	0x1F1BE0	LF9L000E	0x1FAFB0	FUN_001f1be0	FUN_001fafb0	FUN_001f1be0	52	5c7c5c92c04d4b008258696db574590d3d6cef02d71a788e33df72061c981b23	source_unnamed	unique_full_body_sha256
LF9G003T	0x138DFC	LF9L000E	0x1399B8	FUN_00138dfc	FUN_001399b8	FUN_00138dfc	170	5c7dd38940a94e441672513ad56d53d5ba0486b2d3ed3bd58b0ad124d8d11df6	source_unnamed	unique_full_body_sha256
LF9G003T	0x1F21A4	LF9L000E	0x1FB574	FUN_001f21a4	FUN_001fb574	FUN_001f21a4	10	5c92a6323de31d70f28da23226250a9526c70378ed5603b8e4434f1f0c5f161b	source_unnamed	unique_full_body_sha256
LF9G003T	0x128AC0	LF9L000E	0x12966C	FUN_00128ac0	FUN_0012966c	FUN_00128ac0	72	5c99232a0c4d2851f957548eccfe72cc83b6d3da2eeb62b639348348aee21e4b	source_unnamed	unique_full_body_sha256
LF9G003T	0x1C209C	LF9L000E	0x1CB3DC	FUN_001c209c	FUN_001cb3dc	FUN_001c209c	112	5ca518629e4d14cc7d40d44cf8577f63d94b027030fc8dd9fa0a93fa42d50eed	source_unnamed	unique_full_body_sha256
LF9G003T	0xAC27A	LF9L000E	0xAC4FE	FUN_000ac27a	FUN_000ac4fe	FUN_000ac27a	30	5caa6b3846600da2cccd539cb4aea831191cbc0ead20471d31ec256d9f5973e3	source_unnamed	unique_full_body_sha256
LF9G003T	0x161CF4	LF9L000E	0x163498	FUN_00161cf4	FUN_00163498	FUN_00161cf4	48	5cb72da0e849fdb3f0ca141fc0dd1b82d53b0c9d3dd565406d28bcc5093b9041	source_unnamed	unique_full_body_sha256
LF9G003T	0x164840	LF9L000E	0x1661E0	FUN_00164840	FUN_001661e0	FUN_00164840	108	5cd8e3aae5b163c8ff58973d8c3fad749bee010a1847890a06a012bcb0feda71	source_unnamed	unique_full_body_sha256
LF9G003T	0x131CF0	LF9L000E	0x13289C	FUN_00131cf0	FUN_0013289c	FUN_00131cf0	154	5ce6a1f2a2c45042e0f8b192dd6235ed0f000f4458a55af23488722777174786	source_unnamed	unique_full_body_sha256
LF9G003T	0x1561E8	LF9L000E	0x156DA0	FUN_001561e8	FUN_00156da0	FUN_001561e8	384	5d0815d6099c257fffed1752d25ff1291ee11442744fd971c2acefc21a84ffa3	source_unnamed	unique_full_body_sha256
LF9G003T	0x13BD2C	LF9L000E	0x13C8E8	FUN_0013bd2c	FUN_0013c8e8	FUN_0013bd2c	20	5d189d3061a0ce3a349827748822b017fdaed6a209c5aa2f531f3774ef57cdfb	source_unnamed	unique_full_body_sha256
LF9G003T	0xD97AC	LF9L000E	0xDA2E8	FUN_000d97ac	FUN_000da2e8	FUN_000d97ac	40	5d1b34ac6058caae9c5c17999f6228ddafc4b3c470de1dda448a58cce8a78947	source_unnamed	unique_full_body_sha256
LF9G003T	0x13A9D0	LF9L000E	0x13B58C	FUN_0013a9d0	FUN_0013b58c	FUN_0013a9d0	134	5d49840f4ce74d4ca9d14f179b8d55744178ecbc92659f936c383a0077cc951c	source_unnamed	unique_full_body_sha256
LF9G003T	0x89FD2	LF9L000E	0x8A256	FUN_00089fd2	FUN_0008a256	FUN_00089fd2	36	5d52b7cffc3f3b5932fd9d2703dd82c6a6250cff449a67b2c5f20dfda7591203	source_unnamed	unique_full_body_sha256
LF9G003T	0x1F221C	LF9L000E	0x1FB5EC	FUN_001f221c	FUN_001fb5ec	FUN_001f221c	10	5d59dc0539d5e68a47584b5870c82ff37ad7fbf7f7f3301ef8b7b3b72a24bbed	source_unnamed	unique_full_body_sha256
LF9G003T	0x7A95A	LF9L000E	0x7AAD2	FUN_0007a95a	FUN_0007aad2	FUN_0007a95a	134	5d5af070f07d62367e625e9e7095e7a2f63a3acadf4ffc658b016c381efc1660	source_unnamed	unique_full_body_sha256
LF9G003T	0xA15A0	LF9L000E	0xA1824	FUN_000a15a0	FUN_000a1824	FUN_000a15a0	42	5d697dc9a7312793218d8846cf9ea888e2998d558144c98217111e182e7d3741	source_unnamed	unique_full_body_sha256
LF9G003T	0xD4F46	LF9L000E	0xD569A	FUN_000d4f46	FUN_000d569a	FUN_000d4f46	36	5d6baf3d025397bf00ad2bc06508d840c284418c1327592025b74b9a734f08ca	source_unnamed	unique_full_body_sha256
LF9G003T	0x1ECB74	LF9L000E	0x1F5F44	hcan_stat_bit8_read	hcan_stat_bit8_read	hcan_stat_bit8_read	10	5d6c254d19bff9285c368ca291960e061cf3d7011b43c22f9fa92f3ddee1950d	already_named	unique_full_body_sha256
LF9G003T	0x209E48	LF9L000E	0x213284	FUN_00209e48	FUN_00213284	FUN_00209e48	92	5d6e0895373366a9c23f001b45eb371e932e56b1693f6d967b1f13c253bab356	source_unnamed	unique_full_body_sha256
LF9G003T	0xB73BE	LF9L000E	0xB772A	FUN_000b73be	FUN_000b772a	FUN_000b73be	128	5d785892678d471a8d4eb843b7c4c149f90c9151ecde571ba1a6d2b30333a827	source_unnamed	unique_full_body_sha256
LF9G003T	0x129CA0	LF9L000E	0x12A84C	FUN_00129ca0	FUN_0012a84c	FUN_00129ca0	10	5d817af141c2f3378ec0f039db8e0c3a371309e8db179b7ba6099972f04f310f	source_unnamed	unique_full_body_sha256
LF9G003T	0x20278A	LF9L000E	0x20BBC6	FUN_0020278a	FUN_0020bbc6	FUN_0020278a	126	5d97d13d32299fb23c31dc1675b1b061649db0293fd21667fdf56a8dc0570ad4	source_unnamed	unique_full_body_sha256
LF9G003T	0xF3A80	LF9L000E	0xF45EC	FUN_000f3a80	FUN_000f45ec	FUN_000f3a80	264	5d9a0b6d727ae38a21a640b6fe06d4d90605460aa648892d26fe284bc308b925	source_unnamed	unique_full_body_sha256
LF9G003T	0x27EDDE	LF9L000E	0x27EF72	FUN_0027edde	FUN_0027ef72	FUN_0027edde	16	5da18081222aed98f974eca5db9f1ff89e4bf8577c08b44dbd3680338e2e13f2	source_unnamed	unique_full_body_sha256
LF9G003T	0x1F103C	LF9L000E	0x1FA40C	FUN_001f103c	FUN_001fa40c	FUN_001f103c	44	5db2733124323850dd5263fcbe4cb786cce961c5f2616e8e6dbf55966e21899d	source_unnamed	unique_full_body_sha256
LF9G003T	0xB48D8	LF9L000E	0xB4C44	FUN_000b48d8	FUN_000b4c44	FUN_000b48d8	14	5df1e39768b22e0d4fb9851840f6787ca6fba99dcd1ca80b2c54d2cc9d1d1549	source_unnamed	unique_full_body_sha256
LF9G003T	0xAB832	LF9L000E	0xABAB6	FUN_000ab832	FUN_000abab6	FUN_000ab832	70	5e32d625715e10356a48d9637ada942e33ac0349cff214be6affadb7cdbf5a4b	source_unnamed	unique_full_body_sha256
LF9G003T	0xF8F04	LF9L000E	0xF9A70	FUN_000f8f04	FUN_000f9a70	FUN_000f8f04	30	5e399291210964c60273d5d12b88cfb36a26e4a3235a3d95491fd6d70f624b96	source_unnamed	unique_full_body_sha256
LF9G003T	0x1F9794	LF9L000E	0x202B64	FUN_001f9794	FUN_00202b64	FUN_001f9794	10	5e420df0013c8a63a78132da4535d469442602063c9c3fbe632e8a34b962df14	source_unnamed	unique_full_body_sha256
LF9G003T	0x7E42C	LF9L000E	0x7E5A4	FUN_0007e42c	FUN_0007e5a4	FUN_0007e42c	128	5e87eba83bf9e562b6c5db3e4616ec98491c40005083bde3c5c64d81a5ef21d7	source_unnamed	unique_full_body_sha256
LF9G003T	0x14D354	LF9L000E	0x14DF0C	FUN_0014d354	FUN_0014df0c	FUN_0014d354	74	5e8c31b31c2956d37813955c1a9a7cf83fb764aa05554d6a6fe6df8caec46387	source_unnamed	unique_full_body_sha256
LF9G003T	0xBF968	LF9L000E	0xBFD54	FUN_000bf968	FUN_000bfd54	FUN_000bf968	16	5e9181c91c360f71f57239aa0605c6514525d20bd1826ddef6dab464769db97f	source_unnamed	unique_full_body_sha256
LF9G003T	0x1F7D5A	LF9L000E	0x20112A	FUN_001f7d5a	FUN_0020112a	FUN_001f7d5a	8	5eb80a9e860f0b456e1db60ada03d22448fb9d0ecfc908121d76d3b0d66cb22a	source_unnamed	unique_full_body_sha256
LF9G003T	0x27D706	LF9L000E	0x27D89A	FUN_0027d706	FUN_0027d89a	FUN_0027d706	6	5ec01c57288ed49324a950ea1e40ca76eb395994baec3780b9128c8e3854532e	source_unnamed	unique_full_body_sha256
LF9G003T	0xC3A02	LF9L000E	0xC3DFE	FUN_000c3a02	FUN_000c3dfe	FUN_000c3a02	424	5ec57cb9a33a371eb6ed86a7df2e05b73c7d167a1a0f90f2b749f0a22f2de774	source_unnamed	unique_full_body_sha256
LF9G003T	0x1937C8	LF9L000E	0x19AFE8	FUN_001937c8	FUN_0019afe8	FUN_001937c8	16	5edbf964cca8b1f9a2b63a2d383de9994bc24bf7f9891dcc8e5a071b491e7700	source_unnamed	unique_full_body_sha256
LF9G003T	0x1EF3F4	LF9L000E	0x1F87C4	FUN_001ef3f4	FUN_001f87c4	FUN_001ef3f4	18	5f03f1d5cc8330acf1bb33d841239bc69c306b1c4d98ea189eb74c5fbf369045	source_unnamed	unique_full_body_sha256
LF9G003T	0x1F97A8	LF9L000E	0x202B78	FUN_001f97a8	FUN_00202b78	FUN_001f97a8	10	5f15732b4d8a5b96cbea2922c6ba23780ed102417172fb3a1765b6037b3d66ee	source_unnamed	unique_full_body_sha256
LF9G003T	0xC620A	LF9L000E	0xC6606	FUN_000c620a	FUN_000c6606	FUN_000c620a	70	5f3b74b10a08940343bd82f5a293daefbdd07af873e47f0d8800069a41160d1a	source_unnamed	unique_full_body_sha256
LF9G003T	0x131DF4	LF9L000E	0x1329A0	FUN_00131df4	FUN_001329a0	FUN_00131df4	130	5f4648f660af1fbd91578114bd289dc0dee11ac81bd9e79c4972634fbdbce9f9	source_unnamed	unique_full_body_sha256
LF9G003T	0x70BC	LF9L000E	0x70BC	FUN_000070bc	FUN_000070bc	FUN_000070bc	216	5f54208f26b5356876f5df454608b8292302aa4a3bb46d9533ed699c9784d466	source_unnamed	unique_full_body_sha256
LF9G003T	0x15B400	LF9L000E	0x15BFB8	FUN_0015b400	FUN_0015bfb8	FUN_0015b400	78	5f7916cae1f9499230e58d1b5f858103e9e2be698d47896c81f0b68718cb4eb8	source_unnamed	unique_full_body_sha256
LF9G003T	0x2051C4	LF9L000E	0x20E600	FUN_002051c4	FUN_0020e600	FUN_002051c4	36	5f8ef3905dea549110be7c0cacbcdea3f5138ca98d84c098dcb0ade0bb90d058	source_unnamed	unique_full_body_sha256
LF9G003T	0x12B124	LF9L000E	0x12BCD0	FUN_0012b124	FUN_0012bcd0	FUN_0012b124	338	5f9828793edc842a224c331abd25dd6955d5f709c178dd50dee27131ebaf6c60	source_unnamed	unique_full_body_sha256
LF9G003T	0x79F5E	LF9L000E	0x7A0D6	FUN_00079f5e	FUN_0007a0d6	FUN_00079f5e	58	5f9d4a6991698749c4d71f992232ac774689b7d57ed2821e3600032611fe7275	source_unnamed	unique_full_body_sha256
LF9G003T	0xC13D0	LF9L000E	0xC17BC	FUN_000c13d0	FUN_000c17bc	FUN_000c13d0	432	5fa090871a45aa24af2bf8e3c898d00857781538b3738c78293b17af809f6990	source_unnamed	unique_full_body_sha256
LF9G003T	0x1F4706	LF9L000E	0x1FDAD6	FUN_001f4706	FUN_001fdad6	FUN_001f4706	6	5fa1c92f7b6031f19f4f9d42e941b5216d9b180797b44c0323833f381451ee32	source_unnamed	unique_full_body_sha256
LF9G003T	0xB5A28	LF9L000E	0xB5D94	FUN_000b5a28	FUN_000b5d94	FUN_000b5a28	102	5fa3a726584eea4631ab7fc1edc4638cfc967b6a95fd52de6db6cda69d82be7b	source_unnamed	unique_full_body_sha256
LF9G003T	0x13BF88	LF9L000E	0x13CB44	FUN_0013bf88	FUN_0013cb44	FUN_0013bf88	24	5fb816e9d668b9dc580d82888534995a8665cc413cada16ced9528d81dfe4c08	source_unnamed	unique_full_body_sha256
LF9G003T	0x1F3BCC	LF9L000E	0x1FCF9C	FUN_001f3bcc	FUN_001fcf9c	FUN_001f3bcc	208	5fbcdead34fe68873c9526ad17e15ce3cd779c65238181cb71ce2471d12ea927	source_unnamed	unique_full_body_sha256
LF9G003T	0x1B3F60	LF9L000E	0x1BD1DC	FUN_001b3f60	FUN_001bd1dc	FUN_001b3f60	132	5fec0499619150c0d656375a60727dfc6b5dfa39148a7160809bfa42e18f15a6	source_unnamed	unique_full_body_sha256
LF9G003T	0x1F21B8	LF9L000E	0x1FB588	FUN_001f21b8	FUN_001fb588	FUN_001f21b8	10	605372fb0a66f3b0f8442844c945bd80dd4e81e2c030f64882d16606391b34e3	source_unnamed	unique_full_body_sha256
LF9G003T	0x16ADD4	LF9L000E	0x16C724	FUN_0016add4	FUN_0016c724	FUN_0016add4	38	6073bca0efc4e2b3486fda01ab9b23d9aacd561ced6b503514513b50878b0705	source_unnamed	unique_full_body_sha256
LF9G003T	0x167FBC	LF9L000E	0x16990C	FUN_00167fbc	FUN_0016990c	FUN_00167fbc	58	607f26b2d45a4f3dab07082a8439c6cdfd66ea89ff664004707d425273029aa8	source_unnamed	unique_full_body_sha256
LF9G003T	0x1CF930	LF9L000E	0x1D8CD8	FUN_001cf930	FUN_001d8cd8	FUN_001cf930	54	6084b5543e5317d68d67fd7fbade69dc72cbc4cab2aca767d67aa58aa34fb7ad	source_unnamed	unique_full_body_sha256
LF9G003T	0x1EDDFE	LF9L000E	0x1F71CE	FUN_001eddfe	FUN_001f71ce	FUN_001eddfe	6	60adc480c59c1d8df38a426058ed69e3063a5f44eb43f4fc10a184ef2bb4351a	source_unnamed	unique_full_body_sha256
LF9G003T	0x1C93C0	LF9L000E	0x1D2768	interp_1d_desc_axis_u16_data_u8	interp_1d_desc_axis_u16_data_u8	interp_1d_desc_axis_u16_data_u8	98	60bedf2aa7c5a26a8e3580915a5edd2b94f789149e1dd924f25f694baa6f4b25	already_named	unique_full_body_sha256
LF9G003T	0xB3F6E	LF9L000E	0xB42DA	FUN_000b3f6e	FUN_000b42da	FUN_000b3f6e	138	60c0c678252eafebbad11aeb690b4236a667bb5fbd8694cbad370cb345538126	source_unnamed	unique_full_body_sha256
LF9G003T	0x206D60	LF9L000E	0x21019C	FUN_00206d60	FUN_0021019c	FUN_00206d60	10	60dd26b548c1465e1ed52c84d2fddcad223284dd7b04ea8e49a3127758677fdf	source_unnamed	unique_full_body_sha256
LF9G003T	0x27EEF8	LF9L000E	0x27F08C	FUN_0027eef8	FUN_0027f08c	FUN_0027eef8	62	60e3c6cf3702e26edf8ba082f62e5da6ca51897bb64742a3e0786a0fcaf057a7	source_unnamed	unique_full_body_sha256
LF9G003T	0x20521A	LF9L000E	0x20E656	FUN_0020521a	FUN_0020e656	FUN_0020521a	30	60f40b58dd044169f5eca7bf7f92a501cc1db4bc6543932c161ebeefabad282a	source_unnamed	unique_full_body_sha256
LF9G003T	0x1288B4	LF9L000E	0x129460	FUN_001288b4	FUN_00129460	FUN_001288b4	164	6103fe37810a0ea7faf4444f37a4354c62a50e8b2c027d09a7a26c851713390f	source_unnamed	unique_full_body_sha256
LF9G003T	0x1A30B8	LF9L000E	0x1AC254	FUN_001a30b8	FUN_001ac254	FUN_001a30b8	26	6106fe4d8444f68ecbffb4612238ca382a09ff531ed01d176749bd66aab2a10c	source_unnamed	unique_full_body_sha256
LF9G003T	0x16259C	LF9L000E	0x163FA4	FUN_0016259c	FUN_00163fa4	FUN_0016259c	110	614df5cd4e9df3bd01e7cf699c66ad4cae536cb0a0502dd570554822af1ef9bd	source_unnamed	unique_full_body_sha256
LF9G003T	0x1ECBFC	LF9L000E	0x1F5FCC	can_write_rc_wrap	can_write_rc_wrap	can_write_rc_wrap	24	61675a5c8b8c6b1a6d36f3be42ffae76a36e7644e8d67007b71fde388f8e3fc5	already_named	unique_full_body_sha256
LF9G003T	0x207B4A	LF9L000E	0x210F86	FUN_00207b4a	FUN_00210f86	FUN_00207b4a	50	616abafdbc1aa10671cf0c081be860ab0fdaef5eeb21d7ba6820fe0498bc8b5a	source_unnamed	unique_full_body_sha256
LF9G003T	0xD6378	LF9L000E	0xD6ACC	flag_mirror_update_2way	flag_mirror_update_2way	flag_mirror_update_2way	22	6180199f5f0b83359e4cd99c633149c46f2f07b41fd3e75b2c107d427d771c10	already_named	unique_full_body_sha256
LF9G003T	0x75D8	LF9L000E	0x75D8	FUN_000075d8	FUN_000075d8	FUN_000075d8	60	619bf632080cd0ae5db6c69a3a617bf6a525177d947daa799eb5bf3731cc40e8	source_unnamed	unique_full_body_sha256
LF9G003T	0x127DA4	LF9L000E	0x128950	FUN_00127da4	FUN_00128950	FUN_00127da4	140	61d6a5d8900a47d409ae97ec616e4d38c03b85d19c01f5b21fbf4f80000dc647	source_unnamed	unique_full_body_sha256
LF9G003T	0x1F4AD2	LF9L000E	0x1FDEA2	FUN_001f4ad2	FUN_001fdea2	FUN_001f4ad2	8	61e7b956bb3835657d4e64b223603c86f88f4728705edffcd51c9143e97a3d09	source_unnamed	unique_full_body_sha256
LF9G003T	0x1F46F0	LF9L000E	0x1FDAC0	FUN_001f46f0	FUN_001fdac0	FUN_001f46f0	6	6228264d74e16040612ab32b122b471564127c9210e567e8e8adbd638ed49c3a	source_unnamed	unique_full_body_sha256
LF9G003T	0x1286D0	LF9L000E	0x12927C	FUN_001286d0	FUN_0012927c	FUN_001286d0	118	62413bda65628a84d9ae30efc1e9ef2e6017a6e5385b099ebac78bb0274f6236	source_unnamed	unique_full_body_sha256
LF9G003T	0x7DBB2	LF9L000E	0x7DD2A	FUN_0007dbb2	FUN_0007dd2a	FUN_0007dbb2	282	6243f4e9f45c48ddab637a223b92d65c58b4fc658688004883e39726bbf2449d	source_unnamed	unique_full_body_sha256
LF9G003T	0x1E12B8	LF9L000E	0x1EA680	FUN_001e12b8	FUN_001ea680	FUN_001e12b8	90	62605e4c726ef82821f859a4d94b8269739d9a7155a2f9e8c75e1785fb485e85	source_unnamed	unique_full_body_sha256
LF9G003T	0x8EE5A	LF9L000E	0x8F0DE	FUN_0008ee5a	FUN_0008f0de	FUN_0008ee5a	68	626682a940d73477929254294afaebca6dfc73e8b83ea329297bbca144e43f12	source_unnamed	unique_full_body_sha256
LF9G003T	0x20B0D0	LF9L000E	0x21450C	check_wait_allowed	check_wait_allowed	check_wait_allowed	24	6294c092a010f1d769c3b5bebdabcee8e987b7afea46947193c76bbd352aa280	already_named	unique_full_body_sha256
LF9G003T	0x9CB9A	LF9L000E	0x9CE1E	FUN_0009cb9a	FUN_0009ce1e	FUN_0009cb9a	554	62959095f475048d237949d9f486d65fa879a8e574e8cb3a487847408e4d04e5	source_unnamed	unique_full_body_sha256
LF9G003T	0xC8050	LF9L000E	0xC844C	FUN_000c8050	FUN_000c844c	FUN_000c8050	170	629ba48ca434d2a4d00a3064ad5c7e4753bab32e6d4770a314cc0548e459fa5c	source_unnamed	unique_full_body_sha256
LF9G003T	0xE0180	LF9L000E	0xE0CBC	FUN_000e0180	FUN_000e0cbc	FUN_000e0180	52	62a5a5eafc6795133f5c6d01a47b2198233f675db3c377c3dd35689558346d72	source_unnamed	unique_full_body_sha256
LF9G003T	0x7A0B4	LF9L000E	0x7A22C	FUN_0007a0b4	FUN_0007a22c	FUN_0007a0b4	152	62debae641ca3c150c4c5c114d4456ee98feedd322e91cf6d15bf1a7dc646572	source_unnamed	unique_full_body_sha256
LF9G003T	0x207FA2	LF9L000E	0x2113DE	FUN_00207fa2	FUN_002113de	FUN_00207fa2	26	62e6734adf0af6a705efc288062dff4f0605509514c953a481ed08e621cd294d	source_unnamed	unique_full_body_sha256
LF9G003T	0x27D70C	LF9L000E	0x27D8A0	FUN_0027d70c	FUN_0027d8a0	FUN_0027d70c	6	62ed5561922cf04471225fd9dd583c7cd9924ec9347a9b582f0805ad58e45d50	source_unnamed	unique_full_body_sha256
LF9G003T	0x12D480	LF9L000E	0x12E02C	FUN_0012d480	FUN_0012e02c	FUN_0012d480	40	63008252684d780b6f17981e658c162af7825bc8c931abe8531912144305cbf3	source_unnamed	unique_full_body_sha256
LF9G003T	0x73BC	LF9L000E	0x73BC	FUN_000073bc	FUN_000073bc	FUN_000073bc	38	630255e4a10da2cb51a2ac7ec8b0a7787d0a9792f95efb660652a4ca97703055	source_unnamed	unique_full_body_sha256
LF9G003T	0x1542B0	LF9L000E	0x154E68	FUN_001542b0	FUN_00154e68	FUN_001542b0	46	634b0be87e3660fc51961ef4496e44b033230843b822ccee115d8d1768f1acb3	source_unnamed	unique_full_body_sha256
LF9G003T	0x142998	LF9L000E	0x143550	FUN_00142998	FUN_00143550	FUN_00142998	64	6354e148dbf721cb74074b912499ed9264a8c060e0a13fb69ef8b32193da0284	source_unnamed	unique_full_body_sha256
LF9G003T	0x1F3E16	LF9L000E	0x1FD1E6	frame_gear_block_zero	frame_gear_block_zero	frame_gear_block_zero	72	6369821b7c7be2d78cd11a599dd46d6eb7ab635eb82295b75a3aee98311b03a3	already_named	unique_full_body_sha256
LF9G003T	0xF41C8	LF9L000E	0xF4D34	FUN_000f41c8	FUN_000f4d34	FUN_000f41c8	450	638afd6516d701a943c6c4932b361364353f0ded9b5878ad0ec10fe836c25b58	source_unnamed	unique_full_body_sha256
LF9G003T	0x1FF3C0	LF9L000E	0x2087FC	FUN_001ff3c0	FUN_002087fc	FUN_001ff3c0	110	638b3b6905f7920efc142299ead8f9111c61087c457101cc78d71c922c0c2ddc	source_unnamed	unique_full_body_sha256
LF9G003T	0x1E21F0	LF9L000E	0x1EB5B8	FUN_001e21f0	FUN_001eb5b8	FUN_001e21f0	10	63b4380c582f921437247ce4a3236a65f55bf45d9fcfe751122f569ed05360c8	source_unnamed	unique_full_body_sha256
LF9G003T	0x159510	LF9L000E	0x15A0C8	FUN_00159510	FUN_0015a0c8	FUN_00159510	44	63b6aab74cf7f6a1b3c7009674c3628209adba2ea862fb834b6fd4c390f9ce58	source_unnamed	unique_full_body_sha256
LF9G003T	0x15CE40	LF9L000E	0x15D9F8	FUN_0015ce40	FUN_0015d9f8	FUN_0015ce40	1094	63e18b3afc746c419f3c7072fdc0c59bcde7fa794aae04ff7d045fd80188a700	source_unnamed	unique_full_body_sha256
LF9G003T	0x1F1940	LF9L000E	0x1FAD10	FUN_001f1940	FUN_001fad10	FUN_001f1940	44	63f34354b698840f37a60428851c345f69b3f409e824a1e0f19375b7c395f595	source_unnamed	unique_full_body_sha256
LF9G003T	0x1F22AC	LF9L000E	0x1FB67C	FUN_001f22ac	FUN_001fb67c	FUN_001f22ac	44	6472d27c0a0ecf71e14a8f30d5b8f152ce08999e56819949aa011c426f0b580f	source_unnamed	unique_full_body_sha256
LF9G003T	0x1AC7C8	LF9L000E	0x1B5964	FUN_001ac7c8	FUN_001b5964	FUN_001ac7c8	46	648f692f0661de67f57f93eeaff6d5d8ed8320b9d12309e5e8cb8f7faf481c23	source_unnamed	unique_full_body_sha256
LF9G003T	0x9608C	LF9L000E	0x96310	FUN_0009608c	FUN_00096310	FUN_0009608c	354	64b5a90e3898d960ca3710e9a492a92a4d3c7faab2c46ba7828ded0d50400dcb	source_unnamed	unique_full_body_sha256
LF9G003T	0xB69C4	LF9L000E	0xB6D30	FUN_000b69c4	FUN_000b6d30	FUN_000b69c4	244	64b7214debe40ee4fa74534d0be0125d78aeb22e87cd4dadc516c6870600ebba	source_unnamed	unique_full_body_sha256
LF9G003T	0x7B868	LF9L000E	0x7B9E0	FUN_0007b868	FUN_0007b9e0	FUN_0007b868	58	64c23834af964da3e5a93600a74121510ed620cb6f7e126185abf0e4013194f8	source_unnamed	unique_full_body_sha256
LF9G003T	0x137320	LF9L000E	0x137EDC	FUN_00137320	FUN_00137edc	FUN_00137320	32	64f1377c5aa619db7643b2dc8f658228a474d8e12c2398eac34008d7dbd80609	source_unnamed	unique_full_body_sha256
LF9G003T	0xCEBDA	LF9L000E	0xCF296	FUN_000cebda	FUN_000cf296	FUN_000cebda	18	64fa0bdd5facb8384d5edf7b416419edee8df6db7c1342c15797df46e6c627f2	source_unnamed	unique_full_body_sha256
LF9G003T	0x2066BC	LF9L000E	0x20FAF8	FUN_002066bc	FUN_0020faf8	FUN_002066bc	10	6531eab80e5aedf2002498f5fab623840db2ebfb47e86e02211b4f03e62e202f	source_unnamed	unique_full_body_sha256
LF9G003T	0x1F9888	LF9L000E	0x202C58	FUN_001f9888	FUN_00202c58	FUN_001f9888	26	6532002d2279b907413f2674df922cd227deaef5ffa9c6a25c4aad9a20abf8fb	source_unnamed	unique_full_body_sha256
LF9G003T	0xE34D8	LF9L000E	0xE403C	FUN_000e34d8	FUN_000e403c	FUN_000e34d8	26	6535495161c2d72255843f3e85121a06d4e7f9c55fb50958af13585c4b47e0b8	source_unnamed	unique_full_body_sha256
LF9G003T	0x169BDC	LF9L000E	0x16B52C	FUN_00169bdc	FUN_0016b52c	FUN_00169bdc	80	655146de51c676e711b299b94a4fb6dac94c6c8faf34205620b7ce04c2c72b75	source_unnamed	unique_full_body_sha256
LF9G003T	0xB89B4	LF9L000E	0xB8DA0	saturating_signed_mul	saturating_signed_mul	saturating_signed_mul	52	6555130a973eb84932bd96670228a4df85ce99cc081efe62b9ca5fb5658c6b0b	already_named	unique_full_body_sha256
LF9G003T	0x1F4644	LF9L000E	0x1FDA14	FUN_001f4644	FUN_001fda14	FUN_001f4644	8	6555dfb4c3f1d2cc4bb04fe160b5678c9e585e842fe4bc2e93ebb663fba2fbc5	source_unnamed	unique_full_body_sha256
LF9G003T	0x1453C0	LF9L000E	0x145F78	FUN_001453c0	FUN_00145f78	FUN_001453c0	228	655e518b2a05bbc421f51efffbea216b447f051a1e1c1ef6b9849360c9022b15	source_unnamed	unique_full_body_sha256
LF9G003T	0x1CDB08	LF9L000E	0x1D6EB0	interp_2d_ax_u16_u8_data_u_v5	interp_2d_ax_u16_u8_data_u_v5	interp_2d_ax_u16_u8_data_u_v5	288	658f3a0e680dcff320f190071e30aed50208a09a9a1cc5165d8720cb59a0787a	already_named	unique_full_body_sha256
LF9G003T	0x15B450	LF9L000E	0x15C008	FUN_0015b450	FUN_0015c008	FUN_0015b450	28	65be3e305072e8b61745907ef68c72df888a6068d385fa7194042084e48b10e8	source_unnamed	unique_full_body_sha256
LF9G003T	0x13FC2C	LF9L000E	0x1407E4	FUN_0013fc2c	FUN_001407e4	FUN_0013fc2c	16	65f700fa7b95423ed86e78572d28f1808d7f71876671b5ca5cfc6c325183b176	source_unnamed	unique_full_body_sha256
LF9G003T	0x2095E8	LF9L000E	0x212A24	umul_32x32_to_64	umul_32x32_to_64	umul_32x32_to_64	98	65fe803d261dab1955d4021646af63b07f92f1796c7aed2461ed8382d7a21837	already_named	unique_full_body_sha256
LF9G003T	0x27E508	LF9L000E	0x27E69C	FUN_0027e508	FUN_0027e69c	FUN_0027e508	104	6615839cc81f5d9bcf7b6970e516326404f49fbd920afbe2a3a805288fab7120	source_unnamed	unique_full_body_sha256
LF9G003T	0x7394	LF9L000E	0x7394	FUN_00007394	FUN_00007394	FUN_00007394	26	6645ef2e61d2359b87314540f34677aa05ccf09de9ee0d80bc4a523f7c9bfb3e	source_unnamed	unique_full_body_sha256
LF9G003T	0x207D18	LF9L000E	0x211154	FUN_00207d18	FUN_00211154	FUN_00207d18	138	664eb11786fc1d9bbfe374053bd82761935b7d4cf2e8ea1408c5f9daf78c527e	source_unnamed	unique_full_body_sha256
LF9G003T	0xA15CA	LF9L000E	0xA184E	FUN_000a15ca	FUN_000a184e	FUN_000a15ca	108	6675690ea693f02d4420428f4795b49905c369376c72b941e70416bd9bf9d62a	source_unnamed	unique_full_body_sha256
LF9G003T	0xDBCD4	LF9L000E	0xDC810	FUN_000dbcd4	FUN_000dc810	FUN_000dbcd4	82	66876c2fe8c0dc1fa138fef8e4b66edfa8580698254a7789af0a8aa75f8627ee	source_unnamed	unique_full_body_sha256
LF9G003T	0x19DA50	LF9L000E	0x1A6BF0	FUN_0019da50	FUN_001a6bf0	FUN_0019da50	32	669126694667e1774118ce49dd40ed0d90af32c2c63c5c2ecb5845f4a8a285cc	source_unnamed	unique_full_body_sha256
LF9G003T	0x1EDCD0	LF9L000E	0x1F70A0	cal_table_get_word3	cal_table_get_word3	cal_table_get_word3	10	66917733222e83fdc5826c000bd5298f2ff0a8b2d7d4314cda7bac759a4cb7b8	already_named	unique_full_body_sha256
LF9G003T	0x129344	LF9L000E	0x129EF0	FUN_00129344	FUN_00129ef0	FUN_00129344	52	66ae3f90665465c29546b302a6bffd422b55f8da083e841598e7edc9f50dfdb0	source_unnamed	unique_full_body_sha256
LF9G003T	0xAE28C	LF9L000E	0xAE510	FUN_000ae28c	FUN_000ae510	FUN_000ae28c	14	66cbc1cfa35955ca49fc8f335580a13eec7f1f5798ac6d5ccb941031129e22f2	source_unnamed	unique_full_body_sha256
LF9G003T	0x94F60	LF9L000E	0x951E4	FUN_00094f60	FUN_000951e4	FUN_00094f60	54	66d8c2f6336d5d9ac799f59f8cfe4c3b90367f1cac11e7b49b0a76af17e4b0dc	source_unnamed	unique_full_body_sha256
LF9G003T	0x1EB228	LF9L000E	0x1F45F8	FUN_001eb228	FUN_001f45f8	FUN_001eb228	184	66e730bb54b30b391fa13742d80c3b441f9f43ef1db18b95f0bbfee049a75772	source_unnamed	unique_full_body_sha256
LF9G003T	0x27E4D8	LF9L000E	0x27E66C	FUN_0027e4d8	FUN_0027e66c	FUN_0027e4d8	40	6707011455198772da383d5a370bc0ecbabcd92af3553eff5ec3dfa81deb268b	source_unnamed	unique_full_body_sha256
LF9G003T	0xDE880	LF9L000E	0xDF3BC	FUN_000de880	FUN_000df3bc	FUN_000de880	70	675ad0f2423a3321499a5d4960abeb238b87e15bb3ffe4985e38530129187189	source_unnamed	unique_full_body_sha256
LF9G003T	0x16517C	LF9L000E	0x166ACC	FUN_0016517c	FUN_00166acc	FUN_0016517c	66	676949f9743e4db336b829beb9f9e83ee7ae33af67cc7b3d31f033c52ba56654	source_unnamed	unique_full_body_sha256
LF9G003T	0x204B6C	LF9L000E	0x20DFA8	FUN_00204b6c	FUN_0020dfa8	FUN_00204b6c	10	677bc26272e82f46c2c464e4c4fcba616c078f9d4044f2134240cc459663c26d	source_unnamed	unique_full_body_sha256
LF9G003T	0x13BEBC	LF9L000E	0x13CA78	FUN_0013bebc	FUN_0013ca78	FUN_0013bebc	22	67ab07164d687dc13352a6b7e70ba4ab54b587a2704af133954841dfaa77ccb6	source_unnamed	unique_full_body_sha256
LF9G003T	0x1F7594	LF9L000E	0x200964	FUN_001f7594	FUN_00200964	FUN_001f7594	156	67c3c184364f8cddc33472c43fc00362ead62ffa9fe45fbd7f3cf7743d8ce118	source_unnamed	unique_full_body_sha256
LF9G003T	0x7B9C8	LF9L000E	0x7BB40	FUN_0007b9c8	FUN_0007bb40	FUN_0007b9c8	258	67efff82e6c3523394f651b496635f70ea79ea2a2176d80cfb7d6e1c5cec0b40	source_unnamed	unique_full_body_sha256
LF9G003T	0x20A130	LF9L000E	0x21356C	FUN_0020a130	FUN_0021356c	FUN_0020a130	104	67f9efdc72f07be4a05ae373e30653c46bde94a5fe74b2e3ae3ae5345558845e	source_unnamed	unique_full_body_sha256
LF9G003T	0x209F58	LF9L000E	0x213394	FUN_00209f58	FUN_00213394	FUN_00209f58	68	6821df1e68627099aab3fd33b558b1ff7967be4a6cf2b052257c9af82fdc81eb	source_unnamed	unique_full_body_sha256
LF9G003T	0x1791A0	LF9L000E	0x17FF04	FUN_001791a0	FUN_0017ff04	FUN_001791a0	20	6842ee7f61fc5ac84c3da6a8c9c614ce214dfee08a258a59157d0bc66e8fb6c0	source_unnamed	unique_full_body_sha256
LF9G003T	0xB4FBC	LF9L000E	0xB5328	FUN_000b4fbc	FUN_000b5328	FUN_000b4fbc	66	68490a0abf141bc842f789e388bc5564e9a033dfb91efc6adc01c57542acecd7	source_unnamed	unique_full_body_sha256
LF9G003T	0x1F4A12	LF9L000E	0x1FDDE2	FUN_001f4a12	FUN_001fdde2	FUN_001f4a12	6	686bd4d55fcad052ae0147fd55818a8b6a9758f7e098529f666aab9d89c98b21	source_unnamed	unique_full_body_sha256
LF9G003T	0x1FEFF8	LF9L000E	0x208434	thunk_FUN_0007f230	thunk_FUN_0007f3a8	thunk_FUN_0007f230	6	6875283254a9dfc98fe0e764fdaa2c562bf1f5c51b4e0afd0beee419a77fd80d	source_unnamed	unique_full_body_sha256
LF9G003T	0xC42A4	LF9L000E	0xC46A0	FUN_000c42a4	FUN_000c46a0	FUN_000c42a4	116	68df751819621fe7374c94c60605611cc2c481375094e5e0ebd88796ddf014b1	source_unnamed	unique_full_body_sha256
LF9G003T	0xF4774	LF9L000E	0xF52E0	FUN_000f4774	FUN_000f52e0	FUN_000f4774	36	68df8114a1504232fb5ceb11a50ae99dfa9b152de6ab2546f2e2be7f761a2a0c	source_unnamed	unique_full_body_sha256
LF9G003T	0x1D4F3C	LF9L000E	0x1DE2E4	FUN_001d4f3c	FUN_001de2e4	FUN_001d4f3c	100	68f414950130776d200f08c8b8781e7a383f4e279d3372d0e463fe84593aaf03	source_unnamed	unique_full_body_sha256
LF9G003T	0x9CF14	LF9L000E	0x9D198	FUN_0009cf14	FUN_0009d198	FUN_0009cf14	192	68f9ff349b1ff03e55037ae12abf8beb23c1e637892415aa74d5de55f45d262d	source_unnamed	unique_full_body_sha256
LF9G003T	0x145A08	LF9L000E	0x1465C0	FUN_00145a08	FUN_001465c0	FUN_00145a08	34	692bffaa15a31cf22f6d68c2ebb7e4d647c4b08dfe1139d71939d1d140d90c28	source_unnamed	unique_full_body_sha256
LF9G003T	0x13F2C4	LF9L000E	0x13FE7C	FUN_0013f2c4	FUN_0013fe7c	FUN_0013f2c4	124	693cb5d3506eba29cd446b58c166a9c7f7bd78cd72d5100662f708f9d26c9746	source_unnamed	unique_full_body_sha256
LF9G003T	0x1F7C4E	LF9L000E	0x20101E	FUN_001f7c4e	FUN_0020101e	FUN_001f7c4e	16	6945d062775c7313ca8c77e53174aa724217117a3111fd4b756ad6e8c17c500c	source_unnamed	unique_full_body_sha256
LF9G003T	0x13C0E4	LF9L000E	0x13CCA0	FUN_0013c0e4	FUN_0013cca0	FUN_0013c0e4	24	69ab3f16d7f460a168bd2d736ceebfcd496b8b79d900500cf775420df36716ee	source_unnamed	unique_full_body_sha256
LF9G003T	0x159468	LF9L000E	0x15A020	FUN_00159468	FUN_0015a020	FUN_00159468	14	69b8af72593c0dd37d3279e5a71811c2b474b9532c88fa7c413e1fb4b24d9f96	source_unnamed	unique_full_body_sha256
LF9G003T	0x1F97EC	LF9L000E	0x202BBC	FUN_001f97ec	FUN_00202bbc	FUN_001f97ec	44	69bf5e277854bca8a453d33c071b058668414a8689befe230df00f1cada36a2a	source_unnamed	unique_full_body_sha256
LF9G003T	0xC8CD4	LF9L000E	0xC90D0	FUN_000c8cd4	FUN_000c90d0	FUN_000c8cd4	146	69c605426b276248c404e24414d543e75ee15aace7c08ef188b8c2cd5eb44b0e	source_unnamed	unique_full_body_sha256
LF9G003T	0x166A6C	LF9L000E	0x1683BC	FUN_00166a6c	FUN_001683bc	FUN_00166a6c	70	69c7df5d0367b8d12992cae994cc08df2365a7d3955bc520408d20b5ad75104b	source_unnamed	unique_full_body_sha256
LF9G003T	0x164B64	LF9L000E	0x1664D4	FUN_00164b64	FUN_001664d4	FUN_00164b64	46	69cb17744feb33e927e97130a20305cf677adcfe71eb83e474f632d6e477b3ca	source_unnamed	unique_full_body_sha256
LF9G003T	0x14B0F0	LF9L000E	0x14BCA8	FUN_0014b0f0	FUN_0014bca8	FUN_0014b0f0	100	69d25ebb4fc8dd39a8cb3de45d53657610d4ecbc87605332713b876a897e4ffc	source_unnamed	unique_full_body_sha256
LF9G003T	0x1C3804	LF9L000E	0x1CCB44	FUN_001c3804	FUN_001ccb44	FUN_001c3804	26	69e6181be0cab4a27f72462d65690b1f03d6823e75ad6882c9648d01615e468d	source_unnamed	unique_full_body_sha256
LF9G003T	0x13FF28	LF9L000E	0x140AE0	FUN_0013ff28	FUN_00140ae0	FUN_0013ff28	50	6a0bd40ebdb920dc5c2a2adc580ac5447c430db6a6b507c3b78c95f158db9b94	source_unnamed	unique_full_body_sha256
LF9G003T	0x6B40	LF9L000E	0x6B40	FUN_00006b40	FUN_00006b40	FUN_00006b40	80	6a0df24d4dbc5436ee52fd975d881602f27106a6d2691f9edb98af75b43d330a	source_unnamed	unique_full_body_sha256
LF9G003T	0xA26C8	LF9L000E	0xA294C	FUN_000a26c8	FUN_000a294c	FUN_000a26c8	88	6a2b8d35138021174914c742b1f6d20f7384582635e9df61acf57005f3f66ad0	source_unnamed	unique_full_body_sha256
LF9G003T	0x13D274	LF9L000E	0x13DE30	FUN_0013d274	FUN_0013de30	FUN_0013d274	228	6a41247ef9d046476b1941ab473ef29211e65c02ef37222c167c1f862986925f	source_unnamed	unique_full_body_sha256
LF9G003T	0xBBFA2	LF9L000E	0xBC38E	FUN_000bbfa2	FUN_000bc38e	FUN_000bbfa2	16	6a45de6daa1d02d830a8e078eb00b7f76d0b65647ee4f3db0aea7ce1ce5dc4fa	source_unnamed	unique_full_body_sha256
LF9G003T	0xB4758	LF9L000E	0xB4AC4	FUN_000b4758	FUN_000b4ac4	FUN_000b4758	384	6a508239723791496a28730e330c358d5ff0ddf99f2cfa74c70461247135639a	source_unnamed	unique_full_body_sha256
LF9G003T	0x1ECED0	LF9L000E	0x1F62A0	FUN_001eced0	FUN_001f62a0	FUN_001eced0	14	6a546bd44bd55022288be695a7b11b455fb63f4781a8c528982df802f09ea126	source_unnamed	unique_full_body_sha256
LF9G003T	0x18BFC4	LF9L000E	0x1934EC	FUN_0018bfc4	FUN_001934ec	FUN_0018bfc4	16	6a607f7fb7ae37aae2632f2e9c94654c957e89687a850b8cd0faa10290a71f16	source_unnamed	unique_full_body_sha256
LF9G003T	0x90B3C	LF9L000E	0x90DC0	FUN_00090b3c	FUN_00090dc0	FUN_00090b3c	636	6a7b3ec0f7ad6393d210c5306c065673e7679367869dbe81060fca36827e1587	source_unnamed	unique_full_body_sha256
LF9G003T	0xF3898	LF9L000E	0xF4404	FUN_000f3898	FUN_000f4404	FUN_000f3898	450	6aa72c8635e178d95e1d6e6932256e2b863145d971c42abe24f2d207a6dfe32a	source_unnamed	unique_full_body_sha256
LF9G003T	0xB6904	LF9L000E	0xB6C70	FUN_000b6904	FUN_000b6c70	FUN_000b6904	44	6aad1330d2f6d314c8cdc1fc7b7c71cbc33dd369a3121b615a3b7c92a33572df	source_unnamed	unique_full_body_sha256
LF9G003T	0xD8760	LF9L000E	0xD929C	FUN_000d8760	FUN_000d929c	FUN_000d8760	290	6aada68d605be405418140f355e2a85d97331279a4f65a8519e053f74f26e782	source_unnamed	unique_full_body_sha256
LF9G003T	0x8DA92	LF9L000E	0x8DD16	FUN_0008da92	FUN_0008dd16	FUN_0008da92	258	6ae6c0c1d84b242ee70e2edd4bad7bbd5807f5153ed89fc62f853f3af709d175	source_unnamed	unique_full_body_sha256
LF9G003T	0x206ADC	LF9L000E	0x20FF18	FUN_00206adc	FUN_0020ff18	FUN_00206adc	32	6af5a8085769cdc8623511bc2d79a051b6d31b3753671ff9ff195ad472e7d696	source_unnamed	unique_full_body_sha256
LF9G003T	0x167250	LF9L000E	0x168BA0	FUN_00167250	FUN_00168ba0	FUN_00167250	54	6b07a441d7b6e34815a3b77117e5b55f90fc35090afa1cf36f62e76f6af3574a	source_unnamed	unique_full_body_sha256
LF9G003T	0x92414	LF9L000E	0x92698	FUN_00092414	FUN_00092698	FUN_00092414	18	6b0c3e7aae4b2e1b384ef9cb0a27191d511d89b4c3af8c2e847c31533d7746d5	source_unnamed	unique_full_body_sha256
LF9G003T	0x97208	LF9L000E	0x9748C	FUN_00097208	FUN_0009748c	FUN_00097208	8	6b2fa8422034546c41a5a48f178a7034db83e23582e160f7933928e516bacf38	source_unnamed	unique_full_body_sha256
LF9G003T	0x12CAA0	LF9L000E	0x12D64C	FUN_0012caa0	FUN_0012d64c	FUN_0012caa0	60	6b47569d392784daebc06e3aa4d13a514083f09f19b0673bb45ab70a16734535	source_unnamed	unique_full_body_sha256
LF9G003T	0x7B98E	LF9L000E	0x7BB06	FUN_0007b98e	FUN_0007bb06	FUN_0007b98e	58	6b5100f3f1fe9005615cf4cbf9cf0cfef7ad71b293e88837cb070cf3e9e48f93	source_unnamed	unique_full_body_sha256
LF9G003T	0x12FC78	LF9L000E	0x130824	FUN_0012fc78	FUN_00130824	FUN_0012fc78	84	6b60b353522da101f8725cddc2f1f88fdee2e67eea21939c4113b8dd7497489a	source_unnamed	unique_full_body_sha256
LF9G003T	0x7F4B0	LF9L000E	0x7F628	FUN_0007f4b0	FUN_0007f628	FUN_0007f4b0	14	6b82f8f0dd32bbd8975e057060cc295b3b6e257a2b804ac284156ea42ef5f699	source_unnamed	unique_full_body_sha256
LF9G003T	0xB7CD8	LF9L000E	0xB8044	FUN_000b7cd8	FUN_000b8044	FUN_000b7cd8	88	6b88c0634b61c7f99b59dd86df7573cf3039c3f5d8e8f46869954e09ee4859ba	source_unnamed	unique_full_body_sha256
LF9G003T	0xBF10C	LF9L000E	0xBF4F8	FUN_000bf10c	FUN_000bf4f8	FUN_000bf10c	448	6b8aff4b1337c7742883c4ccb2a5dadb2a982c9b15233cb7d3a85c055970c007	source_unnamed	unique_full_body_sha256
LF9G003T	0xAA2CC	LF9L000E	0xAA550	FUN_000aa2cc	FUN_000aa550	FUN_000aa2cc	62	6b8e4060e0b4774e01a799e1da458cd9304e282fb92f6925fb87085b43f75455	source_unnamed	unique_full_body_sha256
LF9G003T	0xC8D66	LF9L000E	0xC9162	FUN_000c8d66	FUN_000c9162	FUN_000c8d66	266	6ba351b66bb42e7fe90d891b8826cf38aa8d0c3bf9033e1cedf3e56d65cce169	source_unnamed	unique_full_body_sha256
LF9G003T	0x2079DC	LF9L000E	0x210E18	FUN_002079dc	FUN_00210e18	FUN_002079dc	6	6bab17cbe584a44bc369e6706f21222051fe37015235498d999ae1ca524cb6b6	source_unnamed	unique_full_body_sha256
LF9G003T	0x207DA2	LF9L000E	0x2111DE	FUN_00207da2	FUN_002111de	FUN_00207da2	116	6bac3abe8d32d1de1e5a66cef7d4d653d3f2dd908bb4e7830c139dde095fd9f6	source_unnamed	unique_full_body_sha256
LF9G003T	0x1301A0	LF9L000E	0x130D4C	FUN_001301a0	FUN_00130d4c	FUN_001301a0	50	6bac8bbd65b69665252c2265444db35a78e30825de88139c5212897be33bc62f	source_unnamed	unique_full_body_sha256
LF9G003T	0x1F985E	LF9L000E	0x202C2E	FUN_001f985e	FUN_00202c2e	FUN_001f985e	42	6bd81cae183be4d45c61d8cf4cb08f083a6dbd99f07f0962eb55fdcefed4feff	source_unnamed	unique_full_body_sha256
LF9G003T	0x1F2140	LF9L000E	0x1FB510	FUN_001f2140	FUN_001fb510	FUN_001f2140	10	6be56eef0658bab32089639f89b189f36cfc8e2a7204171db5ffe634fec018ce	source_unnamed	unique_full_body_sha256
LF9G003T	0x20B0E8	LF9L000E	0x214524	check_priority_valid	check_priority_valid	check_priority_valid	36	6bf009a31da4e15517621e2e8e3014d839d31d395f3892c41281f7e0f1bfc091	already_named	unique_full_body_sha256
LF9G003T	0x1AC774	LF9L000E	0x1B5910	FUN_001ac774	FUN_001b5910	FUN_001ac774	50	6c005b4010a9355c63eb5dc7a5f5c40326ebbe4cff3882c09935e5ea87a2cf7a	source_unnamed	unique_full_body_sha256
LF9G003T	0x14187C	LF9L000E	0x142434	FUN_0014187c	FUN_00142434	FUN_0014187c	58	6c109f8aab2b2ed31bdd4927490efc461de01367c7ab3b97d1f3321a40de74b2	source_unnamed	unique_full_body_sha256
LF9G003T	0x1F9A5E	LF9L000E	0x202E2E	FUN_001f9a5e	FUN_00202e2e	FUN_001f9a5e	122	6c203a74e2d38d548fa6d7121110fa864f431231677964e8e788fda2b5936619	source_unnamed	unique_full_body_sha256
LF9G003T	0x6434	LF9L000E	0x6434	FUN_00006434	FUN_00006434	FUN_00006434	36	6c24c689f23a0dd58da23f906f6fea0ec489e5928691c5aa701b607ee72138af	source_unnamed	unique_full_body_sha256
LF9G003T	0x1ED1B8	LF9L000E	0x1F6588	FUN_001ed1b8	FUN_001f6588	FUN_001ed1b8	12	6c341db9567739dccb12628fc790c7ca7486124d0d9582ff90fce44e60baccea	source_unnamed	unique_full_body_sha256
LF9G003T	0xEE760	LF9L000E	0xEF2CC	FUN_000ee760	FUN_000ef2cc	FUN_000ee760	28	6c365db58568c17d242ba5935bbffcb3a5f688e8b4b7729086f4691c19a11cc1	source_unnamed	unique_full_body_sha256
LF9G003T	0xDF738	LF9L000E	0xE0274	FUN_000df738	FUN_000e0274	FUN_000df738	20	6c5293fec87a31f1b9da2afe69df4d6e7b9438c173c9f9d8eaf5a965cc9df01c	source_unnamed	unique_full_body_sha256
LF9G003T	0x149654	LF9L000E	0x14A20C	FUN_00149654	FUN_0014a20c	FUN_00149654	156	6c86e9d7fcf72478d78cd54980fb3fad104f66de9fcabd4450195ab531eb6471	source_unnamed	unique_full_body_sha256
LF9G003T	0x1F4824	LF9L000E	0x1FDBF4	FUN_001f4824	FUN_001fdbf4	FUN_001f4824	10	6c9aba1b2491d449e68d2585ec3d1b8c929b56ba89241b4305fcb5a4efd44ee3	source_unnamed	unique_full_body_sha256
LF9G003T	0x1F1754	LF9L000E	0x1FAB24	FUN_001f1754	FUN_001fab24	FUN_001f1754	282	6cb74a50def401f4c841b760490e15c9c9f8ea6c58932acc90a00b4ad39aa0a8	source_unnamed	unique_full_body_sha256
LF9G003T	0x1F979E	LF9L000E	0x202B6E	FUN_001f979e	FUN_00202b6e	FUN_001f979e	10	6cd53786c885ab8e86aca55f190ead2c3b7780dc2014921857e75150eac09e6f	source_unnamed	unique_full_body_sha256
LF9G003T	0x27E96E	LF9L000E	0x27EB02	FUN_0027e96e	FUN_0027eb02	FUN_0027e96e	18	6cd57702ca49f69df4535de5579f598fffbf9469ad2609d365bf53c3e9b017a5	source_unnamed	unique_full_body_sha256
LF9G003T	0x114080	LF9L000E	0x114BEC	FUN_00114080	FUN_00114bec	FUN_00114080	30	6ce2fab7c531b48ad668b98c31ff8d857e2b9cd65bbddc62bbfeb3e128b7dbc5	source_unnamed	unique_full_body_sha256
LF9G003T	0x1F9574	LF9L000E	0x202944	FUN_001f9574	FUN_00202944	FUN_001f9574	6	6cf5b6f50a69e29011d61551f56be9b87b76efb7af8fe4d4e44e8a4dbc1e6295	source_unnamed	unique_full_body_sha256
LF9G003T	0xDFCB8	LF9L000E	0xE07F4	FUN_000dfcb8	FUN_000e07f4	FUN_000dfcb8	184	6d02ddc17df7f922f07a495c3c010a5ee7c761c00cfb6e921e08b785587de9f2	source_unnamed	unique_full_body_sha256
LF9G003T	0x27D64C	LF9L000E	0x27D7E0	FUN_0027d64c	FUN_0027d7e0	FUN_0027d64c	36	6d0cd38057ea114771b9ed2b0dc8c05d2f929f048d4c45d0e59db02fcffffcff	source_unnamed	unique_full_body_sha256
LF9G003T	0x1F0F36	LF9L000E	0x1FA306	FUN_001f0f36	FUN_001fa306	FUN_001f0f36	12	6d1ca5278902734680a5a7c5064402ee9bd5299e293199e7925fb5c81974cfeb	source_unnamed	unique_full_body_sha256
LF9G003T	0x1606DC	LF9L000E	0x1612F4	FUN_001606dc	FUN_001612f4	FUN_001606dc	44	6d23fb8293c2a20da3c030b9fdba240f3e660b21d17ce8a36d257f3822af63d9	source_unnamed	unique_full_body_sha256
LF9G003T	0xAA5DA	LF9L000E	0xAA85E	FUN_000aa5da	FUN_000aa85e	FUN_000aa5da	32	6d2cf4828e7372971986bca32d8ad670593ec67596333fd0891b6c0ca39b8ac1	source_unnamed	unique_full_body_sha256
LF9G003T	0x798F0	LF9L000E	0x79A68	FUN_000798f0	FUN_00079a68	FUN_000798f0	48	6d4a537a45bdda0efd5a4077f9522634da0aa18e5343fb751a14848911f2e2c9	source_unnamed	unique_full_body_sha256
LF9G003T	0x27D0B0	LF9L000E	0x27D244	FUN_0027d0b0	FUN_0027d244	FUN_0027d0b0	126	6d5e2cbf6daf94e0ab51b521cf2ae6ce7221ec362f11c461e0bc0e700411111e	source_unnamed	unique_full_body_sha256
LF9G003T	0x1EB1CE	LF9L000E	0x1F459E	FUN_001eb1ce	FUN_001f459e	FUN_001eb1ce	30	6d8ffc35878421f575ca75c83483a0a1533c320d59e9a286e041cd1b5ddd946b	source_unnamed	unique_full_body_sha256
LF9G003T	0x1C711C	LF9L000E	0x1D04C4	FUN_001c711c	FUN_001d04c4	FUN_001c711c	52	6d9ac28e9ba870e9df882dd91f6a0088bcb2689879fcb0ad98c9512a898f6ebd	source_unnamed	unique_full_body_sha256
LF9G003T	0x27F0F0	LF9L000E	0x27F284	FUN_0027f0f0	FUN_0027f284	FUN_0027f0f0	128	6da7f177612cc2e196c048a3481bfcc7881a6d888f3c70e3c50a1c62ebe764f2	source_unnamed	unique_full_body_sha256
LF9G003T	0x930D6	LF9L000E	0x9335A	FUN_000930d6	FUN_0009335a	FUN_000930d6	62	6dcc0618ff64706cf9b01656bdd412011ac9cb50bcdec280f1f27a850ad05450	source_unnamed	unique_full_body_sha256
LF9G003T	0xAB688	LF9L000E	0xAB90C	FUN_000ab688	FUN_000ab90c	FUN_000ab688	426	6dd98ae16b6f800c0f513f7a651e8810f26ec1032da9eb25466f276afb8015fe	source_unnamed	unique_full_body_sha256
LF9G003T	0x118BC4	LF9L000E	0x119730	FUN_00118bc4	FUN_00119730	FUN_00118bc4	62	6e09d88b33f6f2eb66d642f3034f14640faef1d0613310583baf228ede8dcd65	source_unnamed	unique_full_body_sha256
LF9G003T	0xA32EE	LF9L000E	0xA3572	FUN_000a32ee	FUN_000a3572	FUN_000a32ee	14	6e1bc4fbe7cbf4c9425db8907b530faca99eb6ce9ecd5cb2532c624a7d211b0a	source_unnamed	unique_full_body_sha256
LF9G003T	0x1EF9A8	LF9L000E	0x1F8D78	FUN_001ef9a8	FUN_001f8d78	FUN_001ef9a8	32	6e75a4057c70e647ac456a9974f3bf1f6162193adf5edf1cc63e657e8a31d731	source_unnamed	unique_full_body_sha256
LF9G003T	0x958FC	LF9L000E	0x95B80	FUN_000958fc	FUN_00095b80	FUN_000958fc	146	6e78abd4ccc876ea8516e3da689360d4562716fcb70bb6585652d346be4e371e	source_unnamed	unique_full_body_sha256
LF9G003T	0x9576C	LF9L000E	0x959F0	FUN_0009576c	FUN_000959f0	FUN_0009576c	98	6e7cc206553f186fd0164c8096913c7dbf11d5baa3151d7df732bd487f3bf740	source_unnamed	unique_full_body_sha256
LF9G003T	0x1EDDA2	LF9L000E	0x1F7172	FUN_001edda2	FUN_001f7172	FUN_001edda2	8	6e975991c8aff15d72361b94573c31be5efb19d90586a1d34d40bc55d9ea610a	source_unnamed	unique_full_body_sha256
LF9G003T	0xB8258	LF9L000E	0xB8644	thunk_FUN_000bd502	thunk_FUN_000bd8ee	thunk_FUN_000bd502	6	6ead8676472f33a4bd491a6b09c08ea2542514006b2dc52e791037a94a5a27a1	source_unnamed	unique_full_body_sha256
LF9G003T	0xEF7AC	LF9L000E	0xF0318	FUN_000ef7ac	FUN_000f0318	FUN_000ef7ac	52	6ec74ed2299afc831a95cf0d5cfba5e5bd5fa64e3473a89cf058c16eaea9f1e2	source_unnamed	unique_full_body_sha256
LF9G003T	0x1F21FE	LF9L000E	0x1FB5CE	FUN_001f21fe	FUN_001fb5ce	FUN_001f21fe	10	6ed41d75349a8d11d1516e1fd1f267d212445de248f7027451f27f59fb19952f	source_unnamed	unique_full_body_sha256
LF9G003T	0x1CA094	LF9L000E	0x1D343C	FUN_001ca094	FUN_001d343c	FUN_001ca094	308	6ef24803a6ae9d85d12e1064684e9f79375c83f68638d8707bf00034e074c91b	source_unnamed	unique_full_body_sha256
LF9G003T	0x1EB9F0	LF9L000E	0x1F4DC0	FUN_001eb9f0	FUN_001f4dc0	FUN_001eb9f0	10	6ef31409e362576a61985c13061615f78b3d6fc764fd6e242dc7436cd57f9812	source_unnamed	unique_full_body_sha256
LF9G003T	0x1F0E9A	LF9L000E	0x1FA26A	FUN_001f0e9a	FUN_001fa26a	FUN_001f0e9a	44	6ef7380e7beb6d49591220d0e78ba26a67e2804446fcdd636aa3635bb8b77fdb	source_unnamed	unique_full_body_sha256
LF9G003T	0x1F4ADA	LF9L000E	0x1FDEAA	FUN_001f4ada	FUN_001fdeaa	FUN_001f4ada	6	6f15eba8b9ca1c070c18f4cfe30e3a3de938e1a3fc89ba0dd6c653442dbcfe7e	source_unnamed	unique_full_body_sha256
LF9G003T	0x20A434	LF9L000E	0x213870	u64_less_than	u64_less_than	u64_less_than	30	6f226c2b52e312a948c4c3b0735f82dbabc3e93748c3ee30a3f755eb5429e40f	already_named	unique_full_body_sha256
LF9G003T	0x2098EC	LF9L000E	0x212D28	udiv_multiword_helper	udiv_multiword_helper	udiv_multiword_helper	144	6f72cba33c39227f48025b826183787e3be0fd019ff860e1435fd1de4168946f	already_named	unique_full_body_sha256
LF9G003T	0x1AA420	LF9L000E	0x1B35BC	FUN_001aa420	FUN_001b35bc	FUN_001aa420	96	6f73007c5e4cca41f7a3bd0adf0c0b582be09e064296c09457efe6ad67649ab0	source_unnamed	unique_full_body_sha256
LF9G003T	0x1C46E4	LF9L000E	0x1CDA8C	FUN_001c46e4	FUN_001cda8c	FUN_001c46e4	188	6f8fb0a4c0d247910aa3f397e2e8baaf50242a8c0296e0e4f0e814435de62162	source_unnamed	unique_full_body_sha256
LF9G003T	0xBBE1C	LF9L000E	0xBC208	FUN_000bbe1c	FUN_000bc208	FUN_000bbe1c	98	6facccfb17cf4140c50eff4a2b575379dc4d85434bbd89c74cf5e85108584982	source_unnamed	unique_full_body_sha256
LF9G003T	0x27EB2C	LF9L000E	0x27ECC0	FUN_0027eb2c	FUN_0027ecc0	FUN_0027eb2c	56	6fc885e08324208ceb9548e973c20fee9fa7143dc2bd78ca99a6f3178aa5968a	source_unnamed	unique_full_body_sha256
LF9G003T	0x136DBC	LF9L000E	0x137978	FUN_00136dbc	FUN_00137978	FUN_00136dbc	68	6feef67444177e86e96583b7e04c9384ea67535c325e1c2de0bdbdab9d42cbf9	source_unnamed	unique_full_body_sha256
LF9G003T	0x1F0ADC	LF9L000E	0x1F9EAC	FUN_001f0adc	FUN_001f9eac	FUN_001f0adc	44	704c325255f713bc906cd3542d59146b2d1af8af6799aab47f75918fe0d589a2	source_unnamed	unique_full_body_sha256
LF9G003T	0x1F49F2	LF9L000E	0x1FDDC2	FUN_001f49f2	FUN_001fddc2	FUN_001f49f2	6	7053fdd01447e3456986ed3c87168b3d344e53f6f68cc2358cd223e9689942a3	source_unnamed	unique_full_body_sha256
LF9G003T	0x1ECFD4	LF9L000E	0x1F63A4	FUN_001ecfd4	FUN_001f63a4	FUN_001ecfd4	100	7063667099498011fae6939c27d027fd97bc0059dff5b81b66a937740a5bc9cd	source_unnamed	unique_full_body_sha256
LF9G003T	0x129184	LF9L000E	0x129D30	FUN_00129184	FUN_00129d30	FUN_00129184	256	7077caf6693840491d085d9c086494fc9513494e968ff9fd7395491fa62dd39f	source_unnamed	unique_full_body_sha256
LF9G003T	0x14A3E4	LF9L000E	0x14AF9C	FUN_0014a3e4	FUN_0014af9c	FUN_0014a3e4	74	7084a62c27ab0d9745a8fa723b0a952cc1cc20ad52e0fedbf11b5f92d5f65fb5	source_unnamed	unique_full_body_sha256
LF9G003T	0x15E8B8	LF9L000E	0x15F470	FUN_0015e8b8	FUN_0015f470	FUN_0015e8b8	236	70863c8251deb54818dc58c791c997649b020775eaab3b3503602dc9d3c36732	source_unnamed	unique_full_body_sha256
LF9G003T	0x97C7A	LF9L000E	0x97EFE	FUN_00097c7a	FUN_00097efe	FUN_00097c7a	48	7094bab1c8101904634532a5d5c6f641998937c7b884b0e524d82e1e46ff640f	source_unnamed	unique_full_body_sha256
LF9G003T	0x1F6A0A	LF9L000E	0x1FFDDA	FUN_001f6a0a	FUN_001ffdda	FUN_001f6a0a	6	70a078b3ec9a6862d82d34e086eb8c04a30da3a11d4eda4b82277fe5bf8dd20d	source_unnamed	unique_full_body_sha256
LF9G003T	0xD4FAA	LF9L000E	0xD56FE	parity_bits_compute	parity_bits_compute	parity_bits_compute	90	70a34cd13d2bca0f6c299eaf254dc370439c140ab475b8a66882c7bbff73d5bb	already_named	unique_full_body_sha256
LF9G003T	0x1ED088	LF9L000E	0x1F6458	FUN_001ed088	FUN_001f6458	FUN_001ed088	20	70a557b3c79d3cde851901484ba11597889266f351d8a9fb20546a35b43736e4	source_unnamed	unique_full_body_sha256
LF9G003T	0x1F4AE0	LF9L000E	0x1FDEB0	FUN_001f4ae0	FUN_001fdeb0	FUN_001f4ae0	6	70a6c491d7e1b9a39b865311899c7ecbf47b3f69c45593f0051a3e7c1f3c488c	source_unnamed	unique_full_body_sha256
LF9G003T	0x1F5186	LF9L000E	0x1FE556	adc_sample_and_convert	adc_sample_and_convert	adc_sample_and_convert	248	70b541546f4b717c396e3cee3ea5b9e156e2e744297b22fa89ea0957ec216688	already_named	unique_full_body_sha256
LF9G003T	0x12691C	LF9L000E	0x1274C8	FUN_0012691c	FUN_001274c8	FUN_0012691c	458	70b6875de9c1e9a6d52a296629d76688e7542d04afb80588d328e3b50870a1bf	source_unnamed	unique_full_body_sha256
LF9G003T	0xCF064	LF9L000E	0xCF720	FUN_000cf064	FUN_000cf720	FUN_000cf064	14	70bf13fcf8c309613bac9109d93cab17407fb2cf1b663381805f1fb9777e9745	source_unnamed	unique_full_body_sha256
LF9G003T	0x8E334	LF9L000E	0x8E5B8	FUN_0008e334	FUN_0008e5b8	FUN_0008e334	80	71189cf5dffce8e4ffacd87f729b879354544db66fde4ba059da8a3605ed581a	source_unnamed	unique_full_body_sha256
LF9G003T	0x162610	LF9L000E	0x164018	FUN_00162610	FUN_00164018	FUN_00162610	74	7132ea4c74664fd4add9e03030e72b5ad4da29bec982d40d981e15e96332786f	source_unnamed	unique_full_body_sha256
LF9G003T	0x7A6BE	LF9L000E	0x7A836	FUN_0007a6be	FUN_0007a836	FUN_0007a6be	140	71414b1b41a35223eedc128699863a2d0683d060299b90db655cb5052d1aa8b6	source_unnamed	unique_full_body_sha256
LF9G003T	0xF3770	LF9L000E	0xF42DC	FUN_000f3770	FUN_000f42dc	FUN_000f3770	264	7142d89e3be2a9b3f9a8f2e15b28a056b818a65829ff574ee95885a4c2cc5f71	source_unnamed	unique_full_body_sha256
LF9G003T	0x27E7BC	LF9L000E	0x27E950	FUN_0027e7bc	FUN_0027e950	FUN_0027e7bc	172	7153c233a81b2521517ce2336649b037d67e75c633a0483dfe243d5e07466b11	source_unnamed	unique_full_body_sha256
LF9G003T	0x84164	LF9L000E	0x843E8	FUN_00084164	FUN_000843e8	FUN_00084164	208	7156e963f0a0e918398c53c5181ee72bdf10cbe1e1516d98590b01f830944320	source_unnamed	unique_full_body_sha256
LF9G003T	0x1F49EC	LF9L000E	0x1FDDBC	FUN_001f49ec	FUN_001fddbc	FUN_001f49ec	6	7164a74fbe51f6b0256bea32a418a03d5280586d065240ef116c794beb134a0f	source_unnamed	unique_full_body_sha256
LF9G003T	0x139E6C	LF9L000E	0x13AA28	FUN_00139e6c	FUN_0013aa28	FUN_00139e6c	30	716b047533dcd31fddcc6cd72be035718d7164e0600609c327974f38e6279c02	source_unnamed	unique_full_body_sha256
LF9G003T	0xB03AC	LF9L000E	0xB0630	FUN_000b03ac	FUN_000b0630	FUN_000b03ac	42	717ca8a16a047d56359bf03c8e30794df8b8583facef6975a17d68c9049fa278	source_unnamed	unique_full_body_sha256
LF9G003T	0x1F94CC	LF9L000E	0x20289C	FUN_001f94cc	FUN_0020289c	FUN_001f94cc	50	7182584854a4f275134733180a76a747e95f1a92e8854c6adf2c3b2ada59e17c	source_unnamed	unique_full_body_sha256
LF9G003T	0x193B70	LF9L000E	0x19B460	FUN_00193b70	FUN_0019b460	FUN_00193b70	30	719ea5c87ac2cc7a5d94b8eac1b4b6cb12b00032d41353cd5c0a06c6ff713b4d	source_unnamed	unique_full_body_sha256
LF9G003T	0x20B4E0	LF9L000E	0x21491C	FUN_0020b4e0	FUN_0021491c	FUN_0020b4e0	184	71a3cf4a63d35e96f07e83537c9a637521fc4dc10fff55069ba9ab2f4e885578	source_unnamed	unique_full_body_sha256
LF9G003T	0xBCFFA	LF9L000E	0xBD3E6	FUN_000bcffa	FUN_000bd3e6	FUN_000bcffa	320	71a85b6fb5d5b596d6e47037a35625bef9013eb8ec3bef61f88b805599e70d3a	source_unnamed	unique_full_body_sha256
LF9G003T	0x1C31D0	LF9L000E	0x1CC510	FUN_001c31d0	FUN_001cc510	FUN_001c31d0	54	71d4f0d9b5e96a02b679ed59f954dc628bbd64b6da68c8d737cb5ccdb37f8b0d	source_unnamed	unique_full_body_sha256
LF9G003T	0x1E0E94	LF9L000E	0x1EA25C	FUN_001e0e94	FUN_001ea25c	FUN_001e0e94	138	72085fa953e40bead6f4e46da727674b12055e78f032da77e96a6ee4c2454391	source_unnamed	unique_full_body_sha256
LF9G003T	0x1ECE50	LF9L000E	0x1F6220	FUN_001ece50	FUN_001f6220	FUN_001ece50	34	721cc4c15f01b9e315cce8bab490600c4bc7830581208f9c29a7b634ac310f00	source_unnamed	unique_full_body_sha256
LF9G003T	0x1E0B9C	LF9L000E	0x1E9F64	FUN_001e0b9c	FUN_001e9f64	FUN_001e0b9c	26	723ae5d3ca5b921d9d4e39ec3129668e38721cd4e179bab7c7b923d7a89816a8	source_unnamed	unique_full_body_sha256
LF9G003T	0x13F440	LF9L000E	0x13FFF8	FUN_0013f440	FUN_0013fff8	FUN_0013f440	32	723e7e9a384147c6723aa0fd24c2d80beba8e0c24f7230031190fcfaac5e6a72	source_unnamed	unique_full_body_sha256
LF9G003T	0x2051F4	LF9L000E	0x20E630	FUN_002051f4	FUN_0020e630	FUN_002051f4	38	725c3c9683576dde62c5eee6e9c2f34e6aec3cf120187edb7c92738a34c5387c	source_unnamed	unique_full_body_sha256
LF9G003T	0xDF0AC	LF9L000E	0xDFBE8	FUN_000df0ac	FUN_000dfbe8	FUN_000df0ac	278	727bc2d04a0716095c89569f4fece38712e51f5fc29f54a92f0146807cf26ca5	source_unnamed	unique_full_body_sha256
LF9G003T	0x1F7D62	LF9L000E	0x201132	FUN_001f7d62	FUN_00201132	FUN_001f7d62	10	727c5a3edbe3fec0aac613ee01e799f4afd1b093f083d03c2381b7defed15ad5	source_unnamed	unique_full_body_sha256
LF9G003T	0x1A7E98	LF9L000E	0x1B1034	FUN_001a7e98	FUN_001b1034	FUN_001a7e98	40	7280e63f7ed200108d2d3fac87dc8f5f14ebed9d14700afefaa1d11a741fc9c6	source_unnamed	unique_full_body_sha256
LF9G003T	0xDEEA8	LF9L000E	0xDF9E4	FUN_000deea8	FUN_000df9e4	FUN_000deea8	114	728ab5cfb34b5d86a58b3847c5962ec6df046de0897b04a07c157395f22f4ce4	source_unnamed	unique_full_body_sha256
LF9G003T	0x7B7E4	LF9L000E	0x7B95C	lookup_short_from_index_table	lookup_short_from_index_table	lookup_short_from_index_table	24	72ce500aeea4ed34ef03d0c42c58dc495681931bd57a883c6231e1458ac3a33b	already_named	unique_full_body_sha256
LF9G003T	0x1F26EA	LF9L000E	0x1FBABA	can_driver_restart_seq	can_driver_restart_seq	can_driver_restart_seq	72	72df81bd233e2ca2bc87f970e15ec7016e13b375256990dd24c6548b72a0a7a2	already_named	unique_full_body_sha256
LF9G003T	0x641C	LF9L000E	0x641C	FUN_0000641c	FUN_0000641c	FUN_0000641c	22	72fdf978e797cde760d7958dfee3a30e7afe6f259d6f77044a1d5222fc04d2fd	source_unnamed	unique_full_body_sha256
LF9G003T	0x15A15C	LF9L000E	0x15AD14	FUN_0015a15c	FUN_0015ad14	FUN_0015a15c	36	730d6ca1af185887366b01b3708f49cc020c9412b1af8eacfdbce0f6a4398036	source_unnamed	unique_full_body_sha256
LF9G003T	0x1F88F8	LF9L000E	0x201CC8	FUN_001f88f8	FUN_00201cc8	FUN_001f88f8	572	731abf67ce938b0cc5b0db0bb36d3f6c10ebb9955cb971517cb92e43e48c2b68	source_unnamed	unique_full_body_sha256
LF9G003T	0x1305FC	LF9L000E	0x1311A8	FUN_001305fc	FUN_001311a8	FUN_001305fc	238	731f35dd4cc61dacdf86b763a797b9f268b6f12d8d3c519a4b227dd86a3bf33c	source_unnamed	unique_full_body_sha256
LF9G003T	0xB04D8	LF9L000E	0xB075C	FUN_000b04d8	FUN_000b075c	FUN_000b04d8	8	732176a9b0d8c47ca134b4c8576e0c46dd4da8ebc4f2e19bd4de34f1a4c47df1	source_unnamed	unique_full_body_sha256
LF9G003T	0xF4C78	LF9L000E	0xF57E4	FUN_000f4c78	FUN_000f57e4	FUN_000f4c78	252	7324302bfbfaca5aa735a02615ef7f74f1b095eaaca9f59b73cc82b4a65a98f0	source_unnamed	unique_full_body_sha256
LF9G003T	0xC71F4	LF9L000E	0xC75F0	FUN_000c71f4	FUN_000c75f0	FUN_000c71f4	24	73336bac324877d46cfafed59fa877aa6ef829b933f3fd05f2efbe92661d9928	source_unnamed	unique_full_body_sha256
LF9G003T	0x142EB4	LF9L000E	0x143A6C	FUN_00142eb4	FUN_00143a6c	FUN_00142eb4	76	735c9f71e87035b410f2340d90c77c2a8513bb902fc4b497b14321038d7fd9e0	source_unnamed	unique_full_body_sha256
LF9G003T	0x8E384	LF9L000E	0x8E608	FUN_0008e384	FUN_0008e608	FUN_0008e384	80	7370da8a823255792384a029f75b6e62c945e09e74de84d5f92b30e7ba5447be	source_unnamed	unique_full_body_sha256
LF9G003T	0x1EB2E0	LF9L000E	0x1F46B0	FUN_001eb2e0	FUN_001f46b0	FUN_001eb2e0	50	73712503a8db1172ef58740e2398f2f960f2c7ca4b8f9c0d991b1eb17136161f	source_unnamed	unique_full_body_sha256
LF9G003T	0x20677C	LF9L000E	0x20FBB8	FUN_0020677c	FUN_0020fbb8	FUN_0020677c	6	73821f6697bdeb36f210aceb3e5dd29df8c82753157c4bea508da257fe458161	source_unnamed	unique_full_body_sha256
LF9G003T	0xB72CA	LF9L000E	0xB7636	FUN_000b72ca	FUN_000b7636	FUN_000b72ca	244	738facef9d6100d032046bf587d983b562b2f697caf28ff25930f5933d497e92	source_unnamed	unique_full_body_sha256
LF9G003T	0x1F47E8	LF9L000E	0x1FDBB8	FUN_001f47e8	FUN_001fdbb8	FUN_001f47e8	12	739b963e3b3007d950686c6b41cd691bf71ded4df80dfae5475dd87634229287	source_unnamed	unique_full_body_sha256
LF9G003T	0x7AA38	LF9L000E	0x7ABB0	FUN_0007aa38	FUN_0007abb0	FUN_0007aa38	58	73a84a455e613727f07e9990a00634dc72f46399004db9117638af2954172579	source_unnamed	unique_full_body_sha256
LF9G003T	0x15F4A4	LF9L000E	0x16005C	FUN_0015f4a4	FUN_0016005c	FUN_0015f4a4	234	73bd2f54545a980481162266b23390545dd034893ef3492c66d401548cdf3af8	source_unnamed	unique_full_body_sha256
LF9G003T	0x1F7D3E	LF9L000E	0x20110E	FUN_001f7d3e	FUN_0020110e	FUN_001f7d3e	10	73befd1c502aad49722cbad398b1835773841934305dfe9dec6a9bf53d4e117c	source_unnamed	unique_full_body_sha256
LF9G003T	0x1A5894	LF9L000E	0x1AEA30	FUN_001a5894	FUN_001aea30	FUN_001a5894	30	73d6274715dd0fb425f87593fc8c91edb0a9a972a4d552782fafda831ba5ed1f	source_unnamed	unique_full_body_sha256
LF9G003T	0xB78A4	LF9L000E	0xB7C10	FUN_000b78a4	FUN_000b7c10	FUN_000b78a4	8	73da30ade65b333c65d6257c6b419a6071bf1dbd3464f2cad694c04703c4c811	source_unnamed	unique_full_body_sha256
LF9G003T	0x1292F4	LF9L000E	0x129EA0	FUN_001292f4	FUN_00129ea0	FUN_001292f4	40	73e3292a856dc21202822b0e9b5539b00d72b1ccdabc3d4799dba1bb867efac6	source_unnamed	unique_full_body_sha256
LF9G003T	0x1F2928	LF9L000E	0x1FBCF8	build_frame_status_b	build_frame_status_b	build_frame_status_b	358	7406ec5dfcf9bcf2e6c7d273920efa76ffc33c8b31350b271316b469f2f36f7d	already_named	unique_full_body_sha256
LF9G003T	0x147BB4	LF9L000E	0x14876C	FUN_00147bb4	FUN_0014876c	FUN_00147bb4	32	74072705d3250eed65a9989ac5dd69b495f7684d9dd2fa7932b3ce671430ba54	source_unnamed	unique_full_body_sha256
LF9G003T	0x13EC0C	LF9L000E	0x13F7C4	FUN_0013ec0c	FUN_0013f7c4	FUN_0013ec0c	76	740c8cd97b3c17becd5ac6ea00d62711dd153d82fc66e8a9092752a805e8d45f	source_unnamed	unique_full_body_sha256
LF9G003T	0x1EF5AC	LF9L000E	0x1F897C	thunk_FUN_001eefb4	thunk_FUN_001f8384	thunk_FUN_001eefb4	4	740e59771cea1d672d3c4992ecefe98a5b084d0a8139fec15e3c86e8a94e00f6	source_unnamed	unique_full_body_sha256
LF9G003T	0x95BF8	LF9L000E	0x95E7C	FUN_00095bf8	FUN_00095e7c	FUN_00095bf8	10	7419318d3499737c6e68a818a4b35f37dfeb86c9cf24ac07dc3e5985a80f27ec	source_unnamed	unique_full_body_sha256
LF9G003T	0x1F5AC0	LF9L000E	0x1FEE90	FUN_001f5ac0	FUN_001fee90	FUN_001f5ac0	70	743437a9632728d530f1860115dd51fe049b7d7dd3ca76197f3f44f4bf858d68	source_unnamed	unique_full_body_sha256
LF9G003T	0xB4B90	LF9L000E	0xB4EFC	FUN_000b4b90	FUN_000b4efc	FUN_000b4b90	70	745f339e262fd74db0f64b84318946130417abfdee36bba5cffdfa5b613c7635	source_unnamed	unique_full_body_sha256
LF9G003T	0x141CD0	LF9L000E	0x142888	FUN_00141cd0	FUN_00142888	FUN_00141cd0	52	747c935b686da35e6944d1d258ece06907eee2bbea45a8d343fb6d6b254935f2	source_unnamed	unique_full_body_sha256
LF9G003T	0xBE770	LF9L000E	0xBEB5C	FUN_000be770	FUN_000beb5c	FUN_000be770	66	747e5cdbc3f75673aa85e12e6f693a5c79243b8106895fc66cd9cfae6fb58bf7	source_unnamed	unique_full_body_sha256
LF9G003T	0xAAB66	LF9L000E	0xAADEA	FUN_000aab66	FUN_000aadea	FUN_000aab66	176	74a55edba1f7fe67a286a43b2f38289db4bdbb9cf84e9ca135239eab915e2a37	source_unnamed	unique_full_body_sha256
LF9G003T	0xA1636	LF9L000E	0xA18BA	FUN_000a1636	FUN_000a18ba	FUN_000a1636	86	74bea2ebbfdbb840bbbd13caa34a166a10750401a819bb8f7f9151f9dbd8709a	source_unnamed	unique_full_body_sha256
LF9G003T	0xF1504	LF9L000E	0xF2070	FUN_000f1504	FUN_000f2070	FUN_000f1504	24	74c310b4845142eed41a075298e01f8de7ef14946683e42b6a67214729e95ef0	source_unnamed	unique_full_body_sha256
LF9G003T	0x1C8DE0	LF9L000E	0x1D2188	interp_1d_axis_u16_data_u32_via_helper	interp_1d_axis_u16_data_u32_via_helper	interp_1d_axis_u16_data_u32_via_helper	152	74d0c76f4abcc11c2a4b38b2876b1c5f78f2f3030bb9734e5090db1fe1e74dd9	already_named	unique_full_body_sha256
LF9G003T	0x96E22	LF9L000E	0x970A6	FUN_00096e22	FUN_000970a6	FUN_00096e22	40	74d73a567379c7a077e4642951ba0ab588641b8c77618d474bc94eea3b639e48	source_unnamed	unique_full_body_sha256
LF9G003T	0x1F9998	LF9L000E	0x202D68	FUN_001f9998	FUN_00202d68	FUN_001f9998	18	75537ae8d37b1261a8c8bedd700536e79ab6ce10da98ff83d4a035df8429b87e	source_unnamed	unique_full_body_sha256
LF9G003T	0x8DA46	LF9L000E	0x8DCCA	FUN_0008da46	FUN_0008dcca	FUN_0008da46	76	756ffd899d989f6c73356a466b00087da183e1b20968b14768f000d872e0d200	source_unnamed	unique_full_body_sha256
LF9G003T	0x12AE58	LF9L000E	0x12BA04	FUN_0012ae58	FUN_0012ba04	FUN_0012ae58	10	75a3031c2eb9481ec36131949e194802c8cba12223c18574f423752a22881c07	source_unnamed	unique_full_body_sha256
LF9G003T	0xB541C	LF9L000E	0xB5788	FUN_000b541c	FUN_000b5788	FUN_000b541c	32	75b9d3af55ddd3f14c26ae1ee7f8e3fe952f764e406f53e192de6e9747ae7fc8	source_unnamed	unique_full_body_sha256
LF9G003T	0xC7060	LF9L000E	0xC745C	FUN_000c7060	FUN_000c745c	FUN_000c7060	92	75df9754171ea1ea9434a887ba62e6d855f6540bde1e541128b05c293b29341b	source_unnamed	unique_full_body_sha256
LF9G003T	0x153EE8	LF9L000E	0x154AA0	FUN_00153ee8	FUN_00154aa0	FUN_00153ee8	46	76381dd4e5ea4bbdd288879597ca8348665c6680c591c9629ed0c615efa9645e	source_unnamed	unique_full_body_sha256
LF9G003T	0x84716	LF9L000E	0x8499A	FUN_00084716	FUN_0008499a	FUN_00084716	60	767eb49a173f3293bc40e213cb34b3b15a2faf8f29460a3e4e7df6e5aa280ba1	source_unnamed	unique_full_body_sha256
LF9G003T	0x206CE4	LF9L000E	0x210120	FUN_00206ce4	FUN_00210120	FUN_00206ce4	58	76891477a651160ca100f1b680fb848ccfd89d1f6cb923935b75f1d297502539	source_unnamed	unique_full_body_sha256
LF9G003T	0xB76BE	LF9L000E	0xB7A2A	FUN_000b76be	FUN_000b7a2a	FUN_000b76be	104	768ce6363b4309ace5650da31f29979776bb88a065bce6663705fdd233b8f0fb	source_unnamed	unique_full_body_sha256
LF9G003T	0x13EBFC	LF9L000E	0x13F7B4	FUN_0013ebfc	FUN_0013f7b4	FUN_0013ebfc	16	769469e5a30347b5f777781c854dd704b0cfe83c829099d938bf032c620cb752	source_unnamed	unique_full_body_sha256
LF9G003T	0x1F20DE	LF9L000E	0x1FB4AE	FUN_001f20de	FUN_001fb4ae	FUN_001f20de	10	76964ee770af61f4dbb91908a8a001d649ddba7f71d36a8d1a4cf33317a2b0a3	source_unnamed	unique_full_body_sha256
LF9G003T	0x27DD58	LF9L000E	0x27DEEC	FUN_0027dd58	FUN_0027deec	FUN_0027dd58	214	76aa1b26f50aaf8147a333779d12f4c028b82937ff436d7df64ce235fd6e3b23	source_unnamed	unique_full_body_sha256
LF9G003T	0x1F09C4	LF9L000E	0x1F9D94	FUN_001f09c4	FUN_001f9d94	FUN_001f09c4	44	76e48f4295ad815ec1b5986c359d3e43f238a4ac95717a2ba9e1211b59442e17	source_unnamed	unique_full_body_sha256
LF9G003T	0x1AF0AC	LF9L000E	0x1B8268	FUN_001af0ac	FUN_001b8268	FUN_001af0ac	286	76fccecd92fbf787b7799a9a2568c0590546aacd9c6807ee7a75c4db9e94de1e	source_unnamed	unique_full_body_sha256
LF9G003T	0xAFD22	LF9L000E	0xAFFA6	sa_bit_test	sa_bit_test	sa_bit_test	30	775fdc4e9cfdf68f4799767152390a030dcfa6d85c6ddd2b76e0e97eca62a60c	already_named	unique_full_body_sha256
LF9G003T	0xF1550	LF9L000E	0xF20BC	FUN_000f1550	FUN_000f20bc	FUN_000f1550	24	7782c82425114c469586f7420d70200d01c6ab991294e5e58aff561f842caeba	source_unnamed	unique_full_body_sha256
LF9G003T	0x10B4A8	LF9L000E	0x10C014	FUN_0010b4a8	FUN_0010c014	FUN_0010b4a8	60	77865821803c9e733f54a8c92dd76b0468d6629f8a898f070913a8b42507162a	source_unnamed	unique_full_body_sha256
LF9G003T	0x975F4	LF9L000E	0x97878	FUN_000975f4	FUN_00097878	FUN_000975f4	54	77c654141b495b21f6c670598b5703cf3a7d43771aa45f43428cd26e542a32e2	source_unnamed	unique_full_body_sha256
LF9G003T	0x1F0B08	LF9L000E	0x1F9ED8	FUN_001f0b08	FUN_001f9ed8	FUN_001f0b08	10	77eb837ed09e05891f028e58e13dedb26287544e85a2abd6544db8e580052a91	source_unnamed	unique_full_body_sha256
LF9G003T	0x115F10	LF9L000E	0x116A7C	FUN_00115f10	FUN_00116a7c	FUN_00115f10	68	781dc8518d2c4027a8a36e68571e0331d16846749b3644da1ed6b6f9d453ebc4	source_unnamed	unique_full_body_sha256
LF9G003T	0xF1C48	LF9L000E	0xF27B4	FUN_000f1c48	FUN_000f27b4	FUN_000f1c48	220	78237dbb14fbbc3a57ed8a48a69c61252c780580e7bc50090a00129ce9d0b128	source_unnamed	unique_full_body_sha256
LF9G003T	0x970D4	LF9L000E	0x97358	FUN_000970d4	FUN_00097358	FUN_000970d4	66	78342d62e9d3824a9d8af378bede0effc69ac24cff9c3c193b891345a53e22bd	source_unnamed	unique_full_body_sha256
LF9G003T	0x7A920	LF9L000E	0x7AA98	FUN_0007a920	FUN_0007aa98	FUN_0007a920	58	784b344d3c1506af3dde56091696cb7731a8910847d8f98918277b7e602ca5c4	source_unnamed	unique_full_body_sha256
LF9G003T	0x1E2244	LF9L000E	0x1EB60C	FUN_001e2244	FUN_001eb60c	FUN_001e2244	10	785054838c091be63d52fad55ac5eb45e2aa5994f07b64fed2801a3b43603fe3	source_unnamed	unique_full_body_sha256
LF9G003T	0xB3DF0	LF9L000E	0xB415C	FUN_000b3df0	FUN_000b415c	FUN_000b3df0	382	785643131875b2344d3bc6e37758ba130ecd4905f3a2e79f68d5f172ec0e488e	source_unnamed	unique_full_body_sha256
LF9G003T	0x95BD6	LF9L000E	0x95E5A	FUN_00095bd6	FUN_00095e5a	FUN_00095bd6	34	7871e4979413e5ff8c84fc75c191ac9d338ae5b521b2874064c91c43767350a3	source_unnamed	unique_full_body_sha256
LF9G003T	0xD6A72	LF9L000E	0xD75AE	flag_mirror_bit7to3	flag_mirror_bit7to3	flag_mirror_bit7to3	14	78822ed0b0f729abcf293a8a2430debb34b235d5e4931ece93c58ade118a2c2f	already_named	unique_full_body_sha256
LF9G003T	0x15C34C	LF9L000E	0x15CF04	FUN_0015c34c	FUN_0015cf04	FUN_0015c34c	162	78a12a6288e0fafc615f3e14f02e0643e0234481d53519c09f90b8799b875fec	source_unnamed	unique_full_body_sha256
LF9G003T	0xCE144	LF9L000E	0xCE800	FUN_000ce144	FUN_000ce800	FUN_000ce144	122	78a522a6987301518fc4b234d7171e0bad86df76b4a5957091dc0710e3580e64	source_unnamed	unique_full_body_sha256
LF9G003T	0xD8618	LF9L000E	0xD9154	FUN_000d8618	FUN_000d9154	FUN_000d8618	100	78e443be054ba2a7599e38d8affda8542d0baa7f31c0460e05dae5b915b065d5	source_unnamed	unique_full_body_sha256
LF9G003T	0x1ED146	LF9L000E	0x1F6516	FUN_001ed146	FUN_001f6516	FUN_001ed146	62	78f2f3e1aec1f0085a65e8c0b9e7d95c81d66727a7df5f916938f3a5841c20f4	source_unnamed	unique_full_body_sha256
LF9G003T	0x1EF6D6	LF9L000E	0x1F8AA6	FUN_001ef6d6	FUN_001f8aa6	FUN_001ef6d6	10	790a24bb9e6a095e2705349324ffab358882ba7ca30102212f6c16296f838624	source_unnamed	unique_full_body_sha256
LF9G003T	0xBA5D8	LF9L000E	0xBA9C4	FUN_000ba5d8	FUN_000ba9c4	FUN_000ba5d8	120	7924bf0cb329b1e983fc7934c4ff8453e5145306ce34cbba4c7cea45238ac350	source_unnamed	unique_full_body_sha256
LF9G003T	0x1C97B0	LF9L000E	0x1D2B58	FUN_001c97b0	FUN_001d2b58	FUN_001c97b0	124	794c184a5a767aea17e74264a83ea1bce66d1dc2c5aa9874e3270d55e0642a5e	source_unnamed	unique_full_body_sha256
LF9G003T	0xD3BB2	LF9L000E	0xD428A	FUN_000d3bb2	FUN_000d428a	FUN_000d3bb2	282	796bacff5d8531f9390833d83918009785be6846068880755b46c4a47d5ce687	source_unnamed	unique_full_body_sha256
LF9G003T	0x2046F8	LF9L000E	0x20DB34	FUN_002046f8	FUN_0020db34	FUN_002046f8	42	7979d0563a936bc17167b1005907aeab51249344b8db7116c362a7e0b024ba89	source_unnamed	unique_full_body_sha256
LF9G003T	0x27DCA4	LF9L000E	0x27DE38	FUN_0027dca4	FUN_0027de38	FUN_0027dca4	26	79b20fd69b73b8a498192a9e37470184307ae69f35ddbe1a37ee76c51c6ef92d	source_unnamed	unique_full_body_sha256
LF9G003T	0x1693B8	LF9L000E	0x16AD08	FUN_001693b8	FUN_0016ad08	FUN_001693b8	74	79b7eed974734939867f8e6cdc1ae3df6053e84b273f5f78682558c4d5f598da	source_unnamed	unique_full_body_sha256
LF9G003T	0x1ECC20	LF9L000E	0x1F5FF0	can_op_rc_neq1	can_op_rc_neq1	can_op_rc_neq1	20	79c53c969136c1f5b02c3a0f7f7e8e916e2e0581088907aadeab853771758264	already_named	unique_full_body_sha256
LF9G003T	0x1405EC	LF9L000E	0x1411A4	FUN_001405ec	FUN_001411a4	FUN_001405ec	22	79dd4079748e51c38cf2f247241f7c1ab48ec298c1ff1be931d78b97e18fb9c1	source_unnamed	unique_full_body_sha256
LF9G003T	0xE17F4	LF9L000E	0xE2330	FUN_000e17f4	FUN_000e2330	FUN_000e17f4	126	79f16d9dff858281d32cfe2d9814f235a646b4c28adb1906ee418ea4e7772230	source_unnamed	unique_full_body_sha256
LF9G003T	0xC56B6	LF9L000E	0xC5AB2	FUN_000c56b6	FUN_000c5ab2	FUN_000c56b6	42	79f5eaa7840347b8ea916aedb14d76e415fe55a85bc247407e6a6a0166b42023	source_unnamed	unique_full_body_sha256
LF9G003T	0x13A49C	LF9L000E	0x13B058	FUN_0013a49c	FUN_0013b058	FUN_0013a49c	34	79f9cb056c841510420a8234c0f69384f7916005f1f1bd80eead2892bd62ebb6	source_unnamed	unique_full_body_sha256
LF9G003T	0x1E0B30	LF9L000E	0x1E9EF8	FUN_001e0b30	FUN_001e9ef8	FUN_001e0b30	104	79fd13418d5469d9753634e7765c907eb48ede863759f19c19cf5b1be238c380	source_unnamed	unique_full_body_sha256
LF9G003T	0x97CF0	LF9L000E	0x97F74	FUN_00097cf0	FUN_00097f74	FUN_00097cf0	60	7a159d3c6da181263a17b286775d62e163c79435bd6e785f7aab987b29994d42	source_unnamed	unique_full_body_sha256
LF9G003T	0x1FF174	LF9L000E	0x2085B0	FUN_001ff174	FUN_002085b0	FUN_001ff174	360	7a17dd0a6eeb00d76250e9b6067c2ebd7640108c40805cfaf6cc1c30959463ff	source_unnamed	unique_full_body_sha256
LF9G003T	0x1B2AC4	LF9L000E	0x1BBD40	FUN_001b2ac4	FUN_001bbd40	FUN_001b2ac4	52	7a1ed587d5a0c8929b8c813839f79a5b510d6fc760c6c4e40da1f0ee085d2eed	source_unnamed	unique_full_body_sha256
LF9G003T	0x204FDA	LF9L000E	0x20E416	FUN_00204fda	FUN_0020e416	FUN_00204fda	44	7a25331eca8bb42abd8704002ed458c42644a932fc3cd8948d998f872641eff3	source_unnamed	unique_full_body_sha256
LF9G003T	0x918E6	LF9L000E	0x91B6A	FUN_000918e6	FUN_00091b6a	FUN_000918e6	66	7a379ab99c9b61a772d58899a12f53bebc62cea7ea36aac3572febe477266bd2	source_unnamed	unique_full_body_sha256
LF9G003T	0xBE914	LF9L000E	0xBED00	FUN_000be914	FUN_000bed00	FUN_000be914	184	7a762a4d88325c7cf8aeb94c2fb1797ebb2040d61690d9b57ec9974f3c508780	source_unnamed	unique_full_body_sha256
LF9G003T	0x1EDABC	LF9L000E	0x1F6E8C	FUN_001edabc	FUN_001f6e8c	FUN_001edabc	314	7a7e0c33fd72ce0b64e7bf6afb78e531001b2f3c1c6c320438e79bb17f45dd00	source_unnamed	unique_full_body_sha256
LF9G003T	0x131D94	LF9L000E	0x132940	FUN_00131d94	FUN_00132940	FUN_00131d94	88	7a84569ab3be06755c85b08adbcb9bcd1d8f37f6f2eeb95ae75607864d87512a	source_unnamed	unique_full_body_sha256
LF9G003T	0x925B4	LF9L000E	0x92838	FUN_000925b4	FUN_00092838	FUN_000925b4	10	7ab3022c350b227f323c685db4cd71194ddb03ba5d8671528d9369c365e84f55	source_unnamed	unique_full_body_sha256
LF9G003T	0x138B84	LF9L000E	0x139740	FUN_00138b84	FUN_00139740	FUN_00138b84	14	7ad46891a05fa9538ce5fb0130fd6afc1317f3e4823b4c45a174abe17d5543dc	source_unnamed	unique_full_body_sha256
LF9G003T	0x142274	LF9L000E	0x142E2C	FUN_00142274	FUN_00142e2c	FUN_00142274	66	7adae53349771982a6be08574c4dd4ea50a9b5c3924b1570b3a50bc2c59c8471	source_unnamed	unique_full_body_sha256
LF9G003T	0x19D074	LF9L000E	0x1A6214	FUN_0019d074	FUN_001a6214	FUN_0019d074	64	7ae8d9e1249eae502c587717b4be996d59aa61cddc99c851c7c7f24993d86370	source_unnamed	unique_full_body_sha256
LF9G003T	0xFB0DC	LF9L000E	0xFBC48	FUN_000fb0dc	FUN_000fbc48	FUN_000fb0dc	64	7b00cc43fdbb3a176ca30390ec9d55e07d107d28a8e87358f9e920d89c5eff05	source_unnamed	unique_full_body_sha256
LF9G003T	0xBFF10	LF9L000E	0xC02FC	FUN_000bff10	FUN_000c02fc	FUN_000bff10	304	7b296234e1b5699bcde283149b10f0dc6f7098a68729d35f713395b5e1447cbf	source_unnamed	unique_full_body_sha256
LF9G003T	0x1F21AE	LF9L000E	0x1FB57E	FUN_001f21ae	FUN_001fb57e	FUN_001f21ae	10	7b3d85164ea6d9f60b49c69b47d997cb0a6f2193de55493d99896f86beff9bc6	source_unnamed	unique_full_body_sha256
LF9G003T	0x1F4F04	LF9L000E	0x1FE2D4	adc_sensor_scale_group	adc_sensor_scale_group	adc_sensor_scale_group	220	7b79d559962ccd6b61b68e41bf8b92c9958d3531567b6146e85451188acab3f0	already_named	unique_full_body_sha256
LF9G003T	0xB6B36	LF9L000E	0xB6EA2	FUN_000b6b36	FUN_000b6ea2	FUN_000b6b36	24	7b7f5b9f600fd0bc73f106d5d435126c5ab0cbcec4aed9c94113941d23bfa0b3	source_unnamed	unique_full_body_sha256
LF9G003T	0xD7608	LF9L000E	0xD8144	FUN_000d7608	FUN_000d8144	FUN_000d7608	50	7b89236aa9091e8923bead3210da82298263e9ab1d72a3870af4bb31190ffb85	source_unnamed	unique_full_body_sha256
LF9G003T	0x792F2	LF9L000E	0x7946A	FUN_000792f2	FUN_0007946a	FUN_000792f2	90	7b982dbd56721db5cded06bb675411983a3b2361a38e4636805c265b4ea8db91	source_unnamed	unique_full_body_sha256
LF9G003T	0x206A7A	LF9L000E	0x20FEB6	FUN_00206a7a	FUN_0020feb6	FUN_00206a7a	6	7bbe8c4edc24467632c5fc9814e13ab027ab9e67bde55e2f4d4629a4a85c9001	source_unnamed	unique_full_body_sha256
LF9G003T	0x129288	LF9L000E	0x129E34	FUN_00129288	FUN_00129e34	FUN_00129288	24	7bcb6a7b61340ce9c904dd396952e4a9a8929511547b300b4716d266992105c8	source_unnamed	unique_full_body_sha256
LF9G003T	0x207BCC	LF9L000E	0x211008	FUN_00207bcc	FUN_00211008	FUN_00207bcc	22	7be57e7b6605c8fb2c73016e184849524244119e021fc92aa5c511a134f8a43b	source_unnamed	unique_full_body_sha256
LF9G003T	0x1ED72C	LF9L000E	0x1F6AFC	FUN_001ed72c	FUN_001f6afc	FUN_001ed72c	114	7be93b2254c8b312db77770fcfe6348debad9f59abdc5f5b5eb9f1524e15dd94	source_unnamed	unique_full_body_sha256
LF9G003T	0x19E070	LF9L000E	0x1A7210	FUN_0019e070	FUN_001a7210	FUN_0019e070	142	7bf8f8f63114237d4c8fd9c0d5c8e28f514d27c7c26e72108ca450a389a1a9ea	source_unnamed	unique_full_body_sha256
LF9G003T	0xF9290	LF9L000E	0xF9DFC	FUN_000f9290	FUN_000f9dfc	FUN_000f9290	26	7c2cd2beee7addf317bd9222fe309396013c51df8450aa04620a2242a4616f07	source_unnamed	unique_full_body_sha256
LF9G003T	0x1F35A8	LF9L000E	0x1FC978	FUN_001f35a8	FUN_001fc978	FUN_001f35a8	148	7c2f23ede6376b52860f5258381834263858f46c81986861b307d2c5da96960c	source_unnamed	unique_full_body_sha256
LF9G003T	0x1F0F42	LF9L000E	0x1FA312	FUN_001f0f42	FUN_001fa312	FUN_001f0f42	12	7c373c55ac042c68f572fbb2c990fe6367e819062240b3787bb98e0f100e7cd0	source_unnamed	unique_full_body_sha256
LF9G003T	0x1C2DA8	LF9L000E	0x1CC0E8	FUN_001c2da8	FUN_001cc0e8	FUN_001c2da8	38	7c4af0b39f342a95bb4103816ff7ee46a6819c04d1fafba87d16087d91f8db5b	source_unnamed	unique_full_body_sha256
LF9G003T	0xEB9A8	LF9L000E	0xEC50C	FUN_000eb9a8	FUN_000ec50c	FUN_000eb9a8	236	7cdbbba9209f1cbee2c9c99f25e4a7ed39d79c50b70830a90ff73f84f68d19b9	source_unnamed	unique_full_body_sha256
LF9G003T	0x27D680	LF9L000E	0x27D814	FUN_0027d680	FUN_0027d814	FUN_0027d680	58	7ce85c211ff0a1b83cc5536442945c28f4fc4061b60f8c0362eabbd936b67d70	source_unnamed	unique_full_body_sha256
LF9G003T	0xB4F9C	LF9L000E	0xB5308	FUN_000b4f9c	FUN_000b5308	FUN_000b4f9c	32	7cf4d0f7d7d42ab56b8ea03cfc2f3380cc9ea09cdc4a36789185233a44fa6d2d	source_unnamed	unique_full_body_sha256
LF9G003T	0x1ECB92	LF9L000E	0x1F5F62	FUN_001ecb92	FUN_001f5f62	FUN_001ecb92	10	7d0763108d36bc9f563f4da5f2eb539b0832cc8b7edd8baa54bb638e93425c60	source_unnamed	unique_full_body_sha256
LF9G003T	0xAE198	LF9L000E	0xAE41C	FUN_000ae198	FUN_000ae41c	FUN_000ae198	244	7d13786e1ef9445260b39f9cfda4529bf7fdea21a0d70cb33da248644b55c983	source_unnamed	unique_full_body_sha256
LF9G003T	0x2070B0	LF9L000E	0x2104EC	FUN_002070b0	FUN_002104ec	FUN_002070b0	64	7d38cbe270fa296bc2a35f597183171ab520886bdf7d986f69be16e24998cfea	source_unnamed	unique_full_body_sha256
LF9G003T	0xDBD28	LF9L000E	0xDC864	FUN_000dbd28	FUN_000dc864	FUN_000dbd28	180	7d47ba322142dd5aeafb2ba02818126446031f5ee4166344e206f5be88c99ee3	source_unnamed	unique_full_body_sha256
LF9G003T	0x13F8BC	LF9L000E	0x140474	FUN_0013f8bc	FUN_00140474	FUN_0013f8bc	48	7d47d7c4849b20f1c708562fdd3fe24c19d55136f89033384cc671c40f384a4d	source_unnamed	unique_full_body_sha256
LF9G003T	0x95738	LF9L000E	0x959BC	FUN_00095738	FUN_000959bc	FUN_00095738	52	7d4ff2f280684060088a881185f41dd476bd850ecc68141d087623f9fb5b953c	source_unnamed	unique_full_body_sha256
LF9G003T	0xBEC18	LF9L000E	0xBF004	FUN_000bec18	FUN_000bf004	FUN_000bec18	236	7d6c73d2a3e490f5bedf7946874d5e427583327b71623692255589a291a75012	source_unnamed	unique_full_body_sha256
LF9G003T	0x1F1098	LF9L000E	0x1FA468	FUN_001f1098	FUN_001fa468	FUN_001f1098	38	7d984eba5cb2d0c413ee1b30de5062bc6bcdd9dda79771fd13e0991d27a07a69	source_unnamed	unique_full_body_sha256
LF9G003T	0xD50D8	LF9L000E	0xD582C	FUN_000d50d8	FUN_000d582c	FUN_000d50d8	568	7dd9129065715256f71decb4ff42aec28847fc14d0ae7d10ac223be935493668	source_unnamed	unique_full_body_sha256
LF9G003T	0x73B0	LF9L000E	0x73B0	FUN_000073b0	FUN_000073b0	FUN_000073b0	12	7dee71def97b557e970a9b63996564cbfdf01eb3a62371ac24eed179d65f6754	source_unnamed	unique_full_body_sha256
LF9G003T	0x8F170	LF9L000E	0x8F3F4	FUN_0008f170	FUN_0008f3f4	FUN_0008f170	24	7e06f7ba6e87fd93452c9b97d505722b56176dc4fc4de0f7a08fc7313c8fe604	source_unnamed	unique_full_body_sha256
LF9G003T	0x27E46C	LF9L000E	0x27E600	FUN_0027e46c	FUN_0027e600	FUN_0027e46c	76	7e1087030f3dbe65707ae0001eb9b5799fee5d8d9afc0870ebdd134fc85aa084	source_unnamed	unique_full_body_sha256
LF9G003T	0x202B18	LF9L000E	0x20BF54	FUN_00202b18	FUN_0020bf54	FUN_00202b18	80	7e1e0f4c59eee6ce71fff688b6ab68fce6e10004124f4bdf93fe9febfd811a81	source_unnamed	unique_full_body_sha256
LF9G003T	0x206A9C	LF9L000E	0x20FED8	FUN_00206a9c	FUN_0020fed8	FUN_00206a9c	6	7e1ff1dd43303c0753d2505d5e1d1bb7731ab7ae5971f4cd67d0934e8818481c	source_unnamed	unique_full_body_sha256
LF9G003T	0xBFF06	LF9L000E	0xC02F2	FUN_000bff06	FUN_000c02f2	FUN_000bff06	10	7e4e68d45767eefab5437fa05722d8693520f36bb6ebbebc0bd9ad32a99da016	source_unnamed	unique_full_body_sha256
LF9G003T	0x18E290	LF9L000E	0x1957B8	FUN_0018e290	FUN_001957b8	FUN_0018e290	86	7e55d968a403f55806809dd2d35eeb439068ea8196ee85be86bcd2ce7361f9a6	source_unnamed	unique_full_body_sha256
LF9G003T	0xB54C6	LF9L000E	0xB5832	FUN_000b54c6	FUN_000b5832	FUN_000b54c6	72	7e95948eb43588e77e3d882e8f897f66fdd5276c91142bf8a517cfcbc5bcfacc	source_unnamed	unique_full_body_sha256
LF9G003T	0x20ADDC	LF9L000E	0x214218	udiv64_by_u16	udiv64_by_u16	udiv64_by_u16	172	7e98c98d0246a74b396e978073691a16af0cdb69a34ca118e9426034343f83c5	already_named	unique_full_body_sha256
LF9G003T	0x1C9358	LF9L000E	0x1D2700	interp_1d_desc_axis_u8_data_u8	interp_1d_desc_axis_u8_data_u8	interp_1d_desc_axis_u8_data_u8	104	7eb135d0762ed1fbff01a4c16fd807af63bc4dafe9e5bd60b4f082fa2d56ab7a	already_named	unique_full_body_sha256
LF9G003T	0x10F59C	LF9L000E	0x110108	FUN_0010f59c	FUN_00110108	FUN_0010f59c	338	7eb676f9aab2a56a55b7521de1451a1bbec906e6a43a4361826ae18510a988a1	source_unnamed	unique_full_body_sha256
LF9G003T	0xA3474	LF9L000E	0xA36F8	FUN_000a3474	FUN_000a36f8	FUN_000a3474	162	7ed13a7926e0cc211be8d02ec390a7b995ac84339771344edf4086d980dd5e7e	source_unnamed	unique_full_body_sha256
LF9G003T	0x1A3478	LF9L000E	0x1AC614	FUN_001a3478	FUN_001ac614	FUN_001a3478	50	7f0f75be64910a8089fe10884fbc0506fa09db0f49800b52094fb8c6929d7b1e	source_unnamed	unique_full_body_sha256
LF9G003T	0x123098	LF9L000E	0x123C44	FUN_00123098	FUN_00123c44	FUN_00123098	50	7f47055f7ef397b71032961010f79052b393764f30eb354ce5eae132e76eb912	source_unnamed	unique_full_body_sha256
LF9G003T	0x13BED4	LF9L000E	0x13CA90	FUN_0013bed4	FUN_0013ca90	FUN_0013bed4	54	7f5dfb004ec3485cd31f97238bf21e0f01c2318e8bce53108f571eec8dfa5867	source_unnamed	unique_full_body_sha256
LF9G003T	0x1F6DD8	LF9L000E	0x2001A8	timer_compare_field_config	timer_compare_field_config	timer_compare_field_config	110	7f8671ffe1be86ac3718fc2937ebd945307c9320af0aa39163246a7b3759d5b2	already_named	unique_full_body_sha256
LF9G003T	0x206A5C	LF9L000E	0x20FE98	FUN_00206a5c	FUN_0020fe98	FUN_00206a5c	6	7fad7e0d1296a737df8ab456fcc1293eec0b4cd93887a18c08f74f960b14656e	source_unnamed	unique_full_body_sha256
LF9G003T	0xF7834	LF9L000E	0xF83A0	FUN_000f7834	FUN_000f83a0	FUN_000f7834	90	7fb2195b6117881685578a4d4d86ec890e6a4f4b99443ed1d4b7cf1b4e58e212	source_unnamed	unique_full_body_sha256
LF9G003T	0x1F0F1E	LF9L000E	0x1FA2EE	FUN_001f0f1e	FUN_001fa2ee	FUN_001f0f1e	12	7fca17776f256a9108c086adcae195c3f51dd09b84f032d9aed6b81f7446a728	source_unnamed	unique_full_body_sha256
LF9G003T	0xAEBE4	LF9L000E	0xAEE68	sa_seed_send_handler	sa_seed_send_handler	sa_seed_send_handler	224	7fcaf0f19ef9f68c8887ea050eb1a8e705cfa2f84d8514dad35cbfce39021d97	already_named	unique_full_body_sha256
LF9G003T	0x1EDCB2	LF9L000E	0x1F7082	cal_table_get_word0	cal_table_get_word0	cal_table_get_word0	10	7fe350b04f26dfa26f00d2a85d75e8aba4d2a77106b3f881f9f5b069cd3d41c1	already_named	unique_full_body_sha256
LF9G003T	0x1CDF64	LF9L000E	0x1D730C	FUN_001cdf64	FUN_001d730c	FUN_001cdf64	272	7fe5c6e4f3b29cc7038a07cad566a25fea205d80ec7d3a461a721aaa63774852	source_unnamed	unique_full_body_sha256
LF9G003T	0x1EE166	LF9L000E	0x1F7536	FUN_001ee166	FUN_001f7536	FUN_001ee166	58	7fe68b2303a2962e4a85a4abf6a1d5dec8ed57a5ad431fc96f9b26daa7f03962	source_unnamed	unique_full_body_sha256
LF9G003T	0x84B78	LF9L000E	0x84DFC	FUN_00084b78	FUN_00084dfc	FUN_00084b78	520	80198642659c861050c8aa44bf7a9def9f9ed011eb42658f9b20de95b4e8e817	source_unnamed	unique_full_body_sha256
LF9G003T	0x1F4AEE	LF9L000E	0x1FDEBE	FUN_001f4aee	FUN_001fdebe	FUN_001f4aee	6	805c36b869848849a099d43d3037bfb2edab0f8c4fa77fb76b3dbdd53884941b	source_unnamed	unique_full_body_sha256
LF9G003T	0x7AE0E	LF9L000E	0x7AF86	FUN_0007ae0e	FUN_0007af86	FUN_0007ae0e	64	805d0d5fe071b2de211f838cb516f6a588fbd703d1249ff4c1ec3d57eed52b10	source_unnamed	unique_full_body_sha256
LF9G003T	0x91594	LF9L000E	0x91818	FUN_00091594	FUN_00091818	FUN_00091594	216	8064d0aef0bfdaa8aaadfa5dc67857dd97365bfdfcf890f3c55c495bd80ac552	source_unnamed	unique_full_body_sha256
LF9G003T	0xB894C	LF9L000E	0xB8D38	FUN_000b894c	FUN_000b8d38	FUN_000b894c	62	80679393696130faf48e617142089aa36f339bf549465471b4916a60d3db21c5	source_unnamed	unique_full_body_sha256
LF9G003T	0x1EBDDC	LF9L000E	0x1F51AC	serial_ctrl_clear_bit6	serial_ctrl_clear_bit6	serial_ctrl_clear_bit6	12	80697a204d3b1a147b498e482c5afddecfb01ced7cc9a47f2977ae5afd30310b	already_named	unique_full_body_sha256
LF9G003T	0x154054	LF9L000E	0x154C0C	FUN_00154054	FUN_00154c0c	FUN_00154054	68	8090fbfc5fead9b6885f21c3b46d6b97f98a7581c33b39ac8e8efc89b89fe7d4	source_unnamed	unique_full_body_sha256
LF9G003T	0x1C9490	LF9L000E	0x1D2838	interp_1d_desc_axis_u8_data_u16	interp_1d_desc_axis_u8_data_u16	interp_1d_desc_axis_u8_data_u16	100	80b07e979b381c171838c8eae37cb20e4458a458a9b9f8e22f089d9c27e56ea4	already_named	unique_full_body_sha256
LF9G003T	0x19D028	LF9L000E	0x1A61C8	FUN_0019d028	FUN_001a61c8	FUN_0019d028	72	80b3203e53d53c1d1347b636216150ecd7e34df5e7caba4859a4bc0582c52968	source_unnamed	unique_full_body_sha256
LF9G003T	0x168718	LF9L000E	0x16A068	FUN_00168718	FUN_0016a068	FUN_00168718	42	80daa8658083d8df4a87aaa2900f62cb39762c3a3db25cdf630e87669fcaca1e	source_unnamed	unique_full_body_sha256
LF9G003T	0x1F1E38	LF9L000E	0x1FB208	FUN_001f1e38	FUN_001fb208	FUN_001f1e38	6	80f1158c871d4684c7b2246f1af149d1863a45e43b6981a72ed53e713d55464b	source_unnamed	unique_full_body_sha256
LF9G003T	0x193414	LF9L000E	0x19AC34	FUN_00193414	FUN_0019ac34	FUN_00193414	14	811de0f85a285f7fcec2c3542577a5e42e0e5a438dd5322125110a6559179735	source_unnamed	unique_full_body_sha256
LF9G003T	0x202A0A	LF9L000E	0x20BE46	FUN_00202a0a	FUN_0020be46	FUN_00202a0a	268	8150fed036c0cd59fb246c527fcb612d7e3f5186e0271856bc3ada72ff1eb0c8	source_unnamed	unique_full_body_sha256
LF9G003T	0xDF74C	LF9L000E	0xE0288	FUN_000df74c	FUN_000e0288	FUN_000df74c	130	816c0917bf85af1b551b5c290768f20827b9294fad406ceae8603ff3371fe5fc	source_unnamed	unique_full_body_sha256
LF9G003T	0x143E60	LF9L000E	0x144A18	FUN_00143e60	FUN_00144a18	FUN_00143e60	84	818e016745268c249a174cd01cf75122ee51ac5f37b01c68e66346a656223e14	source_unnamed	unique_full_body_sha256
LF9G003T	0x1F7184	LF9L000E	0x200554	FUN_001f7184	FUN_00200554	FUN_001f7184	548	81a0734a9de38993c9088f107e7774aabeb003cfe0368b494f7ee8f905d61cce	source_unnamed	unique_full_body_sha256
LF9G003T	0xA32FC	LF9L000E	0xA3580	linear_interp_2pt	linear_interp_2pt	linear_interp_2pt	116	81bcfa04b2fa99e6eb86fc2964325490d6e3a28820f7a0ada93115e48672f9d6	already_named	unique_full_body_sha256
LF9G003T	0xC62A8	LF9L000E	0xC66A4	FUN_000c62a8	FUN_000c66a4	FUN_000c62a8	62	81c356a1d20110a5bf071f28fa4999e44413ef16b4e6e41b6b78da1baba329af	source_unnamed	unique_full_body_sha256
LF9G003T	0x922E4	LF9L000E	0x92568	FUN_000922e4	FUN_00092568	FUN_000922e4	304	81e8741c4380d8b3eaec53e6208d9836c9269e3fc7dfdc694ad1c9cc2ce57960	source_unnamed	unique_full_body_sha256
LF9G003T	0x1E2214	LF9L000E	0x1EB5DC	FUN_001e2214	FUN_001eb5dc	FUN_001e2214	10	8214d7de2001dc4be2193aa5bddbf35872e0ab08daab186cf648880310fe0783	source_unnamed	unique_full_body_sha256
LF9G003T	0x93668	LF9L000E	0x938EC	FUN_00093668	FUN_000938ec	FUN_00093668	160	8258086f8dd2e73b9b23349326ce6d4dcc60344cd16a99e31c781994ebd2516e	source_unnamed	unique_full_body_sha256
LF9G003T	0x206D3C	LF9L000E	0x210178	FUN_00206d3c	FUN_00210178	FUN_00206d3c	16	826153bbb2a12a1ee4c7d2638bd7dea97d411aa75864cc775bc4a16b5da2032f	source_unnamed	unique_full_body_sha256
LF9G003T	0x1F88C4	LF9L000E	0x201C94	thunk_FUN_001f88f8	thunk_FUN_00201cc8	thunk_FUN_001f88f8	4	8274e51aaa31e0702c23eb6a4266e64f177ab9ee9ac205f3b3a41fcd903e6c5e	source_unnamed	unique_full_body_sha256
LF9G003T	0x1E8A74	LF9L000E	0x1F1E44	FUN_001e8a74	FUN_001f1e44	FUN_001e8a74	190	8279ac0a8f7db08e72b289732d5796d3af7dcab10b51e52fac451a33187fc49c	source_unnamed	unique_full_body_sha256
LF9G003T	0x154740	LF9L000E	0x1552F8	FUN_00154740	FUN_001552f8	FUN_00154740	46	827a07226f0bbc845bc5dad5ac9ad71570c4275770413b98850b4f623a20c133	source_unnamed	unique_full_body_sha256
LF9G003T	0xA2720	LF9L000E	0xA29A4	FUN_000a2720	FUN_000a29a4	FUN_000a2720	68	828da9a291522aa41d3c2d93aaa46a554b9c0471fdcdd5ee43d0765f00ad4c47	source_unnamed	unique_full_body_sha256
LF9G003T	0xB0506	LF9L000E	0xB078A	FUN_000b0506	FUN_000b078a	FUN_000b0506	44	8297f0dfa5390f70a9a81d3a8e608cedee2fc7c787af6fd6b8b66ee15ff852c5	source_unnamed	unique_full_body_sha256
LF9G003T	0xB9CCE	LF9L000E	0xBA0BA	FUN_000b9cce	FUN_000ba0ba	FUN_000b9cce	546	82996a3dd7a11c6ba32ec586896c16621f7e84493ffe5c464e2e752e417b71f9	source_unnamed	unique_full_body_sha256
LF9G003T	0x1F0D22	LF9L000E	0x1FA0F2	FUN_001f0d22	FUN_001fa0f2	FUN_001f0d22	44	82a2bb3b66e62869771f343400160241f54816c963dd4f6df2cc8d7bd0866833	source_unnamed	unique_full_body_sha256
LF9G003T	0x2073D8	LF9L000E	0x210814	FUN_002073d8	FUN_00210814	FUN_002073d8	28	82b98d0176189c7bf87a6f914d3d6bc4fa9b703e7da7e3b7788dca625272d8dd	source_unnamed	unique_full_body_sha256
LF9G003T	0xBCFA0	LF9L000E	0xBD38C	FUN_000bcfa0	FUN_000bd38c	FUN_000bcfa0	90	82c24a356c40f7fd824a4b7a622c84086adcd7278ad12028f680c63f200b8d9b	source_unnamed	unique_full_body_sha256
LF9G003T	0x973E2	LF9L000E	0x97666	FUN_000973e2	FUN_00097666	FUN_000973e2	66	82c6b3c417ac4129cbdf3922f65d7897c617c66b0c2ffcbc6db144cd52da634a	source_unnamed	unique_full_body_sha256
LF9G003T	0xB62BE	LF9L000E	0xB662A	FUN_000b62be	FUN_000b662a	FUN_000b62be	152	82dd83a782148490789e33e239f652cb80b16eb5e6b8beda0541ba4475022a0a	source_unnamed	unique_full_body_sha256
LF9G003T	0xB86C8	LF9L000E	0xB8AB4	FUN_000b86c8	FUN_000b8ab4	FUN_000b86c8	86	82e2669990276d31876802260d07f50e0ae8901d35e885d96a6f6aec87a2c918	source_unnamed	unique_full_body_sha256
LF9G003T	0x1FA078	LF9L000E	0x203448	FUN_001fa078	FUN_00203448	FUN_001fa078	124	82fd6d2c475cf3f34577dd33d4cdc18982f1b825822fceda81d88afd0d749839	source_unnamed	unique_full_body_sha256
LF9G003T	0x967E0	LF9L000E	0x96A64	FUN_000967e0	FUN_00096a64	FUN_000967e0	10	830e07a8ed2e15248a6d3bb05c91b637889e9b262d3c09c0ff4293cbc1193992	source_unnamed	unique_full_body_sha256
LF9G003T	0x668C	LF9L000E	0x668C	FUN_0000668c	FUN_0000668c	FUN_0000668c	226	83159f11ab4a63f77d33b45303b9e2f6f718ecfe0b9e455bd85e5fe47c606623	source_unnamed	unique_full_body_sha256
LF9G003T	0xB5294	LF9L000E	0xB5600	FUN_000b5294	FUN_000b5600	FUN_000b5294	60	8317b125c81414b73e21614b87f171696347396b26b588bfe24f36ef849e1718	source_unnamed	unique_full_body_sha256
LF9G003T	0xE1048	LF9L000E	0xE1B84	FUN_000e1048	FUN_000e1b84	FUN_000e1048	212	835479095554b75f40a4f2ff213875fbb192f413b9c17fa7d75a20d415d4770d	source_unnamed	unique_full_body_sha256
LF9G003T	0x7A554	LF9L000E	0x7A6CC	FUN_0007a554	FUN_0007a6cc	FUN_0007a554	64	8362ac2a26527979cb2931c1a1f4da1610160e307e739bdcb9fc0ac9f16e80f6	source_unnamed	unique_full_body_sha256
LF9G003T	0x14C7F4	LF9L000E	0x14D3AC	FUN_0014c7f4	FUN_0014d3ac	FUN_0014c7f4	56	8370386eec17d6e40901efb81b1eb40dc97becfd4d2813422131cb85ffe1a232	source_unnamed	unique_full_body_sha256
LF9G003T	0xA1FE8	LF9L000E	0xA226C	FUN_000a1fe8	FUN_000a226c	FUN_000a1fe8	154	8371b91f7b53fb733c88475942ccf0b12ec6b4588bda8ba52b0fcc5faf2b25a8	source_unnamed	unique_full_body_sha256
LF9G003T	0x27DEA0	LF9L000E	0x27E034	FUN_0027dea0	FUN_0027e034	FUN_0027dea0	540	838629b596a8669da2f271db90bf423a30e9b6dff6be6190e9ae1261dfc84856	source_unnamed	unique_full_body_sha256
LF9G003T	0xDF030	LF9L000E	0xDFB6C	FUN_000df030	FUN_000dfb6c	FUN_000df030	76	83a1a52d466ac4a38ee2ccc8e297972caf611d8644aa021bab19accc55beea24	source_unnamed	unique_full_body_sha256
LF9G003T	0x1F73D0	LF9L000E	0x2007A0	FUN_001f73d0	FUN_002007a0	FUN_001f73d0	112	83ab9f05c4ec36e735a0badc827e22ccd70d0bd4a0b788a2a54c9269d9a4c9e3	source_unnamed	unique_full_body_sha256
LF9G003T	0xDC244	LF9L000E	0xDCD80	FUN_000dc244	FUN_000dcd80	FUN_000dc244	96	83b09614e73182c6995e2f0112f00fbbbcf2989348efc2df356bf04d644ba9e1	source_unnamed	unique_full_body_sha256
LF9G003T	0x1459E0	LF9L000E	0x146598	FUN_001459e0	FUN_00146598	FUN_001459e0	36	83c51f210a5999bb389df8ef6a628bae99fee9d7ad7b2cd8a69029fe708de097	source_unnamed	unique_full_body_sha256
LF9G003T	0x1F2186	LF9L000E	0x1FB556	FUN_001f2186	FUN_001fb556	FUN_001f2186	10	83f16ba31825750d7a5ba9999f6bc014c300af6bd9334c0b2f4753cd3a67cc46	source_unnamed	unique_full_body_sha256
LF9G003T	0x1EDD72	LF9L000E	0x1F7142	FUN_001edd72	FUN_001f7142	FUN_001edd72	14	83f217a325903523ea52e34917c7c3dd1e63116ab91f36f1023306717da2f6c7	source_unnamed	unique_full_body_sha256
LF9G003T	0x8A1C8	LF9L000E	0x8A44C	FUN_0008a1c8	FUN_0008a44c	FUN_0008a1c8	50	83fb44806c4bcaa212d02b5d78f60ba9bbe8c7bae0ff60d9b82e076d16d48f7d	source_unnamed	unique_full_body_sha256
LF9G003T	0x1F84DA	LF9L000E	0x2018AA	FUN_001f84da	FUN_002018aa	FUN_001f84da	234	840fc55f49f9ab55059f6e5f31fd4edb8e2e91fd42169d7e8539c9a979aa25eb	source_unnamed	unique_full_body_sha256
LF9G003T	0xAECC4	LF9L000E	0xAEF48	sa_seed_generate_from_nonce	sa_seed_generate_from_nonce	sa_seed_generate_from_nonce	92	84289bf39562d4978aba628be269f909d75e0c38c3d07fd091866cbf1b0c9a18	already_named	unique_full_body_sha256
LF9G003T	0x1FCA90	LF9L000E	0x205E60	FUN_001fca90	FUN_00205e60	FUN_001fca90	534	842ce63f48a4b8684baf48ba0e8111f6b165025cf5b870a26ccae242a9fb1d21	source_unnamed	unique_full_body_sha256
LF9G003T	0x19EB58	LF9L000E	0x1A7CF8	FUN_0019eb58	FUN_001a7cf8	FUN_0019eb58	146	84516615c29e71f9e4fe2382e254f1e986ae1870c22388214b3ba34b53fcd871	source_unnamed	unique_full_body_sha256
LF9G003T	0xC85B8	LF9L000E	0xC89B4	FUN_000c85b8	FUN_000c89b4	FUN_000c85b8	120	845176ba073133fd4ab5c63f432c9bbeb5ea049e078f13c9c383ed6a62fefe86	source_unnamed	unique_full_body_sha256
LF9G003T	0x1FC970	LF9L000E	0x205D40	FUN_001fc970	FUN_00205d40	FUN_001fc970	132	84f6341b21a8e5234acf777a4fe11ad4da5ef334aad69281d7ddb1e0c6aaf4c3	source_unnamed	unique_full_body_sha256
LF9G003T	0x113BB4	LF9L000E	0x114720	FUN_00113bb4	FUN_00114720	FUN_00113bb4	190	851af364ed3662dac738e5fd5566ddf6ba442b0de4f13e94adc2a3a3e2608902	source_unnamed	unique_full_body_sha256
LF9G003T	0xB22C0	LF9L000E	0xB2544	FUN_000b22c0	FUN_000b2544	FUN_000b22c0	178	854f9193a426cd1300b93f091e13654e438096a13dd8e1a2cdea6344e54505ab	source_unnamed	unique_full_body_sha256
LF9G003T	0x7BC04	LF9L000E	0x7BD7C	FUN_0007bc04	FUN_0007bd7c	FUN_0007bc04	18	855502c236d4accae819404482a841b7596c569c3ae0413a7cb7acd4fd05e35a	source_unnamed	unique_full_body_sha256
LF9G003T	0x1C9F50	LF9L000E	0x1D32F8	FUN_001c9f50	FUN_001d32f8	FUN_001c9f50	322	855a0d800cf5c86cf8a495b8cbbdecbdb3db60d0abcd9c9f9fd2a0c060fb0ec9	source_unnamed	unique_full_body_sha256
LF9G003T	0xBDDF2	LF9L000E	0xBE1DE	FUN_000bddf2	FUN_000be1de	FUN_000bddf2	330	857a0db05b7f6cdb1c8c278bde0b1d155157e24ccdc7ba3bc7db9323b9b0093e	source_unnamed	unique_full_body_sha256
LF9G003T	0x1F9432	LF9L000E	0x202802	FUN_001f9432	FUN_00202802	FUN_001f9432	82	8580ab19d01b78dcbb566bc3a02377d44f15ff57f0a8ae44cd5a46bd6dbf4779	source_unnamed	unique_full_body_sha256
LF9G003T	0x1EDC2C	LF9L000E	0x1F6FFC	FUN_001edc2c	FUN_001f6ffc	FUN_001edc2c	6	85810bd09ed6579ba7a488213cc5e0da91daf1f552498e25d16ffe73c87b97a2	source_unnamed	unique_full_body_sha256
LF9G003T	0x1F2732	LF9L000E	0x1FBB02	broadcast_state_machine	broadcast_state_machine	broadcast_state_machine	292	85ab556d49f46913bf75827c2bea39474a724b60bd1895f098bbb964a39945d8	already_named	unique_full_body_sha256
LF9G003T	0x144240	LF9L000E	0x144DF8	FUN_00144240	FUN_00144df8	FUN_00144240	114	85b51c1be90acd34aa7f7c01b041bde807c3e353e12abb967a0576bd647c6414	source_unnamed	unique_full_body_sha256
LF9G003T	0x1E890C	LF9L000E	0x1F1CDC	FUN_001e890c	FUN_001f1cdc	FUN_001e890c	8	85b69af109bbbddabdd342efe82b50c4815d45b00868cc5c957251f4764e801c	source_unnamed	unique_full_body_sha256
LF9G003T	0xB7D4C	LF9L000E	0xB80B8	FUN_000b7d4c	FUN_000b80b8	FUN_000b7d4c	78	85c453e030e991731dbaee5b22dbea2bbe5f5a80b064bacec9392d38ca5dd8fd	source_unnamed	unique_full_body_sha256
LF9G003T	0xC0880	LF9L000E	0xC0C6C	FUN_000c0880	FUN_000c0c6c	FUN_000c0880	106	85d6680b6c16e01d0d6d7a89165ac992a670a8f8556a0f859c9e968b5ccc0659	source_unnamed	unique_full_body_sha256
LF9G003T	0x13043C	LF9L000E	0x130FE8	FUN_0013043c	FUN_00130fe8	FUN_0013043c	436	85d9fb5e2b35e2509d9284f4fc4f113bd0810b76e38d52867700931bf99f5f1e	source_unnamed	unique_full_body_sha256
LF9G003T	0x13FD0C	LF9L000E	0x1408C4	FUN_0013fd0c	FUN_001408c4	FUN_0013fd0c	8	85e6eb65d4572492335aa3fc7c55cd0424144ed6ae654bb5755b3de926dc67ed	source_unnamed	unique_full_body_sha256
LF9G003T	0x114C34	LF9L000E	0x1157A0	FUN_00114c34	FUN_001157a0	FUN_00114c34	440	8604ef60b26cb392237e47b60dacc40c7b6025986bdd909420af42eea2bfe8c1	source_unnamed	unique_full_body_sha256
LF9G003T	0x2069B8	LF9L000E	0x20FDF4	FUN_002069b8	FUN_0020fdf4	FUN_002069b8	60	860e7b5d5ef93849b461cfc254bc31679bb8d3dcd7d15484c748647d47bf1f8d	source_unnamed	unique_full_body_sha256
LF9G003T	0x1E10F4	LF9L000E	0x1EA4BC	FUN_001e10f4	FUN_001ea4bc	FUN_001e10f4	90	8615ea9706cb295746331798bbca4d8326f8039535ec8cecd7c077629bbed5e2	source_unnamed	unique_full_body_sha256
LF9G003T	0x10C7CC	LF9L000E	0x10D338	FUN_0010c7cc	FUN_0010d338	FUN_0010c7cc	286	86424fe54f0f8ed630700d0cc3869caa03a7adf13becc7ffb8ad4e934d935245	source_unnamed	unique_full_body_sha256
LF9G003T	0x84A3E	LF9L000E	0x84CC2	FUN_00084a3e	FUN_00084cc2	FUN_00084a3e	168	86805252f41882dac1c96f9c2655eabd9ea92f9d39667dcfc6c98649ae63963d	source_unnamed	unique_full_body_sha256
LF9G003T	0x846DA	LF9L000E	0x8495E	FUN_000846da	FUN_0008495e	FUN_000846da	60	869faa8c26579b8ba1f2d168ff1cbc155065c53e7a0f5a272b472466b80263ff	source_unnamed	unique_full_body_sha256
LF9G003T	0x1B88B0	LF9L000E	0x1C1B2C	FUN_001b88b0	FUN_001c1b2c	FUN_001b88b0	82	86afd3bf38a72e74f9a4334dcce6c049d4b46894dd52ad2c218c9fb75b71bfb7	source_unnamed	unique_full_body_sha256
LF9G003T	0x1F1C14	LF9L000E	0x1FAFE4	FUN_001f1c14	FUN_001fafe4	FUN_001f1c14	52	86b8e7181b0242d734af3319fe29496d433b91d35d42c497c46f6ab967305c25	source_unnamed	unique_full_body_sha256
LF9G003T	0x1EDC68	LF9L000E	0x1F7038	FUN_001edc68	FUN_001f7038	FUN_001edc68	10	86d1393101ba2bc02fad2b138bff15b52cc81ccfe2af00916b252d0e7fc6c70e	source_unnamed	unique_full_body_sha256
LF9G003T	0xA1CE8	LF9L000E	0xA1F6C	FUN_000a1ce8	FUN_000a1f6c	FUN_000a1ce8	162	86d22eed2ac449d26fa8d7f8193d0a4eb5a8ffcb5b1ca440a2ab7e54ae4ce774	source_unnamed	unique_full_body_sha256
LF9G003T	0x116EF0	LF9L000E	0x117A5C	FUN_00116ef0	FUN_00117a5c	FUN_00116ef0	152	86ec0679c785473855d8b67605d218a1ab98f0c9d5371ac57170a6d99312b0bc	source_unnamed	unique_full_body_sha256
LF9G003T	0xF6D90	LF9L000E	0xF78FC	FUN_000f6d90	FUN_000f78fc	FUN_000f6d90	34	86f429ab2040f7d58a13100867aa80b1f8c0e9e48a66149c6364b1ad290d643c	source_unnamed	unique_full_body_sha256
LF9G003T	0x7724	LF9L000E	0x7724	FUN_00007724	FUN_00007724	FUN_00007724	58	86fd22eea6e66b464595aeacf9e26ab80fadfcaa5ae683cd88181bf16bfb39ea	source_unnamed	unique_full_body_sha256
LF9G003T	0x16556C	LF9L000E	0x166EBC	FUN_0016556c	FUN_00166ebc	FUN_0016556c	92	87129493caaf3971b6137f4c387cc327ad06ae4e9058075d6cdac7f1c4a6b43a	source_unnamed	unique_full_body_sha256
LF9G003T	0x956DC	LF9L000E	0x95960	FUN_000956dc	FUN_00095960	FUN_000956dc	92	8739decccba9b32b3361575068ed0050d4df39a8cdc1e54fe8bccb4808163392	source_unnamed	unique_full_body_sha256
LF9G003T	0x1C1B10	LF9L000E	0x1CAE50	FUN_001c1b10	FUN_001cae50	FUN_001c1b10	104	8755beb40ce92216b994ab14d9af8e60b41327af578909dea97cf59b79f3476f	source_unnamed	unique_full_body_sha256
LF9G003T	0x79950	LF9L000E	0x79AC8	FUN_00079950	FUN_00079ac8	FUN_00079950	48	87b656d70b9b506de7fac78eedc35f8a912347994c6544eb714c2db0e493ddab	source_unnamed	unique_full_body_sha256
LF9G003T	0x1B7A5C	LF9L000E	0x1C0CD8	FUN_001b7a5c	FUN_001c0cd8	FUN_001b7a5c	112	87c1e647b261e170c6a60521dd3cba274e9ab7c14f7274a71ca9f8446c5f7149	source_unnamed	unique_full_body_sha256
LF9G003T	0xF158C	LF9L000E	0xF20F8	FUN_000f158c	FUN_000f20f8	FUN_000f158c	60	87f65dbcb4b7844815a359418da42916311314bd089726a97625288200afc92f	source_unnamed	unique_full_body_sha256
LF9G003T	0x2030B8	LF9L000E	0x20C4F4	FUN_002030b8	FUN_0020c4f4	FUN_002030b8	554	87f739def1f881f01dae86bbbdf27470191796d2b9b8c903d6e15134e474ffdd	source_unnamed	unique_full_body_sha256
LF9G003T	0x1F1A1C	LF9L000E	0x1FADEC	FUN_001f1a1c	FUN_001fadec	FUN_001f1a1c	44	87ff71635de75b088d33d5f2538e401883b5f60ceebdabd88e6e3a43e2c83325	source_unnamed	unique_full_body_sha256
LF9G003T	0xBF026	LF9L000E	0xBF412	FUN_000bf026	FUN_000bf412	FUN_000bf026	100	8805e111e3ceaa4a2d0028c251733b2a17bee12308debe1cf19dd97dabdbc91b	source_unnamed	unique_full_body_sha256
LF9G003T	0x13FD88	LF9L000E	0x140940	FUN_0013fd88	FUN_00140940	FUN_0013fd88	26	8814fc7c281dd73abfd6c89340ea79447b0a278306f108baef53fa3887844314	source_unnamed	unique_full_body_sha256
LF9G003T	0x1C3494	LF9L000E	0x1CC7D4	FUN_001c3494	FUN_001cc7d4	FUN_001c3494	112	88154a62593dac7268fc60c590090780b40497600f225fc33450352232101ed5	source_unnamed	unique_full_body_sha256
LF9G003T	0x1F4724	LF9L000E	0x1FDAF4	FUN_001f4724	FUN_001fdaf4	FUN_001f4724	8	882ff5b44963fa4350ceacae3b5ae1440423b7575d2223232b3a5ec6a2cb08a4	source_unnamed	unique_full_body_sha256
LF9G003T	0x19DAF8	LF9L000E	0x1A6C98	FUN_0019daf8	FUN_001a6c98	FUN_0019daf8	22	8837ba7f818f3a1a64c6b4129ae758a70d8731fd0e5473d62524ec82e3927275	source_unnamed	unique_full_body_sha256
LF9G003T	0x147F38	LF9L000E	0x148AF0	FUN_00147f38	FUN_00148af0	FUN_00147f38	88	883c808b406ca119db99807f77101d5012ca27adf12551f7d5b33ed8993141f4	source_unnamed	unique_full_body_sha256
LF9G003T	0x11AE30	LF9L000E	0x11B99C	FUN_0011ae30	FUN_0011b99c	FUN_0011ae30	22	8840e8256129031a7b2f97d473c61c4e1d885ce04a5d198702fd42ef03907709	source_unnamed	unique_full_body_sha256
LF9G003T	0x7EB90	LF9L000E	0x7ED08	FUN_0007eb90	FUN_0007ed08	FUN_0007eb90	10	8845a3c57881c814cff85493e25d10d11d37a4900cb3b6848e96821c0792136c	source_unnamed	unique_full_body_sha256
LF9G003T	0x1CE29C	LF9L000E	0x1D7644	interp_2d_ax_u16_u16_desc_data_u	interp_2d_ax_u16_u16_desc_data_u	interp_2d_ax_u16_u16_desc_data_u	268	88490aa7f76388aa96676a08e6808ef6a9fa8d2c8c43d33e5da7760e4c00d50c	already_named	unique_full_body_sha256
LF9G003T	0x1F2230	LF9L000E	0x1FB600	FUN_001f2230	FUN_001fb600	FUN_001f2230	10	885a85f12b22cf19701a8c36745f43420150aaf01f976c78cab0373d8844bdd5	source_unnamed	unique_full_body_sha256
LF9G003T	0xB5668	LF9L000E	0xB59D4	FUN_000b5668	FUN_000b59d4	FUN_000b5668	78	88699196bd68372d1216fe87b14c5b7863991e9ced4baf76d89f38e525bcbbfe	source_unnamed	unique_full_body_sha256
LF9G003T	0x1162C0	LF9L000E	0x116E2C	FUN_001162c0	FUN_00116e2c	FUN_001162c0	140	886fbb2cda11a7a50d19472c5463ad4f5b07c4f386ac8fc66a6cda2dd7a0ea2e	source_unnamed	unique_full_body_sha256
LF9G003T	0x7E9E2	LF9L000E	0x7EB5A	FUN_0007e9e2	FUN_0007eb5a	FUN_0007e9e2	52	8882e87b631ee977731a229ab551736bcf65d5f2f20436072eb59f9768e2d3e7	source_unnamed	unique_full_body_sha256
LF9G003T	0x6A74	LF9L000E	0x6A74	FUN_00006a74	FUN_00006a74	FUN_00006a74	118	8883b1c8b9d2b3add9e38c1465f889d6421650719df201d72b47e606f5dcfa71	source_unnamed	unique_full_body_sha256
LF9G003T	0x1F696C	LF9L000E	0x1FFD3C	FUN_001f696c	FUN_001ffd3c	FUN_001f696c	42	8894afa3b28215dceebeac1fc9a9bc865f75b9603b8e36c861797d2c66e3f687	source_unnamed	unique_full_body_sha256
LF9G003T	0x1F6B1E	LF9L000E	0x1FFEEE	FUN_001f6b1e	FUN_001ffeee	FUN_001f6b1e	88	88bbcb97ac1ba08df2ded3315e8cac27bda22b67b6c529f123aa0ada790ac3e2	source_unnamed	unique_full_body_sha256
LF9G003T	0x164900	LF9L000E	0x1662A0	FUN_00164900	FUN_001662a0	FUN_00164900	100	88dce1a85b316f940e1cd98519e16cba5a4b4e4adc50f90aebc1968a22252728	source_unnamed	unique_full_body_sha256
LF9G003T	0x1EB15C	LF9L000E	0x1F452C	FUN_001eb15c	FUN_001f452c	FUN_001eb15c	114	88dfbe1fd464cf3c0020b6d4801064b20d5fa9a44da4f26e04dd87bcc1d205b9	source_unnamed	unique_full_body_sha256
LF9G003T	0x10CA08	LF9L000E	0x10D574	FUN_0010ca08	FUN_0010d574	FUN_0010ca08	328	88ecbaa260ce04eed6d1a6e82f73464dccc4c706af7ada4742a514134a783d6c	source_unnamed	unique_full_body_sha256
LF9G003T	0x147BD8	LF9L000E	0x148790	FUN_00147bd8	FUN_00148790	FUN_00147bd8	32	89068fff54f54fb182ebd94ebac3acceddbf7f246997774991e076a9cc309725	source_unnamed	unique_full_body_sha256
LF9G003T	0xAA5FA	LF9L000E	0xAA87E	FUN_000aa5fa	FUN_000aa87e	FUN_000aa5fa	32	895cfb7735c4bf9b447ab8d4f04b43f8a1b2110879323ab8deb447101d58312a	source_unnamed	unique_full_body_sha256
LF9G003T	0x1F1EA2	LF9L000E	0x1FB272	FUN_001f1ea2	FUN_001fb272	FUN_001f1ea2	60	895e71b6c1fafc16abb7249c80166b117246acb755c96ada02eb26f13f84d126	source_unnamed	unique_full_body_sha256
LF9G003T	0x128684	LF9L000E	0x129230	FUN_00128684	FUN_00129230	FUN_00128684	70	8972ac7adbb852d722a71d0b60142e6ad6045686ffd121ffa5bb64790d817f96	source_unnamed	unique_full_body_sha256
LF9G003T	0x20B364	LF9L000E	0x2147A0	FUN_0020b364	FUN_002147a0	FUN_0020b364	112	897a109d320dcd16506bdab6f603acd6324dbb7b549df9344d64ae0bd38adbdd	source_unnamed	unique_full_body_sha256
LF9G003T	0x19703C	LF9L000E	0x1A01DC	FUN_0019703c	FUN_001a01dc	FUN_0019703c	70	8985c4bb390ce882040714d91c0042b815f6dc6b1c96afe82da5c6f4d835a3a8	source_unnamed	unique_full_body_sha256
LF9G003T	0x9730C	LF9L000E	0x97590	FUN_0009730c	FUN_00097590	FUN_0009730c	14	899b4a571a274640d55bbe99548b168f7f3d12d61cfba284cb2413c22746dda5	source_unnamed	unique_full_body_sha256
LF9G003T	0x112A44	LF9L000E	0x1135B0	FUN_00112a44	FUN_001135b0	FUN_00112a44	148	8a146a13726257b66d189eb599e0a54ecd6a9957e7b32c24bbd2efb9f2ac2346	source_unnamed	unique_full_body_sha256
LF9G003T	0x10E264	LF9L000E	0x10EDD0	FUN_0010e264	FUN_0010edd0	FUN_0010e264	106	8a44dbd9ecf5d0db1822a9e812c9fbbdd1c05c99015b8d3e44f8164b609f0a4e	source_unnamed	unique_full_body_sha256
LF9G003T	0x1EDD50	LF9L000E	0x1F7120	FUN_001edd50	FUN_001f7120	FUN_001edd50	14	8a6e119fd3ad8db1d3201ecd408507c6837ffb04e15c24155ecf2aed1a85beae	source_unnamed	unique_full_body_sha256
LF9G003T	0x95C96	LF9L000E	0x95F1A	FUN_00095c96	FUN_00095f1a	FUN_00095c96	50	8a9205f920dc29318f761bd5353194216c2201443604c2c385bec67cfb5fe2c0	source_unnamed	unique_full_body_sha256
LF9G003T	0x1F7C12	LF9L000E	0x200FE2	FUN_001f7c12	FUN_00200fe2	FUN_001f7c12	12	8ab74f9294177494f114bf29f6aef2515850bd6729f283307957d7cf883f1066	source_unnamed	unique_full_body_sha256
LF9G003T	0x1F92E2	LF9L000E	0x2026B2	FUN_001f92e2	FUN_002026b2	FUN_001f92e2	14	8ab8055e04fc7b5358dc913d49207060cf3d32c941f724e6024be2763f3367ce	source_unnamed	unique_full_body_sha256
LF9G003T	0xC4422	LF9L000E	0xC481E	FUN_000c4422	FUN_000c481e	FUN_000c4422	88	8abc41022d723f3dd99e1fe83cbae54b2c43a1dee3fc58929f86b77e167419c9	source_unnamed	unique_full_body_sha256
LF9G003T	0x63E4	LF9L000E	0x63E4	FUN_000063e4	FUN_000063e4	FUN_000063e4	28	8acc42d595df52a93b6faed15d4bfc922af15a4239d1ee90e548a9bf056cd320	source_unnamed	unique_full_body_sha256
LF9G003T	0x1F463E	LF9L000E	0x1FDA0E	can_bus_wake_status_read	can_bus_wake_status_read	can_bus_wake_status_read	6	8ad8051c29749e1346ac641ce95125dd895000c05ca05af7ff1b709739a62615	already_named	unique_full_body_sha256
LF9G003T	0x7B7BA	LF9L000E	0x7B932	FUN_0007b7ba	FUN_0007b932	FUN_0007b7ba	20	8af42e9d5a5e71d1424b61eb71984c48f7b392eca4b61280964735b025de7986	source_unnamed	unique_full_body_sha256
LF9G003T	0x1B4494	LF9L000E	0x1BD710	FUN_001b4494	FUN_001bd710	FUN_001b4494	78	8afa495d63855203db8d23435d1be77bd5648656f6e86a5aa939eac5f7538157	source_unnamed	unique_full_body_sha256
LF9G003T	0x97D82	LF9L000E	0x98006	FUN_00097d82	FUN_00098006	FUN_00097d82	26	8b4be18429fa3e2a599e8a30eab098d76d42ab3d557eeb09b573fd37bf64a83f	source_unnamed	unique_full_body_sha256
LF9G003T	0x1CB9D8	LF9L000E	0x1D4D80	FUN_001cb9d8	FUN_001d4d80	FUN_001cb9d8	362	8b593ac434e48143f4f5339d9e701b79198e551b11572d6a1151b034e8fa498c	source_unnamed	unique_full_body_sha256
LF9G003T	0x145A30	LF9L000E	0x1465E8	FUN_00145a30	FUN_001465e8	FUN_00145a30	102	8b773c7f2cd39b2fcebad2b8657ab9a3042a0657c134f30420cafe4f9834c41b	source_unnamed	unique_full_body_sha256
LF9G003T	0x1F47A4	LF9L000E	0x1FDB74	FUN_001f47a4	FUN_001fdb74	FUN_001f47a4	6	8ba78ee6a678203aa606aba7492ef1d674eb26d01d266e6a42d9db4e4f2cb24d	source_unnamed	unique_full_body_sha256
LF9G003T	0x8D7AC	LF9L000E	0x8DA30	FUN_0008d7ac	FUN_0008da30	FUN_0008d7ac	420	8baee7255c489591b05b159be45f2285d83241a8391c6fca5b4ac8f23142945f	source_unnamed	unique_full_body_sha256
LF9G003T	0x1F0D96	LF9L000E	0x1FA166	FUN_001f0d96	FUN_001fa166	FUN_001f0d96	44	8bc5ba0a81c3fa6af099b04e41e5261e17dcb6cdee525de72ca13dc70458978c	source_unnamed	unique_full_body_sha256
LF9G003T	0x209748	LF9L000E	0x212B84	udiv_normalize_dispatch	udiv_normalize_dispatch	udiv_normalize_dispatch	188	8bcf3cf0cc19a1ee1d88e3e4e6acc9bb2c2cec7ed34fe841c774038069b1a789	already_named	unique_full_body_sha256
LF9G003T	0x1F47C6	LF9L000E	0x1FDB96	FUN_001f47c6	FUN_001fdb96	FUN_001f47c6	6	8bdcc69b54d1a79b74b37c91c369a14b267108aca893a71c7ef915e8593fdd9a	source_unnamed	unique_full_body_sha256
LF9G003T	0x95C02	LF9L000E	0x95E86	FUN_00095c02	FUN_00095e86	FUN_00095c02	50	8bddac22f06f44489c92146046a40f772d515b81746661f31bb59fec6edef7d9	source_unnamed	unique_full_body_sha256
LF9G003T	0x205028	LF9L000E	0x20E464	FUN_00205028	FUN_0020e464	FUN_00205028	152	8bf79bf84a2c0f18db4b2171d2d0959f17bf697442005cb13d7e58d7b09d91ff	source_unnamed	unique_full_body_sha256
LF9G003T	0x6C50	LF9L000E	0x6C50	FUN_00006c50	FUN_00006c50	FUN_00006c50	136	8bfc643cc5dfb11b590aa2562a4663ff5897d4eef7d759d7cf3b18c8b6c8f7aa	source_unnamed	unique_full_body_sha256
LF9G003T	0x1E2278	LF9L000E	0x1EB640	FUN_001e2278	FUN_001eb640	FUN_001e2278	10	8c06c54edac63724952d4fa65c4161f0a6e869c1f11d13f5fe24e9bb9d3c0751	source_unnamed	unique_full_body_sha256
LF9G003T	0x1F5A08	LF9L000E	0x1FEDD8	FUN_001f5a08	FUN_001fedd8	FUN_001f5a08	22	8c372f60ef224b49b1a3e740da997bf2228c8cf00a1c93f60647c54fba81fd76	source_unnamed	unique_full_body_sha256
LF9G003T	0x176AB4	LF9L000E	0x17BFD0	FUN_00176ab4	FUN_0017bfd0	FUN_00176ab4	52	8c4dae3b3d7fb60fa3582ef1ebc684455d07aa7cf3e8ab2e07ce95003001d424	source_unnamed	unique_full_body_sha256
LF9G003T	0x1F4782	LF9L000E	0x1FDB52	FUN_001f4782	FUN_001fdb52	FUN_001f4782	10	8c568e2bdbc1d3bbd795fa2661d6ebfa7efb36d802b7a60913691c486d36bf2c	source_unnamed	unique_full_body_sha256
LF9G003T	0x136F94	LF9L000E	0x137B50	FUN_00136f94	FUN_00137b50	FUN_00136f94	40	8c8a0dd0288b9b675c98f2a7de304f6732bf078e714c41a3db2d2b50ddcaa925	source_unnamed	unique_full_body_sha256
LF9G003T	0x1456F4	LF9L000E	0x1462AC	FUN_001456f4	FUN_001462ac	FUN_001456f4	66	8c9b8882f17eeeb104035306cfe83211afc4d9d12950d40f943679a98b70d9c2	source_unnamed	unique_full_body_sha256
LF9G003T	0x145088	LF9L000E	0x145C40	FUN_00145088	FUN_00145c40	FUN_00145088	38	8cb3532ae8babc7392a4db0540c5a500c2f7c1f2fe0d51baa4077d30026206d5	source_unnamed	unique_full_body_sha256
LF9G003T	0x14760C	LF9L000E	0x1481C4	FUN_0014760c	FUN_001481c4	FUN_0014760c	30	8cc500e318baa55bdaf62d8017e698c37beebe966626b218602b7c929d6a8ccd	source_unnamed	unique_full_body_sha256
LF9G003T	0x9B9B2	LF9L000E	0x9BC36	FUN_0009b9b2	FUN_0009bc36	FUN_0009b9b2	28	8cd7077507f28f53b03c9935c3e9c5061696c909603c302bacf5d4dddc351ccb	source_unnamed	unique_full_body_sha256
LF9G003T	0x93498	LF9L000E	0x9371C	FUN_00093498	FUN_0009371c	FUN_00093498	164	8cf37eb67a4dc01fa3c2411c3a001d42c31cc5ae9a3164457da9e6e8764214d7	source_unnamed	unique_full_body_sha256
LF9G003T	0x7ABE4	LF9L000E	0x7AD5C	FUN_0007abe4	FUN_0007ad5c	FUN_0007abe4	150	8cf74f74f9ad416f8b8ecfeafa1f3eed12fe13fbbba5d0d87ad85b3f99a8f8c6	source_unnamed	unique_full_body_sha256
LF9G003T	0x13CD30	LF9L000E	0x13D8EC	FUN_0013cd30	FUN_0013d8ec	FUN_0013cd30	94	8cffb17b79ce1c4717d1494d0c799a3b5281b3e3a756f36f180cbaa34bffa163	source_unnamed	unique_full_body_sha256
LF9G003T	0x1AFBC0	LF9L000E	0x1B8DA4	FUN_001afbc0	FUN_001b8da4	FUN_001afbc0	64	8d220c761db833d898fd5476049d8d9bd314bc7f21b68f21d7c45b127e18bfac	source_unnamed	unique_full_body_sha256
LF9G003T	0xD7968	LF9L000E	0xD84A4	FUN_000d7968	FUN_000d84a4	FUN_000d7968	334	8d26bfa8a115a66c18aaa433dc098220210912fefeb650144dcfe4a7421c11cf	source_unnamed	unique_full_body_sha256
LF9G003T	0xC1D94	LF9L000E	0xC2190	FUN_000c1d94	FUN_000c2190	FUN_000c1d94	232	8d28cb9acc4292168e369e9a6fc8844fe1eba06175c8c8beb6fb6a39c80bff2c	source_unnamed	unique_full_body_sha256
LF9G003T	0xB6AFA	LF9L000E	0xB6E66	FUN_000b6afa	FUN_000b6e66	FUN_000b6afa	60	8d3c8d233aaaf24b4a9ea7d7af30c55305b496bbc9fde5507510399c17b75bf9	source_unnamed	unique_full_body_sha256
LF9G003T	0x1C95BC	LF9L000E	0x1D2964	interp_1d_desc_axis_s16_data_u16	interp_1d_desc_axis_s16_data_u16	interp_1d_desc_axis_s16_data_u16	124	8d558ea8a5ad21bea6946df7270e5d44910a099a103d327f3dabb81b07692a17	already_named	unique_full_body_sha256
LF9G003T	0xBA134	LF9L000E	0xBA520	FUN_000ba134	FUN_000ba520	FUN_000ba134	578	8d5bedda2cd455a9ed8c3e5bc02f4f5c2340e0bb10c280d7f1e65b880f48540b	source_unnamed	unique_full_body_sha256
LF9G003T	0x8E908	LF9L000E	0x8EB8C	FUN_0008e908	FUN_0008eb8c	FUN_0008e908	192	8d835890f6c133fac59a96ccddfa2cb120a4adafac9344b80de6dd50b846a088	source_unnamed	unique_full_body_sha256
LF9G003T	0x166938	LF9L000E	0x168288	FUN_00166938	FUN_00168288	FUN_00166938	52	8d883e20d921dd9361ff07431b5fb216cc1acb51c89ffc86b4f7333eeb7df35c	source_unnamed	unique_full_body_sha256
LF9G003T	0x8F39A	LF9L000E	0x8F61E	FUN_0008f39a	FUN_0008f61e	FUN_0008f39a	216	8d9cd5f028e112e755d3c3aefcc4a9b7f50cd7cc088ea31863646f7eb3d4f3a6	source_unnamed	unique_full_body_sha256
LF9G003T	0x6CDC	LF9L000E	0x6CDC	FUN_00006cdc	FUN_00006cdc	FUN_00006cdc	90	8dad6a403ad685897010a59ec8a06229058aff53d6b8befba6f38aef05a377a2	source_unnamed	unique_full_body_sha256
LF9G003T	0x1F5D58	LF9L000E	0x1FF128	FUN_001f5d58	FUN_001ff128	FUN_001f5d58	22	8dbbdeaeb5cff38ea01fbf0fcccb55fc3b16bd440d50b95ba5d2f0e4221957b6	source_unnamed	unique_full_body_sha256
LF9G003T	0x113674	LF9L000E	0x1141E0	FUN_00113674	FUN_001141e0	FUN_00113674	426	8dcdddee59c65c0ece9f445a81842ab796d31dc6fb868629d4f0820dba14c86e	source_unnamed	unique_full_body_sha256
LF9G003T	0x1CABDC	LF9L000E	0x1D3F84	FUN_001cabdc	FUN_001d3f84	FUN_001cabdc	262	8dd35f7300d2759a14f9f5bc3ccd2c9804453936a5d4331b8d6973c79e2ad223	source_unnamed	unique_full_body_sha256
LF9G003T	0x1094D4	LF9L000E	0x10A040	FUN_001094d4	FUN_0010a040	FUN_001094d4	48	8dd79cb0b2935e2c2e87e0c8daf463efa1c9b3c5871f734c6d86704fd200a076	source_unnamed	unique_full_body_sha256
LF9G003T	0xD9660	LF9L000E	0xDA19C	FUN_000d9660	FUN_000da19c	FUN_000d9660	24	8dd8fda9dc94bf16787b46036d1c08a7ad5ddad85fea5c5f236974aa2931d359	source_unnamed	unique_full_body_sha256
LF9G003T	0x193B2C	LF9L000E	0x19B41C	FUN_00193b2c	FUN_0019b41c	FUN_00193b2c	48	8de27329a889b8854c6d60f95729e0af8c2c89a0ed1f82ec8e9b6f412297960b	source_unnamed	unique_full_body_sha256
LF9G003T	0x799B0	LF9L000E	0x79B28	FUN_000799b0	FUN_00079b28	FUN_000799b0	48	8e063ef2b7eb617501eed02d6db58e28d4281bdcc3100a65bcb89d48d9fc5e41	source_unnamed	unique_full_body_sha256
LF9G003T	0x1A5548	LF9L000E	0x1AE6E4	FUN_001a5548	FUN_001ae6e4	FUN_001a5548	56	8e08d5bb972e824a31a5c856f1b2e05023e1f315fee396400148e117e37cdecc	source_unnamed	unique_full_body_sha256
LF9G003T	0x168E58	LF9L000E	0x16A7A8	FUN_00168e58	FUN_0016a7a8	FUN_00168e58	48	8e16a48cad173094b4704049ebe70c4a32454d9e14e2a4ca4cb483ffb0acb82f	source_unnamed	unique_full_body_sha256
LF9G003T	0x1ED294	LF9L000E	0x1F6664	FUN_001ed294	FUN_001f6664	FUN_001ed294	114	8e1e58dfa1f14e9008c50bb2e64cc31bcd6ded26c107a988681fcb9a65be0b81	source_unnamed	unique_full_body_sha256
LF9G003T	0x166C24	LF9L000E	0x168574	FUN_00166c24	FUN_00168574	FUN_00166c24	154	8e239f28fd80034f6f3f97e7e324bd295d312bbb41a0a49bba34cc29511dab3a	source_unnamed	unique_full_body_sha256
LF9G003T	0x19E640	LF9L000E	0x1A77E0	FUN_0019e640	FUN_001a77e0	FUN_0019e640	200	8e2987d57bab02fde00c18b969eb9691502c9c8416643093c4978a305513aff5	source_unnamed	unique_full_body_sha256
LF9G003T	0x1C4D54	LF9L000E	0x1CE0FC	FUN_001c4d54	FUN_001ce0fc	FUN_001c4d54	116	8e3814465de474ce604e44a72b42b96a254d8eef05ac5c37eb2354e3c6e1da4d	source_unnamed	unique_full_body_sha256
LF9G003T	0xAFD88	LF9L000E	0xB000C	sa_block_split_halves	sa_block_split_halves	sa_block_split_halves	84	8e74c76520733e72c57b69741edf750bef31780b138821d9a98e62f0834d5db7	already_named	unique_full_body_sha256
LF9G003T	0xB558C	LF9L000E	0xB58F8	FUN_000b558c	FUN_000b58f8	FUN_000b558c	72	8e7a135adaf498b53299c83e734ac1d78e1d9014dcd047d0805ec0d86af5f400	source_unnamed	unique_full_body_sha256
LF9G003T	0x1197E4	LF9L000E	0x11A350	FUN_001197e4	FUN_0011a350	FUN_001197e4	270	8e83482d13a5435e72f5bc9a62e6f78e1953cf2b08d5ba7ccfdf9927cf9a62cc	source_unnamed	unique_full_body_sha256
LF9G003T	0xBCB2C	LF9L000E	0xBCF18	FUN_000bcb2c	FUN_000bcf18	FUN_000bcb2c	160	8e8d019eed1913d614fb7da6f94285fa25bb114d7f29a7ec8e3e37ce4e2658a2	source_unnamed	unique_full_body_sha256
LF9G003T	0xBC7C6	LF9L000E	0xBCBB2	FUN_000bc7c6	FUN_000bcbb2	FUN_000bc7c6	26	8e9e14e2c83d7de62f8df2fa1390aac6be05cbac7c0f037765ff1f7b63721368	source_unnamed	unique_full_body_sha256
LF9G003T	0x1F2248	LF9L000E	0x1FB618	FUN_001f2248	FUN_001fb618	FUN_001f2248	6	8ec34406ed315caf6bd2778c5e620c83200753710bd225b99198c4547db1e69a	source_unnamed	unique_full_body_sha256
LF9G003T	0x1A8520	LF9L000E	0x1B16BC	FUN_001a8520	FUN_001b16bc	FUN_001a8520	148	8ed0a865620ceea530a274414ee638b5c1f30039d1c7361983fbc7a004bdd0c8	source_unnamed	unique_full_body_sha256
LF9G003T	0x116350	LF9L000E	0x116EBC	FUN_00116350	FUN_00116ebc	FUN_00116350	90	8edc3c94005ebb2c54d7677ba8632d641d57c8088e9f0485633b9db1e536196e	source_unnamed	unique_full_body_sha256
LF9G003T	0xF7CFC	LF9L000E	0xF8868	FUN_000f7cfc	FUN_000f8868	FUN_000f7cfc	650	8ede2e4e685a04c63a35638c41ca5027b88d3838ccb9575029154907a2804277	source_unnamed	unique_full_body_sha256
LF9G003T	0x159344	LF9L000E	0x159EFC	FUN_00159344	FUN_00159efc	FUN_00159344	18	8eeca252693a5f8cfe018a431af142c433443e0e527c65ee8b3571d56a3130ef	source_unnamed	unique_full_body_sha256
LF9G003T	0x166D74	LF9L000E	0x1686C4	FUN_00166d74	FUN_001686c4	FUN_00166d74	70	8eff81a0e62c6622314d5b46536e26b28c869e968cfe5ad79afeb258e2d81cad	source_unnamed	unique_full_body_sha256
LF9G003T	0x162360	LF9L000E	0x163D68	FUN_00162360	FUN_00163d68	FUN_00162360	98	8f2ce61f62b1be3b5f9bdc7771e7e874f6861a779419d386127fe439ce3a833a	source_unnamed	unique_full_body_sha256
LF9G003T	0x161E00	LF9L000E	0x163808	FUN_00161e00	FUN_00163808	FUN_00161e00	94	8f2dc7cfb27f5ab2c6dde1091ce5072ea282403088e0fd7fb61ac8315e7de8b0	source_unnamed	unique_full_body_sha256
LF9G003T	0x27D030	LF9L000E	0x27D1C4	FUN_0027d030	FUN_0027d1c4	FUN_0027d030	128	8f3888b231d61acf17afda61eaa81bd7f7342cc877f27e1984e4f1bcb38c7ae2	source_unnamed	unique_full_body_sha256
LF9G003T	0x20A5AC	LF9L000E	0x2139E8	FUN_0020a5ac	FUN_002139e8	FUN_0020a5ac	150	8f57b1ef886ac5f9455e69e6578529e3c6fe3417975e5956117192916b4601f9	source_unnamed	unique_full_body_sha256
LF9G003T	0x7F4E8	LF9L000E	0x7F660	FUN_0007f4e8	FUN_0007f660	FUN_0007f4e8	8	8f59e9ab40b39eaeaf9c9d8ddc8872df5ad9cf21ef600c50c7d6a6c148496e7a	source_unnamed	unique_full_body_sha256
LF9G003T	0x20AEA8	LF9L000E	0x2142E4	FUN_0020aea8	FUN_002142e4	FUN_0020aea8	28	8f6349b85a23abd1299b368437dc78288095ae3cb6b0065fb24e7e402676c3af	source_unnamed	unique_full_body_sha256
LF9G003T	0x1678FC	LF9L000E	0x16924C	FUN_001678fc	FUN_0016924c	FUN_001678fc	56	8f650aee89a0ccd318983894c2b1b325e332de13f97236c1562a086fe7761e56	source_unnamed	unique_full_body_sha256
LF9G003T	0xBEFF0	LF9L000E	0xBF3DC	FUN_000beff0	FUN_000bf3dc	FUN_000beff0	54	8f91b453a6fd638a1433f87623e067809b1e1b115099a0aa3bf8d1790cb4ac8d	source_unnamed	unique_full_body_sha256
LF9G003T	0x165C3C	LF9L000E	0x16758C	FUN_00165c3c	FUN_0016758c	FUN_00165c3c	20	8f9d0941ed603fe3c3c57da0bc3620c99ff63d1e82c7e6b60d952f5524b72712	source_unnamed	unique_full_body_sha256
LF9G003T	0x1697F4	LF9L000E	0x16B144	FUN_001697f4	FUN_0016b144	FUN_001697f4	44	8fa8435b93bb2bf9692d3b14ca375b8479c90af8415a63931273d780b1182bac	source_unnamed	unique_full_body_sha256
LF9G003T	0x13FA68	LF9L000E	0x140620	FUN_0013fa68	FUN_00140620	FUN_0013fa68	14	8fb6d6f68bf27ac8c6d9c598bc047beea3c08b29aa72a3f88a10f8d7ba7584a6	source_unnamed	unique_full_body_sha256
LF9G003T	0x13C188	LF9L000E	0x13CD44	FUN_0013c188	FUN_0013cd44	FUN_0013c188	32	8fd092cc52716ce32df73a3178e333a4ad371b4d9972e30f7f223b379fe7b85a	source_unnamed	unique_full_body_sha256
LF9G003T	0x1F5A28	LF9L000E	0x1FEDF8	FUN_001f5a28	FUN_001fedf8	FUN_001f5a28	22	8fe0235cff19cbbd517f56bb79b6f3310e8ae8e815c63ce2b9d2b14a812b4adb	source_unnamed	unique_full_body_sha256
LF9G003T	0x1F5868	LF9L000E	0x1FEC38	FUN_001f5868	FUN_001fec38	FUN_001f5868	118	9022a6efdd89f392ee1597ed6116190313fc1d0fc4b742c982df7d51750c5b3c	source_unnamed	unique_full_body_sha256
LF9G003T	0x1CBB44	LF9L000E	0x1D4EEC	FUN_001cbb44	FUN_001d4eec	FUN_001cbb44	332	902f50b43a51c75402a0cda39409985cce320673251b1736e5b8ab14cda8b295	source_unnamed	unique_full_body_sha256
LF9G003T	0x1AF260	LF9L000E	0x1B841C	FUN_001af260	FUN_001b841c	FUN_001af260	64	903600c4dcbfada90f3cd86d7cac6f7fa9298b7248bdfbceb55cdbbdc5a6f397	source_unnamed	unique_full_body_sha256
LF9G003T	0x13FC58	LF9L000E	0x140810	FUN_0013fc58	FUN_00140810	FUN_0013fc58	52	9077fe97ce4c27eeb2e3575dfe50758bc01d421bc4dfc1b4bd28eada5a381fde	source_unnamed	unique_full_body_sha256
LF9G003T	0xF6B10	LF9L000E	0xF767C	FUN_000f6b10	FUN_000f767c	FUN_000f6b10	68	90a6695502f899f292d189aeb77e9dda139e815a74529839cc5c45b7e3e00d3b	source_unnamed	unique_full_body_sha256
LF9G003T	0x141C84	LF9L000E	0x14283C	FUN_00141c84	FUN_0014283c	FUN_00141c84	74	90cdb9f7139437e1fbfb381455db34979db05a2fe7a83345ee06c11ac36c4858	source_unnamed	unique_full_body_sha256
LF9G003T	0x1B2CA8	LF9L000E	0x1BBF24	FUN_001b2ca8	FUN_001bbf24	FUN_001b2ca8	96	90fccc9bf56331a80e9070d6086e824a30185b9cbebda6c92bf8fbb93ddb8ba2	source_unnamed	unique_full_body_sha256
LF9G003T	0xAA4C6	LF9L000E	0xAA74A	FUN_000aa4c6	FUN_000aa74a	FUN_000aa4c6	104	915c6ee8a35b40d1dcc0c7bd98eb086ea56733c2ca2bccedb08721c2c4277391	source_unnamed	unique_full_body_sha256
LF9G003T	0x7C866	LF9L000E	0x7C9DE	latch_byte_to_word_hi	latch_byte_to_word_hi	latch_byte_to_word_hi	32	91a39d88b9bb28374d4b42584e4c4a6cdbd35b0256c20bd0a5cd6c3c72c25d65	already_named	unique_full_body_sha256
LF9G003T	0xAA434	LF9L000E	0xAA6B8	FUN_000aa434	FUN_000aa6b8	FUN_000aa434	146	91d30a7ee62a1efd19242184ade3cb21fc6b87107cfd10f4c02fb8e5d99110c8	source_unnamed	unique_full_body_sha256
LF9G003T	0x1C58E8	LF9L000E	0x1CEC90	FUN_001c58e8	FUN_001cec90	FUN_001c58e8	72	91eaad59ef0186af3c2676314ac8e9cb3ce402d1063e45e4793675033a90990c	source_unnamed	unique_full_body_sha256
LF9G003T	0x9332E	LF9L000E	0x935B2	FUN_0009332e	FUN_000935b2	FUN_0009332e	10	920314ff20aa3d3e92867e15748ed00b30f684c4763dc656833301f7c0eed4e1	source_unnamed	unique_full_body_sha256
LF9G003T	0x20A1B8	LF9L000E	0x2135F4	sdiv64_wrapper	sdiv64_wrapper	sdiv64_wrapper	96	9215a35cb5825601f4bf5ef268bbb3a73211e7b25056bf260e0ef887bd802196	already_named	unique_full_body_sha256
LF9G003T	0xC8100	LF9L000E	0xC84FC	FUN_000c8100	FUN_000c84fc	FUN_000c8100	50	922589ad2418769d7ef1527f236a0997d71689c6d416747014d1c1a70535072f	source_unnamed	unique_full_body_sha256
LF9G003T	0x15F3B4	LF9L000E	0x15FF6C	FUN_0015f3b4	FUN_0015ff6c	FUN_0015f3b4	230	92275cb4f146ce9231c8637d56355ffeeadb0bad429385b9f4ea222f4e9063ce	source_unnamed	unique_full_body_sha256
LF9G003T	0x1F0EDC	LF9L000E	0x1FA2AC	FUN_001f0edc	FUN_001fa2ac	FUN_001f0edc	44	92479282058cdd513bd5a4efef5965d1716866b71e3605c7a52d8775577404fc	source_unnamed	unique_full_body_sha256
LF9G003T	0x14730C	LF9L000E	0x147EC4	FUN_0014730c	FUN_00147ec4	FUN_0014730c	32	925cd3db4fddfce7b408d360c905dbbccccdbc94f98d16de4c1d7d2329a4605a	source_unnamed	unique_full_body_sha256
LF9G003T	0x1938D8	LF9L000E	0x19B0F8	FUN_001938d8	FUN_0019b0f8	FUN_001938d8	48	92783f93e5b0bb873e0c3ad5b35369f08c2a66d9d12eddba191c5e6ea72af5a7	source_unnamed	unique_full_body_sha256
LF9G003T	0x131E78	LF9L000E	0x132A24	FUN_00131e78	FUN_00132a24	FUN_00131e78	130	9283874efe5a3398ff44fcc179b4bc639eb18748c601ff769dbc42ab456da0be	source_unnamed	unique_full_body_sha256
LF9G003T	0xDF07C	LF9L000E	0xDFBB8	FUN_000df07c	FUN_000dfbb8	FUN_000df07c	46	9299f334e135a08f5186a632094f0550130e870ed1ee9e066d07912886b3abca	source_unnamed	unique_full_body_sha256
LF9G003T	0xB0B18	LF9L000E	0xB0D9C	FUN_000b0b18	FUN_000b0d9c	FUN_000b0b18	118	92d489faadd9597cc880718de283f8d90e11ba3cb2a59f1996acd357c9f0372b	source_unnamed	unique_full_body_sha256
LF9G003T	0x1E0F50	LF9L000E	0x1EA318	FUN_001e0f50	FUN_001ea318	FUN_001e0f50	90	92d8bb73599d3d24810c5802defc1cd733c6e52cf190762eae1f9f74b654b713	source_unnamed	unique_full_body_sha256
LF9G003T	0x7E38C	LF9L000E	0x7E504	FUN_0007e38c	FUN_0007e504	FUN_0007e38c	160	92e86dd8a31d0d44771a39fb58a1a64dc13df53c25619af7c6ae3882235be150	source_unnamed	unique_full_body_sha256
LF9G003T	0x20A65C	LF9L000E	0x213A98	FUN_0020a65c	FUN_00213a98	FUN_0020a65c	440	92ef52620c6cfc6b3e665075802d8ef59febc618f8dcfce26cfb70ae65646b50	source_unnamed	unique_full_body_sha256
LF9G003T	0xD6E84	LF9L000E	0xD79C0	FUN_000d6e84	FUN_000d79c0	FUN_000d6e84	526	9356d4b4384a1886fcbd4c197951154f8e50bfaef62ba3b016e3bc334ce2da17	source_unnamed	unique_full_body_sha256
LF9G003T	0x8DC28	LF9L000E	0x8DEAC	FUN_0008dc28	FUN_0008deac	FUN_0008dc28	206	935a096d3ae479b2ace80b41b204398dfafa7cdff11e0805bd4832379477bade	source_unnamed	unique_full_body_sha256
LF9G003T	0xAA6C0	LF9L000E	0xAA944	FUN_000aa6c0	FUN_000aa944	FUN_000aa6c0	44	9376809af30f79579a4070676eb4ba46b37dce7dca731ef0a8173030631f0876	source_unnamed	unique_full_body_sha256
LF9G003T	0x1EDCF0	LF9L000E	0x1F70C0	cal_table_get_word0_alias	cal_table_get_word0_alias	cal_table_get_word0_alias	10	9379e7ca4f6a4ec54326eb5d3632d6039477087b9bd5d6c13df62e5b2dd16c19	already_named	unique_full_body_sha256
LF9G003T	0x1F0E74	LF9L000E	0x1FA244	FUN_001f0e74	FUN_001fa244	FUN_001f0e74	10	937d469cef4b7c5024c1553e2de0844c9f7671ffaf0355d2e41e7e517f6728c8	source_unnamed	unique_full_body_sha256
LF9G003T	0x1FAB9C	LF9L000E	0x203F6C	FUN_001fab9c	FUN_00203f6c	FUN_001fab9c	68	9395d74902c3128904586ed60a930a2586eea1135a31bba9a2a5521e17b5f5ad	source_unnamed	unique_full_body_sha256
LF9G003T	0x169914	LF9L000E	0x16B264	FUN_00169914	FUN_0016b264	FUN_00169914	44	93a694f0575bacb3ae15ca01994c0ac8dc2aee9b835453fd2dcdc910ef67015d	source_unnamed	unique_full_body_sha256
LF9G003T	0x126758	LF9L000E	0x127304	FUN_00126758	FUN_00127304	FUN_00126758	450	93c7a9a2d9c6e4ab97aabbce6274a70b636e5453d0f4d90f8162ae2a7d645f51	source_unnamed	unique_full_body_sha256
LF9G003T	0xB5A8E	LF9L000E	0xB5DFA	FUN_000b5a8e	FUN_000b5dfa	FUN_000b5a8e	12	93e95098659d37098bc7451536fbbad66c8d1df138225e5bc73ca694e6a401ed	source_unnamed	unique_full_body_sha256
LF9G003T	0x102800	LF9L000E	0x10336C	FUN_00102800	FUN_0010336c	FUN_00102800	174	93ee6c254ed050a93b7cc47c114ec703d509e74d929c2e04434a94eb69fa6ca4	source_unnamed	unique_full_body_sha256
LF9G003T	0x13F49C	LF9L000E	0x140054	FUN_0013f49c	FUN_00140054	FUN_0013f49c	32	9417e565248e4573f374d1b92dc6cd6a4953cde036b96b934a5fbd31c5990fe1	source_unnamed	unique_full_body_sha256
LF9G003T	0x1B26DC	LF9L000E	0x1BB958	FUN_001b26dc	FUN_001bb958	FUN_001b26dc	42	942248df29bd1262ade5c57b4d394731a914d5c258e387fdaf43512b273775fa	source_unnamed	unique_full_body_sha256
LF9G003T	0xF8728	LF9L000E	0xF9294	FUN_000f8728	FUN_000f9294	FUN_000f8728	538	946399d36ab5e51776603b8fb8e003629a53a2ccf9e503e8c26503ede3be8983	source_unnamed	unique_full_body_sha256
LF9G003T	0x9322E	LF9L000E	0x934B2	FUN_0009322e	FUN_000934b2	FUN_0009322e	58	946bc7a96df94a38f2472e114db054f7148cf9a6d466cd68c43d587f05c57453	source_unnamed	unique_full_body_sha256
LF9G003T	0x7EFC6	LF9L000E	0x7F13E	FUN_0007efc6	FUN_0007f13e	FUN_0007efc6	22	94754b285d1540095ec95893fc1b24995d7f6f8959e5d291c226cd4af2a55216	source_unnamed	unique_full_body_sha256
LF9G003T	0x27E7B0	LF9L000E	0x27E944	FUN_0027e7b0	FUN_0027e944	FUN_0027e7b0	6	947b039f51cf5cb7e26d750e2ca84d76140aa24dd245c2addbc983138f2621ef	source_unnamed	unique_full_body_sha256
LF9G003T	0x13BF4C	LF9L000E	0x13CB08	FUN_0013bf4c	FUN_0013cb08	FUN_0013bf4c	54	947ba5d8acf36dfc68ec8d7254498b9b752e6b6193122e0163377b725331fdc0	source_unnamed	unique_full_body_sha256
LF9G003T	0x1F083C	LF9L000E	0x1F9C0C	FUN_001f083c	FUN_001f9c0c	FUN_001f083c	46	94819e7a431df7988a938a316f4f33e2818a8715fef0b7c985f6a7ff35c6113d	source_unnamed	unique_full_body_sha256
LF9G003T	0x1C320C	LF9L000E	0x1CC54C	FUN_001c320c	FUN_001cc54c	FUN_001c320c	54	94905a46102b2234e79933611ab8de6a0a4ae5b67487b81e59f282ef24287e81	source_unnamed	unique_full_body_sha256
LF9G003T	0x1F4676	LF9L000E	0x1FDA46	FUN_001f4676	FUN_001fda46	FUN_001f4676	6	949fc3d0d1328e534e4475583c708533112f0f80ab735787c0bc04ffc299ab0f	source_unnamed	unique_full_body_sha256
LF9G003T	0x916DA	LF9L000E	0x9195E	sensor_read_scale_byteidx	sensor_read_scale_byteidx	sensor_read_scale_byteidx	34	94a0988fc15710f9c1249c841c12263b25e1ec8f1d67080f357226bcf7e6b073	already_named	unique_full_body_sha256
LF9G003T	0x12905C	LF9L000E	0x129C08	FUN_0012905c	FUN_00129c08	FUN_0012905c	82	94bb1e18dddcca1514726ca6b2903a75033503762f2055df1241e063c07b54f1	source_unnamed	unique_full_body_sha256
LF9G003T	0xE34F4	LF9L000E	0xE4058	FUN_000e34f4	FUN_000e4058	FUN_000e34f4	20	94bce2bb8714062f3961251f4b2b6cc2f347b0417feb4bfd6a59c9bff3364369	source_unnamed	unique_full_body_sha256
LF9G003T	0x162698	LF9L000E	0x1640A0	FUN_00162698	FUN_001640a0	FUN_00162698	48	94d7b280a78924c153bc1737d44e5d452ce4aea30142570a260f70145e63c673	source_unnamed	unique_full_body_sha256
LF9G003T	0xD6AE0	LF9L000E	0xD761C	FUN_000d6ae0	FUN_000d761c	FUN_000d6ae0	14	94dc0eb82d99872f7622d1366c060d0c4163d140446b6447ea0fe6c9e0eafdf9	source_unnamed	unique_full_body_sha256
LF9G003T	0x1CE788	LF9L000E	0x1D7B30	FUN_001ce788	FUN_001d7b30	FUN_001ce788	332	94e013d0f33106f8b3dcffc432ef73f1033d3b056501ef67ba90a8f69205500b	source_unnamed	unique_full_body_sha256
LF9G003T	0x27E30C	LF9L000E	0x27E4A0	FUN_0027e30c	FUN_0027e4a0	FUN_0027e30c	110	94e2169268b099da4a2978c6a1e59f58aac1a26909b675d6b84b7debbaf5ec0e	source_unnamed	unique_full_body_sha256
LF9G003T	0x13C7E0	LF9L000E	0x13D39C	FUN_0013c7e0	FUN_0013d39c	FUN_0013c7e0	94	9501354613167a16786ebdbd05c203889d5bffd21261bfa6eab960c7580ee706	source_unnamed	unique_full_body_sha256
LF9G003T	0x1360F4	LF9L000E	0x136CA0	FUN_001360f4	FUN_00136ca0	FUN_001360f4	88	9508467e8d99405efc5fa4c8a1bbce8372956b0f34aa93a2fb62073f2362bde7	source_unnamed	unique_full_body_sha256
LF9G003T	0x1659B8	LF9L000E	0x167308	FUN_001659b8	FUN_00167308	FUN_001659b8	166	953d852295f8f8d74bbe80df5032dfa7dc86da8d60731aee7a00d5082e119e27	source_unnamed	unique_full_body_sha256
LF9G003T	0x1F0E08	LF9L000E	0x1FA1D8	FUN_001f0e08	FUN_001fa1d8	FUN_001f0e08	10	953fe242200ba95889aca92196afdd2247cb6f9cb08315333eac2a5fb4e3fbc7	source_unnamed	unique_full_body_sha256
LF9G003T	0x1FA0F4	LF9L000E	0x2034C4	FUN_001fa0f4	FUN_002034c4	FUN_001fa0f4	60	956a5ca7a5ee19877215a2ba8120c3ef91a1df6fdcdade6b22f436c5b9723ff5	source_unnamed	unique_full_body_sha256
LF9G003T	0x1F822C	LF9L000E	0x2015FC	FUN_001f822c	FUN_002015fc	FUN_001f822c	466	9584f6c531668c56e13dace1f7af0b6d0ad153c9dbbd6973f6cb7ec700517385	source_unnamed	unique_full_body_sha256
LF9G003T	0x917C4	LF9L000E	0x91A48	FUN_000917c4	FUN_00091a48	FUN_000917c4	54	9585bbc02c0282a77bf99b3208069ccd2496cc70a9884c5c1c0daba4924536c8	source_unnamed	unique_full_body_sha256
LF9G003T	0x167E18	LF9L000E	0x169768	FUN_00167e18	FUN_00169768	FUN_00167e18	54	95abd0571eb1e208d05fbdeb0c5a40221683291d077a9b68ffc2495b11916cb4	source_unnamed	unique_full_body_sha256
LF9G003T	0x104900	LF9L000E	0x10546C	FUN_00104900	FUN_0010546c	FUN_00104900	110	95af14571c48bec997d2de4f51a92735e97e0fff692d6a0acd73b4eb4cdfea1a	source_unnamed	unique_full_body_sha256
LF9G003T	0x193D00	LF9L000E	0x19B5F0	FUN_00193d00	FUN_0019b5f0	FUN_00193d00	106	95bacd001b944910fbe4cde8ac3a877e472ee5feab50ac9e16bc1658af8c7d37	source_unnamed	unique_full_body_sha256
LF9G003T	0x136160	LF9L000E	0x136D0C	FUN_00136160	FUN_00136d0c	FUN_00136160	320	95fbe0be83fdcc6d13f3e5f36224f57c20ba3f37840a8b8204db3c4bb30b349d	source_unnamed	unique_full_body_sha256
LF9G003T	0xB8D90	LF9L000E	0xB917C	FUN_000b8d90	FUN_000b917c	FUN_000b8d90	378	965270ea33f6e8183f0713a1b0ede03124d5e699d2ccc7ff80db629972ec723f	source_unnamed	unique_full_body_sha256
LF9G003T	0xB5712	LF9L000E	0xB5A7E	FUN_000b5712	FUN_000b5a7e	FUN_000b5712	80	965c6ee6fda190b05ba09afb3961ec48f8e2d14ef224093dfd6c9adbf50c4431	source_unnamed	unique_full_body_sha256
LF9G003T	0xB7692	LF9L000E	0xB79FE	FUN_000b7692	FUN_000b79fe	FUN_000b7692	44	967d6077ee1f3bcc2aa6f9de972b98fdd7113bd08a02098db0d4279640e51e82	source_unnamed	unique_full_body_sha256
LF9G003T	0x79980	LF9L000E	0x79AF8	FUN_00079980	FUN_00079af8	FUN_00079980	48	96cc90edacd30d3f70acf6bf5287e5d521e1a30b99db4c1a730ab5f6faca1dd4	source_unnamed	unique_full_body_sha256
LF9G003T	0x1DF374	LF9L000E	0x1E873C	FUN_001df374	FUN_001e873c	FUN_001df374	66	96df15027c478a66398c4df93da8c03a8537625d1efd43c51192905b25c48fe6	source_unnamed	unique_full_body_sha256
LF9G003T	0x19E9AC	LF9L000E	0x1A7B4C	FUN_0019e9ac	FUN_001a7b4c	FUN_0019e9ac	88	97179a3700eaec1814851a85a4f6cf1d5f79eeab16076fa748aa36693f18eb29	source_unnamed	unique_full_body_sha256
LF9G003T	0x204868	LF9L000E	0x20DCA4	FUN_00204868	FUN_0020dca4	FUN_00204868	32	971ed0142166df00bd9257eb5e95620a84fc3590612d6d86c9868bcd14c96291	source_unnamed	unique_full_body_sha256
LF9G003T	0xB0488	LF9L000E	0xB070C	FUN_000b0488	FUN_000b070c	FUN_000b0488	80	9727f9ea1241dfb76dd43eca9cac3e43ce7f089f13caa7257a4bed85abfd7c32	source_unnamed	unique_full_body_sha256
LF9G003T	0x118C44	LF9L000E	0x1197B0	FUN_00118c44	FUN_001197b0	FUN_00118c44	356	9728de6914dbff084f6f5f9b87588d190e3831c6c1dd183445428a1a65d81180	source_unnamed	unique_full_body_sha256
LF9G003T	0x141B68	LF9L000E	0x142720	FUN_00141b68	FUN_00142720	FUN_00141b68	62	975478d37e193e9cf3a8274a6c6dc28496bd4425359a7e07bb01f8b210fb1c88	source_unnamed	unique_full_body_sha256
LF9G003T	0x2046E4	LF9L000E	0x20DB20	FUN_002046e4	FUN_0020db20	FUN_002046e4	20	9756bf08ee4cff53ab6d0050ad75d7a5db08aae2cfbe22a7b15ac73096e5ef69	source_unnamed	unique_full_body_sha256
LF9G003T	0x13C25C	LF9L000E	0x13CE18	FUN_0013c25c	FUN_0013ce18	FUN_0013c25c	26	975d891c182fbedd8e1b8161d7de322207c24c63c44e831c3512cdd28cc95965	source_unnamed	unique_full_body_sha256
LF9G003T	0x206CAC	LF9L000E	0x2100E8	FUN_00206cac	FUN_002100e8	FUN_00206cac	48	976436322aa7bf1fd45dad7adedd7f5793dd75c17bb3cca6a79c87fa191a09fd	source_unnamed	unique_full_body_sha256
LF9G003T	0x10CD7C	LF9L000E	0x10D8E8	FUN_0010cd7c	FUN_0010d8e8	FUN_0010cd7c	34	9765a3d50c2b32d732230a52e1b880e1c17f6c1c5fd09805be02bcbad78de8f0	source_unnamed	unique_full_body_sha256
LF9G003T	0x1F1B48	LF9L000E	0x1FAF18	FUN_001f1b48	FUN_001faf18	FUN_001f1b48	52	9773f49e9d359dd80d9211cd12d47fb73c5a7c9619d1a8b7ba39b2226c6289ad	source_unnamed	unique_full_body_sha256
LF9G003T	0x162CD8	LF9L000E	0x16469C	FUN_00162cd8	FUN_0016469c	FUN_00162cd8	26	97a024d6cca5c20d11f00827d2cf52764618f4cb7250377317658067abd1a949	source_unnamed	unique_full_body_sha256
LF9G003T	0x135F90	LF9L000E	0x136B3C	FUN_00135f90	FUN_00136b3c	FUN_00135f90	262	97a67df092c33b6efab18ba23525ba1d07e2f6efd2ab2e5e77da44020292d4f3	source_unnamed	unique_full_body_sha256
LF9G003T	0x12B2DC	LF9L000E	0x12BE88	FUN_0012b2dc	FUN_0012be88	FUN_0012b2dc	18	97b391c173138b0429b737c56f187542a3beec1e903a7eaf93d3b7fc761ee7a6	source_unnamed	unique_full_body_sha256
LF9G003T	0x97210	LF9L000E	0x97494	FUN_00097210	FUN_00097494	FUN_00097210	50	97c867f4418a9ca61dea5e5a98cd458105abaf684d94e89572883f1e5fd885df	source_unnamed	unique_full_body_sha256
LF9G003T	0xD95A8	LF9L000E	0xDA0E4	FUN_000d95a8	FUN_000da0e4	FUN_000d95a8	10	97eea8dc5f0b3d56f08efb5a92399ac9fd64d7f0acf8318f8252aef8745a841e	source_unnamed	unique_full_body_sha256
LF9G003T	0x1CC164	LF9L000E	0x1D550C	interp_2d_ax_u8_u32_data_u	interp_2d_ax_u8_u32_data_u	interp_2d_ax_u8_u32_data_u	268	980495b02fbabfc5df20d1a6b5d1dfaadfdf8dab4c058b85c38597b21b9c6d72	already_named	unique_full_body_sha256
LF9G003T	0x1CDE4C	LF9L000E	0x1D71F4	FUN_001cde4c	FUN_001d71f4	FUN_001cde4c	278	983882f3e7260bd5c4c70f5e55f48d46c53f30007c36537754237a783353eb06	source_unnamed	unique_full_body_sha256
LF9G003T	0x7D36E	LF9L000E	0x7D4E6	FUN_0007d36e	FUN_0007d4e6	FUN_0007d36e	46	9865da059d516f60e202b7d5b9e19356b3171a019c8a80f01a6c6f9e593deff4	source_unnamed	unique_full_body_sha256
LF9G003T	0x13E65C	LF9L000E	0x13F214	FUN_0013e65c	FUN_0013f214	FUN_0013e65c	190	9869711e75a92cf403efe00abe4501b543d25ab56dd843b8f7aca3d9f64cd262	source_unnamed	unique_full_body_sha256
LF9G003T	0x13C8BC	LF9L000E	0x13D478	FUN_0013c8bc	FUN_0013d478	FUN_0013c8bc	70	98a520020bea2a2d5ae2b1702817996dfdae560faed6806f4497f1702b07999b	source_unnamed	unique_full_body_sha256
LF9G003T	0x117464	LF9L000E	0x117FD0	FUN_00117464	FUN_00117fd0	FUN_00117464	32	98aa58d4daa6bf868932443f188b9f5a1bb5281375e2f87afb5ac3827f17e062	source_unnamed	unique_full_body_sha256
LF9G003T	0x11AE04	LF9L000E	0x11B970	FUN_0011ae04	FUN_0011b970	FUN_0011ae04	38	990cb1937aeeeed123bc1617f7601a82119a30158097310a42d863f7b20f74ea	source_unnamed	unique_full_body_sha256
LF9G003T	0xBA4E4	LF9L000E	0xBA8D0	FUN_000ba4e4	FUN_000ba8d0	FUN_000ba4e4	62	991440f43d43e641c26ce36573d9d211ef7ad9c9d8f16284407f9fe0870db89c	source_unnamed	unique_full_body_sha256
LF9G003T	0x142118	LF9L000E	0x142CD0	FUN_00142118	FUN_00142cd0	FUN_00142118	14	9922e42c84ca2a51b0817954e5b758562b50f1569317ec57dfc25ff2a9c1cffe	source_unnamed	unique_full_body_sha256
LF9G003T	0x138B34	LF9L000E	0x1396F0	FUN_00138b34	FUN_001396f0	FUN_00138b34	74	9923943689e2593fcb66721e5bca8aedca05f6abfe071bd421f89abfd24f78c2	source_unnamed	unique_full_body_sha256
LF9G003T	0x9353C	LF9L000E	0x937C0	FUN_0009353c	FUN_000937c0	FUN_0009353c	70	9936c9abc5314bd951cb3fa90f61abe05e225b6c61a183f14ec0b045f3a88414	source_unnamed	unique_full_body_sha256
LF9G003T	0xB8286	LF9L000E	0xB8672	FUN_000b8286	FUN_000b8672	FUN_000b8286	28	993ff0caaf684bfb645e952e1b355e9de1d98fa72a3f6cb135a4959cc4f6e5ad	source_unnamed	unique_full_body_sha256
LF9G003T	0xBEB64	LF9L000E	0xBEF50	FUN_000beb64	FUN_000bef50	FUN_000beb64	8	994b136cd8d57769c795aa3ad14429c9e57bae8e2f4877fa21faa25e569fd597	source_unnamed	unique_full_body_sha256
LF9G003T	0x1F21F4	LF9L000E	0x1FB5C4	FUN_001f21f4	FUN_001fb5c4	FUN_001f21f4	10	99710c43275568edd25c0af2976fe65a1bc2ee0e46a47d1be9107cef030497f9	source_unnamed	unique_full_body_sha256
LF9G003T	0xB21F8	LF9L000E	0xB247C	FUN_000b21f8	FUN_000b247c	FUN_000b21f8	112	998a920a697468a82d3e8be7f84c7a125b95834f30672ccf921c757f312cc53f	source_unnamed	unique_full_body_sha256
LF9G003T	0x93114	LF9L000E	0x93398	FUN_00093114	FUN_00093398	FUN_00093114	34	999d0570432be51390562a1e9563ec09633c299e459a8442b69358964dea9966	source_unnamed	unique_full_body_sha256
LF9G003T	0x6EA8	LF9L000E	0x6EA8	FUN_00006ea8	FUN_00006ea8	FUN_00006ea8	56	99b0501d0b40662b860baa8e1eaf2949426ee16f9f1e0610f5883bb2f7564688	source_unnamed	unique_full_body_sha256
LF9G003T	0x12AF8C	LF9L000E	0x12BB38	FUN_0012af8c	FUN_0012bb38	FUN_0012af8c	84	99b216732d6da73cab6fd9c443973c279c584f598821fb0f0e6625da026d260a	source_unnamed	unique_full_body_sha256
LF9G003T	0xC6430	LF9L000E	0xC682C	FUN_000c6430	FUN_000c682c	FUN_000c6430	22	99c2999b9fdeeecf10ebb5e8b3b67da641b36707764174abb3fa65033f9fa685	source_unnamed	unique_full_body_sha256
LF9G003T	0x7EF2E	LF9L000E	0x7F0A6	FUN_0007ef2e	FUN_0007f0a6	FUN_0007ef2e	152	99f293c6706ec1c792bba3abc0a2331f92d67b01268454c50af3279d0fae8a37	source_unnamed	unique_full_body_sha256
LF9G003T	0xA1304	LF9L000E	0xA1588	FUN_000a1304	FUN_000a1588	FUN_000a1304	22	9a033ac12f8cee93a77c03d27e89cdb14150f48738e6bbdb829f2f26f88323e7	source_unnamed	unique_full_body_sha256
LF9G003T	0x20B018	LF9L000E	0x214454	enter_dispatcher_locked_classify	enter_dispatcher_locked_classify	enter_dispatcher_locked_classify	104	9a24c690d6545e4c38b2d9e18a622117e06e32b3718b298351ca55c3d4962423	already_named	unique_full_body_sha256
LF9G003T	0x137960	LF9L000E	0x13851C	FUN_00137960	FUN_0013851c	FUN_00137960	486	9a26795beeebf36874b78163ef22459b5036bdc4704bfcc6e302434af9c3aec7	source_unnamed	unique_full_body_sha256
LF9G003T	0x1EDD2E	LF9L000E	0x1F70FE	FUN_001edd2e	FUN_001f70fe	FUN_001edd2e	10	9a36cd114e9e9d5e55575e4b31922ac5b20b5430933a5d6e13f6ce20c80ec084	source_unnamed	unique_full_body_sha256
LF9G003T	0x127FBC	LF9L000E	0x128B68	FUN_00127fbc	FUN_00128b68	FUN_00127fbc	12	9a47bce5ec88913acec5aa11df497a04949d65c3fa8a4514d9bee5243f2ebcd3	source_unnamed	unique_full_body_sha256
LF9G003T	0x19FCBC	LF9L000E	0x1A8E58	FUN_0019fcbc	FUN_001a8e58	FUN_0019fcbc	42	9a5e6d5e658bdaf381e376ff43a164a9a1cb3eb0ef088473aac87f9cc4c2c08c	source_unnamed	unique_full_body_sha256
LF9G003T	0xB52D0	LF9L000E	0xB563C	FUN_000b52d0	FUN_000b563c	FUN_000b52d0	64	9a7ace5679fc99a5d2e6505bcccdc7b62f7975377eafdf838311b05ebd18b6a4	source_unnamed	unique_full_body_sha256
LF9G003T	0x8476A	LF9L000E	0x849EE	FUN_0008476a	FUN_000849ee	FUN_0008476a	68	9aa7cba82120199ce23d0c55909508796b73441bf5493ecb21002920146293eb	source_unnamed	unique_full_body_sha256
LF9G003T	0xC54C6	LF9L000E	0xC58C2	FUN_000c54c6	FUN_000c58c2	FUN_000c54c6	36	9abf42885e9f7cd7fe55f70d5fb61855e4fcaea115ca18e01d7bc5f4f46ac1b8	source_unnamed	unique_full_body_sha256
LF9G003T	0x20B10C	LF9L000E	0x214548	check_id_nonzero_bounds	check_id_nonzero_bounds	check_id_nonzero_bounds	32	9b039b1ec46299403f839218b56198726937e472b09c1e9bb8c96508392e3e24	already_named	unique_full_body_sha256
LF9G003T	0x1490DC	LF9L000E	0x149C94	FUN_001490dc	FUN_00149c94	FUN_001490dc	18	9b454c823f5993c5932a203468f56015bd44f4c8796753a4b788603015650cf3	source_unnamed	unique_full_body_sha256
LF9G003T	0x1F300C	LF9L000E	0x1FC3DC	build_frame_powertrain_status	build_frame_powertrain_status	build_frame_powertrain_status	714	9b4c224254787d61a718418c48722fa27a1252d92d1a7a796e563a0e0f3cc7a2	already_named	unique_full_body_sha256
LF9G003T	0x1F20B2	LF9L000E	0x1FB482	FUN_001f20b2	FUN_001fb482	FUN_001f20b2	44	9b8c9107ea091441c94185ce95a7ca9aa69e88a913bf439955ca5e8db4605155	source_unnamed	unique_full_body_sha256
LF9G003T	0x978A8	LF9L000E	0x97B2C	FUN_000978a8	FUN_00097b2c	FUN_000978a8	62	9baa06a9119d4255d0261095b72dcde3bb4f291e65e80ae0f050936d5ef0c39f	source_unnamed	unique_full_body_sha256
LF9G003T	0x169564	LF9L000E	0x16AEB4	FUN_00169564	FUN_0016aeb4	FUN_00169564	56	9bac6da9e338462d774e6f5fa20fb32943da28257744247958a760ad97fad3f0	source_unnamed	unique_full_body_sha256
LF9G003T	0x1FAC96	LF9L000E	0x204066	FUN_001fac96	FUN_00204066	FUN_001fac96	34	9bd89758689c085151ab8218d01f6c3547c645a9e04b9af06afea008e3d18410	source_unnamed	unique_full_body_sha256
LF9G003T	0x135C28	LF9L000E	0x1367D4	counter_increment_saturating	counter_increment_saturating	counter_increment_saturating	50	9bee18da246d8b3fb85ea598cfe899c36b7d17488017c3a45b7f4bfd7137ab26	already_named	unique_full_body_sha256
LF9G003T	0x1EB1EC	LF9L000E	0x1F45BC	FUN_001eb1ec	FUN_001f45bc	FUN_001eb1ec	30	9bfa1fe9c1f33d223da737b5364744117f12e6cea85b4b7cda1e80fe87664a27	source_unnamed	unique_full_body_sha256
LF9G003T	0x12879C	LF9L000E	0x129348	FUN_0012879c	FUN_00129348	FUN_0012879c	274	9c0118ae36b0be2c6c785203a39b7dbd98f911e5439284504486d11835c2b098	source_unnamed	unique_full_body_sha256
LF9G003T	0x797A6	LF9L000E	0x7991E	diag_monitor_mature_rec02	diag_monitor_mature_rec02	diag_monitor_mature_rec02	46	9c0fec87dd8faa610f1f3530564e3687caafdf75d4866d77d53098b578d9211e	already_named	unique_full_body_sha256
LF9G003T	0x204C14	LF9L000E	0x20E050	FUN_00204c14	FUN_0020e050	FUN_00204c14	110	9c12299a995663c96a11a9878542a5b068d0e10422e30d7f7c27858e114a8517	source_unnamed	unique_full_body_sha256
LF9G003T	0x169354	LF9L000E	0x16ACA4	FUN_00169354	FUN_0016aca4	FUN_00169354	56	9c398932dc8a7597386a1d72cad3fec4114f36e0ce6eccb18b7a10c360f88c3f	source_unnamed	unique_full_body_sha256
LF9G003T	0x1F2190	LF9L000E	0x1FB560	FUN_001f2190	FUN_001fb560	FUN_001f2190	10	9c7555bc6aa771a2eaa6ab08a391852fab5625eb53e9e45c9df7efb6e63a0f56	source_unnamed	unique_full_body_sha256
LF9G003T	0xF5110	LF9L000E	0xF5C7C	FUN_000f5110	FUN_000f5c7c	FUN_000f5110	70	9c77330d2c729c919fdf6590b9640a14b7204db4ecac7a8942224bd33f155623	source_unnamed	unique_full_body_sha256
LF9G003T	0x13CE90	LF9L000E	0x13DA4C	FUN_0013ce90	FUN_0013da4c	FUN_0013ce90	108	9c7a493651a1c54923a9d30f8405ae89aeec93297ac69257e3ab0934850e7c9e	source_unnamed	unique_full_body_sha256
LF9G003T	0x1F7E4A	LF9L000E	0x20121A	FUN_001f7e4a	FUN_0020121a	FUN_001f7e4a	70	9cd5462afc5b84627f4381aa6bb755fd196ce8af970f472ba3ad9bea9fe2afbe	source_unnamed	unique_full_body_sha256
LF9G003T	0x1F03FA	LF9L000E	0x1F97CA	FUN_001f03fa	FUN_001f97ca	FUN_001f03fa	48	9ce0a7afbd0289cb8e3baadcf7118eab6526248f154ccb6a95a22bbb5fe5c3da	source_unnamed	unique_full_body_sha256
LF9G003T	0x1B33E8	LF9L000E	0x1BC664	FUN_001b33e8	FUN_001bc664	FUN_001b33e8	104	9cf24e5c2e3afffeeb6b571172847dcbf1291820a55f2ac951c453795436bb32	source_unnamed	unique_full_body_sha256
LF9G003T	0x15A38C	LF9L000E	0x15AF44	FUN_0015a38c	FUN_0015af44	FUN_0015a38c	26	9cf9e8f5a4350164fabab2c2502a1840f75394bd434803246985652c1f9bc4be	source_unnamed	unique_full_body_sha256
LF9G003T	0x10E1F0	LF9L000E	0x10ED5C	FUN_0010e1f0	FUN_0010ed5c	FUN_0010e1f0	108	9d59bdf6e62822cc80a26812cf719bcaccd7db3cde42fe7f5dab5e27b7141336	source_unnamed	unique_full_body_sha256
LF9G003T	0x1ECE74	LF9L000E	0x1F6244	FUN_001ece74	FUN_001f6244	FUN_001ece74	44	9d6d800ebd434977676c2481a64563d333033c6f229672103a138af41d320a76	source_unnamed	unique_full_body_sha256
LF9G003T	0x11A9C0	LF9L000E	0x11B52C	FUN_0011a9c0	FUN_0011b52c	FUN_0011a9c0	106	9d71f4986faa82634ff7ff162db6a5d4b840c36319e821efe91a080ccf6dd180	source_unnamed	unique_full_body_sha256
LF9G003T	0xBC732	LF9L000E	0xBCB1E	FUN_000bc732	FUN_000bcb1e	FUN_000bc732	18	9d9076bd63d5db3e358678c815e91addf6f7fe7fc0113a46efbfe0cecb46434a	source_unnamed	unique_full_body_sha256
LF9G003T	0x14A944	LF9L000E	0x14B4FC	FUN_0014a944	FUN_0014b4fc	FUN_0014a944	114	9dd0fb4768ccc3fddc99591d9ef9d27ca48ecde87a12a7bd08b59bbf4eb3e9bb	source_unnamed	unique_full_body_sha256
LF9G003T	0x1F0BE4	LF9L000E	0x1F9FB4	FUN_001f0be4	FUN_001f9fb4	FUN_001f0be4	10	9e05b40877c0b844fd5e00e6698b2e8479d5c8711e8d5cab70893fc726b2b737	source_unnamed	unique_full_body_sha256
LF9G003T	0x1ED09C	LF9L000E	0x1F646C	FUN_001ed09c	FUN_001f646c	FUN_001ed09c	20	9e2b2d04ac00641b91148c3ffc77091af8f1dcea93322d380a2730629505e90d	source_unnamed	unique_full_body_sha256
LF9G003T	0x9125E	LF9L000E	0x914E2	FUN_0009125e	FUN_000914e2	FUN_0009125e	52	9e369a679f6b214e7f065f3ae6f67d83d7de4ab155172101268b8e511ee38fcb	source_unnamed	unique_full_body_sha256
LF9G003T	0xB04E0	LF9L000E	0xB0764	FUN_000b04e0	FUN_000b0764	FUN_000b04e0	38	9e4eaf39ed8e54cc25d85870e07110910b1c1274774e6c6061c43986515e7629	source_unnamed	unique_full_body_sha256
LF9G003T	0x138DD8	LF9L000E	0x139994	FUN_00138dd8	FUN_00139994	FUN_00138dd8	30	9e50293bc1b89db94ced2b9260562983edb7dab7f85bca7441dad0fe8295adf8	source_unnamed	unique_full_body_sha256
LF9G003T	0x27D628	LF9L000E	0x27D7BC	FUN_0027d628	FUN_0027d7bc	FUN_0027d628	36	9e50a0b0e9bca0a522a9f1d14a8b4f2cf5a4ba04aa12186edfdab461e94365a8	source_unnamed	unique_full_body_sha256
LF9G003T	0x193B5C	LF9L000E	0x19B44C	FUN_00193b5c	FUN_0019b44c	FUN_00193b5c	18	9e7e0891b2aa7824f4f41314f4c648ff7143f49d5809add43cf12068efeab691	source_unnamed	unique_full_body_sha256
LF9G003T	0x1ED1F0	LF9L000E	0x1F65C0	FUN_001ed1f0	FUN_001f65c0	FUN_001ed1f0	18	9e950c89e142397436f1eecfe73d4a3385a867bce508dca4ab70388630d16599	source_unnamed	unique_full_body_sha256
LF9G003T	0x27D170	LF9L000E	0x27D304	peripheral_state_helper	peripheral_state_helper	peripheral_state_helper	136	9ed054c8e6cfe3189dcfe71fdf2b123aadf807dc191e69619114581b1009b5ef	already_named	unique_full_body_sha256
LF9G003T	0x1560AC	LF9L000E	0x156C64	FUN_001560ac	FUN_00156c64	FUN_001560ac	312	9ed0d5c57d73eb7f390edd61fb6733f4caf090765dcbf6003495c0025faa4d1b	source_unnamed	unique_full_body_sha256
LF9G003T	0x141DE0	LF9L000E	0x142998	FUN_00141de0	FUN_00142998	FUN_00141de0	98	9eddaef57813bcc54cb6a75035a55466f9e637a14c0358facc05f9e150991057	source_unnamed	unique_full_body_sha256
LF9G003T	0x91AFC	LF9L000E	0x91D80	FUN_00091afc	FUN_00091d80	FUN_00091afc	30	9ee1a52a5f618892e961d53b2156e607e945a332bdd16d7012f3ca2b5ec1afed	source_unnamed	unique_full_body_sha256
LF9G003T	0x10E138	LF9L000E	0x10ECA4	FUN_0010e138	FUN_0010eca4	FUN_0010e138	182	9f3b108c8782581cb69fd56b5cbf20bf86a8ee0ad28f9514c611f6b012db14dd	source_unnamed	unique_full_body_sha256
LF9G003T	0xC0ACE	LF9L000E	0xC0EBA	FUN_000c0ace	FUN_000c0eba	FUN_000c0ace	106	9f7d4cc8ec6ee7ccb8779f3919277a1b816b376c4ee369fa0123f156cb13482b	source_unnamed	unique_full_body_sha256
LF9G003T	0x1A6D00	LF9L000E	0x1AFE9C	FUN_001a6d00	FUN_001afe9c	FUN_001a6d00	364	9f80717558ea68bcf27ce1974965165cb2e74538cf5df7a1a84719c3ac4b9c77	source_unnamed	unique_full_body_sha256
LF9G003T	0x209668	LF9L000E	0x212AA4	umul_64_accumulate	umul_64_accumulate	umul_64_accumulate	220	9f9551c2551e1a86d58d55bb41ecf3f5191c27c3f0ee97b7fd75f830f3c78ba1	already_named	unique_full_body_sha256
LF9G003T	0x14AB38	LF9L000E	0x14B6F0	FUN_0014ab38	FUN_0014b6f0	FUN_0014ab38	110	9f95f9ae8639f3c9e6f6e6a8f143afa872a7793939b283592c8be245a03b76e1	source_unnamed	unique_full_body_sha256
LF9G003T	0x14AA44	LF9L000E	0x14B5FC	FUN_0014aa44	FUN_0014b5fc	FUN_0014aa44	202	9fcd984bb877b2ac235f2364d18400a5dbeed36868b189013ee29b5d208716b7	source_unnamed	unique_full_body_sha256
LF9G003T	0xC3C48	LF9L000E	0xC4044	FUN_000c3c48	FUN_000c4044	FUN_000c3c48	126	9fd564dd2cc45340b8d7ff0da8b442c012bdd9cbd5ba90273682c90119500b94	source_unnamed	unique_full_body_sha256
LF9G003T	0x204D0A	LF9L000E	0x20E146	FUN_00204d0a	FUN_0020e146	FUN_00204d0a	14	9ffd804013c4eb28d0d6a63e7d80239a6d310237bacf889610b59e04daf4d129	source_unnamed	unique_full_body_sha256
LF9G003T	0xBC860	LF9L000E	0xBCC4C	FUN_000bc860	FUN_000bcc4c	FUN_000bc860	124	a01b330237ededff1cce174370963eb57a8b397d611a9ef73e966c3a1a547c70	source_unnamed	unique_full_body_sha256
LF9G003T	0x1EB408	LF9L000E	0x1F47D8	FUN_001eb408	FUN_001f47d8	FUN_001eb408	122	a0247cd287bd40bbff597ec54ca2ccd0b3b0e27cef8ab555e2f629c3855af127	source_unnamed	unique_full_body_sha256
LF9G003T	0x166AB8	LF9L000E	0x168408	FUN_00166ab8	FUN_00168408	FUN_00166ab8	50	a041293b60088df2f0c534bcfb756ed14a456b0775998351f2207058db702cbd	source_unnamed	unique_full_body_sha256
LF9G003T	0x206638	LF9L000E	0x20FA74	FUN_00206638	FUN_0020fa74	FUN_00206638	6	a061ac6f39c7b97ba04d6d1d081612ce2def1e04611e4b3ddb4ae97a81cbc4e3	source_unnamed	unique_full_body_sha256
LF9G003T	0x1EBD96	LF9L000E	0x1F5166	FUN_001ebd96	FUN_001f5166	FUN_001ebd96	70	a06e6f013c3299eddbc6595b79d04c08b3b4db6219421aa7ece58800974bbf6d	source_unnamed	unique_full_body_sha256
LF9G003T	0xF1520	LF9L000E	0xF208C	FUN_000f1520	FUN_000f208c	FUN_000f1520	44	a079db6e1ede7952e8b083557832a6cd9f853432b7fab48c94abd0013a9386b0	source_unnamed	unique_full_body_sha256
LF9G003T	0x144B14	LF9L000E	0x1456CC	FUN_00144b14	FUN_001456cc	FUN_00144b14	50	a07fbee1f76476a2d80515341f77a1aac1308b54911f60ecb9e6e58eab397a00	source_unnamed	unique_full_body_sha256
LF9G003T	0x102B90	LF9L000E	0x1036FC	FUN_00102b90	FUN_001036fc	FUN_00102b90	16	a08a99b1494723abe6479008331c8b117db0541c6aab4c32ee85844dd7b89ef3	source_unnamed	unique_full_body_sha256
LF9G003T	0x1EAF76	LF9L000E	0x1F4346	FUN_001eaf76	FUN_001f4346	FUN_001eaf76	134	a0ba5ecaee685bb42cb56bfc31f0e15aae01c2672675ddab83bf2ae678692fa6	source_unnamed	unique_full_body_sha256
LF9G003T	0x115678	LF9L000E	0x1161E4	FUN_00115678	FUN_001161e4	FUN_00115678	334	a0e3526e8323eb777c1a12888dbcd64b8bf0e97e5e03d4984cab5698aa3874f4	source_unnamed	unique_full_body_sha256
LF9G003T	0xC45C8	LF9L000E	0xC49C4	FUN_000c45c8	FUN_000c49c4	FUN_000c45c8	146	a0e9afde015f546e1517b3b223aff182399dff8d2449f8b7a1a1e5019afea2b9	source_unnamed	unique_full_body_sha256
LF9G003T	0x206A80	LF9L000E	0x20FEBC	FUN_00206a80	FUN_0020febc	FUN_00206a80	12	a10d729c8e2357d1c10d279abdeefdf758b352429c62158dbbd18347c9817bfa	source_unnamed	unique_full_body_sha256
LF9G003T	0x1F8800	LF9L000E	0x201BD0	FUN_001f8800	FUN_00201bd0	FUN_001f8800	6	a10f8181922f34dda311d9c6170897cb4538431372fb78753b927b3e6fcb2942	source_unnamed	unique_full_body_sha256
LF9G003T	0xBB65E	LF9L000E	0xBBA4A	FUN_000bb65e	FUN_000bba4a	FUN_000bb65e	42	a11ef04e1d4ac03da881958191b3160b8d8bc6329a09f558276b422f3923935b	source_unnamed	unique_full_body_sha256
LF9G003T	0x209EC8	LF9L000E	0x213304	FUN_00209ec8	FUN_00213304	FUN_00209ec8	110	a12e0758039743030314c485464a43894d84674891d65090bc13236bbece9e63	source_unnamed	unique_full_body_sha256
LF9G003T	0x20B1C4	LF9L000E	0x214600	FUN_0020b1c4	FUN_00214600	FUN_0020b1c4	36	a140b14ff9e8b966f2c1cf8c403901c14ff0faea2d9f0920282c3d9ca381e0ba	source_unnamed	unique_full_body_sha256
LF9G003T	0xB75DE	LF9L000E	0xB794A	FUN_000b75de	FUN_000b794a	FUN_000b75de	34	a164e497a5c89c822a23bacb35f2eea1a4f9163e3fd464d74aa1c3992db6b050	source_unnamed	unique_full_body_sha256
LF9G003T	0x1F10CC	LF9L000E	0x1FA49C	FUN_001f10cc	FUN_001fa49c	FUN_001f10cc	222	a171724e8b88adff05a190b2f8eec487c3171eaa8306c150c5845e022caa6a81	source_unnamed	unique_full_body_sha256
LF9G003T	0x1ED206	LF9L000E	0x1F65D6	FUN_001ed206	FUN_001f65d6	FUN_001ed206	12	a19aa3d01f9aa08c48e1f7af481b226030d3986465bed80f46e35e1899953176	source_unnamed	unique_full_body_sha256
LF9G003T	0xD5522	LF9L000E	0xD5C76	checksum8_carry_fold	checksum8_carry_fold	checksum8_carry_fold	100	a1bfb171f0aee09125f7161867bf50c936943ecbb6a5b56a5b658eb813bb9241	already_named	unique_full_body_sha256
LF9G003T	0x8E4AA	LF9L000E	0x8E72E	FUN_0008e4aa	FUN_0008e72e	FUN_0008e4aa	80	a1e5e8891754773f87210ba5278237b39992a46aeae8c87f10f12e408919b438	source_unnamed	unique_full_body_sha256
LF9G003T	0x13E884	LF9L000E	0x13F43C	FUN_0013e884	FUN_0013f43c	FUN_0013e884	394	a1f18f907cc80d5b4705bedab9950a788a5e2b4f43c5aab6c5a685442fa9826b	source_unnamed	unique_full_body_sha256
LF9G003T	0x1F7788	LF9L000E	0x200B58	FUN_001f7788	FUN_00200b58	FUN_001f7788	112	a20a2d7cbb1ba635b592fb2b266b7bc026c4db4216894595ff35eb8e193986cd	source_unnamed	unique_full_body_sha256
LF9G003T	0x18F84C	LF9L000E	0x196D74	FUN_0018f84c	FUN_00196d74	FUN_0018f84c	34	a222a090a264fb51302e24341cfa39e337fa445b83d7609ba1d1eebc6e7eff24	source_unnamed	unique_full_body_sha256
LF9G003T	0x1FF6C8	LF9L000E	0x208B04	FUN_001ff6c8	FUN_00208b04	FUN_001ff6c8	66	a22be868de300c7d32bd2600f96eb86fb689d8cb3aee13564a8900cf51d45885	source_unnamed	unique_full_body_sha256
LF9G003T	0x172DD0	LF9L000E	0x17603C	FUN_00172dd0	FUN_0017603c	FUN_00172dd0	26	a248e8f124d0f871706aee40eaabf458a7f55117a97041106c26d0707ed24561	source_unnamed	unique_full_body_sha256
LF9G003T	0x15EDDC	LF9L000E	0x15F994	FUN_0015eddc	FUN_0015f994	FUN_0015eddc	232	a25f5079dfc1c555ed5582007337643a2040d1e4ef86dd1d770d7cc59fd9f33a	source_unnamed	unique_full_body_sha256
LF9G003T	0xE1878	LF9L000E	0xE23B4	FUN_000e1878	FUN_000e23b4	FUN_000e1878	76	a27727976c844a281843710d1db2fddc68a9d700248237fc2ef1b08b84ee2d0d	source_unnamed	unique_full_body_sha256
LF9G003T	0x1EDCDA	LF9L000E	0x1F70AA	FUN_001edcda	FUN_001f70aa	FUN_001edcda	6	a278d90c7dd0472bf28ce60e0112273c1c14370845c1a1f889ab6a7fec59674c	source_unnamed	unique_full_body_sha256
LF9G003T	0x193424	LF9L000E	0x19AC44	FUN_00193424	FUN_0019ac44	FUN_00193424	54	a27d77f4e26b6ddf2a8a85782b8d6e78ff996da1752f44a2ae9c264ab56fc884	source_unnamed	unique_full_body_sha256
LF9G003T	0xEED64	LF9L000E	0xEF8D0	FUN_000eed64	FUN_000ef8d0	FUN_000eed64	56	a27f302ab07af220a104ee83a8e9abe7040d22c0dfe5270ff03bf337704ab18f	source_unnamed	unique_full_body_sha256
LF9G003T	0x165448	LF9L000E	0x166D98	FUN_00165448	FUN_00166d98	FUN_00165448	70	a28b031669572b5510a5250af4832fc6af82d2f3c23555e68f30a0a9b00ff71c	source_unnamed	unique_full_body_sha256
LF9G003T	0x207F64	LF9L000E	0x2113A0	FUN_00207f64	FUN_002113a0	FUN_00207f64	10	a28bffbcbe44d91b43521c8f2d1ae4e6ea09f00023d0a668f1fdd4a01da30406	source_unnamed	unique_full_body_sha256
LF9G003T	0x128F40	LF9L000E	0x129AEC	FUN_00128f40	FUN_00129aec	FUN_00128f40	18	a28f2021253399e29f2a658801b8233b919f0a99e41fe2e3ee732ce38cf79f76	source_unnamed	unique_full_body_sha256
LF9G003T	0xEA7BC	LF9L000E	0xEB320	FUN_000ea7bc	FUN_000eb320	FUN_000ea7bc	130	a2a4398c24fb839c251c0db12c75db2592e797b7b9567e10ecd6cb22b54b2a8e	source_unnamed	unique_full_body_sha256
LF9G003T	0x6A1C	LF9L000E	0x6A1C	FUN_00006a1c	FUN_00006a1c	FUN_00006a1c	82	a2bcf2bc2dec5ebaa334b124e174ac483894a5af07183d308a4c325bae36e607	source_unnamed	unique_full_body_sha256
LF9G003T	0x142918	LF9L000E	0x1434D0	FUN_00142918	FUN_001434d0	FUN_00142918	18	a2eabedb7d468c7bf215aa92ec1af1fc895d60a552e990a9f2cb5ef5b62daa1c	source_unnamed	unique_full_body_sha256
LF9G003T	0x7CFCE	LF9L000E	0x7D146	thunk_FUN_0007c3b8	thunk_FUN_0007c530	thunk_FUN_0007c3b8	4	a3083f7c947c6f705aa929b0eb5864f0e7e1bf86f3540465a349ce266478d761	source_unnamed	unique_full_body_sha256
LF9G003T	0x142104	LF9L000E	0x142CBC	FUN_00142104	FUN_00142cbc	FUN_00142104	18	a309dbb164b9281d12e20c78d153c7b4ad2bf852f0e1a62e92b115a4e97eaf2c	source_unnamed	unique_full_body_sha256
LF9G003T	0x1C0BD4	LF9L000E	0x1C9F14	FUN_001c0bd4	FUN_001c9f14	FUN_001c0bd4	92	a30a17b45003ba1dbe8837f4594fc2c31132d610ef512ee2733ab63cefb4b227	source_unnamed	unique_full_body_sha256
LF9G003T	0x192FDC	LF9L000E	0x19A7FC	FUN_00192fdc	FUN_0019a7fc	FUN_00192fdc	172	a3159b65f6d9be0340ba377461f9b223b03ba368bb7d2bf40aa7c6d5d736916d	source_unnamed	unique_full_body_sha256
LF9G003T	0xC5086	LF9L000E	0xC5482	FUN_000c5086	FUN_000c5482	FUN_000c5086	112	a3283f8114a7af702b89d4856895fe92124ce517a2db3bb4cce3a8cc788a651a	source_unnamed	unique_full_body_sha256
LF9G003T	0x1F88C8	LF9L000E	0x201C98	FUN_001f88c8	FUN_00201c98	FUN_001f88c8	48	a34083af95fdae41c9304570056f17fe20e3c9d5f20c8ec6bb0f3e047d4b8878	source_unnamed	unique_full_body_sha256
LF9G003T	0x20B09C	LF9L000E	0x2144D8	check_task_id_valid	check_task_id_valid	check_task_id_valid	28	a3488f7bf38d72a181f160ce0218f1cc1c8234a6688b18c3fc5183deca301ec6	already_named	unique_full_body_sha256
LF9G003T	0x1FA964	LF9L000E	0x203D34	FUN_001fa964	FUN_00203d34	FUN_001fa964	448	a3733f4352d3849e0adc890bd0601003cf8d47f67a01a77bfc446f570f43b2c3	source_unnamed	unique_full_body_sha256
LF9G003T	0xB7EB0	LF9L000E	0xB821C	FUN_000b7eb0	FUN_000b821c	FUN_000b7eb0	78	a3b403e48c4041ce2027cd7d63fb8c65401ccf73201bd80f079bf7ad3c97d28b	source_unnamed	unique_full_body_sha256
LF9G003T	0xC0040	LF9L000E	0xC042C	FUN_000c0040	FUN_000c042c	FUN_000c0040	14	a3bee3b4cfeb26a9fceb1a656473ffa8d6c8303267c8a9463437ccbc27a9c232	source_unnamed	unique_full_body_sha256
LF9G003T	0x1BFE20	LF9L000E	0x1C9160	FUN_001bfe20	FUN_001c9160	FUN_001bfe20	138	a3ca7d7f77a5b886dddf3690c50cea49fcb700e6916fb9806ddb2f62d945d9af	source_unnamed	unique_full_body_sha256
LF9G003T	0x204A44	LF9L000E	0x20DE80	thunk_FUN_000c1fd6	thunk_FUN_000c23d2	thunk_FUN_000c1fd6	6	a3d353c698d8f10dad66aa7ae8a9b803f85b0e38ddbd27215c73058013f1431e	source_unnamed	unique_full_body_sha256
LF9G003T	0x138800	LF9L000E	0x1393BC	FUN_00138800	FUN_001393bc	FUN_00138800	42	a3f31040786b7915fa5b46417504df410a318a3ccc397e774972a7e33eadb475	source_unnamed	unique_full_body_sha256
LF9G003T	0xF40A0	LF9L000E	0xF4C0C	FUN_000f40a0	FUN_000f4c0c	FUN_000f40a0	264	a48d3db23b9ccf2f7858b3fa77003eaf1f0915b86a21d4bba52f819eddfffec0	source_unnamed	unique_full_body_sha256
LF9G003T	0x1A6990	LF9L000E	0x1AFB2C	FUN_001a6990	FUN_001afb2c	FUN_001a6990	164	a4958c0dbda6e35bc42934b67e925fceb1eff0ac6b553377f5e24329a3c22105	source_unnamed	unique_full_body_sha256
LF9G003T	0x1AF728	LF9L000E	0x1B88E4	FUN_001af728	FUN_001b88e4	FUN_001af728	64	a4af232c0c79e841ae3db49e25bf5455fb114c8ffe189013bf36e3bf10948f1f	source_unnamed	unique_full_body_sha256
LF9G003T	0xAB4AA	LF9L000E	0xAB72E	FUN_000ab4aa	FUN_000ab72e	FUN_000ab4aa	174	a507e3bb20284703426f8e58f33beac8896cd9cb25edeeb276801228e460fc28	source_unnamed	unique_full_body_sha256
LF9G003T	0x27EE98	LF9L000E	0x27F02C	FUN_0027ee98	FUN_0027f02c	FUN_0027ee98	16	a509ba0b673f40d1698822302890edf33ccd5b8bdb5194727c45e8ef3ebf12d6	source_unnamed	unique_full_body_sha256
LF9G003T	0x14A204	LF9L000E	0x14ADBC	FUN_0014a204	FUN_0014adbc	FUN_0014a204	46	a52b1b16b5e5a370bd0ea1459c568842ed90f687cf0224b30d44e01c1ca0e526	source_unnamed	unique_full_body_sha256
LF9G003T	0x1F230C	LF9L000E	0x1FB6DC	FUN_001f230c	FUN_001fb6dc	FUN_001f230c	202	a5382b55cc20c952c54ce5e4f17fb24ea5770c7ab65b8c0d0b19571cb1e1199c	source_unnamed	unique_full_body_sha256
LF9G003T	0x1F4A9C	LF9L000E	0x1FDE6C	FUN_001f4a9c	FUN_001fde6c	FUN_001f4a9c	10	a5612c7ea4e74d5300d75317f67eb721120061df9bf7ac7420064e8d4c7a9385	source_unnamed	unique_full_body_sha256
LF9G003T	0xC31CE	LF9L000E	0xC35CA	FUN_000c31ce	FUN_000c35ca	FUN_000c31ce	132	a567a29baa6fd304aaffde151cd60476a7a71b1a4b8137c28639069bb8eb1673	source_unnamed	unique_full_body_sha256
LF9G003T	0x158EC4	LF9L000E	0x159A7C	FUN_00158ec4	FUN_00159a7c	FUN_00158ec4	66	a5a4f8c7bf1936f6865be97606f41c2a3268a64ef440f0a3ff735081061ec99a	source_unnamed	unique_full_body_sha256
LF9G003T	0x1129DC	LF9L000E	0x113548	FUN_001129dc	FUN_00113548	FUN_001129dc	100	a5d01e0f170dda3e45d8193a9ce398e3cebe9c54bcb8bba3aae2838f1ab8b6f8	source_unnamed	unique_full_body_sha256
LF9G003T	0x13CD94	LF9L000E	0x13D950	FUN_0013cd94	FUN_0013d950	FUN_0013cd94	150	a5d5e7249cfcc672d2546f1ff997009e6d9fffc228933f4b4e0f3a7e40ca82ac	source_unnamed	unique_full_body_sha256
LF9G003T	0x1E22A8	LF9L000E	0x1EB670	FUN_001e22a8	FUN_001eb670	FUN_001e22a8	10	a5d74f00ea517170e603971159311efc9d2872b2e5c3be60361547bc2577b2d6	source_unnamed	unique_full_body_sha256
LF9G003T	0x7A8AC	LF9L000E	0x7AA24	FUN_0007a8ac	FUN_0007aa24	FUN_0007a8ac	58	a5e2e4d8fea35b446017d11996b65969eb9f41a7123229739c2166d145ef3f63	source_unnamed	unique_full_body_sha256
LF9G003T	0x95AC2	LF9L000E	0x95D46	FUN_00095ac2	FUN_00095d46	FUN_00095ac2	10	a60d98a3e0ac29ee3fbf2463d04be44292deb1b6083b5c26b6fab13ad51c59d6	source_unnamed	unique_full_body_sha256
LF9G003T	0x27EC8C	LF9L000E	0x27EE20	FUN_0027ec8c	FUN_0027ee20	FUN_0027ec8c	70	a61192c682e76fa7972bffdabc1a895dd95d7e7204e04f4fabd707e698ae9619	source_unnamed	unique_full_body_sha256
LF9G003T	0x1E2250	LF9L000E	0x1EB618	FUN_001e2250	FUN_001eb618	FUN_001e2250	10	a6119c0183aefff7011f7c623ebd8f065688b2e5efb04da6b4f5d3fd144e5c36	source_unnamed	unique_full_body_sha256
LF9G003T	0x193DEC	LF9L000E	0x19B7AC	FUN_00193dec	FUN_0019b7ac	FUN_00193dec	14	a62285c08d6ceb99ddf57f01724fa1d36b4c77c0d10ed222221eb54c3a5b9afb	source_unnamed	unique_full_body_sha256
LF9G003T	0x20B3F0	LF9L000E	0x21482C	FUN_0020b3f0	FUN_0021482c	FUN_0020b3f0	26	a625d53221f59f1198585f524a98d46bb2a28dcae195928cb10c876ee8b6b2d0	source_unnamed	unique_full_body_sha256
LF9G003T	0xC11DA	LF9L000E	0xC15C6	FUN_000c11da	FUN_000c15c6	FUN_000c11da	58	a63e4f992b1aa80a77cbe72ab613a08219505da4101d45fe4946d1add4efd59c	source_unnamed	unique_full_body_sha256
LF9G003T	0xF4A38	LF9L000E	0xF55A4	FUN_000f4a38	FUN_000f55a4	FUN_000f4a38	156	a6985c894bed42487544a2f98642380b12c1b54c739c7b13162d50c6dfe9a8c1	source_unnamed	unique_full_body_sha256
LF9G003T	0x7DB3E	LF9L000E	0x7DCB6	FUN_0007db3e	FUN_0007dcb6	FUN_0007db3e	62	a698b39f8995856112907e3fbf2acd938a18aae2827416570aea4be011199451	source_unnamed	unique_full_body_sha256
LF9G003T	0xDEF2C	LF9L000E	0xDFA68	FUN_000def2c	FUN_000dfa68	FUN_000def2c	172	a69b89654a8587080ef87f4b500ed546bfdb92cb9d6841c8a2007a80baf083ce	source_unnamed	unique_full_body_sha256
LF9G003T	0x138B94	LF9L000E	0x139750	FUN_00138b94	FUN_00139750	FUN_00138b94	22	a6ba8dcd1b2301eb2aa86af726dc35b4997fa87d2362953d171033fc1e8e5ead	source_unnamed	unique_full_body_sha256
LF9G003T	0x20A474	LF9L000E	0x2138B0	int_abs	int_abs	int_abs	12	a6d50132a98cdd62a1ec00576a814d47deed844af7ceb844713a6a38c4290c69	already_named	unique_full_body_sha256
LF9G003T	0x1F47B0	LF9L000E	0x1FDB80	FUN_001f47b0	FUN_001fdb80	FUN_001f47b0	10	a6fdb247a5317ee79c30d75889b2101c559e664591988d17ca7a1323169cfc87	source_unnamed	unique_full_body_sha256
LF9G003T	0x126AE8	LF9L000E	0x127694	FUN_00126ae8	FUN_00127694	FUN_00126ae8	118	a72f85ae87dbed13e2c6c97a64edbdaa862827226a4e5d96d47e1fd01503c1c5	source_unnamed	unique_full_body_sha256
LF9G003T	0x13CC70	LF9L000E	0x13D82C	FUN_0013cc70	FUN_0013d82c	FUN_0013cc70	62	a73967fb2980d55ebd61444be64db52094ffd29570872415679e7cf7e16c0c3a	source_unnamed	unique_full_body_sha256
LF9G003T	0x13F560	LF9L000E	0x140118	FUN_0013f560	FUN_00140118	FUN_0013f560	32	a73d66a1fdcbe8ea732358dc455b6d252b5a5948d61e75fbfc90e71e988fcefe	source_unnamed	unique_full_body_sha256
LF9G003T	0xB3BFA	LF9L000E	0xB3F66	FUN_000b3bfa	FUN_000b3f66	FUN_000b3bfa	54	a7438f639237d6f275cb0fd643f9bba1250d5bcff22dcb6eb266e54174b3f4ba	source_unnamed	unique_full_body_sha256
LF9G003T	0xBC744	LF9L000E	0xBCB30	FUN_000bc744	FUN_000bcb30	FUN_000bc744	58	a77975172d5692a0308fa42638c628c1f170e7841dc58a82d0dd5bf2593f5a77	source_unnamed	unique_full_body_sha256
LF9G003T	0x13882C	LF9L000E	0x1393E8	FUN_0013882c	FUN_001393e8	FUN_0013882c	24	a786f4651ddee0ca99358df2fe93da641f1b0ae614717a137267b2fcf3f3ac91	source_unnamed	unique_full_body_sha256
LF9G003T	0xBF7BE	LF9L000E	0xBFBAA	FUN_000bf7be	FUN_000bfbaa	FUN_000bf7be	16	a799702bed257e737a58e16bbbb0a9cbc343e4824f09eb76135fc11dff9abc8d	source_unnamed	unique_full_body_sha256
LF9G003T	0x95682	LF9L000E	0x95906	FUN_00095682	FUN_00095906	FUN_00095682	90	a809ea46a30b5e225709967fa7ce94da2b09bfeac19715c8a46460897d4f2003	source_unnamed	unique_full_body_sha256
LF9G003T	0x14976C	LF9L000E	0x14A324	FUN_0014976c	FUN_0014a324	FUN_0014976c	108	a8337167471e84bb09843ade5f10c2a068559a651c336ef3546c452d888df1aa	source_unnamed	unique_full_body_sha256
LF9G003T	0xBE86A	LF9L000E	0xBEC56	FUN_000be86a	FUN_000bec56	FUN_000be86a	8	a853689368acd09fc1d7579172a85734346819c92582b6f3a953b9b569510324	source_unnamed	unique_full_body_sha256
LF9G003T	0x1B5200	LF9L000E	0x1BE47C	FUN_001b5200	FUN_001be47c	FUN_001b5200	26	a8628968974c43701ae90e4b768b213b00dbe7b5b8cacbe753e195b69be747ce	source_unnamed	unique_full_body_sha256
LF9G003T	0xCE588	LF9L000E	0xCEC44	FUN_000ce588	FUN_000cec44	FUN_000ce588	98	a8d346f0255fbabfc0e5681fb433cbd6d1b9acc8c98d66ce43fedf506e9cfee7	source_unnamed	unique_full_body_sha256
LF9G003T	0x109F7C	LF9L000E	0x10AAE8	FUN_00109f7c	FUN_0010aae8	FUN_00109f7c	42	a8d94af808d90bf4410df2a7c27f020e2600e8668ccb3ee56cd52acad2720ddf	source_unnamed	unique_full_body_sha256
LF9G003T	0x1EDC78	LF9L000E	0x1F7048	FUN_001edc78	FUN_001f7048	FUN_001edc78	10	a904c7605aa75421a2626c3882a30f44b7867a202bcc9198911fd9df225f860a	source_unnamed	unique_full_body_sha256
LF9G003T	0x1F3998	LF9L000E	0x1FCD68	FUN_001f3998	FUN_001fcd68	FUN_001f3998	478	a917426624d296e0c10d864a38733ee5254fa4a71914c82c6dc219f315f505f5	source_unnamed	unique_full_body_sha256
LF9G003T	0x1F46DE	LF9L000E	0x1FDAAE	FUN_001f46de	FUN_001fdaae	FUN_001f46de	6	a91c9317cf1607afd5ef32ccb310a68712aea79f1c579d961d900f8007b7e269	source_unnamed	unique_full_body_sha256
LF9G003T	0xAE05E	LF9L000E	0xAE2E2	FUN_000ae05e	FUN_000ae2e2	FUN_000ae05e	244	a9536753b755514f7872b30735a6ca5d1d567e177b2dc115476216fbd5005ea2	source_unnamed	unique_full_body_sha256
LF9G003T	0x148828	LF9L000E	0x149218	FUN_00148828	FUN_00149218	FUN_00148828	42	a95f868dd6ee79fa3eaa91d36d3f5e5ac5c8790d003f7bda84f78c620d1a9796	source_unnamed	unique_full_body_sha256
LF9G003T	0x195CA4	LF9L000E	0x19EE44	FUN_00195ca4	FUN_0019ee44	FUN_00195ca4	38	a97886b47431b2dbc4f7be808aca81b357f2cd4a64aee061b96bec13ef1cbcee	source_unnamed	unique_full_body_sha256
LF9G003T	0xBF30A	LF9L000E	0xBF6F6	FUN_000bf30a	FUN_000bf6f6	FUN_000bf30a	140	a98e3b4bd608a045364276d40f8d8d3962e69ca6ed41de2823d1b2d28cc7d68c	source_unnamed	unique_full_body_sha256
LF9G003T	0xADF6A	LF9L000E	0xAE1EE	FUN_000adf6a	FUN_000ae1ee	FUN_000adf6a	244	a998a34caf13a115199b6b542e2276848309599aae8eeb80890c4024c5c6e413	source_unnamed	unique_full_body_sha256
LF9G003T	0x126734	LF9L000E	0x1272E0	FUN_00126734	FUN_001272e0	FUN_00126734	34	a9fc7b57e0d8a5be647dbf3ad848eb4e435ccf8865624502d1c584009e5304c7	source_unnamed	unique_full_body_sha256
LF9G003T	0x89C5E	LF9L000E	0x89EE2	FUN_00089c5e	FUN_00089ee2	FUN_00089c5e	186	aa0389ba3904405d3da60c7cc9f7f5040bb561301a79225befbd926c3533a2e8	source_unnamed	unique_full_body_sha256
LF9G003T	0x167210	LF9L000E	0x168B60	FUN_00167210	FUN_00168b60	FUN_00167210	60	aa071c6f6a0e1b42beb53e5e428789702e6f5c931da2cefaccc7127c2c7bd55e	source_unnamed	unique_full_body_sha256
LF9G003T	0xBB0EC	LF9L000E	0xBB4D8	FUN_000bb0ec	FUN_000bb4d8	FUN_000bb0ec	510	aa38378b1e111a38f33315fd3521392dfd888dbadb20f12c022dbb1ce9946204	source_unnamed	unique_full_body_sha256
LF9G003T	0xBBE7E	LF9L000E	0xBC26A	FUN_000bbe7e	FUN_000bc26a	FUN_000bbe7e	292	aa3d7bc1ec6e66f42a95cffca97b1e599b28da14047a0c06a17d1847282f9a1e	source_unnamed	unique_full_body_sha256
LF9G003T	0x1F4580	LF9L000E	0x1FD950	can_xcvr_standby_clear	can_xcvr_standby_clear	can_xcvr_standby_clear	10	aa6b3750a8dd9c1e9adab7daf8ff7bcefdb99afe670a594160b29d95d6153963	already_named	unique_full_body_sha256
LF9G003T	0xDC37C	LF9L000E	0xDCEB8	FUN_000dc37c	FUN_000dceb8	FUN_000dc37c	1194	aa75e0d762c0fe8e4decc009415d10403b50faa99843cc885eb88fdf6938bab6	source_unnamed	unique_full_body_sha256
LF9G003T	0x1F4AE6	LF9L000E	0x1FDEB6	FUN_001f4ae6	FUN_001fdeb6	FUN_001f4ae6	8	aa7a4d15f4e6f7458c4dcb942b68677a9eb8bb5780bacf3ce01bc002091aaa21	source_unnamed	unique_full_body_sha256
LF9G003T	0x1C9134	LF9L000E	0x1D24DC	interp_1d_axis_u16_data_s16	interp_1d_axis_u16_data_s16	interp_1d_axis_u16_data_s16	134	aa984d8bd3d90a42f710ac21508e03758ee6815697c3cf4492ec29341778abb5	already_named	unique_full_body_sha256
LF9G003T	0xD763C	LF9L000E	0xD8178	FUN_000d763c	FUN_000d8178	FUN_000d763c	56	aab9eb8df50617a0f79d93d753b10df1d1959fd9e7281141251b6d400669e9b5	source_unnamed	unique_full_body_sha256
LF9G003T	0x6778	LF9L000E	0x6778	FUN_00006778	FUN_00006778	FUN_00006778	198	aac958d2dbe1dab9237247736893e655d91163d4483482d67f2f92ba02336f62	source_unnamed	unique_full_body_sha256
LF9G003T	0xAFB20	LF9L000E	0xAFDA4	sa_feistel_round_f	sa_feistel_round_f	sa_feistel_round_f	74	aadf8d4dd20d1c553d47733feaaad88e088cf14b5734b2a71821f56f91fc26bf	already_named	unique_full_body_sha256
LF9G003T	0x85B28	LF9L000E	0x85DAC	dtc_monitor_eval_b	dtc_monitor_eval_b	dtc_monitor_eval_b	524	ab3098e526ac88bdb110fa641babc6320c0644374ab06476a1cd8358e2dd15cb	already_named	unique_full_body_sha256
LF9G003T	0xCEBEC	LF9L000E	0xCF2A8	FUN_000cebec	FUN_000cf2a8	FUN_000cebec	120	ab426544f69ab0bddbe1d356f28e0ba1af4a920a620563098b979e72bbf39371	source_unnamed	unique_full_body_sha256
LF9G003T	0x7B314	LF9L000E	0x7B48C	FUN_0007b314	FUN_0007b48c	FUN_0007b314	40	ab5c4433032f1a371ac0ee47a22905754d642baec9d99cce4f07804846dd21c6	source_unnamed	unique_full_body_sha256
LF9G003T	0xAE29A	LF9L000E	0xAE51E	FUN_000ae29a	FUN_000ae51e	FUN_000ae29a	252	abb2c32d5cc83ba91d0a8412e4a05324f9907cb03266dfea03c408f10905192d	source_unnamed	unique_full_body_sha256
LF9G003T	0x7B7B4	LF9L000E	0x7B92C	thunk_FUN_000a33c8	thunk_FUN_000a364c	thunk_FUN_000a33c8	6	abc5a66288b6c285cf01ca84dc7a39bc05c5b615fa2b4be2b421c91c08461121	source_unnamed	unique_full_body_sha256
LF9G003T	0x19DA18	LF9L000E	0x1A6BB8	FUN_0019da18	FUN_001a6bb8	FUN_0019da18	52	abe7c98847359c8b2979647377ee2197a0769f9aa8a1427c3ad05b2d231d5756	source_unnamed	unique_full_body_sha256
LF9G003T	0x20A3BC	LF9L000E	0x2137F8	sdiv64_by_u16_wrapper	sdiv64_by_u16_wrapper	sdiv64_by_u16_wrapper	56	ac1a94529a988bc0dfe5ddbcf547830e91da78d3512ca2b38943a4de506686c3	already_named	unique_full_body_sha256
LF9G003T	0xB68A4	LF9L000E	0xB6C10	FUN_000b68a4	FUN_000b6c10	FUN_000b68a4	56	ac2382d2daa6cbd32dcf95bc611d48275c129f50804b9f5e3346776a640445ab	source_unnamed	unique_full_body_sha256
LF9G003T	0x15C3F4	LF9L000E	0x15CFAC	FUN_0015c3f4	FUN_0015cfac	FUN_0015c3f4	52	ac43105ffffd127800310bb35bbf50ccd942986317e7c6a4e0e4de7008f5c9e3	source_unnamed	unique_full_body_sha256
LF9G003T	0x16000C	LF9L000E	0x160BF4	FUN_0016000c	FUN_00160bf4	FUN_0016000c	90	ac4e18a3a96a31b5e21ad916f788fa9ca53a2b52ab29ab42e47da128e1030b73	source_unnamed	unique_full_body_sha256
LF9G003T	0x170740	LF9L000E	0x172470	FUN_00170740	FUN_00172470	FUN_00170740	94	ac54aa1f679529496b66517907d47b19a7ed819f7424dbc563ca6f908d0c00b8	source_unnamed	unique_full_body_sha256
LF9G003T	0x1C1944	LF9L000E	0x1CAC84	FUN_001c1944	FUN_001cac84	FUN_001c1944	76	ac6d8b07c7e5a0aa570168c90194527a0a3c99d037a44913cef5323afa6e6789	source_unnamed	unique_full_body_sha256
LF9G003T	0xBCE1E	LF9L000E	0xBD20A	FUN_000bce1e	FUN_000bd20a	FUN_000bce1e	96	ac72b5566c4d0048610cd5028e06a6de0fb9a0c7914f7f9570703a5b2e753970	source_unnamed	unique_full_body_sha256
LF9G003T	0x131B00	LF9L000E	0x1326AC	FUN_00131b00	FUN_001326ac	FUN_00131b00	98	aca48b964764e02df9079529353ed25a5e93054cf7aafe500f779ee1d87c740f	source_unnamed	unique_full_body_sha256
LF9G003T	0xC00FC	LF9L000E	0xC04E8	FUN_000c00fc	FUN_000c04e8	FUN_000c00fc	346	aca8efc863603fc3e3f0213092107673b24c36519de052afcfbed2aaf269e4df	source_unnamed	unique_full_body_sha256
LF9G003T	0x206FCE	LF9L000E	0x21040A	FUN_00206fce	FUN_0021040a	FUN_00206fce	14	acedd8909662836d112cfc713ca89f461a1a6b8bd98bccd65abf752455520d11	source_unnamed	unique_full_body_sha256
LF9G003T	0x1EBE88	LF9L000E	0x1F5258	FUN_001ebe88	FUN_001f5258	FUN_001ebe88	562	ad1628cd4d4325218c9fda9f52ac0b05d4d26727573bce9ca20b8f92a4e6958b	source_unnamed	unique_full_body_sha256
LF9G003T	0x1EDD20	LF9L000E	0x1F70F0	cal_array_get_signed_byte	cal_array_get_signed_byte	cal_array_get_signed_byte	8	ad2b6005d2d23c2dda05cb61e9f151af3af6f5c4d2b0d76cf6a3032164a82f4f	already_named	unique_full_body_sha256
LF9G003T	0x791BC	LF9L000E	0x79334	FUN_000791bc	FUN_00079334	FUN_000791bc	164	ad2fadeb6cfc5b4c1d3bcecbf50fcf43c7922c98410074019626627b923b3721	source_unnamed	unique_full_body_sha256
LF9G003T	0x13AD0C	LF9L000E	0x13B8C8	FUN_0013ad0c	FUN_0013b8c8	FUN_0013ad0c	98	ad3f202a37b84a3d0ef74496b129ab89c906d85240408788c3d8293a49b1db9b	source_unnamed	unique_full_body_sha256
LF9G003T	0xC3EA6	LF9L000E	0xC42A2	FUN_000c3ea6	FUN_000c42a2	FUN_000c3ea6	82	ad43ccea792f1710083177e4badfbfa4dd3190a6df3050d608ceaa2f313fe779	source_unnamed	unique_full_body_sha256
LF9G003T	0x1EDDF8	LF9L000E	0x1F71C8	FUN_001eddf8	FUN_001f71c8	FUN_001eddf8	6	ad88f188d597549d3e2c7521b6c6e98faf96378cda79b5e2d875f3b44295e653	source_unnamed	unique_full_body_sha256
LF9G003T	0x169A8C	LF9L000E	0x16B3DC	FUN_00169a8c	FUN_0016b3dc	FUN_00169a8c	46	adbf279dfd988b94977d622be8254f065b9c304001ab51c14099b5792b95893f	source_unnamed	unique_full_body_sha256
LF9G003T	0x1ECD1E	LF9L000E	0x1F60EE	FUN_001ecd1e	FUN_001f60ee	FUN_001ecd1e	20	adc42a7f4da37bc9a49c936cbb336e5ae2578a88a7926f5bdec155c5057d52b3	source_unnamed	unique_full_body_sha256
LF9G003T	0x1F1A7E	LF9L000E	0x1FAE4E	FUN_001f1a7e	FUN_001fae4e	FUN_001f1a7e	54	adc6351d63ea3a7d020b3604e18d95391a4f3b1fbfaab0d43dc77314d824bdc3	source_unnamed	unique_full_body_sha256
LF9G003T	0x2079B4	LF9L000E	0x210DF0	FUN_002079b4	FUN_00210df0	FUN_002079b4	10	adc7767b822cb560f18a1a74d764bbb3f188fdc5e64e7ddcc1ca426cc1d78ba0	source_unnamed	unique_full_body_sha256
LF9G003T	0x126054	LF9L000E	0x126C00	FUN_00126054	FUN_00126c00	FUN_00126054	206	add1f31c82999e2df17c26bc22a27fa995396a4f35e3c89a649a2f1683769b31	source_unnamed	unique_full_body_sha256
LF9G003T	0x1F4DFA	LF9L000E	0x1FE1CA	adc_sensor_scale_a	adc_sensor_scale_a	adc_sensor_scale_a	128	ade5f6fa631c72c259cac8f24bba3305b944a01ec948d2449eb64ffb5f1a763f	already_named	unique_full_body_sha256
LF9G003T	0x7ACCC	LF9L000E	0x7AE44	FUN_0007accc	FUN_0007ae44	FUN_0007accc	160	adf866947e74e5eaf37a1f3aea9f3aef4f8a8787fe2edc00031876901cfb4f0e	source_unnamed	unique_full_body_sha256
LF9G003T	0xB4BE4	LF9L000E	0xB4F50	FUN_000b4be4	FUN_000b4f50	FUN_000b4be4	80	adffac14095f04f019f9fb2b396ba279b7fd10727eec662225ee25748290944b	source_unnamed	unique_full_body_sha256
LF9G003T	0x112BD0	LF9L000E	0x11373C	FUN_00112bd0	FUN_0011373c	FUN_00112bd0	132	ae1adb33edddfd6cbd02fdc1a6f62d96557f2dea86445d1a40241e9b4af07619	source_unnamed	unique_full_body_sha256
LF9G003T	0xB5796	LF9L000E	0xB5B02	FUN_000b5796	FUN_000b5b02	FUN_000b5796	34	ae24044837d6c79b4b44d5ebfd1d31886794e38eb33a9ef0087488a1416c698b	source_unnamed	unique_full_body_sha256
LF9G003T	0x1F21CC	LF9L000E	0x1FB59C	FUN_001f21cc	FUN_001fb59c	FUN_001f21cc	10	ae29ce2adb628480124cd095bcf23f35c8ac16030e8f3dbd754cceffd967b83f	source_unnamed	unique_full_body_sha256
LF9G003T	0x7F58C	LF9L000E	0x7F704	FUN_0007f58c	FUN_0007f704	FUN_0007f58c	82	ae4ab96b95d01ce6f7928828fee4c371f32bdfc1d076153d5282f021baca59f3	source_unnamed	unique_full_body_sha256
LF9G003T	0x20A0D2	LF9L000E	0x21350E	FUN_0020a0d2	FUN_0021350e	FUN_0020a0d2	24	ae5df7e03b63f76947391d251e5429f344df4b9de8eb07c53bcb4fd5f363ec3d	source_unnamed	unique_full_body_sha256
LF9G003T	0xAA9FE	LF9L000E	0xAAC82	FUN_000aa9fe	FUN_000aac82	FUN_000aa9fe	360	ae96c4648c967ff3cf4c1c3f0c13bd0e722db4498fccfee5853a605b17169e5b	source_unnamed	unique_full_body_sha256
LF9G003T	0xC6C04	LF9L000E	0xC7000	FUN_000c6c04	FUN_000c7000	FUN_000c6c04	298	aeb34849312ab6ca938d4cbb2e34a2795683ccc1b335ebb2bffb304e2f383e8f	source_unnamed	unique_full_body_sha256
LF9G003T	0x6F98	LF9L000E	0x6F98	FUN_00006f98	FUN_00006f98	FUN_00006f98	4	aed4b75ae7ccbb052f25fc0630859cf1d1c5f46462aba8eb2fe6e5f763d5aded	source_unnamed	unique_full_body_sha256
LF9G003T	0x7A312	LF9L000E	0x7A48A	FUN_0007a312	FUN_0007a48a	FUN_0007a312	160	aef923ff0b75211c538e8e8086fd00922cb09efdcf02c05f6f638abca2602137	source_unnamed	unique_full_body_sha256
LF9G003T	0x193E0C	LF9L000E	0x19B7CC	FUN_00193e0c	FUN_0019b7cc	FUN_00193e0c	92	af4dce679a015b6a0e2c3e35bdd66a658624ca5f9396db06f1b9722c39b4b2de	source_unnamed	unique_full_body_sha256
LF9G003T	0x1192CC	LF9L000E	0x119E38	FUN_001192cc	FUN_00119e38	FUN_001192cc	56	af522fc25073fe84d6b2d52ea5fa1c2572c7e49a347fc2b1b5a4d96066520e4f	source_unnamed	unique_full_body_sha256
LF9G003T	0x14A290	LF9L000E	0x14AE48	FUN_0014a290	FUN_0014ae48	FUN_0014a290	334	af656916a9675b0c89ade77565d6426a711e34637fe598e78bae30cab2655e6d	source_unnamed	unique_full_body_sha256
LF9G003T	0x126128	LF9L000E	0x126CD4	FUN_00126128	FUN_00126cd4	FUN_00126128	64	af77ba60bcd48ee2ce88669a905518bd9ead4b56d06c752d84c9ed287308acef	source_unnamed	unique_full_body_sha256
LF9G003T	0x131108	LF9L000E	0x131CB4	FUN_00131108	FUN_00131cb4	FUN_00131108	48	af845eec4620157025885e57e458ec56b8589f7f050ebfa8b48964734c20af8d	source_unnamed	unique_full_body_sha256
LF9G003T	0x1B40F0	LF9L000E	0x1BD36C	FUN_001b40f0	FUN_001bd36c	FUN_001b40f0	762	afbdb4301ac4f4e3c8209a08cce3a34d73dd165ea9e0514be29a449a942f0c0a	source_unnamed	unique_full_body_sha256
LF9G003T	0x1EDD42	LF9L000E	0x1F7112	FUN_001edd42	FUN_001f7112	FUN_001edd42	14	afdf084cc281c9c8462b0c2730d2e4be5a1c7151c9f1fa02e0641996f0c120be	source_unnamed	unique_full_body_sha256
LF9G003T	0x20A3FC	LF9L000E	0x213838	FUN_0020a3fc	FUN_00213838	FUN_0020a3fc	56	b001c5c96a4f3f179cad64688c1a241ead0f0fada80365b8611e0b3478bcc307	source_unnamed	unique_full_body_sha256
LF9G003T	0x1EF58E	LF9L000E	0x1F895E	FUN_001ef58e	FUN_001f895e	FUN_001ef58e	30	b0116b40e5e0e0ef69762fbb04cf03312c4d1d7cbe4c689aedaed5fef142941b	source_unnamed	unique_full_body_sha256
LF9G003T	0xE3DAC	LF9L000E	0xE4910	FUN_000e3dac	FUN_000e4910	FUN_000e3dac	60	b0252783a9ff3b9f8f6f1f0557af9c855196531d11eaafc383bf2f380c153f29	source_unnamed	unique_full_body_sha256
LF9G003T	0x1F0E8E	LF9L000E	0x1FA25E	FUN_001f0e8e	FUN_001fa25e	FUN_001f0e8e	6	b03e0afc2b47906b9444eea818c3f8518724b86052301922f469c699a7ee45aa	source_unnamed	unique_full_body_sha256
LF9G003T	0x1ECD08	LF9L000E	0x1F60D8	FUN_001ecd08	FUN_001f60d8	FUN_001ecd08	22	b04219fad3062cfb8c8ebdf19df2aad1556e3411749b52afdada576e32f51a28	source_unnamed	unique_full_body_sha256
LF9G003T	0x94AA8	LF9L000E	0x94D2C	FUN_00094aa8	FUN_00094d2c	FUN_00094aa8	340	b06582819ef340cfeba4cf251ca28b369ddd9c8de7126c384a970d262815bc6a	source_unnamed	unique_full_body_sha256
LF9G003T	0x7894	LF9L000E	0x7894	FUN_00007894	FUN_00007894	FUN_00007894	74	b07096437e88b8a739136b80a2f4dc9073cf42230a0129d3f53749a1f3096b58	source_unnamed	unique_full_body_sha256
LF9G003T	0xC3CC6	LF9L000E	0xC40C2	FUN_000c3cc6	FUN_000c40c2	FUN_000c3cc6	128	b078093a3a8eaecf85b06c199a73ecec12e7312ce2d0fb8c8526b13c07bc3263	source_unnamed	unique_full_body_sha256
LF9G003T	0x1F501E	LF9L000E	0x1FE3EE	sensor_output_latch_group	sensor_output_latch_group	sensor_output_latch_group	116	b08c9eb299ca3d4d397c0ddc271fca37bc71dc2c8acde1527ed4a31d1c82491f	already_named	unique_full_body_sha256
LF9G003T	0x7AB44	LF9L000E	0x7ACBC	FUN_0007ab44	FUN_0007acbc	FUN_0007ab44	160	b094b701e40e2dcf7d659bffb47699609d13c9c248beb339c4fe83e745c399b4	source_unnamed	unique_full_body_sha256
LF9G003T	0x79A40	LF9L000E	0x79BB8	FUN_00079a40	FUN_00079bb8	FUN_00079a40	48	b0a0e901491db4f97260bcf23bcffe025115c60d8bed6df5ce9260b7783a603c	source_unnamed	unique_full_body_sha256
LF9G003T	0xAC140	LF9L000E	0xAC3C4	serial_comm_channel_init	serial_comm_channel_init	serial_comm_channel_init	288	b0cde2b7e4ca95a9757fd33db6fea13b55e0dfbb2285867f55e3766ec5ca01f5	already_named	unique_full_body_sha256
LF9G003T	0xBE7B2	LF9L000E	0xBEB9E	FUN_000be7b2	FUN_000beb9e	FUN_000be7b2	68	b0f573f9fca7fd5c43c2686c99b1b3cb358bb8e09b0823d744ff3f9c99978ba2	source_unnamed	unique_full_body_sha256
LF9G003T	0xBC938	LF9L000E	0xBCD24	FUN_000bc938	FUN_000bcd24	FUN_000bc938	26	b0f7cde8a98a44ab8222e038b77bdd9dfe23245aa6b5951610e567545f92b6d7	source_unnamed	unique_full_body_sha256
LF9G003T	0x7798	LF9L000E	0x7798	FUN_00007798	FUN_00007798	FUN_00007798	8	b0fd3391f63b0ff6c6ae1924304f8d35223ee4ce1f3088eeab42a29d3f935295	source_unnamed	unique_full_body_sha256
LF9G003T	0x1C0D38	LF9L000E	0x1CA078	FUN_001c0d38	FUN_001ca078	FUN_001c0d38	94	b11393b5e70e87e8ece9e3fe979674cd8b819637f12186da13085829a65a6a03	source_unnamed	unique_full_body_sha256
LF9G003T	0x7BC16	LF9L000E	0x7BD8E	FUN_0007bc16	FUN_0007bd8e	FUN_0007bc16	84	b1397a7c4f1cc60a1e1c69d69b08a82a38d9ff644ec4b5e1665fe339ed744186	source_unnamed	unique_full_body_sha256
LF9G003T	0x1EDCAC	LF9L000E	0x1F707C	thunk_FUN_001ef6d6	thunk_FUN_001f8aa6	thunk_FUN_001ef6d6	6	b13f698a36e8ed45829cf97cac9817032bc8e8ac47d03e8ae98c424a569491a5	source_unnamed	unique_full_body_sha256
LF9G003T	0x9078E	LF9L000E	0x90A12	FUN_0009078e	FUN_00090a12	FUN_0009078e	68	b15fde81b9e0bf1cf783af56e043fec9a069ebbaafb9c5c709cfa90db918deda	source_unnamed	unique_full_body_sha256
LF9G003T	0x7E996	LF9L000E	0x7EB0E	FUN_0007e996	FUN_0007eb0e	FUN_0007e996	76	b16507b2e53d742efecbadf1cc4c4de975f4f8b1a36bd2ce6df9d39492f4fbae	source_unnamed	unique_full_body_sha256
LF9G003T	0x1F2172	LF9L000E	0x1FB542	FUN_001f2172	FUN_001fb542	FUN_001f2172	10	b1db86796d5de395d66eb7116e004f05d0d4b33e31b858911058b64510df5497	source_unnamed	unique_full_body_sha256
LF9G003T	0x207F9A	LF9L000E	0x2113D6	FUN_00207f9a	FUN_002113d6	FUN_00207f9a	8	b1e088f4b9100f9284622443bd49ab284a0c0ae7cbdfefac291cee770fb22374	source_unnamed	unique_full_body_sha256
LF9G003T	0x684C	LF9L000E	0x684C	FUN_0000684c	FUN_0000684c	FUN_0000684c	218	b1faa4ec44496ac9067ffb97fbd15bc827abcc76b119047d6f0fc269678e88a7	source_unnamed	unique_full_body_sha256
LF9G003T	0x13FDF8	LF9L000E	0x1409B0	FUN_0013fdf8	FUN_001409b0	FUN_0013fdf8	52	b20ef52731f62b77c45fef3180d83ce8ecc6a094995fbbf4526419612fe3b6e3	source_unnamed	unique_full_body_sha256
LF9G003T	0x1F4862	LF9L000E	0x1FDC32	FUN_001f4862	FUN_001fdc32	FUN_001f4862	8	b219a8c4fc5319eb3d657009921d48fb0f13107c14796dd91b46faf2afad2d41	source_unnamed	unique_full_body_sha256
LF9G003T	0xE9778	LF9L000E	0xEA2DC	FUN_000e9778	FUN_000ea2dc	FUN_000e9778	518	b21f16db34320464d1f7db079621a5ef867336ee890a72c8cc08c42706ba1828	source_unnamed	unique_full_body_sha256
LF9G003T	0xD54EA	LF9L000E	0xD5C3E	bitwise_invert_accumulate	bitwise_invert_accumulate	bitwise_invert_accumulate	56	b238a9a23fd2a87467c2892101f70675dc3294883c5e9f60524becf47ad15a87	already_named	unique_full_body_sha256
LF9G003T	0x8A1FA	LF9L000E	0x8A47E	FUN_0008a1fa	FUN_0008a47e	FUN_0008a1fa	60	b25d9cd1919b350009d743c8e54d68a7e69bcd0cd61111f820e4234cd0a992a9	source_unnamed	unique_full_body_sha256
LF9G003T	0x1B4640	LF9L000E	0x1BD8BC	FUN_001b4640	FUN_001bd8bc	FUN_001b4640	84	b2726fba88dff03c2fd7a88b82844ccef18c0940feb2e96ec70f67d66148a1b6	source_unnamed	unique_full_body_sha256
LF9G003T	0x7A14C	LF9L000E	0x7A2C4	FUN_0007a14c	FUN_0007a2c4	FUN_0007a14c	58	b275419b60620b26e498faf8e9648ecdb60feff7e4ae1f58726dd6a7ab72ef75	source_unnamed	unique_full_body_sha256
LF9G003T	0x15F294	LF9L000E	0x15FE4C	FUN_0015f294	FUN_0015fe4c	FUN_0015f294	42	b2800cd3349e8e97ddfad5c086738469790a5056c71d7130287366c82331295d	source_unnamed	unique_full_body_sha256
LF9G003T	0x1EF9C8	LF9L000E	0x1F8D98	FUN_001ef9c8	FUN_001f8d98	FUN_001ef9c8	32	b286cf22f60e3ea2a1896feb8c105c18ce5d1238fc45d725adc8d665fc7fe635	source_unnamed	unique_full_body_sha256
LF9G003T	0x136E58	LF9L000E	0x137A14	FUN_00136e58	FUN_00137a14	FUN_00136e58	72	b2ae7acf336759234c33a2c3bbd5cb316709d5abe149f0c8d05df8b5f9e1a590	source_unnamed	unique_full_body_sha256
LF9G003T	0xB5A0A	LF9L000E	0xB5D76	FUN_000b5a0a	FUN_000b5d76	FUN_000b5a0a	30	b2bf7ce94e4f505594f2fa9e4b671492ce42d957f17a47861b61ed362013fbfc	source_unnamed	unique_full_body_sha256
LF9G003T	0xF45C8	LF9L000E	0xF5134	FUN_000f45c8	FUN_000f5134	FUN_000f45c8	40	b2f95b082ef33ded06140de289f97019da3bfcd7304a883d83353326ae057ba1	source_unnamed	unique_full_body_sha256
LF9G003T	0x2063B8	LF9L000E	0x20F7F4	FUN_002063b8	FUN_0020f7f4	FUN_002063b8	562	b3169eb32a60b71822152b56910e78a84cf41f7a93e7c8e4db564e8ac24ab91d	source_unnamed	unique_full_body_sha256
LF9G003T	0x15EFC0	LF9L000E	0x15FB78	FUN_0015efc0	FUN_0015fb78	FUN_0015efc0	230	b318d3dc0548b890c282916503e439cf9f2ad0d0dc2612183a8219fb8c816676	source_unnamed	unique_full_body_sha256
LF9G003T	0x202248	LF9L000E	0x20B684	FUN_00202248	FUN_0020b684	FUN_00202248	14	b327b70dcf0a11bc3f05a9ae1310b5d9ad18a030f0a0cd7d7885f5f946f12080	source_unnamed	unique_full_body_sha256
LF9G003T	0x27DCD4	LF9L000E	0x27DE68	FUN_0027dcd4	FUN_0027de68	FUN_0027dcd4	80	b32a7491158a1e63a8ab045b29cc366f99492e9f37c6daa16a45bab62e71f704	source_unnamed	unique_full_body_sha256
LF9G003T	0x193778	LF9L000E	0x19AF98	FUN_00193778	FUN_0019af98	FUN_00193778	58	b37545551fda26892960674541d532f099a3f99ff5236fd251027bd260a43c64	source_unnamed	unique_full_body_sha256
LF9G003T	0x207EE4	LF9L000E	0x211320	FUN_00207ee4	FUN_00211320	FUN_00207ee4	78	b39761f8241d47fc405eb82c9d5d5098bcf589a4175f97bbd4171ccf4bdc2ade	source_unnamed	unique_full_body_sha256
LF9G003T	0x1C98CC	LF9L000E	0x1D2C74	FUN_001c98cc	FUN_001d2c74	FUN_001c98cc	68	b3a448cff6346721e30b5edc192a3d56210f315f09971101bb99d94f20276019	source_unnamed	unique_full_body_sha256
LF9G003T	0x156A44	LF9L000E	0x1575FC	FUN_00156a44	FUN_001575fc	FUN_00156a44	26	b3a658da1aac636b80961badfd085c7e875d2666a9e2b351c58625c369f1f6f7	source_unnamed	unique_full_body_sha256
LF9G003T	0x1ED216	LF9L000E	0x1F65E6	FUN_001ed216	FUN_001f65e6	FUN_001ed216	12	b3d38d438a7c159f2138e36918a93b044b308b2b9d171894bf98dc24cd516fb2	source_unnamed	unique_full_body_sha256
LF9G003T	0x124A94	LF9L000E	0x125640	FUN_00124a94	FUN_00125640	FUN_00124a94	118	b3ebbde79d297622ac998bf2cbef12428ee7b3a1ad08deb501f04208c6d942e9	source_unnamed	unique_full_body_sha256
LF9G003T	0xC32AC	LF9L000E	0xC36A8	FUN_000c32ac	FUN_000c36a8	FUN_000c32ac	152	b3f0ad3bc63469cf429c432262eb91c1019ae1541f7da88e7acf7d8149698287	source_unnamed	unique_full_body_sha256
LF9G003T	0x27EEB0	LF9L000E	0x27F044	state_action_timeout_scale	state_action_timeout_scale	state_action_timeout_scale	60	b415b37a722b5f80285f84d46e4e6c8dbbcda87af248936a635a6ed71205cbad	already_named	unique_full_body_sha256
LF9G003T	0x166654	LF9L000E	0x167FA4	FUN_00166654	FUN_00167fa4	FUN_00166654	206	b4469ed36012d1292756ddb0e53538704a4e3b2bd82d843f14bdab02c41ba542	source_unnamed	unique_full_body_sha256
LF9G003T	0xAA6EC	LF9L000E	0xAA970	FUN_000aa6ec	FUN_000aa970	FUN_000aa6ec	44	b450b769c61cb979db68b93194e4121881d493399ad0a99a59a39212a817b8a7	source_unnamed	unique_full_body_sha256
LF9G003T	0x1AD758	LF9L000E	0x1B68F4	FUN_001ad758	FUN_001b68f4	FUN_001ad758	34	b48e4a8a86147fda727f8ec943c9ae9839845ca585f8ee06d8fb0dbef0198034	source_unnamed	unique_full_body_sha256
LF9G003T	0x1F3648	LF9L000E	0x1FCA18	FUN_001f3648	FUN_001fca18	FUN_001f3648	56	b4d1bfa20bed4f74c623c05451a3e8527da010afb3d7a73f27b36c265c5479de	source_unnamed	unique_full_body_sha256
LF9G003T	0x9766C	LF9L000E	0x978F0	FUN_0009766c	FUN_000978f0	FUN_0009766c	62	b4fc2b8cce018303ec239aa1c485dbf618097173ddae1244b8145e20d9365592	source_unnamed	unique_full_body_sha256
LF9G003T	0x1C0118	LF9L000E	0x1C9458	FUN_001c0118	FUN_001c9458	FUN_001c0118	94	b4fe45c2b554cecbd0e7b4d0f18a410facfe3e74d7964ab44fea915ad8d19ee4	source_unnamed	unique_full_body_sha256
LF9G003T	0x1B4444	LF9L000E	0x1BD6C0	FUN_001b4444	FUN_001bd6c0	FUN_001b4444	76	b4ff4dae684251ab4bf9f58667213af0cbf797e897b4c6536af1738df7218c7b	source_unnamed	unique_full_body_sha256
LF9G003T	0x1F21D6	LF9L000E	0x1FB5A6	FUN_001f21d6	FUN_001fb5a6	FUN_001f21d6	10	b52355e39360aaffd053ce26010a49c3de8ffd5f3539711cc972c007f5d2aea9	source_unnamed	unique_full_body_sha256
LF9G003T	0x1EB72C	LF9L000E	0x1F4AFC	FUN_001eb72c	FUN_001f4afc	FUN_001eb72c	10	b53f77599c9f8152be55bf8fd8232ac623bdd2a9d7b9b5bbf2d92e7c43f91c3f	source_unnamed	unique_full_body_sha256
LF9G003T	0x7B524	LF9L000E	0x7B69C	FUN_0007b524	FUN_0007b69c	FUN_0007b524	40	b571a822fd42ec76058f87dad881199a712269880cd03e1e14ea7b5995b1596c	source_unnamed	unique_full_body_sha256
LF9G003T	0x125870	LF9L000E	0x12641C	FUN_00125870	FUN_0012641c	FUN_00125870	384	b57fbac47e3ca5194263810d3749d6f095238480bcbe2ff0f3cba6e5370ae075	source_unnamed	unique_full_body_sha256
LF9G003T	0x8E8B4	LF9L000E	0x8EB38	FUN_0008e8b4	FUN_0008eb38	FUN_0008e8b4	84	b5997d4dc75829271d568b475b37a2ab1adec930500b1d28511259a22a9eb474	source_unnamed	unique_full_body_sha256
LF9G003T	0x8EEC0	LF9L000E	0x8F144	FUN_0008eec0	FUN_0008f144	FUN_0008eec0	32	b5aac8512f2dfe841ea5b6e097ce09a60e4a661f8a04eb6208a24fab6b5ab86f	source_unnamed	unique_full_body_sha256
LF9G003T	0x13F888	LF9L000E	0x140440	FUN_0013f888	FUN_00140440	FUN_0013f888	32	b5b1e1d21b8cf9f84e979456afe35c84f57de617ab5148fd02cf254dd30c3379	source_unnamed	unique_full_body_sha256
LF9G003T	0x141B44	LF9L000E	0x1426FC	FUN_00141b44	FUN_001426fc	FUN_00141b44	34	b5f25e2f9206417618e3dfe7f27598bd4ac39ee931374bcd60b11d960d8c8ba6	source_unnamed	unique_full_body_sha256
LF9G003T	0xD90C8	LF9L000E	0xD9C04	FUN_000d90c8	FUN_000d9c04	FUN_000d90c8	118	b6047713010937512152a393462427edc3099da9774be4a9791f031a1a887966	source_unnamed	unique_full_body_sha256
LF9G003T	0x1F1E46	LF9L000E	0x1FB216	FUN_001f1e46	FUN_001fb216	FUN_001f1e46	44	b6156eef3a47f7499bd3cedb4ac0b5540c48bb5d40daeec2d597fb04f9a6f6bf	source_unnamed	unique_full_body_sha256
LF9G003T	0xDF95C	LF9L000E	0xE0498	FUN_000df95c	FUN_000e0498	FUN_000df95c	162	b616cf1a393b36022c099c76e038ed4e5e9f42f42afb19e09e8f0ba181f02d8c	source_unnamed	unique_full_body_sha256
LF9G003T	0x20477C	LF9L000E	0x20DBB8	FUN_0020477c	FUN_0020dbb8	FUN_0020477c	6	b61e8b65fa873c4acf8c0f43cdac867bce2bf787a30325d8cd0fc58c02277079	source_unnamed	unique_full_body_sha256
LF9G003T	0x1641D0	LF9L000E	0x165B70	FUN_001641d0	FUN_00165b70	FUN_001641d0	96	b644b7b77ed37ff1886164f2f91a13a9a6f13403e8e89bc3e3ed60787d41ae56	source_unnamed	unique_full_body_sha256
LF9G003T	0x87878	LF9L000E	0x87AFC	FUN_00087878	FUN_00087afc	FUN_00087878	446	b644deef317855619204c8ab452cbe3d70263ceb896037b89f800018fea6dfdf	source_unnamed	unique_full_body_sha256
LF9G003T	0x1EDDE4	LF9L000E	0x1F71B4	FUN_001edde4	FUN_001f71b4	FUN_001edde4	8	b65c79193c70a210f1d7f9c5545dc2c22a1ecbe5a738cb23c4b0289ef97c094a	source_unnamed	unique_full_body_sha256
LF9G003T	0x1646E0	LF9L000E	0x166080	FUN_001646e0	FUN_00166080	FUN_001646e0	142	b68bca3474f08983c847cd5d652209d767ea18ab4db1eaead6b58ce924df66df	source_unnamed	unique_full_body_sha256
LF9G003T	0xF4C00	LF9L000E	0xF576C	FUN_000f4c00	FUN_000f576c	FUN_000f4c00	118	b699e29d5980e562da4400db0dbcfc04ab4af00a5e111d9e0f559cfa18416023	source_unnamed	unique_full_body_sha256
LF9G003T	0x14AC0C	LF9L000E	0x14B7C4	FUN_0014ac0c	FUN_0014b7c4	FUN_0014ac0c	176	b69d15581c5c7c740cfcc08cf921e97b5861f4809f53e443c96d3a088341b30e	source_unnamed	unique_full_body_sha256
LF9G003T	0x97150	LF9L000E	0x973D4	FUN_00097150	FUN_000973d4	FUN_00097150	8	b6c6153dcad944acb53651d5dfaff7c762069dae686672363f72b55c3e6406ad	source_unnamed	unique_full_body_sha256
LF9G003T	0xB8B10	LF9L000E	0xB8EFC	FUN_000b8b10	FUN_000b8efc	FUN_000b8b10	34	b6e7b3a158be3f53e4caad738e444bdd4c07e2effb9e54adbab6bb0303c20cc6	source_unnamed	unique_full_body_sha256
LF9G003T	0x1F3C9C	LF9L000E	0x1FD06C	build_frame_gear_state	build_frame_gear_state	build_frame_gear_state	378	b6ee420e1447de79452898030c0e05a0c27429ff306e0b7a0fb60e8570561a8d	already_named	unique_full_body_sha256
LF9G003T	0x15C4C0	LF9L000E	0x15D078	FUN_0015c4c0	FUN_0015d078	FUN_0015c4c0	36	b6fd94bf003aebb2939bf5f5b95368de319af2056578e58256bf2c97f0360a86	source_unnamed	unique_full_body_sha256
LF9G003T	0x8498A	LF9L000E	0x84C0E	FUN_0008498a	FUN_00084c0e	FUN_0008498a	178	b751d2755e56d24941e4a83ac9e2d89e09817b8de87b54746fd5db9d5275d6f1	source_unnamed	unique_full_body_sha256
LF9G003T	0x20ADC0	LF9L000E	0x2141FC	negate_int64	negate_int64	negate_int64	26	b76e9d0563a884af3f404b89626a8a4257bf75327b84f0a8b01f3745c9447a1b	already_named	unique_full_body_sha256
LF9G003T	0x14A9BC	LF9L000E	0x14B574	FUN_0014a9bc	FUN_0014b574	FUN_0014a9bc	64	b77cab892585d33f7eb02e2b5de076252437a9fad2576cf2cfbc71ca3f5ad451	source_unnamed	unique_full_body_sha256
LF9G003T	0xF3EB8	LF9L000E	0xF4A24	FUN_000f3eb8	FUN_000f4a24	FUN_000f3eb8	450	b79978d86edd2f73371728a663e1d7bb097b6ac6195ef31b9ed4178c13df72cf	source_unnamed	unique_full_body_sha256
LF9G003T	0xC4660	LF9L000E	0xC4A5C	FUN_000c4660	FUN_000c4a5c	FUN_000c4660	10	b79e2655e81514e71fa79c345607d644b82e44ffd55a38c323058b2cec9056ea	source_unnamed	unique_full_body_sha256
LF9G003T	0xC5296	LF9L000E	0xC5692	FUN_000c5296	FUN_000c5692	FUN_000c5296	38	b7a205376f472f9c5faa2f101b08fab82f83756a10ed9bfeedb8b1118136fd9e	source_unnamed	unique_full_body_sha256
LF9G003T	0xE148C	LF9L000E	0xE1FC8	FUN_000e148c	FUN_000e1fc8	FUN_000e148c	58	b7c05706531ac5f613aab219eb2196629c4122b6355485bc62c6bc3603ac8fce	source_unnamed	unique_full_body_sha256
LF9G003T	0x1EDC38	LF9L000E	0x1F7008	FUN_001edc38	FUN_001f7008	FUN_001edc38	6	b7da35c392bfa545589231efda40044c5451f27c4738e47fd3c3d53a3a94ef68	source_unnamed	unique_full_body_sha256
LF9G003T	0x164234	LF9L000E	0x165BD4	FUN_00164234	FUN_00165bd4	FUN_00164234	84	b7f1199191291b5ef0ac2610c75eee430d701053e6fa2f5f54ab58d00ff1468c	source_unnamed	unique_full_body_sha256
LF9G003T	0xF94A0	LF9L000E	0xFA00C	FUN_000f94a0	FUN_000fa00c	FUN_000f94a0	16	b8066f778dda0b6dd02e0a1c6523c01c338e1eca27b300357cd74c0cf24345d5	source_unnamed	unique_full_body_sha256
LF9G003T	0x158C48	LF9L000E	0x159800	FUN_00158c48	FUN_00159800	FUN_00158c48	108	b808d7670fd1b5300955ff43371170e55932a25a6010810bd08d2b718a31a498	source_unnamed	unique_full_body_sha256
LF9G003T	0x1F6A16	LF9L000E	0x1FFDE6	FUN_001f6a16	FUN_001ffde6	FUN_001f6a16	88	b81e423a9e924b23c398e9b2bc5578e6f922ff897914fecb0bf8e76a28e07425	source_unnamed	unique_full_body_sha256
LF9G003T	0x2066D0	LF9L000E	0x20FB0C	FUN_002066d0	FUN_0020fb0c	FUN_002066d0	10	b82701768a0f46c216854ea98e4f39cf42892593f048a93f32f7a2d7d28f5ea8	source_unnamed	unique_full_body_sha256
LF9G003T	0x13A560	LF9L000E	0x13B11C	FUN_0013a560	FUN_0013b11c	FUN_0013a560	110	b8285d9b35a32c8beea1a834ae79d9b24c58ac132c6081cbd47b04d10d8cd4a2	source_unnamed	unique_full_body_sha256
LF9G003T	0x1EDC44	LF9L000E	0x1F7014	thunk_FUN_001f09a4	thunk_FUN_001f9d74	thunk_FUN_001f09a4	6	b828705e44974e8e08ed31d317171ddedb5c52db096025ed1900c61878cdc469	source_unnamed	unique_full_body_sha256
LF9G003T	0x1C9730	LF9L000E	0x1D2AD8	FUN_001c9730	FUN_001d2ad8	FUN_001c9730	128	b8333022df59e45ea6e133347d2539485ab97a480807aab4a51d72e310956ab2	source_unnamed	unique_full_body_sha256
LF9G003T	0x7774	LF9L000E	0x7774	FUN_00007774	FUN_00007774	FUN_00007774	14	b83cc327afc1065c0d3a43a902f86050b1e90724211ef9159867566a096d64aa	source_unnamed	unique_full_body_sha256
LF9G003T	0xF1F08	LF9L000E	0xF2A74	FUN_000f1f08	FUN_000f2a74	FUN_000f1f08	164	b84fb9e33cf48e6626e918f2d9286106e7616280b568e038deec845af0a7edbd	source_unnamed	unique_full_body_sha256
LF9G003T	0x11C5A4	LF9L000E	0x11D13C	FUN_0011c5a4	FUN_0011d13c	FUN_0011c5a4	62	b860bcc51c4cc4fb0b0766bf99ff66f57422c7baaf419ef9014e89a594d15a69	source_unnamed	unique_full_body_sha256
LF9G003T	0xBBB60	LF9L000E	0xBBF4C	FUN_000bbb60	FUN_000bbf4c	FUN_000bbb60	566	b871e0cec3119ce4043a4143d1bfe7c2bc136a2592975c070a6760055f2a1a45	source_unnamed	unique_full_body_sha256
LF9G003T	0x1E1938	LF9L000E	0x1EAD00	FUN_001e1938	FUN_001ead00	FUN_001e1938	402	b880619a92c184dc4719a6c3d358a39e85ad20b27674c7400abbc94a130c84a1	source_unnamed	unique_full_body_sha256
LF9G003T	0x13CE30	LF9L000E	0x13D9EC	FUN_0013ce30	FUN_0013d9ec	FUN_0013ce30	30	b8a0f3abd18862d278e096cdeb4bed307fc62d0f6eab289dcc4fc9b5b6442d6f	source_unnamed	unique_full_body_sha256
LF9G003T	0x19FE70	LF9L000E	0x1A900C	FUN_0019fe70	FUN_001a900c	FUN_0019fe70	142	b8adbb7fd72dc2f33aaae0a4f893dc0760d403708dcb76847e3dcb04d92de6bf	source_unnamed	unique_full_body_sha256
LF9G003T	0x1F7A06	LF9L000E	0x200DD6	FUN_001f7a06	FUN_00200dd6	FUN_001f7a06	22	b8b87f5511e00dd3b06e3cb1cf803af7d8078816a0de38fb646c2ca4a10d484a	source_unnamed	unique_full_body_sha256
LF9G003T	0x27EF40	LF9L000E	0x27F0D4	FUN_0027ef40	FUN_0027f0d4	FUN_0027ef40	52	b8c3beef1ae9eee6ae12bfaf5014897a7dbc3a3b9c7be6780e1f197e9e9455dd	source_unnamed	unique_full_body_sha256
LF9G003T	0x1937D8	LF9L000E	0x19AFF8	FUN_001937d8	FUN_0019aff8	FUN_001937d8	36	b9032505814b73e72feb5ab7e6088dbacbc33484c442e26b0ae78ec1c73ad315	source_unnamed	unique_full_body_sha256
LF9G003T	0x206C58	LF9L000E	0x210094	FUN_00206c58	FUN_00210094	FUN_00206c58	82	b969c3cc5091028cdb6bc0f087abe6156ef905cd7f8cdc561355192ed921eeb5	source_unnamed	unique_full_body_sha256
LF9G003T	0x1F8054	LF9L000E	0x201424	FUN_001f8054	FUN_00201424	FUN_001f8054	30	b980a3bf5e1163b939b415d543e0a4fd1de3cfc71806d2256ffcb70bec347ab9	source_unnamed	unique_full_body_sha256
LF9G003T	0x7CE8A	LF9L000E	0x7D002	FUN_0007ce8a	FUN_0007d002	FUN_0007ce8a	58	b99a72911ac5c1113966fd425e9fd78037f9f157badde3657af2432d38789169	source_unnamed	unique_full_body_sha256
LF9G003T	0x79C04	LF9L000E	0x79D7C	FUN_00079c04	FUN_00079d7c	FUN_00079c04	48	ba0deebad7bdbc2a8284a1643fddd47880f605b34a95f441ac4406973713a39f	source_unnamed	unique_full_body_sha256
LF9G003T	0x1ECEE6	LF9L000E	0x1F62B6	FUN_001ecee6	FUN_001f62b6	FUN_001ecee6	8	ba669cf77a046f91f965272877a43df2a3374a71ca9a9201be2f3cf3eb22dc6c	source_unnamed	unique_full_body_sha256
LF9G003T	0x1F79F4	LF9L000E	0x200DC4	FUN_001f79f4	FUN_00200dc4	FUN_001f79f4	18	ba6cdb6fba20d9d2ffb3fcef3e62ef45a02f8fecafbb1f140fe9257eb54d84fd	source_unnamed	unique_full_body_sha256
LF9G003T	0xAF972	LF9L000E	0xAFBF6	FUN_000af972	FUN_000afbf6	FUN_000af972	22	baa67379e77885f44bfd2183c0c64b1f78662b95a1ac2eb9f65bb0075c10ffd1	source_unnamed	unique_full_body_sha256
LF9G003T	0x97BD0	LF9L000E	0x97E54	FUN_00097bd0	FUN_00097e54	FUN_00097bd0	44	bacff00ed1f4d489a5211048793b3b0b8dfc942775e6618936796a48facb0482	source_unnamed	unique_full_body_sha256
LF9G003T	0x9566C	LF9L000E	0x958F0	FUN_0009566c	FUN_000958f0	FUN_0009566c	22	bad27e213378a89138b092381ba3a965e6aa4d2fc81b78a6378b6f41c39b3799	source_unnamed	unique_full_body_sha256
LF9G003T	0x192E68	LF9L000E	0x19A688	FUN_00192e68	FUN_0019a688	FUN_00192e68	18	bad7d9620c2055b850870e59ff4e44282ed187f7be51b059d57802923b4801ed	source_unnamed	unique_full_body_sha256
LF9G003T	0x165A60	LF9L000E	0x1673B0	FUN_00165a60	FUN_001673b0	FUN_00165a60	156	badc31d8f8d6301216d5d7a4f9d02e19bca1ee2fcf50d11e105f69ff4d123a88	source_unnamed	unique_full_body_sha256
LF9G003T	0x10DAF0	LF9L000E	0x10E65C	FUN_0010daf0	FUN_0010e65c	FUN_0010daf0	290	bb316237dee538fca009ae25ecb94f946575531c10b87a70166de2f1a16f7428	source_unnamed	unique_full_body_sha256
LF9G003T	0xB218C	LF9L000E	0xB2410	FUN_000b218c	FUN_000b2410	FUN_000b218c	108	bb728bcf6a25753c7765e6a5908515ee7f2e0ae260c5dc933a4c328149e322b0	source_unnamed	unique_full_body_sha256
LF9G003T	0x84752	LF9L000E	0x849D6	FUN_00084752	FUN_000849d6	FUN_00084752	24	bb88d2c262a0ab8b9dce2fbef807deee8111f085d2225eee335ed030e93ccc11	source_unnamed	unique_full_body_sha256
LF9G003T	0x9166C	LF9L000E	0x918F0	FUN_0009166c	FUN_000918f0	FUN_0009166c	100	bb924c8e406b2585c5cb5c4d935d61c29d7c11983f01ee7b98838d8e4e114a0e	source_unnamed	unique_full_body_sha256
LF9G003T	0x10C8F0	LF9L000E	0x10D45C	FUN_0010c8f0	FUN_0010d45c	FUN_0010c8f0	276	bb9947723e2dc0f88462b2bc4a8fe2ce58c5bf51993263512638dfe164b380c0	source_unnamed	unique_full_body_sha256
LF9G003T	0x1E222C	LF9L000E	0x1EB5F4	FUN_001e222c	FUN_001eb5f4	FUN_001e222c	10	bbc7db15a11b226d5aef6f1b0fc5d50137097206094605e9187591ece3249a51	source_unnamed	unique_full_body_sha256
LF9G003T	0x1ECB88	LF9L000E	0x1F5F58	FUN_001ecb88	FUN_001f5f58	FUN_001ecb88	10	bbe62114c74d40f9874d6242d8ab5c7c00431e10f16b8363cfe5c79444a491c1	source_unnamed	unique_full_body_sha256
LF9G003T	0x957CE	LF9L000E	0x95A52	FUN_000957ce	FUN_00095a52	FUN_000957ce	34	bbf01d21e5a8ab1ad57647ecbe329392c58ae3fcdae0aed23ce5431c15a11ab0	source_unnamed	unique_full_body_sha256
LF9G003T	0x1490C8	LF9L000E	0x149C80	FUN_001490c8	FUN_00149c80	FUN_001490c8	18	bc362c6a6d105ea960447489e960f8e1dff0bbaa7ce91257ba4e7a3a5e6af41d	source_unnamed	unique_full_body_sha256
LF9G003T	0xAFBBC	LF9L000E	0xAFE40	sa_sbox_substitute_5bit	sa_sbox_substitute_5bit	sa_sbox_substitute_5bit	172	bc487d9d34b9c1f5bb096a7a31086e993099e166d6857a8415703d61b2e5c310	already_named	unique_full_body_sha256
LF9G003T	0x2066C6	LF9L000E	0x20FB02	FUN_002066c6	FUN_0020fb02	FUN_002066c6	10	bc59f7f402505000dec0f5b2d9e4bc0745adaee554bbeb2d8ea85e2a4789051b	source_unnamed	unique_full_body_sha256
LF9G003T	0x8F27C	LF9L000E	0x8F500	FUN_0008f27c	FUN_0008f500	FUN_0008f27c	286	bc6a0c38c06f80c18e973a29df8affa560d424139a6b7c38f50ce8bc7d87a1c5	source_unnamed	unique_full_body_sha256
LF9G003T	0xC44FA	LF9L000E	0xC48F6	FUN_000c44fa	FUN_000c48f6	FUN_000c44fa	66	bcb657d3de70f314ff7acf419deb8d439d373cbd39504908511d278e42744c33	source_unnamed	unique_full_body_sha256
LF9G003T	0x1F0D08	LF9L000E	0x1FA0D8	FUN_001f0d08	FUN_001fa0d8	FUN_001f0d08	10	bd6fd2e0c0dfde20aed48f29d41ad8f13463f91720f852f3dffa8929458d094d	source_unnamed	unique_full_body_sha256
LF9G003T	0x147330	LF9L000E	0x147EE8	FUN_00147330	FUN_00147ee8	FUN_00147330	22	bd727ec7a1a3883abf66959e17c1568c109d9f21ad9e775f381b779dc978c5f6	source_unnamed	unique_full_body_sha256
LF9G003T	0xA1F6C	LF9L000E	0xA21F0	FUN_000a1f6c	FUN_000a21f0	FUN_000a1f6c	102	bd7df52a89a49a4ea2c35cae7c303636eef61741f1a0f906d01a6ff34467af3f	source_unnamed	unique_full_body_sha256
LF9G003T	0x6F60	LF9L000E	0x6F60	FUN_00006f60	FUN_00006f60	FUN_00006f60	24	bd9d44c3bcd2e2561a3ed1394706278cadb58a08dc3f450982771b826b27c4ae	source_unnamed	unique_full_body_sha256
LF9G003T	0x1F94FE	LF9L000E	0x2028CE	FUN_001f94fe	FUN_002028ce	FUN_001f94fe	114	bdcdbad5be5a9d7bb77ef9b1491b865c58e6860d5ec39f89e7a93cf2ab9871a6	source_unnamed	unique_full_body_sha256
LF9G003T	0x79CC4	LF9L000E	0x79E3C	FUN_00079cc4	FUN_00079e3c	FUN_00079cc4	48	bdcef8bb111ca9a003ffecb6256da40b914ad2297be735185b0dbe71823b7bde	source_unnamed	unique_full_body_sha256
LF9G003T	0x1F1C48	LF9L000E	0x1FB018	FUN_001f1c48	FUN_001fb018	FUN_001f1c48	52	bddbd934cc5ec64fc512ab15667ee490950c7344f2d73611fa463423686a91a4	source_unnamed	unique_full_body_sha256
LF9G003T	0x92D60	LF9L000E	0x92FE4	FUN_00092d60	FUN_00092fe4	FUN_00092d60	92	bdfb0de726d49d1bcaa072ed301c6b6205655743ce4a5c730ef949932aa17c3d	source_unnamed	unique_full_body_sha256
LF9G003T	0x161724	LF9L000E	0x162944	FUN_00161724	FUN_00162944	FUN_00161724	54	be019348b2a839fa5929595b00d37dfdb83c701f8b78a7a61e99f25f2eb42261	source_unnamed	unique_full_body_sha256
LF9G003T	0x1CE3A8	LF9L000E	0x1D7750	FUN_001ce3a8	FUN_001d7750	FUN_001ce3a8	290	be236497216d7419bb36ce761463fdf8d74b019f7a302763ad131d8529ee8fed	source_unnamed	unique_full_body_sha256
LF9G003T	0x1EBDF8	LF9L000E	0x1F51C8	FUN_001ebdf8	FUN_001f51c8	FUN_001ebdf8	118	be39e86a2b90e54e0069de1f0b979eb50e6abd803f53e82c28d43e2208acb77c	source_unnamed	unique_full_body_sha256
LF9G003T	0x131B68	LF9L000E	0x132714	FUN_00131b68	FUN_00132714	FUN_00131b68	40	be3ab464f06b12652058b9dee14b68ceb2f1d15325fccf76e64f8473a6f3fc51	source_unnamed	unique_full_body_sha256
LF9G003T	0x16728C	LF9L000E	0x168BDC	FUN_0016728c	FUN_00168bdc	FUN_0016728c	54	be4209a341d4981993c7aeb51c8f83c17ce36282876f07d2a5b9778fcbdf7217	source_unnamed	unique_full_body_sha256
LF9G003T	0x153DA8	LF9L000E	0x154960	FUN_00153da8	FUN_00154960	FUN_00153da8	76	be45e1331d33b3a377a0f89f43f1910158ef96891c77e82dc1e1e9fd08dc9c22	source_unnamed	unique_full_body_sha256
LF9G003T	0x1F5750	LF9L000E	0x1FEB20	FUN_001f5750	FUN_001feb20	FUN_001f5750	162	be469d4c2414f1137e78e175a2486d460859e98f1d7c731610c643b4a5c2c67b	source_unnamed	unique_full_body_sha256
LF9G003T	0x1E89F8	LF9L000E	0x1F1DC8	stream_reader_begin	stream_reader_begin	stream_reader_begin	38	be5a37011d87fac9db97279d77e6d06096e67ee3f6fb22ccea3bf09bac93f7a2	already_named	unique_full_body_sha256
LF9G003T	0x20A480	LF9L000E	0x2138BC	task_activate_and_check	task_activate_and_check	task_activate_and_check	258	be7ffc3e3e8e90349cbc3ded95680d690ba1fdc6922dd3b582aa2ca24c1e387e	already_named	unique_full_body_sha256
LF9G003T	0x8E4FA	LF9L000E	0x8E77E	FUN_0008e4fa	FUN_0008e77e	FUN_0008e4fa	410	be851b7f8bd4259fafe61e6f2f46cc26695056c24fb42ee1835a9096fc8d421d	source_unnamed	unique_full_body_sha256
LF9G003T	0x1D8864	LF9L000E	0x1E1C0C	FUN_001d8864	FUN_001e1c0c	FUN_001d8864	76	be89aa184df7b66bc5f090f11b13b588ef19d43ef8c7b85ded1fb9e91de7a935	source_unnamed	unique_full_body_sha256
LF9G003T	0xB7726	LF9L000E	0xB7A92	FUN_000b7726	FUN_000b7a92	FUN_000b7726	42	bea7b2324ea58272ad22df3c1ba235ee24c71ecbad162cd94608f16e3287f569	source_unnamed	unique_full_body_sha256
LF9G003T	0x1FADAE	LF9L000E	0x20417E	FUN_001fadae	FUN_0020417e	FUN_001fadae	28	beaea2e9327ebff08f03fcfe62df5068595a371dcfdbbd8fede6dd6388c42b97	source_unnamed	unique_full_body_sha256
LF9G003T	0x89D18	LF9L000E	0x89F9C	FUN_00089d18	FUN_00089f9c	FUN_00089d18	264	beb7041b1dce2986c6faa3cf25a22ae5d99a985e7210a47c18155d1ac63e6b52	source_unnamed	unique_full_body_sha256
LF9G003T	0x13F684	LF9L000E	0x14023C	FUN_0013f684	FUN_0014023c	FUN_0013f684	24	bed886b60f1f6a500b2eed78649dcf47cd07fa32aa1c2a9ae7a585c25fe4f4cd	source_unnamed	unique_full_body_sha256
LF9G003T	0x7EB9A	LF9L000E	0x7ED12	FUN_0007eb9a	FUN_0007ed12	FUN_0007eb9a	74	bf01c9a067c3f91e7f0212633008739d7347f3e02869acc17f7aa0ce59c7e260	source_unnamed	unique_full_body_sha256
LF9G003T	0x976AA	LF9L000E	0x9792E	FUN_000976aa	FUN_0009792e	FUN_000976aa	54	bf1bfbf988d6b707863a4e232bc31f4274e97a0c50accb792173585e9f83efbc	source_unnamed	unique_full_body_sha256
LF9G003T	0x1649E0	LF9L000E	0x166380	FUN_001649e0	FUN_00166380	FUN_001649e0	50	bfb01b87b56184adb9cbbd680374d891b43a6718c9d3e0099ff67d9feab10de0	source_unnamed	unique_full_body_sha256
LF9G003T	0x96E4A	LF9L000E	0x970CE	FUN_00096e4a	FUN_000970ce	FUN_00096e4a	8	bfdd29ca8c94fda49bc27cfbdb0fa094b61821d4f6ebea822a054ae8d46b7776	source_unnamed	unique_full_body_sha256
LF9G003T	0xB4C7E	LF9L000E	0xB4FEA	FUN_000b4c7e	FUN_000b4fea	FUN_000b4c7e	22	bff82f44c20091ec1715557f9ffcc06ed7a84d08e077cec9716d6651ad0536df	source_unnamed	unique_full_body_sha256
LF9G003T	0x164364	LF9L000E	0x165D04	FUN_00164364	FUN_00165d04	FUN_00164364	104	c017a33d8a668b69af2ae349d6ada56d1f4f1da7bd21597fc9d367516ac2be91	source_unnamed	unique_full_body_sha256
LF9G003T	0x1F76CC	LF9L000E	0x200A9C	FUN_001f76cc	FUN_00200a9c	FUN_001f76cc	162	c01eb27d8311cb0123e045fc879a716082747f19f1953292998f016a275d29f2	source_unnamed	unique_full_body_sha256
LF9G003T	0xE2E8C	LF9L000E	0xE39F0	FUN_000e2e8c	FUN_000e39f0	FUN_000e2e8c	122	c02975730fc912d92d7bc39c40aee1946029f113b8704d009e114a00919b0ed4	source_unnamed	unique_full_body_sha256
LF9G003T	0x1CA3EC	LF9L000E	0x1D3794	FUN_001ca3ec	FUN_001d3794	FUN_001ca3ec	272	c052683555b76df609d71e1c4c60aa17dc248456208194d7d612519d83e94c91	source_unnamed	unique_full_body_sha256
LF9G003T	0x207A08	LF9L000E	0x210E44	FUN_00207a08	FUN_00210e44	FUN_00207a08	18	c0af8147c712d1dc1331cecf15ac5d9157a24afb80755a2ad98da047dbd78427	source_unnamed	unique_full_body_sha256
LF9G003T	0x207B7C	LF9L000E	0x210FB8	FUN_00207b7c	FUN_00210fb8	FUN_00207b7c	30	c0bb5fdb9238b6b675d643b8530c53aa167986903a03d49a2127da78ae12f57e	source_unnamed	unique_full_body_sha256
LF9G003T	0x11CAC0	LF9L000E	0x11D664	FUN_0011cac0	FUN_0011d664	FUN_0011cac0	86	c0cf8d531b7b71795098051dafa6284f95c13cf20b5b9282e5966263dcc51ed6	source_unnamed	unique_full_body_sha256
LF9G003T	0x93136	LF9L000E	0x933BA	FUN_00093136	FUN_000933ba	FUN_00093136	88	c0f1bfa9adb9bceff76a617fc01b097230a498d1369f7c81011d526f871b3c41	source_unnamed	unique_full_body_sha256
LF9G003T	0x1F5B18	LF9L000E	0x1FEEE8	FUN_001f5b18	FUN_001feee8	FUN_001f5b18	70	c1129ab642d6b3e41c0f7fd4ea2ddedb7d994018bb855182b1fb0b5e13f9a603	source_unnamed	unique_full_body_sha256
LF9G003T	0x959B0	LF9L000E	0x95C34	FUN_000959b0	FUN_00095c34	FUN_000959b0	44	c11bc97805bd3c564a8d076ce8f2320d655ed54547ee10bae1396741792b73c1	source_unnamed	unique_full_body_sha256
LF9G003T	0x1F7BC8	LF9L000E	0x200F98	FUN_001f7bc8	FUN_00200f98	FUN_001f7bc8	40	c141c1ae1799f6538fc50a73ea97e78f84069ddfdd78e4b3315ed40fa77efff5	source_unnamed	unique_full_body_sha256
LF9G003T	0xB805A	LF9L000E	0xB83C6	FUN_000b805a	FUN_000b83c6	FUN_000b805a	66	c14690ce44ab0b3c0ae327521d6db94d3dd0ebabd142c384331f3b54ba54117d	source_unnamed	unique_full_body_sha256
LF9G003T	0x97196	LF9L000E	0x9741A	FUN_00097196	FUN_0009741a	FUN_00097196	52	c1475e5198a506faff2a294b7eac182c6f68a2d3b5c76341b7b4459aaae669d0	source_unnamed	unique_full_body_sha256
LF9G003T	0x1FF040	LF9L000E	0x20847C	FUN_001ff040	FUN_0020847c	FUN_001ff040	16	c15a21d9c414f210e15953cb1bb13e3bd88520d4e2502256aa2cb971a5d6b49c	source_unnamed	unique_full_body_sha256
LF9G003T	0x13FF80	LF9L000E	0x140B38	FUN_0013ff80	FUN_00140b38	FUN_0013ff80	18	c1bda127b9fa7002754cd450e3a3a20a2647e305d9c66d9a2f24029ace926a6b	source_unnamed	unique_full_body_sha256
LF9G003T	0x1F0E48	LF9L000E	0x1FA218	FUN_001f0e48	FUN_001fa218	FUN_001f0e48	44	c1d04cf15113532cda3222231c5311d43b9f15dda6561acad93e164f92f4a16f	source_unnamed	unique_full_body_sha256
LF9G003T	0xBF7CE	LF9L000E	0xBFBBA	FUN_000bf7ce	FUN_000bfbba	FUN_000bf7ce	92	c1efad10ca00f0b42dc3184c60bc7de7b477a57b14bf3a3ce0a18d0449fae126	source_unnamed	unique_full_body_sha256
LF9G003T	0x1CA1C8	LF9L000E	0x1D3570	FUN_001ca1c8	FUN_001d3570	FUN_001ca1c8	276	c1f78a947500528e59e69fe170c22d3cc11709728ae72595916def66fea99603	source_unnamed	unique_full_body_sha256
LF9G003T	0x1EDD5E	LF9L000E	0x1F712E	FUN_001edd5e	FUN_001f712e	FUN_001edd5e	10	c21b945519ff2da73d5e5deda7bcb9c01c4c03c065a342e46ee4e12148fb9854	source_unnamed	unique_full_body_sha256
LF9G003T	0x128760	LF9L000E	0x12930C	FUN_00128760	FUN_0012930c	FUN_00128760	32	c21ef79f857c7fd9965df581c35071e2a6b218e077d58ed95fa669143df26ddb	source_unnamed	unique_full_body_sha256
LF9G003T	0x162538	LF9L000E	0x163F40	FUN_00162538	FUN_00163f40	FUN_00162538	98	c22088757421b0062ba744e5badf54d8af38ba91c83550b5a7dd16820d6a18b2	source_unnamed	unique_full_body_sha256
LF9G003T	0xB5648	LF9L000E	0xB59B4	FUN_000b5648	FUN_000b59b4	FUN_000b5648	32	c2489e71f0acf162e4e8994bc82c45464b11219688d07b5be59bee89822c9990	source_unnamed	unique_full_body_sha256
LF9G003T	0x20B5D8	LF9L000E	0x214A14	FUN_0020b5d8	FUN_00214a14	FUN_0020b5d8	122	c254cf093035fdf87f6d46d5b9f70de8c68d1905bee3fe607229f3b16349bc37	source_unnamed	unique_full_body_sha256
LF9G003T	0x27EBEC	LF9L000E	0x27ED80	FUN_0027ebec	FUN_0027ed80	FUN_0027ebec	88	c25b196c0cb1d6cfb80ba203831c622735d7e31122680688e789c29683b780d6	source_unnamed	unique_full_body_sha256
LF9G003T	0x1F21E0	LF9L000E	0x1FB5B0	FUN_001f21e0	FUN_001fb5b0	FUN_001f21e0	10	c284346f6c7fb53b83f94bc227316cfdac64a0956b4b5f5efdb1dfccbc5ead99	source_unnamed	unique_full_body_sha256
LF9G003T	0x13ECEC	LF9L000E	0x13F8A4	FUN_0013ecec	FUN_0013f8a4	FUN_0013ecec	182	c29d8775d5ca9a7f8477b05a949850dabf86c347507f5472c1545b5c0008cfc8	source_unnamed	unique_full_body_sha256
LF9G003T	0x193C0C	LF9L000E	0x19B4FC	FUN_00193c0c	FUN_0019b4fc	FUN_00193c0c	206	c2e16b850e647d28d8eb0825aae34964bd347742ea6053ceda3692a952e9a12c	source_unnamed	unique_full_body_sha256
LF9G003T	0x13F824	LF9L000E	0x1403DC	FUN_0013f824	FUN_001403dc	FUN_0013f824	14	c2e32233ec41e022891e7fa5ef6d0bf888b570a4e8315eb8ef2eb5a2fa5237f0	source_unnamed	unique_full_body_sha256
LF9G003T	0x1F7510	LF9L000E	0x2008E0	FUN_001f7510	FUN_002008e0	FUN_001f7510	110	c2ea630ac16a8100232ae2a4e129ab7a6725ce0d4aa25d7a647d399c70dd8a8c	source_unnamed	unique_full_body_sha256
LF9G003T	0x207E40	LF9L000E	0x21127C	FUN_00207e40	FUN_0021127c	FUN_00207e40	86	c35f6ada26d18d8f1cf06cb519bfffd6fb686eaadd2b644907d042a40de9a8b7	source_unnamed	unique_full_body_sha256
LF9G003T	0x1ED308	LF9L000E	0x1F66D8	FUN_001ed308	FUN_001f66d8	FUN_001ed308	134	c3694985b75749c707be9d9ca2677d87ec94b6b2cde1edec510bb0ecd383b99c	source_unnamed	unique_full_body_sha256
LF9G003T	0x16E778	LF9L000E	0x1700C8	FUN_0016e778	FUN_001700c8	FUN_0016e778	24	c37f4bdb8f896a561f750a63c4328995500f9ee87be632c268ac3122e025620e	source_unnamed	unique_full_body_sha256
LF9G003T	0x1E21FC	LF9L000E	0x1EB5C4	FUN_001e21fc	FUN_001eb5c4	FUN_001e21fc	10	c3ac38c114def277a526cf6bd15743ec652a4492ae9d5eaf30c1a98a7977c1b4	source_unnamed	unique_full_body_sha256
LF9G003T	0xF44C8	LF9L000E	0xF5034	FUN_000f44c8	FUN_000f5034	FUN_000f44c8	252	c3bf4cd898340bcb5c36e181a102462df16f726dd371d60a4f47b76029940bd5	source_unnamed	unique_full_body_sha256
LF9G003T	0x1641A0	LF9L000E	0x165B40	FUN_001641a0	FUN_00165b40	FUN_001641a0	42	c3c1f81b14ee052f0eda2754eb45b8d83063c46efa46135829b0b196a220dba7	source_unnamed	unique_full_body_sha256
LF9G003T	0x1F4688	LF9L000E	0x1FDA58	FUN_001f4688	FUN_001fda58	FUN_001f4688	6	c3ca483aef6e1bd20742c8c15449ae0b942178f965a1c61fbaa775d649d10c31	source_unnamed	unique_full_body_sha256
LF9G003T	0x169530	LF9L000E	0x16AE80	FUN_00169530	FUN_0016ae80	FUN_00169530	48	c3d91fbcb3a6fd2a79988fcf0f1a379bab6584320df345fac5da6e3dcc13e5c8	source_unnamed	unique_full_body_sha256
LF9G003T	0x1C96B4	LF9L000E	0x1D2A5C	FUN_001c96b4	FUN_001d2a5c	FUN_001c96b4	124	c3e3654f67f80146e19397f16d38c25d4ac5ba60ed06c06f3b70167d5d036c02	source_unnamed	unique_full_body_sha256
LF9G003T	0x16428C	LF9L000E	0x165C2C	FUN_0016428c	FUN_00165c2c	FUN_0016428c	132	c3ec204c97493d88a974e67596966de232cc22520bbf7e11c63ed9c58ced3341	source_unnamed	unique_full_body_sha256
LF9G003T	0x109480	LF9L000E	0x109FEC	FUN_00109480	FUN_00109fec	FUN_00109480	30	c418be1299df15ca39571892f0bca5210327aa0e60df16a1a9538f120e16dd7d	source_unnamed	unique_full_body_sha256
LF9G003T	0x1ECD32	LF9L000E	0x1F6102	FUN_001ecd32	FUN_001f6102	FUN_001ecd32	20	c42888c3b68f91d9f35a77156d831e019a79699b6e3d18b25acad933634b1e5f	source_unnamed	unique_full_body_sha256
LF9G003T	0x1B278C	LF9L000E	0x1BBA08	FUN_001b278c	FUN_001bba08	FUN_001b278c	52	c44ad6e269114f12151715febafd0f3e06710c0366c4584ba70eb62907db4c32	source_unnamed	unique_full_body_sha256
LF9G003T	0x1F96C4	LF9L000E	0x202A94	FUN_001f96c4	FUN_00202a94	FUN_001f96c4	188	c455afe189657664d9e3eaeb557d53cce6c3e5fa496c97c7d450641e320c4f85	source_unnamed	unique_full_body_sha256
LF9G003T	0x1EB6C8	LF9L000E	0x1F4A98	FUN_001eb6c8	FUN_001f4a98	FUN_001eb6c8	100	c456803d835c98b7108357fd4668fc40dda52f50a203115763b170a63193df95	source_unnamed	unique_full_body_sha256
LF9G003T	0x1FACF0	LF9L000E	0x2040C0	FUN_001facf0	FUN_002040c0	FUN_001facf0	82	c496153e1256ed3372886a9da1bf465868ff0b2c5d1a353b87aeeb91f183fc3e	source_unnamed	unique_full_body_sha256
LF9G003T	0x141B14	LF9L000E	0x1426CC	FUN_00141b14	FUN_001426cc	FUN_00141b14	46	c4a59d8ae296afb14b22296fb0535979aa05523c911a05397095cbacc64f7a06	source_unnamed	unique_full_body_sha256
LF9G003T	0x1ED07A	LF9L000E	0x1F644A	FUN_001ed07a	FUN_001f644a	FUN_001ed07a	14	c4b7b13f40dcfe90a29cd953da9b5b5dd8a3b73cae807c7200dbdcff2d1eaa9c	source_unnamed	unique_full_body_sha256
LF9G003T	0x144A9C	LF9L000E	0x145654	FUN_00144a9c	FUN_00145654	FUN_00144a9c	38	c4cd8426331ad33aaba4bdcd629f1e4bc948fcb515b0264ef140fc10fd901c5d	source_unnamed	unique_full_body_sha256
LF9G003T	0x1C01CC	LF9L000E	0x1C950C	FUN_001c01cc	FUN_001c950c	FUN_001c01cc	410	c51a3cfc5d7914d1041ed22fcf9110ec4003850b95131d3a258b8be5625857c6	source_unnamed	unique_full_body_sha256
LF9G003T	0xB042C	LF9L000E	0xB06B0	FUN_000b042c	FUN_000b06b0	FUN_000b042c	92	c525f2bc8d664344844d5637f089ecf2894edb289e9a7576917c4bc88b81c67a	source_unnamed	unique_full_body_sha256
LF9G003T	0x131188	LF9L000E	0x131D34	FUN_00131188	FUN_00131d34	FUN_00131188	72	c54411ea630182cd683a8b872072c74cf4ffc1ed7486878fde59693e52a806ed	source_unnamed	unique_full_body_sha256
LF9G003T	0x1F7648	LF9L000E	0x200A18	FUN_001f7648	FUN_00200a18	FUN_001f7648	112	c558d7a977ba1d405a66c7ad3cab7bafea28f810e78e93778d0833e403ad8770	source_unnamed	unique_full_body_sha256
LF9G003T	0x19D104	LF9L000E	0x1A62A4	FUN_0019d104	FUN_001a62a4	FUN_0019d104	22	c56c66fe3035aa9613d40c4994dd5b6303d95f8217d7129c57fd3fa1dd7473e2	source_unnamed	unique_full_body_sha256
LF9G003T	0x207946	LF9L000E	0x210D82	FUN_00207946	FUN_00210d82	FUN_00207946	26	c58505c6a3128ec1f92079bfb43e11509de3bbc9aab4de1faf2f14f6eb20b806	source_unnamed	unique_full_body_sha256
LF9G003T	0x20A328	LF9L000E	0x213764	FUN_0020a328	FUN_00213764	FUN_0020a328	140	c5884e5a40f8cbe075631def6557b085ce6fa92d692a8077d1391e9076dd7271	source_unnamed	unique_full_body_sha256
LF9G003T	0x1ECC14	LF9L000E	0x1F5FE4	thunk_FUN_001ece50	thunk_FUN_001f6220	thunk_FUN_001ece50	6	c597bc8f8ecaa3bc6303fb38968229511a2c3d4ba9da2b0e20986c8f04d38e2d	source_unnamed	unique_full_body_sha256
LF9G003T	0x1EDC82	LF9L000E	0x1F7052	FUN_001edc82	FUN_001f7052	FUN_001edc82	10	c59fe63fb3d66e941b9555836f2f74c79f85093d46091f7de7f15e151390df6a	source_unnamed	unique_full_body_sha256
LF9G003T	0x95AEE	LF9L000E	0x95D72	FUN_00095aee	FUN_00095d72	FUN_00095aee	10	c60cca4cd055f7d62539181b7141161560f7b00ed52ac7768f3e315f44b0f04a	source_unnamed	unique_full_body_sha256
LF9G003T	0x18F1B0	LF9L000E	0x1966D8	FUN_0018f1b0	FUN_001966d8	FUN_0018f1b0	276	c625e769721877d5bb2e72d5ddb2014a3cbfa77cc001e0f82df263b7459c8a1d	source_unnamed	unique_full_body_sha256
LF9G003T	0xA121C	LF9L000E	0xA14A0	FUN_000a121c	FUN_000a14a0	FUN_000a121c	88	c643119b3e66953cf3f6889a459e8b8ed2ff0d753ead754da11af0d988f24777	source_unnamed	unique_full_body_sha256
LF9G003T	0x1F2612	LF9L000E	0x1FB9E2	FUN_001f2612	FUN_001fb9e2	FUN_001f2612	64	c67c585569b6660146fe7d0b2cd64502ccc5aead30ca1abaf46d8a8f1c45ca66	source_unnamed	unique_full_body_sha256
LF9G003T	0xF2084	LF9L000E	0xF2BF0	FUN_000f2084	FUN_000f2bf0	FUN_000f2084	142	c68a98a6bed6483588b9b31f21f756db3242e43599434420d5212a102fca2420	source_unnamed	unique_full_body_sha256
LF9G003T	0x95EC2	LF9L000E	0x96146	FUN_00095ec2	FUN_00096146	FUN_00095ec2	316	c68d24151fdbad1bda2d84665e7e71e520803c0f15e3ac2fd00a2cca275783c9	source_unnamed	unique_full_body_sha256
LF9G003T	0x193A18	LF9L000E	0x19B308	FUN_00193a18	FUN_0019b308	FUN_00193a18	16	c68f2929ab7c1898e994e8a2f2bc186d979cb06f64321b4404d127095aaa62e1	source_unnamed	unique_full_body_sha256
LF9G003T	0xC44C6	LF9L000E	0xC48C2	FUN_000c44c6	FUN_000c48c2	FUN_000c44c6	52	c69de437b7902b4d5cd8e8d2dcb5e8afdfcb7baeac219f748a9ba40accabe50f	source_unnamed	unique_full_body_sha256
LF9G003T	0xC4224	LF9L000E	0xC4620	FUN_000c4224	FUN_000c4620	FUN_000c4224	128	c6c5d228ea3930f00939aaf39f8231bceb44059a071e8a2ccd394284c119f4d2	source_unnamed	unique_full_body_sha256
LF9G003T	0xA3370	LF9L000E	0xA35F4	table_lookup_1d_interp	table_lookup_1d_interp	table_lookup_1d_interp	88	c6ca94db864f63f10d01e988494742a83e3d920e27e17f6196eb3e3e10d9aae5	already_named	unique_full_body_sha256
LF9G003T	0x15F598	LF9L000E	0x160150	FUN_0015f598	FUN_00160150	FUN_0015f598	230	c6cc2d95a695d38d6cbca10cc13142045c8537736a177cca174826026d21c174	source_unnamed	unique_full_body_sha256
LF9G003T	0x143DF4	LF9L000E	0x1449AC	FUN_00143df4	FUN_001449ac	FUN_00143df4	42	c6d0c095ca8eb10e3db3e92a07b61a4391c76be46e6fd09d7bab7d9e183bea3a	source_unnamed	unique_full_body_sha256
LF9G003T	0x1953C0	LF9L000E	0x19D818	FUN_001953c0	FUN_0019d818	FUN_001953c0	14	c6fb6d95cb2967ba12c585efbd28a04c43d7ddd6ee4ba5ca8c2aeff45539eb7f	source_unnamed	unique_full_body_sha256
LF9G003T	0x1E14D4	LF9L000E	0x1EA89C	FUN_001e14d4	FUN_001ea89c	FUN_001e14d4	90	c723dbb439c8614839da2bddd237a731625187418f0dfac8fa652395fc5f2f75	source_unnamed	unique_full_body_sha256
LF9G003T	0x15C42C	LF9L000E	0x15CFE4	FUN_0015c42c	FUN_0015cfe4	FUN_0015c42c	92	c723ecd2222b930c708d0a3438c03cb2b51b3beec8d9e196266dd505decff862	source_unnamed	unique_full_body_sha256
LF9G003T	0x1D12D8	LF9L000E	0x1DA680	FUN_001d12d8	FUN_001da680	FUN_001d12d8	56	c74bcc4acbf56ef248ab77563ac56e0ca6c9c937ae613ba34b80c5605f99974e	source_unnamed	unique_full_body_sha256
LF9G003T	0x1F8416	LF9L000E	0x2017E6	FUN_001f8416	FUN_002017e6	FUN_001f8416	196	c76373c7315a1bd87160fa0c419b7356efa8f1ee23a4f0db9ed4b59392ad60a3	source_unnamed	unique_full_body_sha256
LF9G003T	0x1BFFB4	LF9L000E	0x1C92F4	FUN_001bffb4	FUN_001c92f4	FUN_001bffb4	94	c76b515bffab444c19a0ee9377c2b2bcd4b860df4debe1551cac9dd7a4a83e35	source_unnamed	unique_full_body_sha256
LF9G003T	0xD4B00	LF9L000E	0xD5254	FUN_000d4b00	FUN_000d5254	FUN_000d4b00	32	c76edf756e558caa93702494f419185f13dfff900f415cd60ff66d7767ab6ef7	source_unnamed	unique_full_body_sha256
LF9G003T	0x933D6	LF9L000E	0x9365A	FUN_000933d6	FUN_0009365a	FUN_000933d6	82	c7852c2021f5c9dccc106c1e67a4806b6004dbe54549a9e6a11fbf7ad81ce6ad	source_unnamed	unique_full_body_sha256
LF9G003T	0x141BA8	LF9L000E	0x142760	FUN_00141ba8	FUN_00142760	FUN_00141ba8	56	c79e87d88bab161f8497dc7a207d3ccc6f7b6e7565acc323f1912ba272dfd653	source_unnamed	unique_full_body_sha256
LF9G003T	0x1CB31C	LF9L000E	0x1D46C4	FUN_001cb31c	FUN_001d46c4	FUN_001cb31c	330	c7b2a363263b04c320eb8d5c9301a4b691b5b98cb4b4296ab558ae1039f11fb0	source_unnamed	unique_full_body_sha256
LF9G003T	0x1ECD52	LF9L000E	0x1F6122	thunk_FUN_001ece74	thunk_FUN_001f6244	thunk_FUN_001ece74	6	c8053d919a0d8a6ad54296e08e8983867d0c110af2172a28614b576d158136d0	source_unnamed	unique_full_body_sha256
LF9G003T	0x13F550	LF9L000E	0x140108	FUN_0013f550	FUN_00140108	FUN_0013f550	14	c8160de56163598eee0ec498f6db898f1a3e3e5402bac781f3ef84efa1515cf2	source_unnamed	unique_full_body_sha256
LF9G003T	0x1F97C6	LF9L000E	0x202B96	FUN_001f97c6	FUN_00202b96	FUN_001f97c6	6	c82115f67178435e80caaf62c93195de620c4f74c44bf76389dcfe42c67a1190	source_unnamed	unique_full_body_sha256
LF9G003T	0xB0A08	LF9L000E	0xB0C8C	FUN_000b0a08	FUN_000b0c8c	FUN_000b0a08	272	c8b1739e076b0be0227e59cb2506cc20b7820e1b67094abe0ea97355074ab8c6	source_unnamed	unique_full_body_sha256
LF9G003T	0x11B970	LF9L000E	0x11C508	FUN_0011b970	FUN_0011c508	FUN_0011b970	78	c8b23e1df7e8859ae979cacd586a840a3fb491d81360dd330850fa1af1e3791f	source_unnamed	unique_full_body_sha256
LF9G003T	0x1ED0D4	LF9L000E	0x1F64A4	FUN_001ed0d4	FUN_001f64a4	FUN_001ed0d4	116	c8bd30fcbdcff36f9553bace6ff7fc10824266f0b99d00ce2268462c999656ac	source_unnamed	unique_full_body_sha256
LF9G003T	0x96ECE	LF9L000E	0x97152	FUN_00096ece	FUN_00097152	FUN_00096ece	60	c8d6b0d3684474999b1bd6fe0269f2e40f3d088305d9eeee3db30715dc8106aa	source_unnamed	unique_full_body_sha256
LF9G003T	0xBDDD4	LF9L000E	0xBE1C0	FUN_000bddd4	FUN_000be1c0	FUN_000bddd4	30	c8df11506a0a35d151429173c21dc21ff19cee34ea9a0b353526c90306cadf8c	source_unnamed	unique_full_body_sha256
LF9G003T	0xD4F86	LF9L000E	0xD56DA	FUN_000d4f86	FUN_000d56da	FUN_000d4f86	36	c8ea67725c004c7c0bc48b95271666c724c8d2dade2f79681215f581f02e0967	source_unnamed	unique_full_body_sha256
LF9G003T	0x12937C	LF9L000E	0x129F28	FUN_0012937c	FUN_00129f28	FUN_0012937c	36	c8ebb904eb7c55d9efbd579a449addaa3d59529f1b0b514c924e458961e10e21	source_unnamed	unique_full_body_sha256
LF9G003T	0x1F458A	LF9L000E	0x1FD95A	FUN_001f458a	FUN_001fd95a	FUN_001f458a	90	c8f274ff72db38d973cc0eee95aa2b11db9b418a741354309f458c26c34a5b1a	source_unnamed	unique_full_body_sha256
LF9G003T	0x1EDDEC	LF9L000E	0x1F71BC	FUN_001eddec	FUN_001f71bc	FUN_001eddec	6	c905f11d657b41cb8c952e012d18e1436df7bf8a5b00ca9c5bcfb2d2c8154a43	source_unnamed	unique_full_body_sha256
LF9G003T	0x1F9E36	LF9L000E	0x203206	FUN_001f9e36	FUN_00203206	FUN_001f9e36	118	c92715d0a97c9cb463e65b1d682934be0bd24cff2c27ae6f5422f2bb8ed91cd6	source_unnamed	unique_full_body_sha256
LF9G003T	0x19E79C	LF9L000E	0x1A793C	FUN_0019e79c	FUN_001a793c	FUN_0019e79c	118	c948f5c80fe61cd657f30a7a7d78b2ef195541a8c3de84f9a3169b96783f8fbd	source_unnamed	unique_full_body_sha256
LF9G003T	0xC361A	LF9L000E	0xC3A16	FUN_000c361a	FUN_000c3a16	FUN_000c361a	64	c95a180d8b0b1adf2ab4d3f06b5d1f0969b3618fe90bf97c08fce1b1c6490055	source_unnamed	unique_full_body_sha256
LF9G003T	0x1F3740	LF9L000E	0x1FCB10	broadcast_sched_copyout	broadcast_sched_copyout	broadcast_sched_copyout	52	c98078d99ffb96d0e7954625339ca19f3c175fddd3dbf6e55480940963cbf4a6	already_named	unique_full_body_sha256
LF9G003T	0x1F5A68	LF9L000E	0x1FEE38	FUN_001f5a68	FUN_001fee38	FUN_001f5a68	36	c9926f302d7e32ebc0bc299a6b193770c463b2ba90bde7f0c5a86ffb5ddee947	source_unnamed	unique_full_body_sha256
LF9G003T	0x8F8E0	LF9L000E	0x8FB64	FUN_0008f8e0	FUN_0008fb64	FUN_0008f8e0	212	c9960dcf41be380da8a06faeee789be250e0cc15de7b4d0887b90b262a082d99	source_unnamed	unique_full_body_sha256
LF9G003T	0x19CFE4	LF9L000E	0x1A6184	FUN_0019cfe4	FUN_001a6184	FUN_0019cfe4	64	c99ac51bd6df8f49f7976a3fbd579ad6ade8f434e7591ac710ddbeff9c6c3d16	source_unnamed	unique_full_body_sha256
LF9G003T	0x6D64	LF9L000E	0x6D64	FUN_00006d64	FUN_00006d64	FUN_00006d64	30	c9e850b60a77a460c6200a7eaadd5fec37d482cf2f1bb38f37e6e9e5faab29f7	source_unnamed	unique_full_body_sha256
LF9G003T	0x6F80	LF9L000E	0x6F80	FUN_00006f80	FUN_00006f80	FUN_00006f80	22	c9e9aff35f751d5b30c75c6cb4fa4672c8ce0c2a2fb9b58891fcd804b2924c11	source_unnamed	unique_full_body_sha256
LF9G003T	0x6DE0	LF9L000E	0x6DE0	FUN_00006de0	FUN_00006de0	FUN_00006de0	34	c9f83097e8b50602e4a5dd90b1163d84169d9555b4e84074bf6e4217bc7f318b	source_unnamed	unique_full_body_sha256
LF9G003T	0xBCF00	LF9L000E	0xBD2EC	FUN_000bcf00	FUN_000bd2ec	FUN_000bcf00	160	c9f9983dea0e8cd1a9aac51070c8d0c432049eea091fe82ae8f8e7835cc5df96	source_unnamed	unique_full_body_sha256
LF9G003T	0xBF424	LF9L000E	0xBF810	FUN_000bf424	FUN_000bf810	FUN_000bf424	542	ca096a2a3127d03e55906b999fecf54792ba399a229225dccf9a8f5e4dd2b4b1	source_unnamed	unique_full_body_sha256
LF9G003T	0x92F90	LF9L000E	0x93214	FUN_00092f90	FUN_00093214	FUN_00092f90	34	ca7e3aa7977a2eabbc97bd29b1575f3a05b91e375167dd6b895e4e852e6a30aa	source_unnamed	unique_full_body_sha256
LF9G003T	0x1EDDB8	LF9L000E	0x1F7188	FUN_001eddb8	FUN_001f7188	FUN_001eddb8	26	cad618d3143c5ea8fce8e1a1f27198df95c5904509e091718ba28d34b56c8aa8	source_unnamed	unique_full_body_sha256
LF9G003T	0x20B5B8	LF9L000E	0x2149F4	FUN_0020b5b8	FUN_002149f4	FUN_0020b5b8	32	cae83072e01d0fe30a5260423ac06c03d00d53d23c864f1c102a12771d62b64e	source_unnamed	unique_full_body_sha256
LF9G003T	0xCB420	LF9L000E	0xCB81C	FUN_000cb420	FUN_000cb81c	FUN_000cb420	292	cb12b2ee89c34e16ffc3a1bc792540165ed36296e15316e090b09b316fedbdc8	source_unnamed	unique_full_body_sha256
LF9G003T	0x206788	LF9L000E	0x20FBC4	FUN_00206788	FUN_0020fbc4	FUN_00206788	10	cb1f08dbeec12966af5a84494df834b625aaa1a8d4cb84cad3012a1bbcd630a0	source_unnamed	unique_full_body_sha256
LF9G003T	0x1F1BB0	LF9L000E	0x1FAF80	FUN_001f1bb0	FUN_001faf80	FUN_001f1bb0	48	cb3612d47cbdbca4d40cdfc6ce98d8ff694ee007d3397c302a4a5ffb7539a024	source_unnamed	unique_full_body_sha256
LF9G003T	0xC0F46	LF9L000E	0xC1332	FUN_000c0f46	FUN_000c1332	FUN_000c0f46	102	cb393d84632358e1a0b4c7ebe2e3d3fcf070418d0a435a2410f293316eb0454c	source_unnamed	unique_full_body_sha256
LF9G003T	0xBC110	LF9L000E	0xBC4FC	FUN_000bc110	FUN_000bc4fc	FUN_000bc110	114	cb412d72e120dd4d3403b627acc8c7985f21241f236be9aec5c48ba4f6524f1a	source_unnamed	unique_full_body_sha256
LF9G003T	0xDC838	LF9L000E	0xDD374	FUN_000dc838	FUN_000dd374	FUN_000dc838	94	cb745583697e95220dc1bf629605895221c6aaf0478c331d5cc4e0b1c86806b0	source_unnamed	unique_full_body_sha256
LF9G003T	0x1CA60C	LF9L000E	0x1D39B4	interp_2d_ax_u16_u16_data_u	interp_2d_ax_u16_u16_data_u	interp_2d_ax_u16_u16_data_u	270	cb896d94f66b42a9c73357a3f9b3886b32a99c817868ecb858531046ccda842a	already_named	unique_full_body_sha256
LF9G003T	0x1170CC	LF9L000E	0x117C38	FUN_001170cc	FUN_00117c38	FUN_001170cc	92	cbb041fccaa345c99405bea3a9e0f35ccb0d966def8b61a3d8a14ee61ed86e93	source_unnamed	unique_full_body_sha256
LF9G003T	0x20BACC	LF9L000E	0x214F08	FUN_0020bacc	FUN_00214f08	FUN_0020bacc	64	cbba73dab92c1ccf42c6140a6d6d9ad2c3f15752841267ad614ea812d201645d	source_unnamed	unique_full_body_sha256
LF9G003T	0x1230CC	LF9L000E	0x123C78	FUN_001230cc	FUN_00123c78	FUN_001230cc	56	cbe4d07b80b9500bda0079efe0325fe6b2cf1889879c0c9f5371efcfcceab1c9	source_unnamed	unique_full_body_sha256
LF9G003T	0x1F1998	LF9L000E	0x1FAD68	FUN_001f1998	FUN_001fad68	FUN_001f1998	44	cbe4f04d2a19c2a0284922dd72296d3b5447c44d347461b6ffa5a18742650357	source_unnamed	unique_full_body_sha256
LF9G003T	0xE36AC	LF9L000E	0xE4210	FUN_000e36ac	FUN_000e4210	FUN_000e36ac	14	cc19f0c3411e24ab25cfa2691f9ed49b8f439e95c5086801f4440f1339ddf886	source_unnamed	unique_full_body_sha256
LF9G003T	0x2085B2	LF9L000E	0x2119EE	FUN_002085b2	FUN_002119ee	FUN_002085b2	68	cc1ecce28292a03b82e9d74251751edb3f0b190151f4f808ee2c609685afa955	source_unnamed	unique_full_body_sha256
LF9G003T	0x1ADD68	LF9L000E	0x1B6F04	FUN_001add68	FUN_001b6f04	FUN_001add68	34	cc219d1281c4f1f3780039b1c49a09af9a421c3c9f030e193c52784bf1694afb	source_unnamed	unique_full_body_sha256
LF9G003T	0x1F4A0A	LF9L000E	0x1FDDDA	FUN_001f4a0a	FUN_001fddda	FUN_001f4a0a	8	cc2cb14eb147cf20229be094c5391e0c80e647c760162072434be8e240fb0dd8	source_unnamed	unique_full_body_sha256
LF9G003T	0x10F6F0	LF9L000E	0x11025C	FUN_0010f6f0	FUN_0011025c	FUN_0010f6f0	114	cc38ec8e6ebae6e2b39a34b8288502aa08c4bcbe68cb4d1c79abb314096c0d25	source_unnamed	unique_full_body_sha256
LF9G003T	0x1F9EAC	LF9L000E	0x20327C	FUN_001f9eac	FUN_0020327c	FUN_001f9eac	108	cc3926ec1c07df7a7ebb8e7b5e2bcb484d04ce5d37d63bd67c2468f4326953bc	source_unnamed	unique_full_body_sha256
LF9G003T	0x11C4C0	LF9L000E	0x11D058	FUN_0011c4c0	FUN_0011d058	FUN_0011c4c0	228	cc4c26774eae88312005796c4a083cc15c95016523e2a9e44873306323c50fb1	source_unnamed	unique_full_body_sha256
LF9G003T	0x27D6C0	LF9L000E	0x27D854	FUN_0027d6c0	FUN_0027d854	FUN_0027d6c0	58	cc681df60d13f44aac1f1ec91f5e7dea36a9e14907665759ca916d1a1e53d588	source_unnamed	unique_full_body_sha256
LF9G003T	0x7B5C4	LF9L000E	0x7B73C	FUN_0007b5c4	FUN_0007b73c	FUN_0007b5c4	40	cc6d7eaef727acde382d4e643fea5401a2625c349a39f16f113ec6db67983d3f	source_unnamed	unique_full_body_sha256
LF9G003T	0xF47C4	LF9L000E	0xF5330	FUN_000f47c4	FUN_000f5330	FUN_000f47c4	68	cc7de4a1d7436d8614f7c3dfd6682d3306a94a0d6790cd7943318888411a8e3e	source_unnamed	unique_full_body_sha256
LF9G003T	0x1F68B0	LF9L000E	0x1FFC80	FUN_001f68b0	FUN_001ffc80	FUN_001f68b0	68	cc7df0630c706e0ad53b750d901d2987aa0b3931bebbfc5a0567bf380cc88a3e	source_unnamed	unique_full_body_sha256
LF9G003T	0x20766C	LF9L000E	0x210AA8	FUN_0020766c	FUN_00210aa8	FUN_0020766c	20	cc8b6f15c3fd4c18aa8d408d7545d094a22aef5a1f8ed50586502c7c86567efb	source_unnamed	unique_full_body_sha256
LF9G003T	0x1E2220	LF9L000E	0x1EB5E8	FUN_001e2220	FUN_001eb5e8	FUN_001e2220	10	cc9df99677926cdeb96973f4aa493c7fb1f5795ac89a8a0ef47a65bf764f08a8	source_unnamed	unique_full_body_sha256
LF9G003T	0x10CDA0	LF9L000E	0x10D90C	FUN_0010cda0	FUN_0010d90c	FUN_0010cda0	98	cca6609a8a3e90ee21f3b2a3d1e0e97967845150eda58b51b8a338d5ee714dac	source_unnamed	unique_full_body_sha256
LF9G003T	0x1F0D68	LF9L000E	0x1FA138	FUN_001f0d68	FUN_001fa138	FUN_001f0d68	36	ccbe7392406184a53c28557210475e901548d599a996b30001fa5f1d44c300e4	source_unnamed	unique_full_body_sha256
LF9G003T	0x96F0A	LF9L000E	0x9718E	FUN_00096f0a	FUN_0009718e	FUN_00096f0a	92	ccea6c63ae6a1e5d2da2b10474d3d3256f04a56848014e6822ce4de61dbf9ad0	source_unnamed	unique_full_body_sha256
LF9G003T	0x79A10	LF9L000E	0x79B88	FUN_00079a10	FUN_00079b88	FUN_00079a10	48	cd23efc50ff567b8c78827f6d6d69aba63a915e59aede4aa28262155a61f0c0c	source_unnamed	unique_full_body_sha256
LF9G003T	0x1F0B22	LF9L000E	0x1F9EF2	FUN_001f0b22	FUN_001f9ef2	FUN_001f0b22	44	cd316bfa590951a633638c34d21c73beb96733553781713057c904508bfda9ae	source_unnamed	unique_full_body_sha256
LF9G003T	0x13729C	LF9L000E	0x137E58	FUN_0013729c	FUN_00137e58	FUN_0013729c	76	cd39d3613619f56bf16df33c9de1a8b48e11074ff5daeaaa8e1dc8111e8d8603	source_unnamed	unique_full_body_sha256
LF9G003T	0x1C3528	LF9L000E	0x1CC868	FUN_001c3528	FUN_001cc868	FUN_001c3528	92	cd3d9bc49374bb1734597ba6a3e98a2ba213250d81af9a4315201c574d536e85	source_unnamed	unique_full_body_sha256
LF9G003T	0xBC8DC	LF9L000E	0xBCCC8	FUN_000bc8dc	FUN_000bccc8	FUN_000bc8dc	92	cd447d927ba36e139051bda21f3a78c536a14b2b1b5f3305cda3f109b62185f5	source_unnamed	unique_full_body_sha256
LF9G003T	0x972C0	LF9L000E	0x97544	FUN_000972c0	FUN_00097544	FUN_000972c0	54	cd4f235a511ae347ccf6cd1dfccd5b5aff56efa22e08812c6b8258261f223a88	source_unnamed	unique_full_body_sha256
LF9G003T	0x1F5A48	LF9L000E	0x1FEE18	FUN_001f5a48	FUN_001fee18	FUN_001f5a48	22	cd558ce26b1620df2be6a19c463050edf8a687185e784470ed913e9e98a6885e	source_unnamed	unique_full_body_sha256
LF9G003T	0x1EDDB2	LF9L000E	0x1F7182	FUN_001eddb2	FUN_001f7182	FUN_001eddb2	6	cd628e70edd29b778a0139925ad7077a5222df966149c9e6bff14d5ef3f7bd66	source_unnamed	unique_full_body_sha256
LF9G003T	0xC0980	LF9L000E	0xC0D6C	FUN_000c0980	FUN_000c0d6c	FUN_000c0980	122	cd8f85d97729a6553ce1bd868bf301448a0932c2eed7b08d589497579601b194	source_unnamed	unique_full_body_sha256
LF9G003T	0x13EC68	LF9L000E	0x13F820	FUN_0013ec68	FUN_0013f820	FUN_0013ec68	110	cda8c4e13b9cb9bb767dbea9b2ca3bf231e9cc25e3cc4ce5490ca83deb66332c	source_unnamed	unique_full_body_sha256
LF9G003T	0xAF9DC	LF9L000E	0xAFC60	FUN_000af9dc	FUN_000afc60	FUN_000af9dc	44	cde059ced5bb400d820b17999215191987b7d16b8edc05f581887bd6e848f428	source_unnamed	unique_full_body_sha256
LF9G003T	0x1F7AB0	LF9L000E	0x200E80	FUN_001f7ab0	FUN_00200e80	FUN_001f7ab0	10	cdf15f46a254a21fc64bd0ea888c3c3e06e0bbcf72ef94fc2e3efa2334719b3d	source_unnamed	unique_full_body_sha256
LF9G003T	0x206B94	LF9L000E	0x20FFD0	FUN_00206b94	FUN_0020ffd0	FUN_00206b94	118	ce05d0e850db6511670f0d94f7874ab54ce74689efa47fefa6256af77b890d69	source_unnamed	unique_full_body_sha256
LF9G003T	0xB7DFE	LF9L000E	0xB816A	FUN_000b7dfe	FUN_000b816a	FUN_000b7dfe	78	ce252ecd49af6bc192c8c617dde56b8b92e2ffc44aadc9071e3fe94340550dde	source_unnamed	unique_full_body_sha256
LF9G003T	0x1138D0	LF9L000E	0x11443C	FUN_001138d0	FUN_0011443c	FUN_001138d0	60	ce7ae854c85d92762b61e6fb4cf6c92b6620830c60600d115f2642d70b21e079	source_unnamed	unique_full_body_sha256
LF9G003T	0x2083D8	LF9L000E	0x211814	FUN_002083d8	FUN_00211814	FUN_002083d8	258	ce7f601b26ce67c05e1b051c416ec884f8f08459ee2c292ef702033aa9678940	source_unnamed	unique_full_body_sha256
LF9G003T	0x1A0710	LF9L000E	0x1A98AC	FUN_001a0710	FUN_001a98ac	FUN_001a0710	44	ce959273ece51b9ad89295cf1138f13de1f060cbb63e07a313d8a98c00c774f7	source_unnamed	unique_full_body_sha256
LF9G003T	0x10F8B0	LF9L000E	0x11041C	FUN_0010f8b0	FUN_0011041c	FUN_0010f8b0	128	ce9e7188e484cfedb75611540b591a76ab0ac711a8971aee8a4745146c37cdce	source_unnamed	unique_full_body_sha256
LF9G003T	0xBE7F6	LF9L000E	0xBEBE2	FUN_000be7f6	FUN_000bebe2	FUN_000be7f6	68	ceab24383b44926a2040cf3c9cdf1926228aef984632cbc8f957bb59c05fdede	source_unnamed	unique_full_body_sha256
LF9G003T	0x27ECE4	LF9L000E	0x27EE78	FUN_0027ece4	FUN_0027ee78	FUN_0027ece4	62	ceb9c6273a41bbd660c8b2cb94f7ae8ad9489be72bc6f79bc9ca06936d414dc3	source_unnamed	unique_full_body_sha256
LF9G003T	0x204736	LF9L000E	0x20DB72	FUN_00204736	FUN_0020db72	FUN_00204736	68	cf0dbf6263cf519369f1c253d0aa5f4a782222ee05b6597da4ca713fef316e0e	source_unnamed	unique_full_body_sha256
LF9G003T	0x130174	LF9L000E	0x130D20	FUN_00130174	FUN_00130d20	FUN_00130174	38	cf17365d287836d3aad76d8fb00217f5fdff15b9eb43357031456c9c3a889d8f	source_unnamed	unique_full_body_sha256
LF9G003T	0x136E04	LF9L000E	0x1379C0	FUN_00136e04	FUN_001379c0	FUN_00136e04	78	cf19f93e037f7c2c64155075f94eaebf0706cb9d2722f05d1f0f5fe12e7b49a8	source_unnamed	unique_full_body_sha256
LF9G003T	0x97574	LF9L000E	0x977F8	FUN_00097574	FUN_000977f8	FUN_00097574	66	cf1a07864921afdab4ca15b0c599e6d6ba6083827f6ef455b40ba5eaf3ac08a0	source_unnamed	unique_full_body_sha256
LF9G003T	0xBF82A	LF9L000E	0xBFC16	FUN_000bf82a	FUN_000bfc16	FUN_000bf82a	180	cf3d12f51035ea868fd34ba941895f691bedb6e099d13c95fac2af2bfecf9e30	source_unnamed	unique_full_body_sha256
LF9G003T	0xB7ADA	LF9L000E	0xB7E46	FUN_000b7ada	FUN_000b7e46	FUN_000b7ada	388	cf58c08d67673728e2f379e6cd1f72428ea7b4bf017fe24a71d457a82cdb943f	source_unnamed	unique_full_body_sha256
LF9G003T	0x27092C	LF9L000E	0x27092C	FUN_0027092c	FUN_0027092c	FUN_0027092c	6	cf63c8910e96be792fb39f4160eb97b21177d5c082576acbea96a49eea8ff044	source_unnamed	unique_full_body_sha256
LF9G003T	0xA28C2	LF9L000E	0xA2B46	FUN_000a28c2	FUN_000a2b46	FUN_000a28c2	50	cf6da0cca8241a238f5bdbfa4857e5eff3da8069d017a7c9a1074eb886b8f408	source_unnamed	unique_full_body_sha256
LF9G003T	0x1289EC	LF9L000E	0x129598	FUN_001289ec	FUN_00129598	FUN_001289ec	194	cfa9bf8cbeba72013db3b7c5b47380b58c3e0009ef52f4a13f895d085cb4daec	source_unnamed	unique_full_body_sha256
LF9G003T	0xB9EF0	LF9L000E	0xBA2DC	FUN_000b9ef0	FUN_000ba2dc	FUN_000b9ef0	42	cfbc6a870b475559277094f046d1794a1d539c82d01c04a262c8677a5bd85e36	source_unnamed	unique_full_body_sha256
LF9G003T	0x152710	LF9L000E	0x1532C8	FUN_00152710	FUN_001532c8	FUN_00152710	102	cfc15ea845b15616867d7db7063a5399104c61e02872c9ca3344574282b4a10c	source_unnamed	unique_full_body_sha256
LF9G003T	0x1B1E98	LF9L000E	0x1BB114	FUN_001b1e98	FUN_001bb114	FUN_001b1e98	290	cfc403115d64d1dcc5cf77a988f3855665c78df6a343bbda256c24d886d69b10	source_unnamed	unique_full_body_sha256
LF9G003T	0x92BB0	LF9L000E	0x92E34	FUN_00092bb0	FUN_00092e34	FUN_00092bb0	54	cfdb614f4a4a22b3712aae8e015e83f6343edbe3743f30de5e89ad887b49c191	source_unnamed	unique_full_body_sha256
LF9G003T	0x97462	LF9L000E	0x976E6	FUN_00097462	FUN_000976e6	FUN_00097462	54	cfe0e75182b8be4a21c4d1db0942120ec8d04fc650145a9b834c784be6f44ee1	source_unnamed	unique_full_body_sha256
LF9G003T	0xB6AC0	LF9L000E	0xB6E2C	FUN_000b6ac0	FUN_000b6e2c	FUN_000b6ac0	8	cfe75d05c4ec022beaed01509c06cecfeea273be63059ec338afd4df070a39d2	source_unnamed	unique_full_body_sha256
LF9G003T	0x15419C	LF9L000E	0x154D54	FUN_0015419c	FUN_00154d54	FUN_0015419c	46	cff3cdef6a1ac1023570565e31b6e6421524554eb72d8b35ab67dd16e8984062	source_unnamed	unique_full_body_sha256
LF9G003T	0xDF82C	LF9L000E	0xE0368	FUN_000df82c	FUN_000e0368	FUN_000df82c	302	d007e255c50fd18a273b8f96304beb940b3c2fac395349da4f3f8611cdb13645	source_unnamed	unique_full_body_sha256
LF9G003T	0xB809C	LF9L000E	0xB8408	FUN_000b809c	FUN_000b8408	FUN_000b809c	148	d00efaca74fbb06087ef29da8b209982da450986897a19dd44dca8f878dcc7d2	source_unnamed	unique_full_body_sha256
LF9G003T	0x10C404	LF9L000E	0x10CF70	FUN_0010c404	FUN_0010cf70	FUN_0010c404	84	d01237245b811aae31f76d3999f9d2d1e6498f20819b0cdbe4f425858cf571b9	source_unnamed	unique_full_body_sha256
LF9G003T	0x7B818	LF9L000E	0x7B990	FUN_0007b818	FUN_0007b990	FUN_0007b818	18	d01b924a1e5215de3aea119f762289df9ae61cf6e3dc580ebefa476cdb7c2c1d	source_unnamed	unique_full_body_sha256
LF9G003T	0x1552F4	LF9L000E	0x155EAC	FUN_001552f4	FUN_00155eac	FUN_001552f4	30	d02ce2821c0fb9a9113a7db9cdbc731f1d8f8e7b24e5722a9269b3ea56cd1050	source_unnamed	unique_full_body_sha256
LF9G003T	0x114E0C	LF9L000E	0x115978	FUN_00114e0c	FUN_00115978	FUN_00114e0c	440	d02fd4650a1199f67b77d86d7135d5d3f057975fc2525341be901d1c12513d09	source_unnamed	unique_full_body_sha256
LF9G003T	0x8DF56	LF9L000E	0x8E1DA	FUN_0008df56	FUN_0008e1da	FUN_0008df56	18	d037a39f6177746dcc2a4657f03b4018f8acd252b33de66249d4fb8e37b8b18b	source_unnamed	unique_full_body_sha256
LF9G003T	0x14AFC4	LF9L000E	0x14BB7C	FUN_0014afc4	FUN_0014bb7c	FUN_0014afc4	164	d041a534367dc6ab916039780873039a7aa7d2938700569664faad8fca8c07af	source_unnamed	unique_full_body_sha256
LF9G003T	0x1CD5F8	LF9L000E	0x1D69A0	FUN_001cd5f8	FUN_001d69a0	FUN_001cd5f8	338	d06296a00574578c4b63f9ab3e2d2c28e7facc37dd8c81c18d86b4b98f37e771	source_unnamed	unique_full_body_sha256
LF9G003T	0x1E21E4	LF9L000E	0x1EB5AC	FUN_001e21e4	FUN_001eb5ac	FUN_001e21e4	10	d067f0126f6bc257984eee7ffda11bd364a717635ce1db8933b4e157f9d504db	source_unnamed	unique_full_body_sha256
LF9G003T	0x131BF8	LF9L000E	0x1327A4	FUN_00131bf8	FUN_001327a4	FUN_00131bf8	234	d06c015ca737b20c12244e844daf7b2668b94ac6e0b4fdf0330799eeb4ea6145	source_unnamed	unique_full_body_sha256
LF9G003T	0x916D0	LF9L000E	0x91954	FUN_000916d0	FUN_00091954	FUN_000916d0	10	d090ba6d88cb052e4250fcefa9f15b792a234fd475b803100182c776434afd0c	source_unnamed	unique_full_body_sha256
LF9G003T	0x6D38	LF9L000E	0x6D38	FUN_00006d38	FUN_00006d38	FUN_00006d38	18	d0acb5f7f9d5716c93da4eee6e7faccef6a68d0288723c3c7235c50bf5678a51	source_unnamed	unique_full_body_sha256
LF9G003T	0x1C9D30	LF9L000E	0x1D30D8	FUN_001c9d30	FUN_001d30d8	FUN_001c9d30	272	d0b1ea1120b602063dcb0fd8b2054525a14013f0b4c25f63d5e3f6b5134f4aad	source_unnamed	unique_full_body_sha256
LF9G003T	0x1EDCC6	LF9L000E	0x1F7096	cal_table_get_word2	cal_table_get_word2	cal_table_get_word2	10	d1049919b3f7c3f4d83d6195bef9e164b2c031a14789dbe7a2d52291e363015c	already_named	unique_full_body_sha256
LF9G003T	0x7CC68	LF9L000E	0x7CDE0	sensor_proc_task_180	sensor_proc_task_180	sensor_proc_task_180	180	d17914c7c2888dbddeaf63f4f69158eadf6ba0db7a63df5ece88a55b32e5d4fb	already_named	unique_full_body_sha256
LF9G003T	0xE9664	LF9L000E	0xEA1C8	FUN_000e9664	FUN_000ea1c8	FUN_000e9664	108	d17db8bce6b362f17640872656d445309596d3f33466b476680b7a6336999b0e	source_unnamed	unique_full_body_sha256
LF9G003T	0x141D04	LF9L000E	0x1428BC	FUN_00141d04	FUN_001428bc	FUN_00141d04	46	d1a7a1e61ef64251f2ddc3d23c2c9543719c9e11b7e7b0e7e43fd6f14349e819	source_unnamed	unique_full_body_sha256
LF9G003T	0x20BB0C	LF9L000E	0x214F48	FUN_0020bb0c	FUN_00214f48	FUN_0020bb0c	78	d1cb468be48901ad4f97590a6da1cd46837b059f3a20acb6864919b7acc45b1f	source_unnamed	unique_full_body_sha256
LF9G003T	0x11C2FC	LF9L000E	0x11CE94	FUN_0011c2fc	FUN_0011ce94	FUN_0011c2fc	58	d1df643a8c22315520448ac589996e4ed45e8ac7f827cbb33ff8f50ac0626f9e	source_unnamed	unique_full_body_sha256
LF9G003T	0xDCBDC	LF9L000E	0xDD718	FUN_000dcbdc	FUN_000dd718	FUN_000dcbdc	34	d1e93bdf13d44598e860129cf679a5ef0e3cbe06b7e0b3978400e13132a3a9df	source_unnamed	unique_full_body_sha256
LF9G003T	0x19E8E4	LF9L000E	0x1A7A84	FUN_0019e8e4	FUN_001a7a84	FUN_0019e8e4	194	d1f4dedbb5a8753296aacbc126eaf1bbb217f37c3c3f6b1ddc7787997fcdb579	source_unnamed	unique_full_body_sha256
LF9G003T	0xD6B20	LF9L000E	0xD765C	FUN_000d6b20	FUN_000d765c	FUN_000d6b20	46	d20728c0e9eff95c83ebecd0f9fdec085e3ebad026c0f4dd61c23c23d177baa6	source_unnamed	unique_full_body_sha256
LF9G003T	0x77A0	LF9L000E	0x77A0	FUN_000077a0	FUN_000077a0	FUN_000077a0	14	d22395c50be2f0d16d83dfe5a6ed8363a646ad6ad7532f22336ee6fc6b91a236	source_unnamed	unique_full_body_sha256
LF9G003T	0x6F1C	LF9L000E	0x6F1C	FUN_00006f1c	FUN_00006f1c	FUN_00006f1c	66	d2539e96145280b27d46f832e250a598a12b0e34a37ad7d0456cce47afbcc014	source_unnamed	unique_full_body_sha256
LF9G003T	0x9791C	LF9L000E	0x97BA0	FUN_0009791c	FUN_00097ba0	FUN_0009791c	98	d263864d2c2b7cf1b1894aa29cd31e8c554961822fdb56fc3cb561cf46166887	source_unnamed	unique_full_body_sha256
LF9G003T	0x1C90A8	LF9L000E	0x1D2450	interp_1d_axis_u8_data_s16	interp_1d_axis_u8_data_s16	interp_1d_axis_u8_data_s16	138	d26f0f2e9235f18160cb8fd61a0dc47828019d825572a3406cf3c232be67d760	already_named	unique_full_body_sha256
LF9G003T	0x1EF5C6	LF9L000E	0x1F8996	FUN_001ef5c6	FUN_001f8996	FUN_001ef5c6	272	d27ad728cae9948fea711bdb79861e333840254ca0ddd7795a744b702cc0cacf	source_unnamed	unique_full_body_sha256
LF9G003T	0x20BA4C	LF9L000E	0x214E88	FUN_0020ba4c	FUN_00214e88	FUN_0020ba4c	112	d27b27490756e7dc2ecbddaa6f87f38bcf4014ed0f7781e826d51fd1272d27d3	source_unnamed	unique_full_body_sha256
LF9G003T	0x15C878	LF9L000E	0x15D430	FUN_0015c878	FUN_0015d430	FUN_0015c878	46	d28a4467bb953a9cda3403d18603fde43ca6aab9ef79b510b7de2ae04f42a92b	source_unnamed	unique_full_body_sha256
LF9G003T	0x2032E2	LF9L000E	0x20C71E	FUN_002032e2	FUN_0020c71e	FUN_002032e2	84	d29b1d7aeceb2a28146e853d14b1202da681cf37e80272883c8520c4c6bc06db	source_unnamed	unique_full_body_sha256
LF9G003T	0x1F483A	LF9L000E	0x1FDC0A	FUN_001f483a	FUN_001fdc0a	FUN_001f483a	10	d2ebc4b98820a619e7aff5254e4bd4e1e64963756adb8d021921c0af77d670da	source_unnamed	unique_full_body_sha256
LF9G003T	0x1C1A1C	LF9L000E	0x1CAD5C	FUN_001c1a1c	FUN_001cad5c	FUN_001c1a1c	240	d2ef559ec98a561edcbc04d01c2332e06b9e4eef79f5402813892991aece594d	source_unnamed	unique_full_body_sha256
LF9G003T	0x141838	LF9L000E	0x1423F0	FUN_00141838	FUN_001423f0	FUN_00141838	68	d2fc70062d72e1e315659e972d72caeeb50c87efd13d1f14391e53e9e2ad8548	source_unnamed	unique_full_body_sha256
LF9G003T	0x1F2CC4	LF9L000E	0x1FC094	build_frame_multipart	build_frame_multipart	build_frame_multipart	378	d3105e5ae3129fc78e4715119d52b9535dc1bcaf4877d9b7d33ee6a7ed067982	already_named	unique_full_body_sha256
LF9G003T	0x8A782	LF9L000E	0x8AA06	FUN_0008a782	FUN_0008aa06	FUN_0008a782	128	d3124bd345c2a2ecb12e8c73863feba5400d7e92283bfbd71bebd8514950a501	source_unnamed	unique_full_body_sha256
LF9G003T	0xC04C4	LF9L000E	0xC08B0	FUN_000c04c4	FUN_000c08b0	FUN_000c04c4	194	d312b66265d7508030ddda4d27e65ea2f573fd9d6699ed0a66a728d6c6006ac5	source_unnamed	unique_full_body_sha256
LF9G003T	0xBA4B0	LF9L000E	0xBA89C	FUN_000ba4b0	FUN_000ba89c	FUN_000ba4b0	52	d328322e12404a3592e2bfc22c8b4df67b4b5a484d1b3d3784e462d7796aae2e	source_unnamed	unique_full_body_sha256
LF9G003T	0x1626CC	LF9L000E	0x1640D4	FUN_001626cc	FUN_001640d4	FUN_001626cc	48	d330f6f3902ea9650f8c64480359ece867127c0eeb50960bf7a4c378b34531ed	source_unnamed	unique_full_body_sha256
LF9G003T	0x1FAE3E	LF9L000E	0x20420E	FUN_001fae3e	FUN_0020420e	FUN_001fae3e	84	d35812ee52d1283bb6fc56a714c8620ac83e5588ed3fdf927658c5de760401f6	source_unnamed	unique_full_body_sha256
LF9G003T	0xD7DFC	LF9L000E	0xD8938	FUN_000d7dfc	FUN_000d8938	FUN_000d7dfc	48	d3ad4b6fa4ddb9b0ba2f9e896506c77db324bd06f5b3a1e3dc9b925cbcee4c24	source_unnamed	unique_full_body_sha256
LF9G003T	0x1D450C	LF9L000E	0x1DD8B4	FUN_001d450c	FUN_001dd8b4	FUN_001d450c	10	d3ad5a45aa425a5f4ce1f102ecaa23b29360d5d835a5c2f19e0dfa04375750f6	source_unnamed	unique_full_body_sha256
LF9G003T	0x916FC	LF9L000E	0x91980	sensor_read_scale_wordidx	sensor_read_scale_wordidx	sensor_read_scale_wordidx	34	d3d3e791ed0c89056d815fd6f361eb9a9f00214f991dd93e79ad3bb8d0b1a15e	already_named	unique_full_body_sha256
LF9G003T	0x79A70	LF9L000E	0x79BE8	FUN_00079a70	FUN_00079be8	FUN_00079a70	48	d3dea574ba1e1fa95c850bfac7cab61e460413a6f8103c47f538270bcbff4d03	source_unnamed	unique_full_body_sha256
LF9G003T	0xC5078	LF9L000E	0xC5474	FUN_000c5078	FUN_000c5474	FUN_000c5078	14	d3fb6815ff60210a51b6c8d6a5f6f49a42ee76070cf465ea79153dbf9301cb6e	source_unnamed	unique_full_body_sha256
LF9G003T	0x27EB86	LF9L000E	0x27ED1A	FUN_0027eb86	FUN_0027ed1a	FUN_0027eb86	52	d4575b17415d9eba05cab18675e4d6982c2686739e6c2af3770107139efbb6e9	source_unnamed	unique_full_body_sha256
LF9G003T	0x7A62A	LF9L000E	0x7A7A2	FUN_0007a62a	FUN_0007a7a2	FUN_0007a62a	148	d474449e3f0354e27357c758c9fd6bd4e0e91cd7eee3637f4bf17874dd5adf9e	source_unnamed	unique_full_body_sha256
LF9G003T	0x846BA	LF9L000E	0x8493E	FUN_000846ba	FUN_0008493e	FUN_000846ba	32	d485872705a005bba2b0a645ab46d09b0642b97372beab429d808d54e2e56900	source_unnamed	unique_full_body_sha256
LF9G003T	0xEC4E8	LF9L000E	0xED04C	FUN_000ec4e8	FUN_000ed04c	FUN_000ec4e8	562	d4a3bcc6931c1ca80c599a6b5eca64cd7b9c69fdaf50f2f1362b3866116dc357	source_unnamed	unique_full_body_sha256
LF9G003T	0x7B82A	LF9L000E	0x7B9A2	FUN_0007b82a	FUN_0007b9a2	FUN_0007b82a	40	d4a7b759dcf5f1eefd17f0ebd47ce78770f971c3a5d2de7c7ae8b9daaba373f2	source_unnamed	unique_full_body_sha256
LF9G003T	0x14D7AC	LF9L000E	0x14E364	FUN_0014d7ac	FUN_0014e364	FUN_0014d7ac	72	d4ab9d87b70574c7552591aa4d7312faf24d841ce0e76a6437dbf09a06eb4758	source_unnamed	unique_full_body_sha256
LF9G003T	0x1ECCEA	LF9L000E	0x1F60BA	FUN_001eccea	FUN_001f60ba	FUN_001eccea	30	d4afd94aa45e813470d4c2f2112f4b91a2f1937532eb9e6c22cb297927672ae4	source_unnamed	unique_full_body_sha256
LF9G003T	0xC5850	LF9L000E	0xC5C4C	FUN_000c5850	FUN_000c5c4c	FUN_000c5850	56	d4ca822dd89150f5c623433da7cba18b15b06dde8db4ff4b7643c1fe1ea932b3	source_unnamed	unique_full_body_sha256
LF9G003T	0x7C336	LF9L000E	0x7C4AE	signal_cond_helper_a	signal_cond_helper_a	signal_cond_helper_a	130	d4fb54cf9ca6d1147bee44a66b37f4868a53f194e1dc940ab9b53572bc0b0d0c	already_named	unique_full_body_sha256
LF9G003T	0x7D292	LF9L000E	0x7D40A	FUN_0007d292	FUN_0007d40a	FUN_0007d292	104	d4fecc895ff1d9e99e85c9ae7659b55775e718cb637b6e28cfdc0c8ec7b75e7e	source_unnamed	unique_full_body_sha256
LF9G003T	0xBD26C	LF9L000E	0xBD658	FUN_000bd26c	FUN_000bd658	FUN_000bd26c	28	d5352f5df0f89a17864e30a6480c2fd86065798059f0039e37ed3753a50faae2	source_unnamed	unique_full_body_sha256
LF9G003T	0x27EA6C	LF9L000E	0x27EC00	FUN_0027ea6c	FUN_0027ec00	FUN_0027ea6c	70	d53ea3e9e12d02782c73e9d42cb4f7be31361d7704acd71a75f908c25bd55e56	source_unnamed	unique_full_body_sha256
LF9G003T	0xC59AC	LF9L000E	0xC5DA8	FUN_000c59ac	FUN_000c5da8	FUN_000c59ac	56	d54ad787c019798e0ad9d493e8de1731ce33aab13b40537ff7de2ad66ad64470	source_unnamed	unique_full_body_sha256
LF9G003T	0x85FE8	LF9L000E	0x8626C	dtc_monitor_eval_d	dtc_monitor_eval_d	dtc_monitor_eval_d	492	d55d159faa6875923c5ae7d0004a270333716636230481edf43ccb1d4e22ef7d	already_named	unique_full_body_sha256
LF9G003T	0x114FE0	LF9L000E	0x115B4C	FUN_00114fe0	FUN_00115b4c	FUN_00114fe0	414	d5709901b5ed1321ed96da886edbbfe44ea96c8119aaa85604f005a60e3beefe	source_unnamed	unique_full_body_sha256
LF9G003T	0x79890	LF9L000E	0x79A08	FUN_00079890	FUN_00079a08	FUN_00079890	48	d57c2fc9b19c34677089b3c2a0507ddfb271b6fa0bd59313a40a4b8441938728	source_unnamed	unique_full_body_sha256
LF9G003T	0xF8C70	LF9L000E	0xF97DC	FUN_000f8c70	FUN_000f97dc	FUN_000f8c70	52	d5d3f3af003737b74f71d650542029254630993d3a2a5672bdd72b56b7a1a730	source_unnamed	unique_full_body_sha256
LF9G003T	0x27E89C	LF9L000E	0x27EA30	FUN_0027e89c	FUN_0027ea30	FUN_0027e89c	76	d5ecbf356bbc5a3fc4d1285a92aa9f195ded5686b2d9ce1102da62b238d7068b	source_unnamed	unique_full_body_sha256
LF9G003T	0xBEA80	LF9L000E	0xBEE6C	FUN_000bea80	FUN_000bee6c	FUN_000bea80	68	d5ed710c6c3392a0c816e68cccf73c55a576cc27ba1c9014b6829494a0e5a7c1	source_unnamed	unique_full_body_sha256
LF9G003T	0x116468	LF9L000E	0x116FD4	FUN_00116468	FUN_00116fd4	FUN_00116468	184	d5ee260c19b683597d251fe14f7dd2188af5644e8c0bf77acb6590f76e2c0e9f	source_unnamed	unique_full_body_sha256
LF9G003T	0xB904E	LF9L000E	0xB943A	FUN_000b904e	FUN_000b943a	FUN_000b904e	40	d5fba67a84341b97682f9962a1308beaa2c1454ef4ea61fce44667c0b6dfaf31	source_unnamed	unique_full_body_sha256
LF9G003T	0xAB218	LF9L000E	0xAB49C	FUN_000ab218	FUN_000ab49c	FUN_000ab218	14	d61682ba9f9ed53741bd6ec8d3a98bb9c35f34c08942f1b78003dcefb8f0f2a1	source_unnamed	unique_full_body_sha256
LF9G003T	0xC6A5A	LF9L000E	0xC6E56	FUN_000c6a5a	FUN_000c6e56	FUN_000c6a5a	360	d617cbeb470efeca41353bf7a3d55fab757c28c3692f62af1d0945daf97764c8	source_unnamed	unique_full_body_sha256
LF9G003T	0xEA130	LF9L000E	0xEAC94	FUN_000ea130	FUN_000eac94	FUN_000ea130	336	d626e8d498411f4a5aa9e016d5b139fe71a80883a37aede12c7335259450d22e	source_unnamed	unique_full_body_sha256
LF9G003T	0x1F20F2	LF9L000E	0x1FB4C2	FUN_001f20f2	FUN_001fb4c2	FUN_001f20f2	10	d62d40d4793a88f7896f916f1f38b6663008dc5ad337aa33c93e84ec603050cc	source_unnamed	unique_full_body_sha256
LF9G003T	0x97AC6	LF9L000E	0x97D4A	FUN_00097ac6	FUN_00097d4a	FUN_00097ac6	16	d63f865e2bb7c086c76818bc40d7d8d1bca3c3427eaab70a997c26e446dcb116	source_unnamed	unique_full_body_sha256
LF9G003T	0x141D34	LF9L000E	0x1428EC	FUN_00141d34	FUN_001428ec	FUN_00141d34	40	d6411fac62ff5180c86669e419c92255ad74c18eebe283779ce679a92ca3ee9a	source_unnamed	unique_full_body_sha256
LF9G003T	0x1C4E8C	LF9L000E	0x1CE234	FUN_001c4e8c	FUN_001ce234	FUN_001c4e8c	88	d641a82df6ec8d72718909d991bf57fbb104e0baf8f677938fe5396a4aec853e	source_unnamed	unique_full_body_sha256
LF9G003T	0x102D90	LF9L000E	0x1038FC	FUN_00102d90	FUN_001038fc	FUN_00102d90	56	d65f37f29d1052d08979f29c43bf360e69cdfa7f07389792e04764cbbec2311d	source_unnamed	unique_full_body_sha256
LF9G003T	0x7B3B4	LF9L000E	0x7B52C	FUN_0007b3b4	FUN_0007b52c	FUN_0007b3b4	40	d66ead53aff6c1a1c1e72b2f6e8970a35c0dcaaa8cb96e0f8e4d991796d1f236	source_unnamed	unique_full_body_sha256
LF9G003T	0x1F4CD8	LF9L000E	0x1FE0A8	FUN_001f4cd8	FUN_001fe0a8	FUN_001f4cd8	164	d67b2a2e55a41bc36c62c07e934ced00e479e9b3bb7be9d0bb1363dc5a69ef14	source_unnamed	unique_full_body_sha256
LF9G003T	0x161DC0	LF9L000E	0x1637C8	FUN_00161dc0	FUN_001637c8	FUN_00161dc0	60	d68bebef7a11b1bd69970d7f8d8f1bff84213ef4b32ec5adaaed64560b52f27b	source_unnamed	unique_full_body_sha256
LF9G003T	0x91292	LF9L000E	0x91516	FUN_00091292	FUN_00091516	FUN_00091292	156	d695fca47af1ab97383016dc7682028548172a4a8126c0af017ad0f4dfdc432c	source_unnamed	unique_full_body_sha256
LF9G003T	0xCBE04	LF9L000E	0xCC200	FUN_000cbe04	FUN_000cc200	FUN_000cbe04	308	d69ad8b2ab6c39290ea11c4a55be0b69055bba6018adef7e48f6d4e7a98936ce	source_unnamed	unique_full_body_sha256
LF9G003T	0x6628	LF9L000E	0x6628	FUN_00006628	FUN_00006628	FUN_00006628	70	d7129837e12fea989bf8cb1340c5a35097e8dd47ae066ee0745651c3fdff60b1	source_unnamed	unique_full_body_sha256
LF9G003T	0x1292A0	LF9L000E	0x129E4C	FUN_001292a0	FUN_00129e4c	FUN_001292a0	18	d71a2a3c9b2a774d9fa8b7f93e2b8ab8be04c7f20c94845db0264c7a9b468d91	source_unnamed	unique_full_body_sha256
LF9G003T	0x95264	LF9L000E	0x954E8	FUN_00095264	FUN_000954e8	FUN_00095264	196	d71ea18aa4d08d20823ac60f305c7a452b159c7f0e8dd8090714c6738c0bc569	source_unnamed	unique_full_body_sha256
LF9G003T	0x2079AA	LF9L000E	0x210DE6	FUN_002079aa	FUN_00210de6	FUN_002079aa	10	d71f2ca4d3b850206bd5754e9b614ba721b64124a2fe1414770328b370bf6493	source_unnamed	unique_full_body_sha256
LF9G003T	0xB743E	LF9L000E	0xB77AA	FUN_000b743e	FUN_000b77aa	FUN_000b743e	68	d73a8c942455f11b9792f4b9fb2f66a951532b7f69690e11c9e230e0bcb47723	source_unnamed	unique_full_body_sha256
LF9G003T	0x172E7C	LF9L000E	0x1764CC	FUN_00172e7c	FUN_001764cc	FUN_00172e7c	26	d75581e2fff774e1386c9e5c3d89aa4a1c18b71188b4eaa4a1ae3ac1d1dcd60e	source_unnamed	unique_full_body_sha256
LF9G003T	0x1DF59C	LF9L000E	0x1E8964	FUN_001df59c	FUN_001e8964	FUN_001df59c	78	d789e32fdf776f70ff869f8f93e7dbe729bc7c9d8f1495644814e0698c75aca5	source_unnamed	unique_full_body_sha256
LF9G003T	0xC46F6	LF9L000E	0xC4AF2	FUN_000c46f6	FUN_000c4af2	FUN_000c46f6	30	d78c6df2130cc1964120e66cc81f7915202423f0618f0ed83efeae5e60fa78e9	source_unnamed	unique_full_body_sha256
LF9G003T	0x7974A	LF9L000E	0x798C2	diag_monitor_mature_rec00	diag_monitor_mature_rec00	diag_monitor_mature_rec00	46	d79937abb02673432d3c10b972e3fd38ffe087beac556cd4db0d075452fe3ece	already_named	unique_full_body_sha256
LF9G003T	0x1F98F4	LF9L000E	0x202CC4	FUN_001f98f4	FUN_00202cc4	FUN_001f98f4	92	d7c2a37cf42f419842545314fd7f92aaee7b4086bd4458cd1f4b6c81bc8e3577	source_unnamed	unique_full_body_sha256
LF9G003T	0x928FC	LF9L000E	0x92B80	FUN_000928fc	FUN_00092b80	FUN_000928fc	102	d804b2728f56e0285f721ce1bb18c3d7ccdb75cd553418dc9dbc3864d5675851	source_unnamed	unique_full_body_sha256
LF9G003T	0x124EE0	LF9L000E	0x125A8C	FUN_00124ee0	FUN_00125a8c	FUN_00124ee0	1982	d804bcd83b2c85d0b3225275304b93d6477c1bac5bf3d610dcaea0337427e0a5	source_unnamed	unique_full_body_sha256
LF9G003T	0xBBFB2	LF9L000E	0xBC39E	FUN_000bbfb2	FUN_000bc39e	FUN_000bbfb2	76	d81a39ad5e89f34a03745dea0bcd0e399084409816bcb90ba7866aacc863434c	source_unnamed	unique_full_body_sha256
LF9G003T	0xE3CE0	LF9L000E	0xE4844	FUN_000e3ce0	FUN_000e4844	FUN_000e3ce0	76	d81a5bc44638a31344bbe6e9f88c8bb86107a375e37a16b5157ca7adf055b68f	source_unnamed	unique_full_body_sha256
LF9G003T	0x27F174	LF9L000E	0x27F308	output_driver_dispatch	output_driver_dispatch	output_driver_dispatch	40	d81f963370bd8818e7d511198c16ac7fc4bf74a3c4369736d201daab3b3956f7	already_named	unique_full_body_sha256
LF9G003T	0xCD4AA	LF9L000E	0xCDB66	uds_22_read_f3xx_did	uds_22_read_f3xx_did	uds_22_read_f3xx_did	202	d872159f153234e60d0fe15798cdce651152d67c7f3c6ad7c54093be5a98ba56	already_named	unique_full_body_sha256
LF9G003T	0x20B2A8	LF9L000E	0x2146E4	FUN_0020b2a8	FUN_002146e4	FUN_0020b2a8	72	d873e326ebb5a26257f41b3123b0fb0310a0008744f57926ba0a7ae168d1213a	source_unnamed	unique_full_body_sha256
LF9G003T	0x16535C	LF9L000E	0x166CAC	FUN_0016535c	FUN_00166cac	FUN_0016535c	58	d88f6b80dc1d2b2b20cb5b62ed3265ae314410a5779d204c6721339bb18f70dc	source_unnamed	unique_full_body_sha256
LF9G003T	0x1157D0	LF9L000E	0x11633C	FUN_001157d0	FUN_0011633c	FUN_001157d0	38	d8bfaf85e36c60fefa5c3392ab4d3b3390f7b817fd6415626771d03c8e7ee2b7	source_unnamed	unique_full_body_sha256
LF9G003T	0x1F7B28	LF9L000E	0x200EF8	FUN_001f7b28	FUN_00200ef8	FUN_001f7b28	44	d8d71a90fb5c342f4f09d3d9ad56bf6318bab88e4c2850ba560492a90259246b	source_unnamed	unique_full_body_sha256
LF9G003T	0x1362A8	LF9L000E	0x136E54	FUN_001362a8	FUN_00136e54	FUN_001362a8	108	d8e894fbcaf30516eb6a730644d5e3dd1806bc462f769260154835e38826249b	source_unnamed	unique_full_body_sha256
LF9G003T	0xF5020	LF9L000E	0xF5B8C	FUN_000f5020	FUN_000f5b8c	FUN_000f5020	52	d8f0db7702c23d5e1baf43f535ca064d2934802f7395a2f35e74cbbe18b76c2d	source_unnamed	unique_full_body_sha256
LF9G003T	0xC7AAC	LF9L000E	0xC7EA8	FUN_000c7aac	FUN_000c7ea8	FUN_000c7aac	18	d91ad25a3e5f379c5bd9ce5f4d9b94ca7e4ec71f8b1f91422e758f6c394844a6	source_unnamed	unique_full_body_sha256
LF9G003T	0xA131A	LF9L000E	0xA159E	FUN_000a131a	FUN_000a159e	FUN_000a131a	28	d93e2d0a55e5d2ad5317b0d0813770883889429971b018c8ec70c9145f25a35d	source_unnamed	unique_full_body_sha256
LF9G003T	0x1B2D0C	LF9L000E	0x1BBF88	FUN_001b2d0c	FUN_001bbf88	FUN_001b2d0c	84	d95c1d7436e9b25203d64bcb614b7c4b6ac46d8b3846d6762c763f33b44049a3	source_unnamed	unique_full_body_sha256
LF9G003T	0x15692C	LF9L000E	0x1574E4	FUN_0015692c	FUN_001574e4	FUN_0015692c	132	d984b785e19f1d0c328b2f8922917cfa301a1c4006796c6aa43daefc7138fa99	source_unnamed	unique_full_body_sha256
LF9G003T	0x11C2CC	LF9L000E	0x11CE64	FUN_0011c2cc	FUN_0011ce64	FUN_0011c2cc	46	d98c96627977b90aac7855315fcd633fab42afefe170e498e8fc68a23c05d573	source_unnamed	unique_full_body_sha256
LF9G003T	0x1C85A4	LF9L000E	0x1D194C	FUN_001c85a4	FUN_001d194c	FUN_001c85a4	82	d994ad603373e53ca7ce61f925b648bf1c92082655300c52cbe811a0a817cc1d	source_unnamed	unique_full_body_sha256
LF9G003T	0x27D22C	LF9L000E	0x27D3C0	FUN_0027d22c	FUN_0027d3c0	FUN_0027d22c	48	d998c6c728bb543d57197d3dc33ab725bf7bd11c731088f4b193988af04c0164	source_unnamed	unique_full_body_sha256
LF9G003T	0x1EB9FA	LF9L000E	0x1F4DCA	FUN_001eb9fa	FUN_001f4dca	FUN_001eb9fa	10	d9c53375ed8dc03d08b215a0a336304ff39552fdb230cbd4140dea8f6310696e	source_unnamed	unique_full_body_sha256
LF9G003T	0x166970	LF9L000E	0x1682C0	FUN_00166970	FUN_001682c0	FUN_00166970	70	d9cfcaf2f44d4f2078f1d7d3ab9f25176c98472d88c2dbf0c9c37973b4ac10ea	source_unnamed	unique_full_body_sha256
LF9G003T	0x128ED4	LF9L000E	0x129A80	FUN_00128ed4	FUN_00129a80	FUN_00128ed4	104	d9f0a015cc4f02ab6522e4dceccaf2914df76c91b0874388f91b1aa4a6ad8692	source_unnamed	unique_full_body_sha256
LF9G003T	0x153F40	LF9L000E	0x154AF8	FUN_00153f40	FUN_00154af8	FUN_00153f40	68	d9fa25d309cc3f0f050e38419ba823ba99f7ebd86a8e3b3408867aabc34b1424	source_unnamed	unique_full_body_sha256
LF9G003T	0x1306F0	LF9L000E	0x13129C	FUN_001306f0	FUN_0013129c	FUN_001306f0	110	da0b781804d8f86a7b3ce03a2da740ed8251c93d23f01d23686d8eedbc4d1fd9	source_unnamed	unique_full_body_sha256
LF9G003T	0x7B8A2	LF9L000E	0x7BA1A	FUN_0007b8a2	FUN_0007ba1a	FUN_0007b8a2	88	da0bf77b014a380f4d1206b534dfa06cebe0c4b928920cb2042b2668b649c001	source_unnamed	unique_full_body_sha256
LF9G003T	0xBFEB8	LF9L000E	0xC02A4	FUN_000bfeb8	FUN_000c02a4	FUN_000bfeb8	78	da2c30cbd695f0a8adb62ee8068559e1459fe36a368546931b47d054fcc71be1	source_unnamed	unique_full_body_sha256
LF9G003T	0xC61C4	LF9L000E	0xC65C0	FUN_000c61c4	FUN_000c65c0	FUN_000c61c4	70	da3df63a44d066ecf750c193db2d6b02fb3a4f87a8d56558be3230d2cd2b4762	source_unnamed	unique_full_body_sha256
LF9G003T	0x7CFB4	LF9L000E	0x7D12C	FUN_0007cfb4	FUN_0007d12c	FUN_0007cfb4	26	da555ff4ffcbe3c17fc0139ea57ba5feb376062c8af6e6c3b0dafcafb3e2b96a	source_unnamed	unique_full_body_sha256
LF9G003T	0x11CB18	LF9L000E	0x11D6BC	FUN_0011cb18	FUN_0011d6bc	FUN_0011cb18	80	da5f3b3adc6e60ccabbb4f1613b9fe38317944d52672a96d367fa6769c34eb50	source_unnamed	unique_full_body_sha256
LF9G003T	0x207AF8	LF9L000E	0x210F34	FUN_00207af8	FUN_00210f34	FUN_00207af8	40	da608bce6c2cd287f3f3886ec54cd3b685fb43ab5fd08ced2d57353566094173	source_unnamed	unique_full_body_sha256
LF9G003T	0x1EE1A0	LF9L000E	0x1F7570	FUN_001ee1a0	FUN_001f7570	FUN_001ee1a0	46	da67cb2092f18b8039793c890688f370ea56e4525557a3e47d8146a7cc287f39	source_unnamed	unique_full_body_sha256
LF9G003T	0x1D48E4	LF9L000E	0x1DDC8C	FUN_001d48e4	FUN_001ddc8c	FUN_001d48e4	56	da6c3b5b0c5df66dd3865bf49378040bdc369faa78e9fc74dfbe45d49aa61f2c	source_unnamed	unique_full_body_sha256
LF9G003T	0x1CACEC	LF9L000E	0x1D4094	FUN_001cacec	FUN_001d4094	FUN_001cacec	262	da753852b2d7dbe0ae33a53dbc3679a1d526c6db9a00c8f1092eace55513808c	source_unnamed	unique_full_body_sha256
LF9G003T	0x206D80	LF9L000E	0x2101BC	FUN_00206d80	FUN_002101bc	FUN_00206d80	76	da75d517e80d9b41769d7eedb5448eb780cf8a10ffbd4e1d80b5d414f6bfc0fa	source_unnamed	unique_full_body_sha256
LF9G003T	0x92426	LF9L000E	0x926AA	FUN_00092426	FUN_000926aa	FUN_00092426	52	da79093ea726a501dd4c779dd6cc49ac88063e67d676b7152df52d0309d8f9ec	source_unnamed	unique_full_body_sha256
LF9G003T	0x1EE14C	LF9L000E	0x1F751C	FUN_001ee14c	FUN_001f751c	FUN_001ee14c	20	da9d7270365c79dfd4e08a816937cc37e309dd39e8406590ae7ccd4bcb2d0f54	source_unnamed	unique_full_body_sha256
LF9G003T	0x15EB04	LF9L000E	0x15F6BC	FUN_0015eb04	FUN_0015f6bc	FUN_0015eb04	236	daaea4adfb06b51324816e50af9fcbd8b636a25705991f24fee58d5c79ad0dda	source_unnamed	unique_full_body_sha256
LF9G003T	0x1F5828	LF9L000E	0x1FEBF8	FUN_001f5828	FUN_001febf8	FUN_001f5828	22	dac3bc950a8608bb03cadb17ddd4cc58de825a919d6f2e9b0ea4ac63a76d5fb0	source_unnamed	unique_full_body_sha256
LF9G003T	0x20AF14	LF9L000E	0x214350	call_cb_with_lockbit_4000	call_cb_with_lockbit_4000	call_cb_with_lockbit_4000	36	dac3d3bc8aa3c3db3607aa7052bbe2acc4f4858b4560895eef65b7e8fbec7fb7	already_named	unique_full_body_sha256
LF9G003T	0xBC7C2	LF9L000E	0xBCBAE	thunk_FUN_000bd26c	thunk_FUN_000bd658	thunk_FUN_000bd26c	4	dacc899b426b48e51b2551b516633645c64d5c2d15810e66cc3dedbf3d1420b6	source_unnamed	unique_full_body_sha256
LF9G003T	0x197B1C	LF9L000E	0x1A0CBC	FUN_00197b1c	FUN_001a0cbc	FUN_00197b1c	196	dae2e1b30330a2737ed4b430646c382d41ede122803a5ec5d753471a69d9b09e	source_unnamed	unique_full_body_sha256
LF9G003T	0xCC77C	LF9L000E	0xCCE26	FUN_000cc77c	FUN_000cce26	FUN_000cc77c	22	dae6feb79b17e3a8eb7552e928692c221bd05e140ad4a6d9737b7c5668635438	source_unnamed	unique_full_body_sha256
LF9G003T	0x2079D6	LF9L000E	0x210E12	FUN_002079d6	FUN_00210e12	FUN_002079d6	6	dafcf4fd2bc0ff10ff6c6d3468a15944a2bf80135d686206061b43ef8c6d7425	source_unnamed	unique_full_body_sha256
LF9G003T	0x1D4D4C	LF9L000E	0x1DE0F4	FUN_001d4d4c	FUN_001de0f4	FUN_001d4d4c	52	db0eaf8bedba501024e3a6d501291d43cd0e12cb19aa8a75cb7d9f34189641be	source_unnamed	unique_full_body_sha256
LF9G003T	0x27DB06	LF9L000E	0x27DC9A	FUN_0027db06	FUN_0027dc9a	FUN_0027db06	172	db10605acd9ba3fe2b25ab4c84198aaf4e2985965a82cdf09c2acb8d0f16419f	source_unnamed	unique_full_body_sha256
LF9G003T	0xD7190	LF9L000E	0xD7CCC	FUN_000d7190	FUN_000d7ccc	FUN_000d7190	20	db2c59d5db44caf75841431a5c5570d5c5a2fb657080d5827f7e829692371570	source_unnamed	unique_full_body_sha256
LF9G003T	0x1F372C	LF9L000E	0x1FCAFC	frame_set_2byte_field	frame_set_2byte_field	frame_set_2byte_field	14	db43177b0ee7c8024e7a8ea6cb9087e8164243755d58228612c9268b743b2865	already_named	unique_full_body_sha256
LF9G003T	0x167700	LF9L000E	0x169050	FUN_00167700	FUN_00169050	FUN_00167700	164	db86ce24ab3bed2da77f691077c1d952c37c4a360559a49311d13495a1626664	source_unnamed	unique_full_body_sha256
LF9G003T	0x27D302	LF9L000E	0x27D496	FUN_0027d302	FUN_0027d496	FUN_0027d302	18	db9ac51352ffb7aefc5db39408024781fd396f931c2f37623431ab9a89dd3fdd	source_unnamed	unique_full_body_sha256
LF9G003T	0x11C048	LF9L000E	0x11CBE0	FUN_0011c048	FUN_0011cbe0	FUN_0011c048	8	dba0830b2c290e68e265c9c619fa6c6ea04f621334d3e034982c65103aca798d	source_unnamed	unique_full_body_sha256
LF9G003T	0xAB388	LF9L000E	0xAB60C	FUN_000ab388	FUN_000ab60c	FUN_000ab388	232	dbb91f92c9e45baa15da8299a07badac786b666c71f918ddfee735d7945bc9d7	source_unnamed	unique_full_body_sha256
LF9G003T	0x1A3790	LF9L000E	0x1AC92C	FUN_001a3790	FUN_001ac92c	FUN_001a3790	122	dbf59e76fcbf873e8fcd2187f1470dd6a728f6451bf0fa0759f8b8c9dc77b4b5	source_unnamed	unique_full_body_sha256
LF9G003T	0x1F0DC2	LF9L000E	0x1FA192	FUN_001f0dc2	FUN_001fa192	FUN_001f0dc2	10	dbf88a9f237e6bd9906fd2e5df0549b78f38b8046ae9a15acc5442c2ee302695	source_unnamed	unique_full_body_sha256
LF9G003T	0x145340	LF9L000E	0x145EF8	FUN_00145340	FUN_00145ef8	FUN_00145340	56	dc10eba47b31e72f3e3ac256e2304d9bee594c0e8dfb910510b37be00d5ebf64	source_unnamed	unique_full_body_sha256
LF9G003T	0xEBC18	LF9L000E	0xEC77C	FUN_000ebc18	FUN_000ec77c	FUN_000ebc18	562	dc1a5c7b6ad9ea802a3de5ec715a9995600fb3c275780da4284f42f447364cbd	source_unnamed	unique_full_body_sha256
LF9G003T	0xDF5B0	LF9L000E	0xE00EC	FUN_000df5b0	FUN_000e00ec	FUN_000df5b0	34	dc2fd0e73f17baf191f056d09da38bff52aede525d349b405f90bd09e604c06c	source_unnamed	unique_full_body_sha256
LF9G003T	0x93428	LF9L000E	0x936AC	FUN_00093428	FUN_000936ac	FUN_00093428	54	dc3731a149769c18f1b1391687bdcc63a0f2d5fb7816e02ac196f1f04bb75955	source_unnamed	unique_full_body_sha256
LF9G003T	0x1F0D8C	LF9L000E	0x1FA15C	FUN_001f0d8c	FUN_001fa15c	FUN_001f0d8c	10	dc5ce4bbf21e2a5fbf419c9907fcbbb75141ec65bf638c50682c86e046d9258c	source_unnamed	unique_full_body_sha256
LF9G003T	0x195E40	LF9L000E	0x19EFE0	FUN_00195e40	FUN_0019efe0	FUN_00195e40	266	dc63a49b573d88777e1552f4011ca465cc39bc45ce58345d3884b8f9a74597ac	source_unnamed	unique_full_body_sha256
LF9G003T	0x1F0338	LF9L000E	0x1F9708	FUN_001f0338	FUN_001f9708	FUN_001f0338	130	dc6803e7c7a67b39c82277893b6b7dc67fcf684af20e2701b7c3d0b3a012e648	source_unnamed	unique_full_body_sha256
LF9G003T	0x10C47C	LF9L000E	0x10CFE8	FUN_0010c47c	FUN_0010cfe8	FUN_0010c47c	58	dc82a7039db900bced02fc64a086c4278fded6509db2c862ac22c065d812e19f	source_unnamed	unique_full_body_sha256
LF9G003T	0x160694	LF9L000E	0x1612AC	FUN_00160694	FUN_001612ac	FUN_00160694	66	dcaae8d303d9670a217847305e3d19491e49b98c9667cdda21de7e6ff09b04e5	source_unnamed	unique_full_body_sha256
LF9G003T	0xDBE68	LF9L000E	0xDC9A4	FUN_000dbe68	FUN_000dc9a4	FUN_000dbe68	42	dcce4555f702e173454be9e6b65d9caa81783923fc5363a8db907be5f2a6125c	source_unnamed	unique_full_body_sha256
LF9G003T	0xBEFD8	LF9L000E	0xBF3C4	FUN_000befd8	FUN_000bf3c4	FUN_000befd8	24	dcd14429725ac1c0c62cfd531c34552949e5bf64cd3375a8f2d6da2ed2616349	source_unnamed	unique_full_body_sha256
LF9G003T	0x1F0444	LF9L000E	0x1F9814	FUN_001f0444	FUN_001f9814	FUN_001f0444	10	dcd41d36760d9186d30cd7c049231aace47a757b99d770f89169a511a9aabfbc	source_unnamed	unique_full_body_sha256
LF9G003T	0xA1D8A	LF9L000E	0xA200E	FUN_000a1d8a	FUN_000a200e	FUN_000a1d8a	390	dcd62a297ab143d530e226ff1d740d2c6e94b7fe3847069990140ff5bb1c7617	source_unnamed	unique_full_body_sha256
LF9G003T	0x1F7ACC	LF9L000E	0x200E9C	FUN_001f7acc	FUN_00200e9c	FUN_001f7acc	6	dcdfcfea57cfe11ecab06707e97d6b2ee2938f33684d4fadd6ba5c8cce7cc1fa	source_unnamed	unique_full_body_sha256
LF9G003T	0x975B6	LF9L000E	0x9783A	FUN_000975b6	FUN_0009783a	FUN_000975b6	62	dce465fbd65d356c9fa69469e8473adece26d348513de677f8d31639de6035ac	source_unnamed	unique_full_body_sha256
LF9G003T	0x1ECEC2	LF9L000E	0x1F6292	FUN_001ecec2	FUN_001f6292	FUN_001ecec2	14	dce570c1eec5e7797665b0d34abc36dd359f4c7dac10a07f6c5ad7a10dd8a903	source_unnamed	unique_full_body_sha256
LF9G003T	0x27E68C	LF9L000E	0x27E820	FUN_0027e68c	FUN_0027e820	FUN_0027e68c	92	dced07981cd5a0722e8a6a136fb7ce8bc3b758095905f63249a229856830eea7	source_unnamed	unique_full_body_sha256
LF9G003T	0x1498E0	LF9L000E	0x14A498	FUN_001498e0	FUN_0014a498	FUN_001498e0	102	dcf1dec5926cbd8b2632248d25c8b62b05b6d157b985159a9b900616371f8024	source_unnamed	unique_full_body_sha256
LF9G003T	0xB88DA	LF9L000E	0xB8CC6	FUN_000b88da	FUN_000b8cc6	FUN_000b88da	114	dd046def442797277709a7197069034834fb744910a35a0fc94428e0ce425432	source_unnamed	unique_full_body_sha256
LF9G003T	0x799E0	LF9L000E	0x79B58	FUN_000799e0	FUN_00079b58	FUN_000799e0	48	dd28e6fd594611c1635af4eeff7bb65920aaa535d95d5a153c0f31e54ce57f35	source_unnamed	unique_full_body_sha256
LF9G003T	0x97116	LF9L000E	0x9739A	FUN_00097116	FUN_0009739a	FUN_00097116	8	dd5ccd5c7e8b962dab85e9ce836d71e6af57800752eadfdcf20c5e2907de8b7d	source_unnamed	unique_full_body_sha256
LF9G003T	0x7D39C	LF9L000E	0x7D514	FUN_0007d39c	FUN_0007d514	FUN_0007d39c	20	ddc2e9936867042851a85f3ef6d3d12ea912824c8f3b2535e00403d329cfe74d	source_unnamed	unique_full_body_sha256
LF9G003T	0x19EDA0	LF9L000E	0x1A7F40	FUN_0019eda0	FUN_001a7f40	FUN_0019eda0	134	ddd3083cacb4dd31adbfb0dec1d79cfc800039d535e3fd3a3980ca4ef0ac62e5	source_unnamed	unique_full_body_sha256
LF9G003T	0x123C9C	LF9L000E	0x124848	FUN_00123c9c	FUN_00124848	FUN_00123c9c	58	ddf590d03c077b9b0e7221e6e1fb0f21aff02323b5445eaa787f8bb0baffaafd	source_unnamed	unique_full_body_sha256
LF9G003T	0x202978	LF9L000E	0x20BDB4	FUN_00202978	FUN_0020bdb4	FUN_00202978	146	de0750a24e4d7ae9674d926dfc9caf98350f98e209db03d95634f543ab56483d	source_unnamed	unique_full_body_sha256
LF9G003T	0x1F590A	LF9L000E	0x1FECDA	FUN_001f590a	FUN_001fecda	FUN_001f590a	96	de0aa90ccae19f805b99be205f80be736cb6e6aae4ab120bd9c819706da54e53	source_unnamed	unique_full_body_sha256
LF9G003T	0x7814	LF9L000E	0x7814	FUN_00007814	FUN_00007814	FUN_00007814	126	de129bcc0efa2c01ae7668bb0ae4c3d8aaf9883eee5cb5c46affbe5996586586	source_unnamed	unique_full_body_sha256
LF9G003T	0x7790	LF9L000E	0x7790	FUN_00007790	FUN_00007790	FUN_00007790	8	de146f2ed9952632443580cd9d8b91b9b57689798116144f319ceda48df9df65	source_unnamed	unique_full_body_sha256
LF9G003T	0x12CA08	LF9L000E	0x12D5B4	FUN_0012ca08	FUN_0012d5b4	FUN_0012ca08	88	de4dc9add3021a13961d816b4f96020bde18dfc01a01b9adeb03caeec502fb99	source_unnamed	unique_full_body_sha256
LF9G003T	0x1F1A48	LF9L000E	0x1FAE18	FUN_001f1a48	FUN_001fae18	FUN_001f1a48	54	de57e3d4b99efcd83a4803a6119483f9ac9ceb907875cfb08bc95cf9af811ff7	source_unnamed	unique_full_body_sha256
LF9G003T	0xB825E	LF9L000E	0xB864A	FUN_000b825e	FUN_000b864a	FUN_000b825e	40	de64c4f7aafec434c49a416e0f3548ac8c559feef5b004fe0c3ac408fe8264f7	source_unnamed	unique_full_body_sha256
LF9G003T	0x9620E	LF9L000E	0x96492	FUN_0009620e	FUN_00096492	FUN_0009620e	26	dea3f07b1657ce6efca1d927cf3f0920d18d20154d1a9611c8a8fab33350d5e7	source_unnamed	unique_full_body_sha256
LF9G003T	0x1F7C26	LF9L000E	0x200FF6	FUN_001f7c26	FUN_00200ff6	FUN_001f7c26	10	dea98716aa07e19c8075b1de194c7144ac619461ff3302831040868f4c58a3c3	source_unnamed	unique_full_body_sha256
LF9G003T	0xD8D9C	LF9L000E	0xD98D8	FUN_000d8d9c	FUN_000d98d8	FUN_000d8d9c	84	debd8df1bfb7aefcde8e6731a7c010191df7420ea8de3074ded7b09f5a0d2011	source_unnamed	unique_full_body_sha256
LF9G003T	0x145914	LF9L000E	0x1464CC	FUN_00145914	FUN_001464cc	FUN_00145914	108	deee92e362764fac40aefecd1f30f8771556dd6f8ba0778fb133c0fbfa746908	source_unnamed	unique_full_body_sha256
LF9G003T	0x1C8FA4	LF9L000E	0x1D234C	interp_1d_axis_u16_data_s8b	interp_1d_axis_u16_data_s8b	interp_1d_axis_u16_data_s8b	134	df086bb9a61ccf6ca0d27f0cd4931ec793009d69f7939976c3aab05aa1f1aae4	already_named	unique_full_body_sha256
LF9G003T	0x14AEEC	LF9L000E	0x14BAA4	FUN_0014aeec	FUN_0014baa4	FUN_0014aeec	106	df1a1000ed6b04808886346b6e19124f5891108260a1c63bba8d498dcfce6cc9	source_unnamed	unique_full_body_sha256
LF9G003T	0x8DF68	LF9L000E	0x8E1EC	FUN_0008df68	FUN_0008e1ec	FUN_0008df68	22	df23add9bd17aed4c0cca762923566907b0f8d505cd156e5628ebe51be78d398	source_unnamed	unique_full_body_sha256
LF9G003T	0x207B20	LF9L000E	0x210F5C	FUN_00207b20	FUN_00210f5c	FUN_00207b20	18	df270bbe4e36d36ba0af17895c053cf169a2cf841b7f10c0fc01c3f5bb5939ea	source_unnamed	unique_full_body_sha256
LF9G003T	0x13F970	LF9L000E	0x140528	FUN_0013f970	FUN_00140528	FUN_0013f970	18	df459079d97fcf5ba86cd48d410c2ac19ef28a5ef48fb26f80d3c9e02a7ed198	source_unnamed	unique_full_body_sha256
LF9G003T	0x1C99D8	LF9L000E	0x1D2D80	FUN_001c99d8	FUN_001d2d80	FUN_001c99d8	292	df4da1d9e04c240cdbda24ef422895197d205019e049903dc7cb0cbf55e1c728	source_unnamed	unique_full_body_sha256
LF9G003T	0x12FB60	LF9L000E	0x13070C	FUN_0012fb60	FUN_0013070c	FUN_0012fb60	26	df4da9ab225f32b588f9790d6b86c35cf5673ca795485cddf3e73f666697cdf3	source_unnamed	unique_full_body_sha256
LF9G003T	0x1F0DDC	LF9L000E	0x1FA1AC	FUN_001f0ddc	FUN_001fa1ac	FUN_001f0ddc	44	df5bb00a6d9df149bd3ebd182dfedd7bd58201d64fe37f74279f4092777e9932	source_unnamed	unique_full_body_sha256
LF9G003T	0x117AE8	LF9L000E	0x118654	FUN_00117ae8	FUN_00118654	FUN_00117ae8	192	df8c460754c571cef94b84ca89e8588616a059092f088380e36949160fa6051e	source_unnamed	unique_full_body_sha256
LF9G003T	0x1F215E	LF9L000E	0x1FB52E	FUN_001f215e	FUN_001fb52e	FUN_001f215e	10	dfaa09dc42f68fa1f397de20f409b9d44dfa2311c0546c683063df74150b2fba	source_unnamed	unique_full_body_sha256
LF9G003T	0x8F9B4	LF9L000E	0x8FC38	FUN_0008f9b4	FUN_0008fc38	FUN_0008f9b4	32	dfda59c302f59dcbc5c7e2ca27d7fc7f1fd84257240ae814ce1b50c845ca78da	source_unnamed	unique_full_body_sha256
LF9G003T	0xF1FC0	LF9L000E	0xF2B2C	FUN_000f1fc0	FUN_000f2b2c	FUN_000f1fc0	72	e0019ed93d1ff0ccab1ebd5f0d31d732a38e411e286caa72ae5e58d3121bfd3b	source_unnamed	unique_full_body_sha256
LF9G003T	0x20426C	LF9L000E	0x20D6A8	FUN_0020426c	FUN_0020d6a8	FUN_0020426c	32	e02068d7b129c2e4e7b2953c03bffca668d28a44ccf59c6df306cc5de80201a1	source_unnamed	unique_full_body_sha256
LF9G003T	0x1F2168	LF9L000E	0x1FB538	FUN_001f2168	FUN_001fb538	FUN_001f2168	10	e061cc3d0b336abc88a600e91c56a44d6405de0ce99adae06bbdfe03c2a17255	source_unnamed	unique_full_body_sha256
LF9G003T	0xBE62C	LF9L000E	0xBEA18	FUN_000be62c	FUN_000bea18	FUN_000be62c	258	e0727732b26fc08ab163a0736aec4dd4f2c4436c9aa3895f2eda47b3718f7737	source_unnamed	unique_full_body_sha256
LF9G003T	0x13C5A4	LF9L000E	0x13D160	FUN_0013c5a4	FUN_0013d160	FUN_0013c5a4	540	e09963430a030a3b3d14a54ae7a2bbc2be7ea4342e9792c749770bd443a12901	source_unnamed	unique_full_body_sha256
LF9G003T	0x1ECAF8	LF9L000E	0x1F5EC8	sig_set_fwd_1a	sig_set_fwd_1a	sig_set_fwd_1a	6	e09d2f899997b86760bc20b911f464286a8f8201a5d30e555532b0a5e95c34a9	already_named	unique_full_body_sha256
LF9G003T	0x13F4D0	LF9L000E	0x140088	FUN_0013f4d0	FUN_00140088	FUN_0013f4d0	54	e0c4b07218e3b44a99dd77e1b7f3c35d6c51aa7c5ad2fcbaa1cb4fe44b2f0330	source_unnamed	unique_full_body_sha256
LF9G003T	0x15F778	LF9L000E	0x160330	FUN_0015f778	FUN_00160330	FUN_0015f778	100	e0e3fda9b57c9ad32121206c6136ebf4c1966fa581ed26551ee55e32238d308a	source_unnamed	unique_full_body_sha256
LF9G003T	0xAFDDC	LF9L000E	0xB0060	sa_block_join_halves	sa_block_join_halves	sa_block_join_halves	88	e0ebd2fcad1f75f0670a690c1cd0923335999a1a8f7861bb4e59aa6e1f8d4033	already_named	unique_full_body_sha256
LF9G003T	0x166728	LF9L000E	0x168078	FUN_00166728	FUN_00168078	FUN_00166728	202	e0f20c091add830fe5c0b8f7cc6c9b817d6b0e3d5f00a92c473a35be62fab57a	source_unnamed	unique_full_body_sha256
LF9G003T	0x14AB18	LF9L000E	0x14B6D0	FUN_0014ab18	FUN_0014b6d0	FUN_0014ab18	32	e1192c6c9bf0eb10d0d336df747946f31fdd7aa1c600d953c414cdfcca6a6206	source_unnamed	unique_full_body_sha256
LF9G003T	0x207968	LF9L000E	0x210DA4	FUN_00207968	FUN_00210da4	FUN_00207968	10	e12beb29a98342bad68afcd1c73df6cb4ae9177a01e70644e1c18167a87167f0	source_unnamed	unique_full_body_sha256
LF9G003T	0xF6D70	LF9L000E	0xF78DC	FUN_000f6d70	FUN_000f78dc	FUN_000f6d70	32	e137ca3d5e9cfce5c616989d997d14fdee9c83a66eb476aa92c0d8272845ed4e	source_unnamed	unique_full_body_sha256
LF9G003T	0x10C24C	LF9L000E	0x10CDB8	FUN_0010c24c	FUN_0010cdb8	FUN_0010c24c	58	e14ec167bf68009eb6b7c13365cc6c597be2053968e1063e90b12b51cea4ae67	source_unnamed	unique_full_body_sha256
LF9G003T	0x205304	LF9L000E	0x20E740	FUN_00205304	FUN_0020e740	FUN_00205304	374	e160b604a5e9fbb9d6f7b1b2a50f4314675827d435e6eff20d8cd84f04a974cd	source_unnamed	unique_full_body_sha256
LF9G003T	0x7AD6C	LF9L000E	0x7AEE4	FUN_0007ad6c	FUN_0007aee4	FUN_0007ad6c	162	e161a6b1c274065cf1bfe51239ee03ef692b0e8b07071c2a631b2a2298e57dd7	source_unnamed	unique_full_body_sha256
LF9G003T	0x1616E0	LF9L000E	0x162900	FUN_001616e0	FUN_00162900	FUN_001616e0	64	e162f89b6d1bd20637dcfa09f3d42a02cecac356663814bed3f352ca5c9a51aa	source_unnamed	unique_full_body_sha256
LF9G003T	0x110414	LF9L000E	0x110F80	FUN_00110414	FUN_00110f80	FUN_00110414	130	e172f5c82d1f27ebbb6a727492e4c391d9ddcdbe71a7c0e8f0a459e638f47982	source_unnamed	unique_full_body_sha256
LF9G003T	0x1F5470	LF9L000E	0x1FE840	adc_channel_range_dispatch	adc_channel_range_dispatch	adc_channel_range_dispatch	570	e177ae8e6286199021a84cdb38a24110334074406ab942648a6488d9a2f16327	already_named	unique_full_body_sha256
LF9G003T	0x27D526	LF9L000E	0x27D6BA	FUN_0027d526	FUN_0027d6ba	FUN_0027d526	20	e18b8401cbc05a42e1e8c05c2420d5476b4cd879bec17eb87f1080037daab08c	source_unnamed	unique_full_body_sha256
LF9G003T	0x90DB8	LF9L000E	0x9103C	FUN_00090db8	FUN_0009103c	FUN_00090db8	38	e1e0a371883d7bfb2ee7ad52f1460070ec18e5432828a4d4c613a77658e85bd8	source_unnamed	unique_full_body_sha256
LF9G003T	0xB56E0	LF9L000E	0xB5A4C	FUN_000b56e0	FUN_000b5a4c	FUN_000b56e0	50	e238c7afc0a614016f99903848a78dfc4353127ce5c9576ede23d168814e48a3	source_unnamed	unique_full_body_sha256
LF9G003T	0x167C9C	LF9L000E	0x1695EC	FUN_00167c9c	FUN_001695ec	FUN_00167c9c	210	e24eefee5698681963d21cfe0783413fafaf82c1854c223faa038212009b8629	source_unnamed	unique_full_body_sha256
LF9G003T	0x207972	LF9L000E	0x210DAE	FUN_00207972	FUN_00210dae	FUN_00207972	10	e2599bfe9b8a18cac10cb100ef415044e4d4d65e7789f8be3e60f5ed1ec63316	source_unnamed	unique_full_body_sha256
LF9G003T	0x1C869C	LF9L000E	0x1D1A44	interp_1d_axis_u8_data_s8	interp_1d_axis_u8_data_s8	interp_1d_axis_u8_data_s8	114	e26e59fdd307507dc5eaf03585971958a7c02c84cd02afb9cbc52935135932b7	already_named	unique_full_body_sha256
LF9G003T	0xBA376	LF9L000E	0xBA762	FUN_000ba376	FUN_000ba762	FUN_000ba376	56	e29ee07a5398a11ce9b22b198021783b8f33b1c33b32989795b390036378cde0	source_unnamed	unique_full_body_sha256
LF9G003T	0x1CD9E4	LF9L000E	0x1D6D8C	FUN_001cd9e4	FUN_001d6d8c	FUN_001cd9e4	292	e2dc22bd609ef9d21206331c1b67feee8202086905eb18e1cab58ef776e02cdc	source_unnamed	unique_full_body_sha256
LF9G003T	0xD93D4	LF9L000E	0xD9F10	FUN_000d93d4	FUN_000d9f10	FUN_000d93d4	48	e2eeb8fac5ed0a73f848fe4217f83bd76bb4f25d316097159da9037165079a6a	source_unnamed	unique_full_body_sha256
LF9G003T	0x1F7C06	LF9L000E	0x200FD6	FUN_001f7c06	FUN_00200fd6	FUN_001f7c06	12	e2f2fe25841ae84aed2183585f97617d6f8000313eb642c40c8a8ef6d55a760a	source_unnamed	unique_full_body_sha256
LF9G003T	0x17358C	LF9L000E	0x1776B4	FUN_0017358c	FUN_001776b4	FUN_0017358c	20	e32ef2a96db3c1b907da3fb3665f694424f96e966cd3d99db94cd1ba0293f9df	source_unnamed	unique_full_body_sha256
LF9G003T	0x7B5EC	LF9L000E	0x7B764	FUN_0007b5ec	FUN_0007b764	FUN_0007b5ec	40	e335106ee83420a3702ca065484925bbee63ce111f3c6afa236f77de7fa37afc	source_unnamed	unique_full_body_sha256
LF9G003T	0x20AECC	LF9L000E	0x214308	call_cb_with_lockbit_10000	call_cb_with_lockbit_10000	call_cb_with_lockbit_10000	36	e33916c7bedd75d689bced9277a09f8298ec335bad04b037838585a1344005cf	already_named	unique_full_body_sha256
LF9G003T	0xDFA08	LF9L000E	0xE0544	FUN_000dfa08	FUN_000e0544	FUN_000dfa08	244	e34b6f6d6a240cfb1fcbc7e9f8f6e2fe1ef5ba09153dd0462097576c47923c87	source_unnamed	unique_full_body_sha256
LF9G003T	0x1EF5B0	LF9L000E	0x1F8980	FUN_001ef5b0	FUN_001f8980	FUN_001ef5b0	18	e370e1f221764cac0785bf84a4f67e313589c373caa6d3529741d539a91e37e3	source_unnamed	unique_full_body_sha256
LF9G003T	0x205264	LF9L000E	0x20E6A0	FUN_00205264	FUN_0020e6a0	FUN_00205264	122	e3867ed2a3b79b39eeea990a2422a8c7cdc74b7a699dfc33fc808646c7d8254d	source_unnamed	unique_full_body_sha256
LF9G003T	0x193088	LF9L000E	0x19A8A8	FUN_00193088	FUN_0019a8a8	FUN_00193088	26	e3a8a7cf09293c60f4181e64b4779d3dd20a1d37aabc97f8f0cad3a99cc5497c	source_unnamed	unique_full_body_sha256
LF9G003T	0x96E52	LF9L000E	0x970D6	FUN_00096e52	FUN_000970d6	FUN_00096e52	62	e3b62bafb61971a5fe173575218674133c68df49f28748fd6adb7bdb2e620306	source_unnamed	unique_full_body_sha256
LF9G003T	0x13FA78	LF9L000E	0x140630	FUN_0013fa78	FUN_00140630	FUN_0013fa78	60	e3b97a6641a2c3a205fcca3e9cb402869b35e002dc68f1a33aae2bd235d690fb	source_unnamed	unique_full_body_sha256
LF9G003T	0x14B06C	LF9L000E	0x14BC24	FUN_0014b06c	FUN_0014bc24	FUN_0014b06c	132	e3d8ada5be675b38cf65fc61013b1c5f51025b9aa65b188897381b2c7fe95b70	source_unnamed	unique_full_body_sha256
LF9G003T	0x108F84	LF9L000E	0x109AF0	FUN_00108f84	FUN_00109af0	FUN_00108f84	56	e3e9397ba7053c9185fa5d13a258b153a5e5d1300ef11f7c2c8339eecbd0742f	source_unnamed	unique_full_body_sha256
LF9G003T	0x1ECB38	LF9L000E	0x1F5F08	sig_set_fwd_1e	sig_set_fwd_1e	sig_set_fwd_1e	6	e40fc3413abb6d5f765676563578f6e56a6cc78c3c4b02cad1c4862b268937f1	already_named	unique_full_body_sha256
LF9G003T	0x207630	LF9L000E	0x210A6C	FUN_00207630	FUN_00210a6c	FUN_00207630	48	e4158b6a8c269ef297a2c96cbac9ba4f7034226a0d1a89e6f6a1652ea8f432d5	source_unnamed	unique_full_body_sha256
LF9G003T	0x27EA46	LF9L000E	0x27EBDA	FUN_0027ea46	FUN_0027ebda	FUN_0027ea46	6	e43de6099f37f4b1db2bfcdf3557500f3e6a85dfc901405461bf8e879d8d4e7f	source_unnamed	unique_full_body_sha256
LF9G003T	0x27EBC8	LF9L000E	0x27ED5C	FUN_0027ebc8	FUN_0027ed5c	FUN_0027ebc8	26	e43f89c1207e5cf767e11e8ef0283faef7629397cbf33ffc6b6bc3ce6756c4d0	source_unnamed	unique_full_body_sha256
LF9G003T	0x13F984	LF9L000E	0x14053C	FUN_0013f984	FUN_0014053c	FUN_0013f984	20	e44efb06299631ff6ca237fec716243a563ef24e70d5c40d697616ad43f1869c	source_unnamed	unique_full_body_sha256
LF9G003T	0x6D84	LF9L000E	0x6D84	FUN_00006d84	FUN_00006d84	FUN_00006d84	16	e47857265965ffeb24084189c32a3a6e41175fbd02a45f55e68562f1b2691d4d	source_unnamed	unique_full_body_sha256
LF9G003T	0xF4798	LF9L000E	0xF5304	FUN_000f4798	FUN_000f5304	FUN_000f4798	38	e49939478fd0bb7045cc1aafbfed9c239771de9969851e6ceab42c3127dd4c9c	source_unnamed	unique_full_body_sha256
LF9G003T	0x20AE90	LF9L000E	0x2142CC	FUN_0020ae90	FUN_002142cc	FUN_0020ae90	24	e4a4823d8e33aa62b3d0e26a600f3079f6e9a033bc543ef55c140e766565b318	source_unnamed	unique_full_body_sha256
LF9G003T	0x117A04	LF9L000E	0x118570	FUN_00117a04	FUN_00118570	FUN_00117a04	228	e4a51bdd958a35851ffe4007c72907d7b4d6cdcc0907505678da4eba16015b34	source_unnamed	unique_full_body_sha256
LF9G003T	0xC62E6	LF9L000E	0xC66E2	FUN_000c62e6	FUN_000c66e2	FUN_000c62e6	330	e4c262bba7e752e06fd9f96fb37ec0d6fd3a2fe1874aaea2487fd2e6d667dba6	source_unnamed	unique_full_body_sha256
LF9G003T	0x27EC5C	LF9L000E	0x27EDF0	FUN_0027ec5c	FUN_0027edf0	FUN_0027ec5c	26	e4c3042cf456be904092d0ce89218d91091ac2ca55ed38adae56cedc044c89ac	source_unnamed	unique_full_body_sha256
LF9G003T	0x97830	LF9L000E	0x97AB4	FUN_00097830	FUN_00097ab4	FUN_00097830	54	e4c4e00846029e067cdedbd770746701c7ca74a149c21edba71142be7d04ebf6	source_unnamed	unique_full_body_sha256
LF9G003T	0x8F7C6	LF9L000E	0x8FA4A	FUN_0008f7c6	FUN_0008fa4a	FUN_0008f7c6	26	e4f8c257fc265f5bb3daea4bb416f9996e81c7afdc0dab760ac5dcea63057607	source_unnamed	unique_full_body_sha256
LF9G003T	0x16508C	LF9L000E	0x1669DC	FUN_0016508c	FUN_001669dc	FUN_0016508c	56	e56544f51009ead58725afa9eb354cdd31648defce1974d3e381b1e40ec2f8c7	source_unnamed	unique_full_body_sha256
LF9G003T	0x10CB54	LF9L000E	0x10D6C0	FUN_0010cb54	FUN_0010d6c0	FUN_0010cb54	408	e585f81c91a9bed36901f7eefc1cb19779db877c809025e4bb4695e38439b0cc	source_unnamed	unique_full_body_sha256
LF9G003T	0x1ECD70	LF9L000E	0x1F6140	FUN_001ecd70	FUN_001f6140	FUN_001ecd70	34	e5aa8f80fce6a73a0843116ce4fd9f24fc79a7f8c9a4c3241bc37c7c948e3b8d	source_unnamed	unique_full_body_sha256
LF9G003T	0xB1BDE	LF9L000E	0xB1E62	FUN_000b1bde	FUN_000b1e62	FUN_000b1bde	338	e5d5fda623e05e7712dace04150fb8c6fc8363bec2c68502ebda1bd306d23007	source_unnamed	unique_full_body_sha256
LF9G003T	0xEC080	LF9L000E	0xECBE4	FUN_000ec080	FUN_000ecbe4	FUN_000ec080	562	e5dcd0938bb84b3733f56717d5f82b06dee485ba8eaec78ac2eeffced89fcdfe	source_unnamed	unique_full_body_sha256
LF9G003T	0x1B4FF8	LF9L000E	0x1BE274	FUN_001b4ff8	FUN_001be274	FUN_001b4ff8	34	e5f9b41912dabee7753ea7f9d29fb1b17cd085274f5fa5a1676821b5248f5a7a	source_unnamed	unique_full_body_sha256
LF9G003T	0x27DA2C	LF9L000E	0x27DBC0	FUN_0027da2c	FUN_0027dbc0	FUN_0027da2c	218	e6350748aeb33c0d0d6362b386d0218b69c5c3b76b555e705aea177c45b3b112	source_unnamed	unique_full_body_sha256
LF9G003T	0xC447A	LF9L000E	0xC4876	FUN_000c447a	FUN_000c4876	FUN_000c447a	76	e657b4f9ac0d1aaa2f577674aba9640eb4d4e7e9ec982526bee91ea6f8b0de16	source_unnamed	unique_full_body_sha256
LF9G003T	0x1ECCCC	LF9L000E	0x1F609C	FUN_001ecccc	FUN_001f609c	FUN_001ecccc	30	e662528f6328368af68dbad2c121c19ae231adf55eba46a4e8d18431f63f5bd9	source_unnamed	unique_full_body_sha256
LF9G003T	0x1C51B4	LF9L000E	0x1CE55C	FUN_001c51b4	FUN_001ce55c	FUN_001c51b4	52	e663acfef01f8613e907047ee23964a2cd1f036c131135d8a6395e3343e85587	source_unnamed	unique_full_body_sha256
LF9G003T	0x97D9C	LF9L000E	0x98020	FUN_00097d9c	FUN_00098020	FUN_00097d9c	50	e669535b45b70c5cfd05726852063b4e1ba33a05cb4270ad1ce8307f2d7271ed	source_unnamed	unique_full_body_sha256
LF9G003T	0x1D505C	LF9L000E	0x1DE404	FUN_001d505c	FUN_001de404	FUN_001d505c	100	e673649a7c1339ec4b4877e802f48f1aeee03452eed1085f90065250616c22fa	source_unnamed	unique_full_body_sha256
LF9G003T	0x1EDD28	LF9L000E	0x1F70F8	thunk_FUN_001ee9d6	thunk_FUN_001f7da6	thunk_FUN_001ee9d6	6	e67cd514ea42ab8b701c34637b1e6159946b434e951b6b84cc53c2d9cd4f8476	source_unnamed	unique_full_body_sha256
LF9G003T	0x79E5C	LF9L000E	0x79FD4	FUN_00079e5c	FUN_00079fd4	FUN_00079e5c	142	e67cfc6b4a6f5809e750ef21601c058bcb9e4c6273e7890696dee6bbeb016d52	source_unnamed	unique_full_body_sha256
LF9G003T	0x1F0ED0	LF9L000E	0x1FA2A0	FUN_001f0ed0	FUN_001fa2a0	FUN_001f0ed0	12	e6880c9a9e35304f7bbf446fd49cd5fac6e06edc3a7caae5091974596ef06c19	source_unnamed	unique_full_body_sha256
LF9G003T	0x193E68	LF9L000E	0x19B84C	FUN_00193e68	FUN_0019b84c	FUN_00193e68	70	e695d199709457649df47f72efcf7eb0dc60fbfcb3d3fa824b95856a069ff5ac	source_unnamed	unique_full_body_sha256
LF9G003T	0x97866	LF9L000E	0x97AEA	FUN_00097866	FUN_00097aea	FUN_00097866	66	e6ba50859db5def35195f6eb76d1a614288bb03b3d1456d7000948e59a1d1fb4	source_unnamed	unique_full_body_sha256
LF9G003T	0xFE218	LF9L000E	0xFED84	FUN_000fe218	FUN_000fed84	FUN_000fe218	78	e6f9b980b7101897583935e7511eeab0b781b7e45e1204b6edfc19466e1ef42a	source_unnamed	unique_full_body_sha256
LF9G003T	0xC0C28	LF9L000E	0xC1014	FUN_000c0c28	FUN_000c1014	FUN_000c0c28	106	e72ce67c110cefe324efcda29bf88db060d7785f808c0038033dd5e21f5edc5b	source_unnamed	unique_full_body_sha256
LF9G003T	0x1620D8	LF9L000E	0x163AE0	FUN_001620d8	FUN_00163ae0	FUN_001620d8	322	e73b2a3a6dec661b218f46e50a3df5394952504c5fd19299b27233fde6676f18	source_unnamed	unique_full_body_sha256
LF9G003T	0x1B44E8	LF9L000E	0x1BD764	FUN_001b44e8	FUN_001bd764	FUN_001b44e8	84	e73d86b5d5e6dd31cc3284b891bb684ab6a835ac4819b499dc6dc0fd3b36a564	source_unnamed	unique_full_body_sha256
LF9G003T	0xBA04C	LF9L000E	0xBA438	FUN_000ba04c	FUN_000ba438	FUN_000ba04c	170	e743fef5a5b06c5bac3c30dfef3f64812ab4a029f118d467731343eab2e85aa4	source_unnamed	unique_full_body_sha256
LF9G003T	0x11C3B0	LF9L000E	0x11CF48	FUN_0011c3b0	FUN_0011cf48	FUN_0011c3b0	262	e763864a00f9775a4e894df9af8ea8dc70aa933b5fd23059408966c300127ba8	source_unnamed	unique_full_body_sha256
LF9G003T	0x209B04	LF9L000E	0x212F40	udiv64_core	udiv64_core	udiv64_core	230	e77ecbefb7c84f7f75e93b1e704bb8b0fad41a5c1c9b63214097a0da3cd166df	already_named	unique_full_body_sha256
LF9G003T	0xB034E	LF9L000E	0xB05D2	FUN_000b034e	FUN_000b05d2	FUN_000b034e	94	e78924fe0a3ffcb899c4c981277800a41088f100237304bb05604dc89bc9213c	source_unnamed	unique_full_body_sha256
LF9G003T	0x1F49F8	LF9L000E	0x1FDDC8	FUN_001f49f8	FUN_001fddc8	FUN_001f49f8	6	e7a69e3f2bd026b93cecb20e99c67d5473f1e258445c9b7d1b63ddb07309dbd9	source_unnamed	unique_full_body_sha256
LF9G003T	0x10C4B8	LF9L000E	0x10D024	FUN_0010c4b8	FUN_0010d024	FUN_0010c4b8	266	e7ec9bb748a03c87415ef64199bb5da44e184bcd4daa22d804bbffb9084b0555	source_unnamed	unique_full_body_sha256
LF9G003T	0x954B4	LF9L000E	0x95738	FUN_000954b4	FUN_00095738	FUN_000954b4	22	e7ff4dc85c2f67d6d734a64bf1b3edd8ef5725b7e96f7ab21bfd8d164873e874	source_unnamed	unique_full_body_sha256
LF9G003T	0x116DF8	LF9L000E	0x117964	FUN_00116df8	FUN_00117964	FUN_00116df8	214	e8191f28fe7637f42d9fb526b85532f38c4f01c98bafa849343400f5d7b0a14a	source_unnamed	unique_full_body_sha256
LF9G003T	0x207986	LF9L000E	0x210DC2	FUN_00207986	FUN_00210dc2	FUN_00207986	10	e81d8d4091d74ac7301443ee524964638887fd56f128658b59ac82c4ee0a05ac	source_unnamed	unique_full_body_sha256
LF9G003T	0x93582	LF9L000E	0x93806	FUN_00093582	FUN_00093806	FUN_00093582	58	e82f86819896ff52792d7b70b60d5a0ed1cf80440639132d4ea9f3e1605db842	source_unnamed	unique_full_body_sha256
LF9G003T	0x1F99D0	LF9L000E	0x202DA0	FUN_001f99d0	FUN_00202da0	FUN_001f99d0	46	e841bab85801e1cffeabab8a484cd2ee2812ca5b15c9f4b2f7bc11ad57c8147f	source_unnamed	unique_full_body_sha256
LF9G003T	0xEF410	LF9L000E	0xEFF7C	FUN_000ef410	FUN_000eff7c	FUN_000ef410	76	e86dbc8acc6ab8ecadbfc2a6655db7685699e363cff3b8e754b04dacab1473b1	source_unnamed	unique_full_body_sha256
LF9G003T	0x1F1B7C	LF9L000E	0x1FAF4C	FUN_001f1b7c	FUN_001faf4c	FUN_001f1b7c	52	e88f4dd505b3172e56685b85f8726e7f49a946d31a581ed8fbc0747dda4ed929	source_unnamed	unique_full_body_sha256
LF9G003T	0x1F2208	LF9L000E	0x1FB5D8	FUN_001f2208	FUN_001fb5d8	FUN_001f2208	10	e8b72140dd8436b059bac5e38e10c997e283ea19068bec2cf6f2a73e23598be8	source_unnamed	unique_full_body_sha256
LF9G003T	0xDBDE0	LF9L000E	0xDC91C	FUN_000dbde0	FUN_000dc91c	FUN_000dbde0	30	e8c433bb4dbaa095ee05ced6404db0629569633c60b5c1bd327a1a9cb4c1e910	source_unnamed	unique_full_body_sha256
LF9G003T	0x90994	LF9L000E	0x90C18	FUN_00090994	FUN_00090c18	FUN_00090994	366	e8db0aa447dff6ae01afbea638caee3e8791746fd11dc46626b1d0aa2cee3371	source_unnamed	unique_full_body_sha256
LF9G003T	0x906F0	LF9L000E	0x90974	FUN_000906f0	FUN_00090974	FUN_000906f0	90	e8f9c6f6c29f9317b7f10a3348a6e4d57b177688397a7c2e338bf3373e36eccd	source_unnamed	unique_full_body_sha256
LF9G003T	0xAE680	LF9L000E	0xAE904	FUN_000ae680	FUN_000ae904	FUN_000ae680	454	e90c2b87b753b463e00a43fc82fe086693bdb3c9c305f0e0adbb27552eee2eaf	source_unnamed	unique_full_body_sha256
LF9G003T	0x90F34	LF9L000E	0x911B8	FUN_00090f34	FUN_000911b8	FUN_00090f34	270	e93800251c9ca75a423c34b8f16f64aa7568508ab4947f6961ef646a8fb1275d	source_unnamed	unique_full_body_sha256
LF9G003T	0xC3D46	LF9L000E	0xC4142	FUN_000c3d46	FUN_000c4142	FUN_000c3d46	144	e96312de39812df8dd0b4333f25583c819d74f68cf510489bfa611e687c614e0	source_unnamed	unique_full_body_sha256
LF9G003T	0xF7CC4	LF9L000E	0xF8830	FUN_000f7cc4	FUN_000f8830	FUN_000f7cc4	56	e9632850f973e5dcf74c94b4b86b892b2872e09c0a942ec8b5218a25c7dd54f7	source_unnamed	unique_full_body_sha256
LF9G003T	0x1FA536	LF9L000E	0x203906	FUN_001fa536	FUN_00203906	FUN_001fa536	32	e9650d4571f5bc669e9e402b7d7eb173c2222a87555995b5d7e46252bcd3aff9	source_unnamed	unique_full_body_sha256
LF9G003T	0x1372E8	LF9L000E	0x137EA4	FUN_001372e8	FUN_00137ea4	FUN_001372e8	56	e978cd27f08650718b9e77b8de459d659537cc31c389c0eea90e771ad0b24aa2	source_unnamed	unique_full_body_sha256
LF9G003T	0x1C416C	LF9L000E	0x1CD514	FUN_001c416c	FUN_001cd514	FUN_001c416c	46	e993a6ad06e604430c11343f3ac6578276f8159b4ded7bc0266b9e9e1096872f	source_unnamed	unique_full_body_sha256
LF9G003T	0x13CFC4	LF9L000E	0x13DB80	FUN_0013cfc4	FUN_0013db80	FUN_0013cfc4	34	e9c7e61e2d53bff66d32e46fa67cc2eb3cfaf378eecd9c4b255ff0d45dc67698	source_unnamed	unique_full_body_sha256
LF9G003T	0x1DEC70	LF9L000E	0x1E8028	FUN_001dec70	FUN_001e8028	FUN_001dec70	58	e9dfd518b448ae50f0a89b38fa8a97f7ee8a4400619bf44323339945aa8fc3d1	source_unnamed	unique_full_body_sha256
LF9G003T	0x13AD74	LF9L000E	0x13B930	FUN_0013ad74	FUN_0013b930	FUN_0013ad74	16	e9e07745cd85dec8391e934b49fc5c4ff179f97f527a3f0d0cb23e0f722ee5af	source_unnamed	unique_full_body_sha256
LF9G003T	0x20964C	LF9L000E	0x212A88	FUN_0020964c	FUN_00212a88	FUN_0020964c	24	e9fb0efb88fdffa3b76b9f6762cf84ae07a2125f3483c9ccdff82ceead3f6eea	source_unnamed	unique_full_body_sha256
LF9G003T	0x1F85E2	LF9L000E	0x2019B2	FUN_001f85e2	FUN_002019b2	FUN_001f85e2	38	ea02028b7be9fc30b15f6bacb660488faa3644a701a1f0372af7bc1d22185516	source_unnamed	unique_full_body_sha256
LF9G003T	0xBA3AE	LF9L000E	0xBA79A	FUN_000ba3ae	FUN_000ba79a	FUN_000ba3ae	18	ea0de379bf0b7df1e35a0eea2d2d992bfddd9738c67b9d5c0da5fd75cedc6a61	source_unnamed	unique_full_body_sha256
LF9G003T	0x27EB80	LF9L000E	0x27ED14	FUN_0027eb80	FUN_0027ed14	FUN_0027eb80	6	ea2e9bb8cd8503d245e7a486d9094611e60c9af65ffeeaec7acdb8a90177cf22	source_unnamed	unique_full_body_sha256
LF9G003T	0x124EB8	LF9L000E	0x125A64	FUN_00124eb8	FUN_00125a64	FUN_00124eb8	34	ea3a5e22133fe02a6c0df92481f83a6908078ebf97a7625a4432bd0cf1b6fe65	source_unnamed	unique_full_body_sha256
LF9G003T	0x6D4C	LF9L000E	0x6D4C	FUN_00006d4c	FUN_00006d4c	FUN_00006d4c	22	ea44c813580081f609d173df05f7e16d7941055d168971fe74a8de5ecd66ffb4	source_unnamed	unique_full_body_sha256
LF9G003T	0x165864	LF9L000E	0x1671B4	FUN_00165864	FUN_001671b4	FUN_00165864	212	ea638526176a827c956b801302f0edc648df214892188c6f00604ca74e3435e2	source_unnamed	unique_full_body_sha256
LF9G003T	0x1F1068	LF9L000E	0x1FA438	FUN_001f1068	FUN_001fa438	FUN_001f1068	10	ea8bcc66403ef5c7fcff43c2d028a1e67c7530b970cace8ddbe5c2f0517b5dc2	source_unnamed	unique_full_body_sha256
LF9G003T	0xBF2CC	LF9L000E	0xBF6B8	FUN_000bf2cc	FUN_000bf6b8	FUN_000bf2cc	62	ea8d12af9f8f078d7efb0d0ca8a763b89b24794770235c98a86ccceab7474b43	source_unnamed	unique_full_body_sha256
LF9G003T	0x116ED4	LF9L000E	0x117A40	FUN_00116ed4	FUN_00117a40	FUN_00116ed4	26	ea9f628ae3018cf7505a56c0c5c14f62293affa9b44cfc15302603da34459642	source_unnamed	unique_full_body_sha256
LF9G003T	0x192D8C	LF9L000E	0x19A5AC	FUN_00192d8c	FUN_0019a5ac	FUN_00192d8c	40	eab8bdae31b9a2cfd5e7203e82503005700f876f3bc00089ed56389f7c8ead78	source_unnamed	unique_full_body_sha256
LF9G003T	0xD9BCC	LF9L000E	0xDA708	FUN_000d9bcc	FUN_000da708	FUN_000d9bcc	148	eac223cd7c5ca642ae870c792f81ab2db96ee9b8592427c5d16b11a043fbb55d	source_unnamed	unique_full_body_sha256
LF9G003T	0x79778	LF9L000E	0x798F0	diag_monitor_mature_rec01	diag_monitor_mature_rec01	diag_monitor_mature_rec01	46	eac93fccdeb9dbb2519ef06620fde017579559ec1896ccae67da6efe5e37e9af	already_named	unique_full_body_sha256
LF9G003T	0x7B3DC	LF9L000E	0x7B554	FUN_0007b3dc	FUN_0007b554	FUN_0007b3dc	40	eace3d013fbb43624a8f03470779ddb704972a4227264df87673bd901b0ffca3	source_unnamed	unique_full_body_sha256
LF9G003T	0x1FADD4	LF9L000E	0x2041A4	FUN_001fadd4	FUN_002041a4	FUN_001fadd4	10	ead80744616c2ede27f050e4845f4e4398371790fcc2420f36a6987af1b4ac89	source_unnamed	unique_full_body_sha256
LF9G003T	0xC7B84	LF9L000E	0xC7F80	FUN_000c7b84	FUN_000c7f80	FUN_000c7b84	20	eaf4345da6c79e63bdad967db2b9fcf1c19f4347cb9edc75b69e8f06731e4e9e	source_unnamed	unique_full_body_sha256
LF9G003T	0x2078B8	LF9L000E	0x210CF4	FUN_002078b8	FUN_00210cf4	FUN_002078b8	112	eaf43b3fa9c4b30d954d6ca444eb7756f9029abfb35c16f7fb106f8570d4628e	source_unnamed	unique_full_body_sha256
LF9G003T	0x20A850	LF9L000E	0x213C8C	FUN_0020a850	FUN_00213c8c	FUN_0020a850	172	eaf8f3d0f8724f6118753e316025b395423baa472fbc09b1edc0f1620c317e8d	source_unnamed	unique_full_body_sha256
LF9G003T	0xC453C	LF9L000E	0xC4938	FUN_000c453c	FUN_000c4938	FUN_000c453c	66	eb0fb8f9b25722dc2c569a363aaee869c84e687d7592a62e7dd4c0498f16192f	source_unnamed	unique_full_body_sha256
LF9G003T	0xF6A60	LF9L000E	0xF75CC	FUN_000f6a60	FUN_000f75cc	FUN_000f6a60	148	eb44cc46d72d6b6978f8fb20a57b9bfc0b44e30f5b58c1dbda6cdf8e7010bed4	source_unnamed	unique_full_body_sha256
LF9G003T	0x1F0F2A	LF9L000E	0x1FA2FA	FUN_001f0f2a	FUN_001fa2fa	FUN_001f0f2a	12	eb49bce5d7ebabbb650ce1668a62c7067c5842e685930a5f623dfb03fa0245ae	source_unnamed	unique_full_body_sha256
LF9G003T	0x7F4BE	LF9L000E	0x7F636	FUN_0007f4be	FUN_0007f636	FUN_0007f4be	42	eb56a151028b865f1a5507a59d19d6976cbb1cdef9362a07063543d153d34b96	source_unnamed	unique_full_body_sha256
LF9G003T	0x1EBA0C	LF9L000E	0x1F4DDC	FUN_001eba0c	FUN_001f4ddc	FUN_001eba0c	72	eb6263cadc72047277067058c95547631166666eb36f7839f5a730b0dae489ad	source_unnamed	unique_full_body_sha256
LF9G003T	0x8A728	LF9L000E	0x8A9AC	FUN_0008a728	FUN_0008a9ac	FUN_0008a728	90	eb65cfc057e4bf479cd22680d5ed3e16b63ae773554f8601d5d723a34efdb0e7	source_unnamed	unique_full_body_sha256
LF9G003T	0xA0FFC	LF9L000E	0xA1280	FUN_000a0ffc	FUN_000a1280	FUN_000a0ffc	112	eb95bc58face5da23a50f31e5feace12a60bbf20e4c2836d5e249695dff54924	source_unnamed	unique_full_body_sha256
LF9G003T	0x16578C	LF9L000E	0x1670DC	FUN_0016578c	FUN_001670dc	FUN_0016578c	210	eb9d3b8864f743e7caec4538bcba51db498266083fd289be6f7bb1bee9cf96f0	source_unnamed	unique_full_body_sha256
LF9G003T	0xC52E8	LF9L000E	0xC56E4	FUN_000c52e8	FUN_000c56e4	FUN_000c52e8	102	ebc6060e7be9e1171af6f0c4b426f62a4a72455923ff397ae0f15b4f349a8c56	source_unnamed	unique_full_body_sha256
LF9G003T	0x1C3360	LF9L000E	0x1CC6A0	FUN_001c3360	FUN_001cc6a0	FUN_001c3360	48	ebf9b9ee28efcf0e5c6546a5ce1f3696227ba5588d50215011d63651dd68890c	source_unnamed	unique_full_body_sha256
LF9G003T	0x1C0368	LF9L000E	0x1C96A8	FUN_001c0368	FUN_001c96a8	FUN_001c0368	424	ec0564f833173cb28465f37b6ef55f8d522a4c28f461cd4719b9e360d3f1bc93	source_unnamed	unique_full_body_sha256
LF9G003T	0x96E18	LF9L000E	0x9709C	FUN_00096e18	FUN_0009709c	FUN_00096e18	10	ec3b5a98f1d9220aa0e0c9d73479d85425027919e0968a0d9ac2e645b63c97a7	source_unnamed	unique_full_body_sha256
LF9G003T	0x13CD0C	LF9L000E	0x13D8C8	FUN_0013cd0c	FUN_0013d8c8	FUN_0013cd0c	30	ec3c43c3e9cb1fdffe9ed148f3046c5c236822616ea721b871499b4f3eb265bd	source_unnamed	unique_full_body_sha256
LF9G003T	0x1D4F00	LF9L000E	0x1DE2A8	FUN_001d4f00	FUN_001de2a8	FUN_001d4f00	56	ec4fcc47cd68a3647d4d78b086b70c441627688e8f8213c26006f5ce8c8e6f5a	source_unnamed	unique_full_body_sha256
LF9G003T	0x7B38C	LF9L000E	0x7B504	FUN_0007b38c	FUN_0007b504	FUN_0007b38c	40	ec71e2d1473b00a226cbaa0b450802a26b809abb7b80b6c3091581fddeacfbfb	source_unnamed	unique_full_body_sha256
LF9G003T	0x79C34	LF9L000E	0x79DAC	FUN_00079c34	FUN_00079dac	FUN_00079c34	48	eca13a48c6628547980e8b3a15ba3d767efdb9d249e28a935edb057f486af554	source_unnamed	unique_full_body_sha256
LF9G003T	0x1C1900	LF9L000E	0x1CAC40	FUN_001c1900	FUN_001cac40	FUN_001c1900	64	ecc4d06cd2ae6e98526ada12749894a0229b1280e98e47312388f153fb7a9c48	source_unnamed	unique_full_body_sha256
LF9G003T	0x1C3824	LF9L000E	0x1CCB64	FUN_001c3824	FUN_001ccb64	FUN_001c3824	24	ecc5c3bd9d42c9dc944c058b2548cab29550cbe28e6951000572fdb9028e8c8c	source_unnamed	unique_full_body_sha256
LF9G003T	0x1C9910	LF9L000E	0x1D2CB8	FUN_001c9910	FUN_001d2cb8	FUN_001c9910	70	ecfc3fa38363b0af3cffa46c8db8d01c80839fe793d4f38176e365e31c6bcd78	source_unnamed	unique_full_body_sha256
LF9G003T	0x1F7A86	LF9L000E	0x200E56	thunk_FUN_001f7c26	thunk_FUN_00200ff6	thunk_FUN_001f7c26	6	ed514c0018a0c8fb2e1ccdba1583026f63be4b922ea91ed7a79a95733feaf4ea	source_unnamed	unique_full_body_sha256
LF9G003T	0x1ECB14	LF9L000E	0x1F5EE4	sig_set_fwd_1b	sig_set_fwd_1b	sig_set_fwd_1b	6	ed70a2114c339554ce3b5cd4e75cdabd9eeace99657a0dada5dfd2dd06488ce9	already_named	unique_full_body_sha256
LF9G003T	0x207708	LF9L000E	0x210B44	FUN_00207708	FUN_00210b44	FUN_00207708	72	ed78a3cf9244e2b1c40c4ad4816ff8665e3c231ad26a9ec2d2b2613a140e8203	source_unnamed	unique_full_body_sha256
LF9G003T	0x19DBA0	LF9L000E	0x1A6D40	FUN_0019dba0	FUN_001a6d40	FUN_0019dba0	116	ed7a89737dc0aabe8ea519ca8672e80f41f7ea5670982a97dda0a492470d6dd7	source_unnamed	unique_full_body_sha256
LF9G003T	0x1C2274	LF9L000E	0x1CB5B4	FUN_001c2274	FUN_001cb5b4	FUN_001c2274	54	ed7b39b66855a75009be1cce184d123b038457fe927ffe6717216de33d9a8bf7	source_unnamed	unique_full_body_sha256
LF9G003T	0x1C4688	LF9L000E	0x1CDA30	FUN_001c4688	FUN_001cda30	FUN_001c4688	86	ed89d514b9b675224944892b9b02518248bc4e122fe9c543f3e11a7c308de8a9	source_unnamed	unique_full_body_sha256
LF9G003T	0xB8130	LF9L000E	0xB849C	FUN_000b8130	FUN_000b849c	FUN_000b8130	36	ed95796cdb924b15f20659c974800f4767a4692462df47c98804d7367097c18b	source_unnamed	unique_full_body_sha256
LF9G003T	0x19E010	LF9L000E	0x1A71B0	FUN_0019e010	FUN_001a71b0	FUN_0019e010	60	edaf1c095cdc756157ef5d97f2c464aa409c9feb28ca15ac1adc55161e23285c	source_unnamed	unique_full_body_sha256
LF9G003T	0xB5310	LF9L000E	0xB567C	FUN_000b5310	FUN_000b567c	FUN_000b5310	38	ede17ce1844badb4033ddaa0da6ec0245ed6f059f63d123e1d94897af13a44e3	source_unnamed	unique_full_body_sha256
LF9G003T	0x1EDD1A	LF9L000E	0x1F70EA	FUN_001edd1a	FUN_001f70ea	FUN_001edd1a	6	edf5bbc8c984218ea85042014671198da9355cd22cd25de5c62de1b80b2a0142	source_unnamed	unique_full_body_sha256
LF9G003T	0x7FF10	LF9L000E	0x80088	FUN_0007ff10	FUN_00080088	FUN_0007ff10	18	edf5d31c4509191a686294ef18a0110c833790b355a53d457a8c38fe7c42e539	source_unnamed	unique_full_body_sha256
LF9G003T	0xB7D9A	LF9L000E	0xB8106	FUN_000b7d9a	FUN_000b8106	FUN_000b7d9a	100	edf6b392296994714f7032f7a7a84356649a06baaab1b2d8114a5c282bcac7e3	source_unnamed	unique_full_body_sha256
LF9G003T	0x7A3B2	LF9L000E	0x7A52A	FUN_0007a3b2	FUN_0007a52a	FUN_0007a3b2	190	ee34244725ef7accb24faface3353c6aa1506d04db1f2ef90c727d0334f46d46	source_unnamed	unique_full_body_sha256
LF9G003T	0x79B4A	LF9L000E	0x79CC2	FUN_00079b4a	FUN_00079cc2	FUN_00079b4a	46	ee461c99027d3a71cb299e7c3c9b4ffdd12b65d892b87d3f5b18b72e1e206d51	source_unnamed	unique_full_body_sha256
LF9G003T	0xB6BBC	LF9L000E	0xB6F28	FUN_000b6bbc	FUN_000b6f28	FUN_000b6bbc	268	ee4975c41c4ed98f11a683ca195fa7625622d789dad67d53b8d3948f5929332f	source_unnamed	unique_full_body_sha256
LF9G003T	0x1B4E8C	LF9L000E	0x1BE108	FUN_001b4e8c	FUN_001be108	FUN_001b4e8c	108	ee67fa7e529629d00f3de0a86a521bc2d5b1576d263c2b7258a9bebd155a5f6c	source_unnamed	unique_full_body_sha256
LF9G003T	0xD539C	LF9L000E	0xD5AF0	comm_frame_finalize_and_hw_reset	comm_frame_finalize_and_hw_reset	comm_frame_finalize_and_hw_reset	334	ee7459bf48c1cf855d4759c57196e42019fe25e8f3fa54d761d7254a9fe236db	already_named	unique_full_body_sha256
LF9G003T	0x1B4F00	LF9L000E	0x1BE17C	FUN_001b4f00	FUN_001be17c	FUN_001b4f00	118	eea6302f3729829537cdac988545d2abbf9ff9ebd9fc42c3a505dc1fe19be6eb	source_unnamed	unique_full_body_sha256
LF9G003T	0x149858	LF9L000E	0x14A410	FUN_00149858	FUN_0014a410	FUN_00149858	136	eed7ed7899ca80e235a14a9ee97682dc094610e1178e851cd225cb51ccc7d6c7	source_unnamed	unique_full_body_sha256
LF9G003T	0x161D58	LF9L000E	0x163760	FUN_00161d58	FUN_00163760	FUN_00161d58	100	ef198e82671a9177a0beba056260008119fc6a33a0d296b6eb5c05573afdf3eb	source_unnamed	unique_full_body_sha256
LF9G003T	0xBA5A6	LF9L000E	0xBA992	FUN_000ba5a6	FUN_000ba992	FUN_000ba5a6	50	ef1b01d7dc850b2c0b2cef942c1694750371092701c85e1fdbd9e9232d55a6f0	source_unnamed	unique_full_body_sha256
LF9G003T	0x1C1748	LF9L000E	0x1CAA88	FUN_001c1748	FUN_001caa88	FUN_001c1748	214	ef5e07d903d7aefcd4a8f3b87dd13d6f7f47307e8c4720e2c080785e47e9c745	source_unnamed	unique_full_body_sha256
LF9G003T	0xDEDF8	LF9L000E	0xDF934	FUN_000dedf8	FUN_000df934	FUN_000dedf8	176	ef683fb226cc186404cb4abf7ca47c4b3b7e709ec7eb09717c427b41e6e8a8d0	source_unnamed	unique_full_body_sha256
LF9G003T	0x1F0F12	LF9L000E	0x1FA2E2	FUN_001f0f12	FUN_001fa2e2	FUN_001f0f12	12	ef6ae0c29c4a18b6764bb3e6cecdcbadd324c8fb9b26d0de5bd60192d1ab3546	source_unnamed	unique_full_body_sha256
LF9G003T	0x13FD28	LF9L000E	0x1408E0	FUN_0013fd28	FUN_001408e0	FUN_0013fd28	14	ef6e5094f49211eb8a49749691489b81d10f17505de9632758b5856f50fa566d	source_unnamed	unique_full_body_sha256
LF9G003T	0x1B171C	LF9L000E	0x1BA998	FUN_001b171c	FUN_001ba998	FUN_001b171c	34	ef70b87d0b85d5f4a465e873f7f5b319e3ecea6ce4a8bbd17553d10f851afaba	source_unnamed	unique_full_body_sha256
LF9G003T	0x1ECC84	LF9L000E	0x1F6054	FUN_001ecc84	FUN_001f6054	FUN_001ecc84	6	ef8c552730fe7fc9e2d29e36576e77cf7fe5e94454f028912447630ac7da14e6	source_unnamed	unique_full_body_sha256
LF9G003T	0x1F223A	LF9L000E	0x1FB60A	FUN_001f223a	FUN_001fb60a	FUN_001f223a	8	efc01f591206c9100b7b98fb9fafb887cf2a9aaeeed6976e701c56171625777f	source_unnamed	unique_full_body_sha256
LF9G003T	0xB77C8	LF9L000E	0xB7B34	FUN_000b77c8	FUN_000b7b34	FUN_000b77c8	220	efca04e439db9b2f94b81fe519f9baa5715e1c1964fe481c1314de80dea776d7	source_unnamed	unique_full_body_sha256
LF9G003T	0xBE72E	LF9L000E	0xBEB1A	FUN_000be72e	FUN_000beb1a	FUN_000be72e	66	efffbec263c29fa55c3763bbf05f410094e4a8386147b50e386f7d0066281913	source_unnamed	unique_full_body_sha256
LF9G003T	0x1D765C	LF9L000E	0x1E0A04	FUN_001d765c	FUN_001e0a04	FUN_001d765c	62	f02ad9196a8995af95b63049cc2538f70650a59432de98f83fe2bbf40f06e45e	source_unnamed	unique_full_body_sha256
LF9G003T	0x1F99FE	LF9L000E	0x202DCE	FUN_001f99fe	FUN_00202dce	FUN_001f99fe	96	f03419609474ff07190e8de54b5ca22d9fe02b41631f40f406ddd7f707785253	source_unnamed	unique_full_body_sha256
LF9G003T	0x1FA300	LF9L000E	0x2036D0	FUN_001fa300	FUN_002036d0	FUN_001fa300	176	f05369bacc98a64f5e1be8cb88a1f09f28f61b7b109e6fb866bfad54398b9d6f	source_unnamed	unique_full_body_sha256
LF9G003T	0x1F78FA	LF9L000E	0x200CCA	thunk_FUN_001f79f4	thunk_FUN_00200dc4	thunk_FUN_001f79f4	6	f0566a494f83a762d1b569085227c8fe2eb3a26d2896fba48026552af1ba1af4	source_unnamed	unique_full_body_sha256
LF9G003T	0x1D844C	LF9L000E	0x1E17F4	FUN_001d844c	FUN_001e17f4	FUN_001d844c	216	f062e77ebafbe3c90ab50a75cd7048335dcfdea6a7dd171c749ef789e02150dc	source_unnamed	unique_full_body_sha256
LF9G003T	0x1F0A96	LF9L000E	0x1F9E66	FUN_001f0a96	FUN_001f9e66	FUN_001f0a96	44	f06cfd8e9a01247c21e9e1b1ef58a609f756b8251daa008daeff54d5dace519d	source_unnamed	unique_full_body_sha256
LF9G003T	0x197EA0	LF9L000E	0x1A1040	FUN_00197ea0	FUN_001a1040	FUN_00197ea0	184	f0843ec8b8ecc095a2897508ad6c4389d60e00430b9eda112b452cf1b3aefa8f	source_unnamed	unique_full_body_sha256
LF9G003T	0x1F5A94	LF9L000E	0x1FEE64	FUN_001f5a94	FUN_001fee64	FUN_001f5a94	36	f091e6e9e7bf43a0c119a1aa1087d5ae768dcb83e4914da5afc9cba22643a21c	source_unnamed	unique_full_body_sha256
LF9G003T	0x1F881E	LF9L000E	0x201BEE	FUN_001f881e	FUN_00201bee	FUN_001f881e	6	f0b6244ddd6226736a4926941df6219b44d8ffb44be67a8be15e63166796c719	source_unnamed	unique_full_body_sha256
LF9G003T	0xCD41E	LF9L000E	0xCDADA	uds_22_read_f2xx_did	uds_22_read_f2xx_did	uds_22_read_f2xx_did	140	f0b6b21895c9cbc2986f8a318309dce2fffe2dd96d21d91b5939be8a1ff90a30	already_named	unique_full_body_sha256
LF9G003T	0x115FF8	LF9L000E	0x116B64	FUN_00115ff8	FUN_00116b64	FUN_00115ff8	680	f0bfea955763e23b88258ae3067edf53459a375c15088b6bcdb7cf5e26334e8c	source_unnamed	unique_full_body_sha256
LF9G003T	0x20B2F0	LF9L000E	0x21472C	FUN_0020b2f0	FUN_0021472c	FUN_0020b2f0	116	f0da37cf261a7b0b3cee5539dd854a245b8eab9e61c9dd9e355f08967668995c	source_unnamed	unique_full_body_sha256
LF9G003T	0x1C3584	LF9L000E	0x1CC8C4	FUN_001c3584	FUN_001cc8c4	FUN_001c3584	100	f0f3ce710fc18c0dba88cd3a6d80a91f862ad95ef5261dd8a554c909903c5ea0	source_unnamed	unique_full_body_sha256
LF9G003T	0xC09FA	LF9L000E	0xC0DE6	FUN_000c09fa	FUN_000c0de6	FUN_000c09fa	106	f1007e44bb7f77e353fd925430e49d853d7aee394ab9bdf8d9eaa6bfe02d3f0f	source_unnamed	unique_full_body_sha256
LF9G003T	0xAFC78	LF9L000E	0xAFEFC	FUN_000afc78	FUN_000afefc	FUN_000afc78	8	f1057884c4c2bc66fd6ea0b91805a27ab903196c606555c238783072ecd6a1ab	source_unnamed	unique_full_body_sha256
LF9G003T	0xB4D7C	LF9L000E	0xB50E8	FUN_000b4d7c	FUN_000b50e8	FUN_000b4d7c	38	f10b08295f03700970f85f551d2aa84c1b0c0fab95d2f59062e1ba19e03d921c	source_unnamed	unique_full_body_sha256
LF9G003T	0xB4BD6	LF9L000E	0xB4F42	FUN_000b4bd6	FUN_000b4f42	FUN_000b4bd6	14	f134c508eabc79af518eee19f9ddd9e6ccb1f26a4599bbd9620eeaddf4befb3f	source_unnamed	unique_full_body_sha256
LF9G003T	0x91A74	LF9L000E	0x91CF8	FUN_00091a74	FUN_00091cf8	FUN_00091a74	136	f139103c3fb9e9367a74e32c05ea71ebf240cf467ba221bdc1ed469e33765714	source_unnamed	unique_full_body_sha256
LF9G003T	0x97424	LF9L000E	0x976A8	FUN_00097424	FUN_000976a8	FUN_00097424	62	f141e42c0e7976a6148a45d377000b6df948a04e3609c6495fc42ac6746c9916	source_unnamed	unique_full_body_sha256
LF9G003T	0x123104	LF9L000E	0x123CB0	FUN_00123104	FUN_00123cb0	FUN_00123104	16	f14cfebb41ce09d6f131a5017a49ebfff42c9f2aeadbe1cbc88aced316fec622	source_unnamed	unique_full_body_sha256
LF9G003T	0x2066DA	LF9L000E	0x20FB16	FUN_002066da	FUN_0020fb16	FUN_002066da	10	f156d725a51dd783ddefb35ed65f60a47129f3a17c00675099fbd3d97b578956	source_unnamed	unique_full_body_sha256
LF9G003T	0xC5888	LF9L000E	0xC5C84	FUN_000c5888	FUN_000c5c84	FUN_000c5888	292	f16e1caae6fcbbac3a5ef25ce22dab5c1e3349cd1ea5c923ed549edbc796f752	source_unnamed	unique_full_body_sha256
LF9G003T	0xB823C	LF9L000E	0xB8628	FUN_000b823c	FUN_000b8628	FUN_000b823c	28	f18fb4703d2e6e69d6ec3d9b10139dca3ebb0cdf9fb0fcda7d8618f56c5819cc	source_unnamed	unique_full_body_sha256
LF9G003T	0xB616C	LF9L000E	0xB64D8	FUN_000b616c	FUN_000b64d8	FUN_000b616c	24	f1a071bc1b0dcb9a3c1743de73e91b0598f44f27aab74786d851ca810a06fab3	source_unnamed	unique_full_body_sha256
LF9G003T	0x7F3B8	LF9L000E	0x7F530	FUN_0007f3b8	FUN_0007f530	FUN_0007f3b8	90	f1c756edbc2a4e0f3aa8f7d38d7d1fea915162791632943925c42c54144a5265	source_unnamed	unique_full_body_sha256
LF9G003T	0xAEDA0	LF9L000E	0xAF024	sa_key_verify_compare	sa_key_verify_compare	sa_key_verify_compare	108	f1defb77cf4a9d57769fe49e970d5d3bdc3698f6e3e7b409af5dceeecd01bf8f	already_named	unique_full_body_sha256
LF9G003T	0x1A55B8	LF9L000E	0x1AE754	FUN_001a55b8	FUN_001ae754	FUN_001a55b8	38	f1e931b5aff397c30a9a575a4d30f74cbc05772486e006a99ef296b046dfb70b	source_unnamed	unique_full_body_sha256
LF9G003T	0x79920	LF9L000E	0x79A98	FUN_00079920	FUN_00079a98	FUN_00079920	48	f209a70ca33b57074511c5ffe9d8f9e89d97cca5a41c792bd8e6ac1fe8778e88	source_unnamed	unique_full_body_sha256
LF9G003T	0x1EDD38	LF9L000E	0x1F7108	FUN_001edd38	FUN_001f7108	FUN_001edd38	10	f210ea29e679d0382d5fff490116cb917a1260563ee545f90b115d20213380d8	source_unnamed	unique_full_body_sha256
LF9G003T	0x207E96	LF9L000E	0x2112D2	FUN_00207e96	FUN_002112d2	FUN_00207e96	78	f2231dbabaa03cf219f19085ac42ae750325272bf8278b9d53c0942b1abd01b8	source_unnamed	unique_full_body_sha256
LF9G003T	0x1F4ABA	LF9L000E	0x1FDE8A	FUN_001f4aba	FUN_001fde8a	FUN_001f4aba	6	f235eccbbb31b889fd57bc8db029b3d1fad387ffa6fbb7ee6dfa2db79fe80439	source_unnamed	unique_full_body_sha256
LF9G003T	0x11525C	LF9L000E	0x115DC8	FUN_0011525c	FUN_00115dc8	FUN_0011525c	64	f248b25f53b7232134b02b36bb3e9628b6fcce79d2361de46da5f84902236941	source_unnamed	unique_full_body_sha256
LF9G003T	0x10B1A0	LF9L000E	0x10BD0C	FUN_0010b1a0	FUN_0010bd0c	FUN_0010b1a0	250	f25df6f792ffd99d85014f7973b32febe8ace96d35468548d29e60a936edccca	source_unnamed	unique_full_body_sha256
LF9G003T	0x1E225C	LF9L000E	0x1EB624	FUN_001e225c	FUN_001eb624	FUN_001e225c	26	f26c6b5d89ad86bf8b0d3ddfed82f07b18f1e690ce4cfc00946de052e8348cb0	source_unnamed	unique_full_body_sha256
LF9G003T	0x959DC	LF9L000E	0x95C60	FUN_000959dc	FUN_00095c60	FUN_000959dc	98	f273fce07dc0d2ee7f0aef369b24705369183b24936903427448ec81781ae4e7	source_unnamed	unique_full_body_sha256
LF9G003T	0x9095A	LF9L000E	0x90BDE	FUN_0009095a	FUN_00090bde	FUN_0009095a	58	f27d71f4c5d422ad9818f084ce8cc55a2c76c1a30035039f7318ffaa9e20d419	source_unnamed	unique_full_body_sha256
LF9G003T	0x1F0B68	LF9L000E	0x1F9F38	FUN_001f0b68	FUN_001f9f38	FUN_001f0b68	44	f2a5d58921d7de26c64a76d57ab35e4fbe3b6c3aeb13f59d68cf6bf03808e232	source_unnamed	unique_full_body_sha256
LF9G003T	0xE9720	LF9L000E	0xEA284	FUN_000e9720	FUN_000ea284	FUN_000e9720	64	f2ceb551256fc82ef4cb383279382fe70365442de6bff4fecee9a0643c595b34	source_unnamed	unique_full_body_sha256
LF9G003T	0x1D0BDC	LF9L000E	0x1D9F84	FUN_001d0bdc	FUN_001d9f84	FUN_001d0bdc	56	f2f6fc6f1514d678712ad7241616899a3abca95e54a23fe44d7b215b660b4fea	source_unnamed	unique_full_body_sha256
LF9G003T	0x1C84B4	LF9L000E	0x1D185C	FUN_001c84b4	FUN_001d185c	FUN_001c84b4	80	f31583819d0c64d91e80f6a4a55559015ec1542f38cd720d1ad10d6104f4444b	source_unnamed	unique_full_body_sha256
LF9G003T	0xBA522	LF9L000E	0xBA90E	FUN_000ba522	FUN_000ba90e	FUN_000ba522	66	f3367a740b2a176e3d6a287bb983a792ca9ec54509fbe9b3fa31a79059059558	source_unnamed	unique_full_body_sha256
LF9G003T	0x1A7FFC	LF9L000E	0x1B1198	FUN_001a7ffc	FUN_001b1198	FUN_001a7ffc	92	f339f4c1c0f84aa430500eb930ece3b5c96734c2b275b2f5a5d5a01fa31bfa0e	source_unnamed	unique_full_body_sha256
LF9G003T	0x27E77C	LF9L000E	0x27E910	FUN_0027e77c	FUN_0027e910	FUN_0027e77c	6	f34f8949f67cc3850e837dd5ed5d1497e175c7bde5c8fcb2f7a9a34cac802979	source_unnamed	unique_full_body_sha256
LF9G003T	0xDEFD8	LF9L000E	0xDFB14	FUN_000defd8	FUN_000dfb14	FUN_000defd8	82	f35a39a686a953c349ec50bd06b4beeff36353cf2b2fe0e735c42ac85005e7d5	source_unnamed	unique_full_body_sha256
LF9G003T	0xB82A2	LF9L000E	0xB868E	FUN_000b82a2	FUN_000b868e	FUN_000b82a2	254	f3640333af0dd5d06fff8fce5d9b025a667d996f2a6be3738443998472709968	source_unnamed	unique_full_body_sha256
LF9G003T	0x12FE18	LF9L000E	0x1309C4	FUN_0012fe18	FUN_001309c4	FUN_0012fe18	42	f36750a8048f12194a00c4eac9e31113c1d203c039cd0b6682fe0039ee511d21	source_unnamed	unique_full_body_sha256
LF9G003T	0x13A744	LF9L000E	0x13B300	FUN_0013a744	FUN_0013b300	FUN_0013a744	54	f36a1e38235b9f0fb700d33421e5a202d600d52a2fe7de4cc7ad198b5aee85b4	source_unnamed	unique_full_body_sha256
LF9G003T	0x15EA9C	LF9L000E	0x15F654	FUN_0015ea9c	FUN_0015f654	FUN_0015ea9c	102	f36cd0e628b149651f04fb6843f6b77a6219be603deed4dc9e8c92ba47175904	source_unnamed	unique_full_body_sha256
LF9G003T	0x14A85C	LF9L000E	0x14B414	FUN_0014a85c	FUN_0014b414	FUN_0014a85c	224	f37b8cb1a52cc6a9b0098cfeba20b88c51d726e8c20714e90f22d9279a7dbcc4	source_unnamed	unique_full_body_sha256
LF9G003T	0x7368	LF9L000E	0x7368	FUN_00007368	FUN_00007368	FUN_00007368	14	f386f7fe176014d12f19fe47f7922016b2c1edbfd85daec238ca5c4c2b11200b	source_unnamed	unique_full_body_sha256
LF9G003T	0x1C8464	LF9L000E	0x1D180C	FUN_001c8464	FUN_001d180c	FUN_001c8464	78	f3a2ee53088b9aeb8b0638c472a230facfb3adc9df3a9d8ba11021900e90207e	source_unnamed	unique_full_body_sha256
LF9G003T	0x8FACC	LF9L000E	0x8FD50	FUN_0008facc	FUN_0008fd50	FUN_0008facc	84	f3a95443535d546bd6022d909bb6ff46276d5b6e723b3b715a4f52503816803d	source_unnamed	unique_full_body_sha256
LF9G003T	0x1B4F7C	LF9L000E	0x1BE1F8	FUN_001b4f7c	FUN_001be1f8	FUN_001b4f7c	120	f3ffde53466fa184abd252cb30debf3a202adc0f270a3c81d0bf9499d4e76fde	source_unnamed	unique_full_body_sha256
LF9G003T	0x1F0A36	LF9L000E	0x1F9E06	FUN_001f0a36	FUN_001f9e06	FUN_001f0a36	10	f45ce1b510c99695fb3cbe9fec276b709620e214301a2447c79dbcdea6c78d29	source_unnamed	unique_full_body_sha256
LF9G003T	0x1F7D76	LF9L000E	0x201146	FUN_001f7d76	FUN_00201146	FUN_001f7d76	10	f478b4d586caddb1fd60fe1902336a0248aa668b24df7e9754e45bb810b73b14	source_unnamed	unique_full_body_sha256
LF9G003T	0x1C91BC	LF9L000E	0x1D2564	interp_1d_axis_s8_data_s16	interp_1d_axis_s8_data_s16	interp_1d_axis_s8_data_s16	122	f479270157c5d7dcfd863c58b387fef17f721aa0948413e8c184f7f505d067f0	already_named	unique_full_body_sha256
LF9G003T	0x1EDC56	LF9L000E	0x1F7026	FUN_001edc56	FUN_001f7026	FUN_001edc56	6	f48f29fec4807852ae9800749f14b3f40bc9b252090f89e8e088508d4f2fa0af	source_unnamed	unique_full_body_sha256
LF9G003T	0xB4B76	LF9L000E	0xB4EE2	FUN_000b4b76	FUN_000b4ee2	FUN_000b4b76	26	f4b92270d4713439a010d40ec8743d4cf002909f91beb14f0fb101bb65721272	source_unnamed	unique_full_body_sha256
LF9G003T	0x1EB3DC	LF9L000E	0x1F47AC	FUN_001eb3dc	FUN_001f47ac	FUN_001eb3dc	44	f50c8802b0e3076946851d422cddfeea834934e6d19bc1491fa725f19a0a2f17	source_unnamed	unique_full_body_sha256
LF9G003T	0x14D6BC	LF9L000E	0x14E274	FUN_0014d6bc	FUN_0014e274	FUN_0014d6bc	72	f521b14910eab8e508f9072a8df5c3b0a5cbf2d5e465a833403bd055bd915caa	source_unnamed	unique_full_body_sha256
LF9G003T	0x7B4FC	LF9L000E	0x7B674	FUN_0007b4fc	FUN_0007b674	FUN_0007b4fc	40	f54b1f779d3a459529aa9ae68601d05af164df3c861b920c8094a617185f08b4	source_unnamed	unique_full_body_sha256
LF9G003T	0x65AC	LF9L000E	0x65AC	FUN_000065ac	FUN_000065ac	FUN_000065ac	110	f558ee2e336f164663dee0f7ebc2d8dee7882da11a92aea6273861594ee6c40b	source_unnamed	unique_full_body_sha256
LF9G003T	0x1F33E0	LF9L000E	0x1FC7B0	build_status_byte_bitfields	build_status_byte_bitfields	build_status_byte_bitfields	222	f578b91660795eba9eec106f2c18a564be5c4d3af452c007c69dcdd698ceb8df	already_named	unique_full_body_sha256
LF9G003T	0x1ECB20	LF9L000E	0x1F5EF0	sig_set_fwd_1c	sig_set_fwd_1c	sig_set_fwd_1c	6	f59b1e00c21756788f2be31201d21058ba13613b417812334e4fc8edf3ef0fe4	already_named	unique_full_body_sha256
LF9G003T	0x16656C	LF9L000E	0x167EBC	FUN_0016656c	FUN_00167ebc	FUN_0016656c	226	f5b892dc1b27c4d034cae2c54b79456fffb0a65f919d262d0f8c11c8881a4cb3	source_unnamed	unique_full_body_sha256
LF9G003T	0x957F0	LF9L000E	0x95A74	FUN_000957f0	FUN_00095a74	FUN_000957f0	114	f5e16dc9022f22155bdb8c58d164bb58eaeccedc0e93bfc03399385e63a7336f	source_unnamed	unique_full_body_sha256
LF9G003T	0xE36BC	LF9L000E	0xE4220	FUN_000e36bc	FUN_000e4220	FUN_000e36bc	86	f5e3854cea4a77992458060c2dc81bb04cdef42039ab106d37c488beadfa59d9	source_unnamed	unique_full_body_sha256
LF9G003T	0xB4FFE	LF9L000E	0xB536A	FUN_000b4ffe	FUN_000b536a	FUN_000b4ffe	84	f5fd71a2f377dc9be40f8342af4a178c1d3d1167b5a3df06a71fac4dc43e3281	source_unnamed	unique_full_body_sha256
LF9G003T	0x1248C0	LF9L000E	0x12546C	FUN_001248c0	FUN_0012546c	FUN_001248c0	466	f6042d865c9437a28a4064dc24db0a1799c92ce2c66c2a87bb473bcccf6efe82	source_unnamed	unique_full_body_sha256
LF9G003T	0xBD5DE	LF9L000E	0xBD9CA	FUN_000bd5de	FUN_000bd9ca	FUN_000bd5de	68	f60c0583da7fb3d8415bda77b91f15f10c8ca28c81dbcd28adaff832af3077b2	source_unnamed	unique_full_body_sha256
LF9G003T	0xB7280	LF9L000E	0xB75EC	FUN_000b7280	FUN_000b75ec	FUN_000b7280	74	f6103f1580661c48d286af9a52883dbc4bc34f5251d279d47b2dc94d3266036c	source_unnamed	unique_full_body_sha256
LF9G003T	0x16513C	LF9L000E	0x166A8C	FUN_0016513c	FUN_00166a8c	FUN_0016513c	58	f62533c653f26926ae782e104b64e0e2dbad548ae79267e5947ca45d874cb936	source_unnamed	unique_full_body_sha256
LF9G003T	0x1F7AD8	LF9L000E	0x200EA8	FUN_001f7ad8	FUN_00200ea8	FUN_001f7ad8	2	f62a258e75ee82c388099f58103f8bcd08858478785dad3126557a96e0efffa6	source_unnamed	unique_full_body_sha256
LF9G003T	0x126168	LF9L000E	0x126D14	FUN_00126168	FUN_00126d14	FUN_00126168	446	f66ee31cd7ce6e16284040943e88aa9ec76e78ffc9acb9d750722c0f5b8dd6c6	source_unnamed	unique_full_body_sha256
LF9G003T	0x1F4576	LF9L000E	0x1FD946	can_xcvr_standby_set	can_xcvr_standby_set	can_xcvr_standby_set	10	f66fab5ba9dca485e869b0b6b147fe2a1b51e8bef758d3b3d91d64c2b87b0d1c	already_named	unique_full_body_sha256
LF9G003T	0x1F1F6E	LF9L000E	0x1FB33E	FUN_001f1f6e	FUN_001fb33e	FUN_001f1f6e	44	f684c504295ed7fc5be41b0cd87f56809c772225c6a867771fb078e75d95e0e0	source_unnamed	unique_full_body_sha256
LF9G003T	0x1627AC	LF9L000E	0x1641B4	FUN_001627ac	FUN_001641b4	FUN_001627ac	70	f6dcfc700da83ee30d48be9b86d4a71cf5893a0a514ac2f0839445925d999f46	source_unnamed	unique_full_body_sha256
LF9G003T	0xC6DD8	LF9L000E	0xC71D4	FUN_000c6dd8	FUN_000c71d4	FUN_000c6dd8	50	f703874543ed34d3479b2b589238767806388f3d0464fb37fa29ae0243cc563f	source_unnamed	unique_full_body_sha256
LF9G003T	0x1DEB9C	LF9L000E	0x1E7F54	FUN_001deb9c	FUN_001e7f54	FUN_001deb9c	202	f70bb71fb012fdfa37de01a47c00045290258afa1d56c3b00e11d9f95cfbb17f	source_unnamed	unique_full_body_sha256
LF9G003T	0x135BC4	LF9L000E	0x136770	counter_decrement_clamp_min1	counter_decrement_clamp_min1	counter_decrement_clamp_min1	52	f712b012f093d12f2b4daf866bfe2c6e21853b7d0acaa9aa84d3703991e140cf	already_named	unique_full_body_sha256
LF9G003T	0xB6930	LF9L000E	0xB6C9C	FUN_000b6930	FUN_000b6c9c	FUN_000b6930	52	f725b01f22fceb644952392c588cb7da30b863761ad16866fcfd8894e835bf0e	source_unnamed	unique_full_body_sha256
LF9G003T	0x64D0	LF9L000E	0x64D0	FUN_000064d0	FUN_000064d0	FUN_000064d0	140	f730bbec3e60af738e238f399c993e0fe4aa3a74b3dd63bb3e496eeec50ed5d1	source_unnamed	unique_full_body_sha256
LF9G003T	0x207C00	LF9L000E	0x21103C	FUN_00207c00	FUN_0021103c	FUN_00207c00	34	f732abe4853d817e3f75bb11ce28164fb8f25435adb4987270055b7391601839	source_unnamed	unique_full_body_sha256
LF9G003T	0x207990	LF9L000E	0x210DCC	FUN_00207990	FUN_00210dcc	FUN_00207990	6	f747749e963031ed7eb416b0026a155464bdfe66db4c73ddd1f4d41bff4ec72f	source_unnamed	unique_full_body_sha256
LF9G003T	0x204722	LF9L000E	0x20DB5E	FUN_00204722	FUN_0020db5e	FUN_00204722	20	f752b258ce3acc6aa2983c97ca835d7df5fdebc67350acc3fea78db45fc1dc13	source_unnamed	unique_full_body_sha256
LF9G003T	0x27E1F4	LF9L000E	0x27E388	FUN_0027e1f4	FUN_0027e388	FUN_0027e1f4	98	f753e37bebb40e7a6b7d990778cae5edf191eabf4bca2f03b70968230d973d19	source_unnamed	unique_full_body_sha256
LF9G003T	0xD97D4	LF9L000E	0xDA310	FUN_000d97d4	FUN_000da310	FUN_000d97d4	40	f75748021b82420e18a339919f032fb41dd12a4d221aa8b6e6c393130e4b2b48	source_unnamed	unique_full_body_sha256
LF9G003T	0xB4E46	LF9L000E	0xB51B2	FUN_000b4e46	FUN_000b51b2	FUN_000b4e46	58	f791d28b2d3c4aefc0902218daca7dbd8fbbc93a8afc655f8fa4144723b5964d	source_unnamed	unique_full_body_sha256
LF9G003T	0x11B9E8	LF9L000E	0x11C580	FUN_0011b9e8	FUN_0011c580	FUN_0011b9e8	8	f7b8eab68015471e27eb1893f1a5a6ca0994c9a6e1cd416b02044c8f53af0569	source_unnamed	unique_full_body_sha256
LF9G003T	0xF9354	LF9L000E	0xF9EC0	FUN_000f9354	FUN_000f9ec0	FUN_000f9354	48	f7bcfd986a12277bfedc98ca6a3ebeec8a5c7ab9c06d0ef272b17bb037621163	source_unnamed	unique_full_body_sha256
LF9G003T	0x27E398	LF9L000E	0x27E52C	FUN_0027e398	FUN_0027e52c	FUN_0027e398	180	f7c2bcc13d76f80ef27fc193f2d708d2090f7d0a009d4f4daeb038d936b5868d	source_unnamed	unique_full_body_sha256
LF9G003T	0x102DCC	LF9L000E	0x103938	FUN_00102dcc	FUN_00103938	FUN_00102dcc	60	f7cec1ee9ed82016a70f3a8fc1a3d44978bd0b4bd95dc726305ed727db8a63b7	source_unnamed	unique_full_body_sha256
LF9G003T	0x1F1006	LF9L000E	0x1FA3D6	FUN_001f1006	FUN_001fa3d6	FUN_001f1006	44	f7cfafe77d04013bc2df778e8b1e444b717da7d50d8dae2f045ea48a83e9d8a8	source_unnamed	unique_full_body_sha256
LF9G003T	0x10B178	LF9L000E	0x10BCE4	FUN_0010b178	FUN_0010bce4	FUN_0010b178	34	f80e628f77013d7a2fb0414810204a928e244d098d72bc70e50ac50c160eeb55	source_unnamed	unique_full_body_sha256
LF9G003T	0x10A708	LF9L000E	0x10B274	FUN_0010a708	FUN_0010b274	FUN_0010a708	412	f8196f6cc00474dcc4928bed55d805baf7f6847910ec6d16f49b017ae012ba14	source_unnamed	unique_full_body_sha256
LF9G003T	0x14D98C	LF9L000E	0x14E544	FUN_0014d98c	FUN_0014e544	FUN_0014d98c	72	f8592b9b06c4094a064c1117496e4a38f40b2da0b612d0c1c3a2897ebe434e4c	source_unnamed	unique_full_body_sha256
LF9G003T	0x1F4AB0	LF9L000E	0x1FDE80	FUN_001f4ab0	FUN_001fde80	FUN_001f4ab0	10	f87114037ad9ec1b5209fedc45efb10ce2d575c8a3639f767a403460f23557b3	source_unnamed	unique_full_body_sha256
LF9G003T	0x1F2600	LF9L000E	0x1FB9D0	FUN_001f2600	FUN_001fb9d0	FUN_001f2600	18	f8716a22dde42c74e2494347ee935021319f8c39119c0811383b3b79a173371a	source_unnamed	unique_full_body_sha256
LF9G003T	0xAFE44	LF9L000E	0xB00C8	FUN_000afe44	FUN_000b00c8	FUN_000afe44	36	f89fdbef20eee37048badecbae2ced88d6d5dc481efb5c4ed77649720424c15d	source_unnamed	unique_full_body_sha256
LF9G003T	0x9639C	LF9L000E	0x96620	FUN_0009639c	FUN_00096620	FUN_0009639c	126	f8a532ec6e9129576bf1f0f45bcfef1447bcf7c33e61b6237920bf86b607c523	source_unnamed	unique_full_body_sha256
LF9G003T	0x1D0DD0	LF9L000E	0x1DA178	FUN_001d0dd0	FUN_001da178	FUN_001d0dd0	56	f8a6cffed98c19d3425194dbefb8d63a0f7f2e14f49cbf7c2a3ad70b024fe52d	source_unnamed	unique_full_body_sha256
LF9G003T	0x8FB6A	LF9L000E	0x8FDEE	thunk_FUN_000911ee	thunk_FUN_00091472	thunk_FUN_000911ee	6	f8e053cbf78097cbecc6c7c3bce223d74ccaea988002d803d693211150499980	source_unnamed	unique_full_body_sha256
LF9G003T	0x97158	LF9L000E	0x973DC	FUN_00097158	FUN_000973dc	FUN_00097158	54	f8e6325e05199e4121ef2e8fd299668de3f2e088457e035e7f7a5fed8948ed8f	source_unnamed	unique_full_body_sha256
LF9G003T	0xD6D74	LF9L000E	0xD78B0	FUN_000d6d74	FUN_000d78b0	FUN_000d6d74	230	f8f052a81976a37cac6069275f0ad67a4fde8066bd7d2aff152fd2dc00f7f0c8	source_unnamed	unique_full_body_sha256
LF9G003T	0xAFE34	LF9L000E	0xB00B8	FUN_000afe34	FUN_000b00b8	FUN_000afe34	16	f923cb44624251ca040d59c056f0960c34b039c829382afe2288222cb258a93a	source_unnamed	unique_full_body_sha256
LF9G003T	0x1648B0	LF9L000E	0x166250	FUN_001648b0	FUN_00166250	FUN_001648b0	74	f9295ec5c540d847a7b0cfc1447493ff50be0cf5f3616a8e6a5682452afac068	source_unnamed	unique_full_body_sha256
LF9G003T	0x19D0B8	LF9L000E	0x1A6258	FUN_0019d0b8	FUN_001a6258	FUN_0019d0b8	72	f97f9c7ec05a216ff5ea8877a8d1901877a879c2b8b6beb8ac7cdb2d2f520531	source_unnamed	unique_full_body_sha256
LF9G003T	0x776C	LF9L000E	0x776C	FUN_0000776c	FUN_0000776c	FUN_0000776c	8	f98416ef274109dadde9d915090aaec486066665a98f2f308501fa15198c2c20	source_unnamed	unique_full_body_sha256
LF9G003T	0x27EDBC	LF9L000E	0x27EF50	FUN_0027edbc	FUN_0027ef50	FUN_0027edbc	6	f98e26f9065b7568d32f946015941b2a61241c1035ab936c5fd1db3de31904e3	source_unnamed	unique_full_body_sha256
LF9G003T	0x27D264	LF9L000E	0x27D3F8	FUN_0027d264	FUN_0027d3f8	FUN_0027d264	106	f9a52f6e8ffc4bb5dcb84ea57190bd3c400363a01ea985c729b5977c03638dbb	source_unnamed	unique_full_body_sha256
LF9G003T	0x1F2652	LF9L000E	0x1FBA22	can_bus_wake_handshake	can_bus_wake_handshake	can_bus_wake_handshake	68	f9eccaf363908d754aced1fdd32de31aa2a4912a26f1030b0f2cd018c4d9bb6d	already_named	unique_full_body_sha256
LF9G003T	0x1139CC	LF9L000E	0x114538	FUN_001139cc	FUN_00114538	FUN_001139cc	40	f9fbc0fa2d2dc377e421a8435f0525e24956ebe436c02247e87e598cb5de7045	source_unnamed	unique_full_body_sha256
LF9G003T	0x11BEE8	LF9L000E	0x11CA80	FUN_0011bee8	FUN_0011ca80	FUN_0011bee8	10	fa0fa55a0aff158ce07c53f50c681f0f9f83d0a3d7bbbbbd659409eb6b75eb02	source_unnamed	unique_full_body_sha256
LF9G003T	0x1E1418	LF9L000E	0x1EA7E0	FUN_001e1418	FUN_001ea7e0	FUN_001e1418	138	fa1108126cc022acc4511f73914a989aa5af5aa274df04a6407cbc3924a7603a	source_unnamed	unique_full_body_sha256
LF9G003T	0x7E106	LF9L000E	0x7E27E	FUN_0007e106	FUN_0007e27e	FUN_0007e106	142	fa28cbdba445e4df47a7a7c811e7c8f0665b56f677d07279a24cf8e38cb6ac99	source_unnamed	unique_full_body_sha256
LF9G003T	0xBA6C8	LF9L000E	0xBAAB4	FUN_000ba6c8	FUN_000baab4	FUN_000ba6c8	58	fa344180c36ff66dd306414e9a6ab7e49998704239a1e17cd4902217e9f3d407	source_unnamed	unique_full_body_sha256
LF9G003T	0x1CC050	LF9L000E	0x1D53F8	interp_2d_ax_u16_u8_data_u_v2	interp_2d_ax_u16_u8_data_u_v2	interp_2d_ax_u16_u8_data_u_v2	276	fa660719142b58ab2571d61947e589325efd21e7b2af3496242ec45c9b9121cc	already_named	unique_full_body_sha256
LF9G003T	0x10F388	LF9L000E	0x10FEF4	FUN_0010f388	FUN_0010fef4	FUN_0010f388	214	fa774dbc40432d2dc9d2cd94bbc3f64e4082b2f891ec9c8354b31bb8fc334c4e	source_unnamed	unique_full_body_sha256
LF9G003T	0x15B46C	LF9L000E	0x15C024	FUN_0015b46c	FUN_0015c024	FUN_0015b46c	66	fa7ab7fcf9075f045d582ce59eaddc6113437f26cf94ab63079f237de84eaeea	source_unnamed	unique_full_body_sha256
LF9G003T	0x137198	LF9L000E	0x137D54	FUN_00137198	FUN_00137d54	FUN_00137198	138	fa7c314e71ca29b7b76ca91c3d93cab366a5405be9b4ae92d567dea205de3e57	source_unnamed	unique_full_body_sha256
LF9G003T	0xE37C8	LF9L000E	0xE432C	FUN_000e37c8	FUN_000e432c	FUN_000e37c8	80	fa81d49a1577190f63b2583db94bcfc1dae270884cf88661c48a78585c34057b	source_unnamed	unique_full_body_sha256
LF9G003T	0x204D70	LF9L000E	0x20E1AC	FUN_00204d70	FUN_0020e1ac	FUN_00204d70	18	fa8ff1b311db94a72b17eee05b0358d2d3baa9428741f5e5578f9d8ec5126ea1	source_unnamed	unique_full_body_sha256
LF9G003T	0x110010	LF9L000E	0x110B7C	FUN_00110010	FUN_00110b7c	FUN_00110010	90	fa96ac6537ef5b059ac11d30890bc14ff6d042c83776a34425c749730375012b	source_unnamed	unique_full_body_sha256
LF9G003T	0x7B4D4	LF9L000E	0x7B64C	FUN_0007b4d4	FUN_0007b64c	FUN_0007b4d4	40	facf576cb316ce4c8f72d74fa9508025fa54d3cf16b002169c2757354348b9b7	source_unnamed	unique_full_body_sha256
LF9G003T	0x147BFC	LF9L000E	0x1487B4	FUN_00147bfc	FUN_001487b4	FUN_00147bfc	32	fad1d1aa7940021c7c59600230bb327a8b4a33b462b400be34dae7cdec1d7129	source_unnamed	unique_full_body_sha256
LF9G003T	0x1E21D8	LF9L000E	0x1EB5A0	FUN_001e21d8	FUN_001eb5a0	FUN_001e21d8	10	fb1519c99ff103b072d510fe3557a898572c35c039a6dd6e453468b5e3eda12e	source_unnamed	unique_full_body_sha256
LF9G003T	0xAFA28	LF9L000E	0xAFCAC	FUN_000afa28	FUN_000afcac	FUN_000afa28	248	fbe70cdaac1543d1066253b42c1e8ae1ea2b255c79f18e14feac44f7b31e61ba	source_unnamed	unique_full_body_sha256
LF9G003T	0x13F5B4	LF9L000E	0x14016C	FUN_0013f5b4	FUN_0014016c	FUN_0013f5b4	46	fbf2862c852467fde4eb67c230ac9a3ce0b36e37c57d4e8cc66e3ee42d67fe10	source_unnamed	unique_full_body_sha256
LF9G003T	0x15FE9C	LF9L000E	0x160A84	FUN_0015fe9c	FUN_00160a84	FUN_0015fe9c	90	fbf32d232608bcfb3caac0036eb9168941a439ade16c29be80eb11e1291859bc	source_unnamed	unique_full_body_sha256
LF9G003T	0x9245A	LF9L000E	0x926DE	scaled_square_diff_clamp	scaled_square_diff_clamp	scaled_square_diff_clamp	160	fc08338d0f26bd403b395525db17fc0c6cbe6745bb32e2430cce0374669c81ff	already_named	unique_full_body_sha256
LF9G003T	0x1B4098	LF9L000E	0x1BD314	FUN_001b4098	FUN_001bd314	FUN_001b4098	82	fc489331fa237cbfc9d35dc26bbea35edee1224c0e398d5823b4f5f913e279a7	source_unnamed	unique_full_body_sha256
LF9G003T	0x27EB64	LF9L000E	0x27ECF8	FUN_0027eb64	FUN_0027ecf8	FUN_0027eb64	6	fc6967ad0dea042978b76f2b477b0d6cd23e8cdbb861f8187df9f47f8dd5e009	source_unnamed	unique_full_body_sha256
LF9G003T	0xB7572	LF9L000E	0xB78DE	FUN_000b7572	FUN_000b78de	FUN_000b7572	44	fc7ebd994936ac4cb4218a26b8ef9a848447eb712092f0af5754fbb4fafbe928	source_unnamed	unique_full_body_sha256
LF9G003T	0x144664	LF9L000E	0x14521C	FUN_00144664	FUN_0014521c	FUN_00144664	62	fc93fa9e7cdb537a849ff74a425881e92625a3ec6b3a7da21e03761d72d731a4	source_unnamed	unique_full_body_sha256
LF9G003T	0x96666	LF9L000E	0x968EA	FUN_00096666	FUN_000968ea	FUN_00096666	52	fce0843861662a512e7f6204ef490133191dd0eccb9d2905c5d8da75e7d79679	source_unnamed	unique_full_body_sha256
LF9G003T	0x13C054	LF9L000E	0x13CC10	FUN_0013c054	FUN_0013cc10	FUN_0013c054	140	fd06c5de36a72924910c8f2ad227a98bda7ef45e66e906d74ab8c9cd8e009686	source_unnamed	unique_full_body_sha256
LF9G003T	0x7D3B0	LF9L000E	0x7D528	FUN_0007d3b0	FUN_0007d528	FUN_0007d3b0	10	fd0bd917da3237e72796604aa129ce3da987322cb1fda2d2cb44dff4ce24bba4	source_unnamed	unique_full_body_sha256
LF9G003T	0xB8F84	LF9L000E	0xB9370	FUN_000b8f84	FUN_000b9370	FUN_000b8f84	134	fd11db8e81f20462e0de2732f36ca0db6cc704dc170b91e35ff0669a31305eb3	source_unnamed	unique_full_body_sha256
LF9G003T	0x1F0C2A	LF9L000E	0x1F9FFA	FUN_001f0c2a	FUN_001f9ffa	FUN_001f0c2a	10	fd57922669ba957684a6e62d42af329057d1a7029adf26388234a9e5d31c04ec	source_unnamed	unique_full_body_sha256
LF9G003T	0x1C4DCC	LF9L000E	0x1CE174	FUN_001c4dcc	FUN_001ce174	FUN_001c4dcc	56	fd5a0cc84e4cf506f214b8e7924d330ca0f6d73e8a9c675daef6c0409bb877a1	source_unnamed	unique_full_body_sha256
LF9G003T	0x270920	LF9L000E	0x270920	thunk_FUN_001ebe88	thunk_FUN_001f5258	thunk_FUN_001ebe88	6	fd862c7602b21cb5b6fe0b096ea22f37faf42c67c54e70016f1a873a20f51316	source_unnamed	unique_full_body_sha256
LF9G003T	0xB860E	LF9L000E	0xB89FA	FUN_000b860e	FUN_000b89fa	FUN_000b860e	72	fe2e6503629c986efa5dfc61e7b94c0fc4611aab6323b4d0458de7e6e0a0d285	source_unnamed	unique_full_body_sha256
LF9G003T	0x1EF57C	LF9L000E	0x1F894C	FUN_001ef57c	FUN_001f894c	FUN_001ef57c	10	fe4820ad0dbce67f3956bedffebf95316d52fa55e688a425cf5ec85dbdeea654	source_unnamed	unique_full_body_sha256
LF9G003T	0x13BF10	LF9L000E	0x13CACC	FUN_0013bf10	FUN_0013cacc	FUN_0013bf10	54	fe487e22753138c16c9cbf9af4f549bdcc59129d5db4b6ca2dab451ed81af2a9	source_unnamed	unique_full_body_sha256
LF9G003T	0x1F19C4	LF9L000E	0x1FAD94	FUN_001f19c4	FUN_001fad94	FUN_001f19c4	44	fe4e04d97c030e3c902c9030ad444b4e55dc7ff0f687c59adaad55083348028e	source_unnamed	unique_full_body_sha256
LF9G003T	0x20A914	LF9L000E	0x213D50	FUN_0020a914	FUN_00213d50	FUN_0020a914	392	fe4f485e21706e24c91ad3185ace27c019692b668bf38ebefd2c7b42f262edef	source_unnamed	unique_full_body_sha256
LF9G003T	0xE3508	LF9L000E	0xE406C	FUN_000e3508	FUN_000e406c	FUN_000e3508	332	fe6a4215b870c52bc8430bba32135dde1ff17166bc3a7457fca40d0e53bbfa97	source_unnamed	unique_full_body_sha256
LF9G003T	0x1EF406	LF9L000E	0x1F87D6	FUN_001ef406	FUN_001f87d6	FUN_001ef406	14	fe885a19e7061c37d4eec15cb996a6b6cabe2914af73e9e6ae67ebbba2b6d69a	source_unnamed	unique_full_body_sha256
LF9G003T	0x193130	LF9L000E	0x19A950	FUN_00193130	FUN_0019a950	FUN_00193130	28	fe99a2f465dc3b639a3d29803c1e28e08b00726f5eeb6ce3ef3a7fef65eab9ee	source_unnamed	unique_full_body_sha256
LF9G003T	0x205EB8	LF9L000E	0x20F2F4	FUN_00205eb8	FUN_0020f2f4	FUN_00205eb8	178	fee8e96a297bf2b145cbd04d7f20742c25af03275a8fe514e515f61912c0abd8	source_unnamed	unique_full_body_sha256
LF9G003T	0x1F0D4E	LF9L000E	0x1FA11E	FUN_001f0d4e	FUN_001fa11e	FUN_001f0d4e	10	ff14ab0d3d29cbd382ca4dbf38c0962e505ad874380de9448ce150a5ac152071	source_unnamed	unique_full_body_sha256
LF9G003T	0x15D2B0	LF9L000E	0x15DE68	FUN_0015d2b0	FUN_0015de68	FUN_0015d2b0	1920	ff1cc83e7b4fda7ad3a8b0248d96d473e35d8fc55b4f3abd83a6141308b79d79	source_unnamed	unique_full_body_sha256
LF9G003T	0x1C92B4	LF9L000E	0x1D265C	interp_1d_axis_u16_data_s32_via_helper	interp_1d_axis_u16_data_s32_via_helper	interp_1d_axis_u16_data_s32_via_helper	152	ff43616e38ebaa0635068f4f23913dd8a0e2bdf27bc1d32edc0f5149ebe37568	already_named	unique_full_body_sha256
LF9G003T	0x73EC	LF9L000E	0x73EC	FUN_000073ec	FUN_000073ec	FUN_000073ec	84	ff7a5bbbf01ac53eb7bb2f0c37bfa810c8e9dc70d7c84a61379ec3b90e56fa42	source_unnamed	unique_full_body_sha256
LF9G003T	0x2066F8	LF9L000E	0x20FB34	FUN_002066f8	FUN_0020fb34	FUN_002066f8	10	ff82eed836006f80b7b37bd44c95483d0040ba14be06ee36fb33027a0c99038f	source_unnamed	unique_full_body_sha256
LF9G003T	0x1C1C74	LF9L000E	0x1CAFB4	FUN_001c1c74	FUN_001cafb4	FUN_001c1c74	92	ff864c588f7457a9665435ee9f7c7a7a4818e0300bafa2e5f4c24e5dee9bb6ce	source_unnamed	unique_full_body_sha256
LF9G003T	0x2042B0	LF9L000E	0x20D6EC	FUN_002042b0	FUN_0020d6ec	FUN_002042b0	72	ff8d9727062e4efc531c9bb18c8bccfb71ab4b1fa24f79804ec651c0a42e3296	source_unnamed	unique_full_body_sha256
LF9G003T	0x15FFAC	LF9L000E	0x160B94	FUN_0015ffac	FUN_00160b94	FUN_0015ffac	90	ffa4cd258ca4d0c7aa0362e2e93d31efcee20bb5a969554b57ca1996c2bcbb83	source_unnamed	unique_full_body_sha256
LF9G003T	0x972F6	LF9L000E	0x9757A	FUN_000972f6	FUN_0009757a	FUN_000972f6	8	ffba7c5a61e502e45dbb91787efbea92e6d2af4877998554f369684f46cfb7b5	source_unnamed	unique_full_body_sha256
LF9G003T	0x1569B4	LF9L000E	0x15756C	FUN_001569b4	FUN_0015756c	FUN_001569b4	82	ffec3190a474b7d0a8091d03812ac1a7f8c6f8d1ff65ac2fb9369fe1b9bf3a9b	source_unnamed	unique_full_body_sha256
LF9G003T	0x192CDC	LF9L000E	0x19A4FC	FUN_00192cdc	FUN_0019a4fc	FUN_00192cdc	46	fff4e6cf90bb37dd8aa65dad0e6f777e50605e1265807f89ba60e05317043b7c	source_unnamed	unique_full_body_sha256
LF9G003T	0x1324FC	LF9L000E	0x1330A8	FUN_001324fc	FUN_001330a8	FUN_001324fc	86	fff57dbc8db0ed723180778a124e0f7cb73678d38d6607f28ef0a6194c89b519	source_unnamed	unique_full_body_sha256
